query_anchor,query_session,query_group,rank,candidate,candidate_session,candidate_group,candidate_is_pool,candidate_same_group,score,review,reviewer,note
IMG_ea3c050ed8c0f117,1,01_5.0,1,IMG_ae391e2574fc9dc0,1,01_5.0,False,True,0.7412952184677124,,,
IMG_ea3c050ed8c0f117,1,01_5.0,2,IMG_fb51e2b2eae54f2d,1,01_4.0,False,False,0.7217520475387573,,,
IMG_ea3c050ed8c0f117,1,01_5.0,3,IMG_31846f0fbdb9d981,1,01_10.0,False,False,0.6426923274993896,,,
IMG_ea3c050ed8c0f117,1,01_5.0,4,IMG_cfd8413c8fd7adb5,1,01_13.0,False,False,0.6002092361450195,,,
IMG_ea3c050ed8c0f117,1,01_5.0,5,IMG_33d44571ee320a90,1,01_2.0,False,False,0.5791493654251099,,,
IMG_ea3c050ed8c0f117,1,01_5.0,6,IMG_7cad6c99eaf7ed2b,1,01_6.0,False,False,0.575503945350647,,,
IMG_ea3c050ed8c0f117,1,01_5.0,7,IMG_c28c684416b5dbd8,1,01_4.0,False,False,0.5735348463058472,,,
IMG_ea3c050ed8c0f117,1,01_5.0,8,IMG_cc62dbd148e58905,1,01_2.0,False,False,0.5676933526992798,,,
IMG_ea3c050ed8c0f117,1,01_5.0,9,IMG_79691a75f9b33de6,1,01_14.0,False,False,0.5655670762062073,,,
IMG_ea3c050ed8c0f117,1,01_5.0,10,IMG_291e2277785cff7b,1,01_11.0,False,False,0.5484987497329712,,,
IMG_291e2277785cff7b,1,01_11.0,1,IMG_cc62dbd148e58905,1,01_2.0,False,False,0.7337556481361389,,,
IMG_291e2277785cff7b,1,01_11.0,2,IMG_7cad6c99eaf7ed2b,1,01_6.0,False,False,0.666267454624176,,,
IMG_291e2277785cff7b,1,01_11.0,3,IMG_fb51e2b2eae54f2d,1,01_4.0,False,False,0.6581600904464722,,,
IMG_291e2277785cff7b,1,01_11.0,4,IMG_cfd8413c8fd7adb5,1,01_13.0,False,False,0.652481198310852,,,
IMG_291e2277785cff7b,1,01_11.0,5,IMG_79691a75f9b33de6,1,01_14.0,False,False,0.6415241360664368,,,
IMG_291e2277785cff7b,1,01_11.0,6,IMG_ae391e2574fc9dc0,1,01_5.0,False,False,0.6177529096603394,,,
IMG_291e2277785cff7b,1,01_11.0,7,IMG_a3c715cc80ef44d8,1,01_9.0,False,False,0.5553914904594421,,,
IMG_291e2277785cff7b,1,01_11.0,8,IMG_31846f0fbdb9d981,1,01_10.0,False,False,0.553283154964447,,,
IMG_291e2277785cff7b,1,01_11.0,9,IMG_ea3c050ed8c0f117,1,01_5.0,False,False,0.5484987497329712,,,
IMG_291e2277785cff7b,1,01_11.0,10,IMG_c28c684416b5dbd8,1,01_4.0,False,False,0.5357064008712769,,,
IMG_87c7629244e02709,1,01_12.0,1,IMG_7cad6c99eaf7ed2b,1,01_6.0,False,False,0.5701136589050293,,,
IMG_87c7629244e02709,1,01_12.0,2,IMG_cc62dbd148e58905,1,01_2.0,False,False,0.5328269600868225,,,
IMG_87c7629244e02709,1,01_12.0,3,IMG_291e2277785cff7b,1,01_11.0,False,False,0.5074979066848755,,,
IMG_87c7629244e02709,1,01_12.0,4,IMG_cfd8413c8fd7adb5,1,01_13.0,False,False,0.5066696405410767,,,
IMG_87c7629244e02709,1,01_12.0,5,IMG_ae391e2574fc9dc0,1,01_5.0,False,False,0.46674859523773193,,,
IMG_87c7629244e02709,1,01_12.0,6,IMG_fb51e2b2eae54f2d,1,01_4.0,False,False,0.45420458912849426,,,
IMG_87c7629244e02709,1,01_12.0,7,IMG_79691a75f9b33de6,1,01_14.0,False,False,0.4384635090827942,,,
IMG_87c7629244e02709,1,01_12.0,8,IMG_ea3c050ed8c0f117,1,01_5.0,False,False,0.43078988790512085,,,
IMG_87c7629244e02709,1,01_12.0,9,IMG_31846f0fbdb9d981,1,01_10.0,False,False,0.4204549193382263,,,
IMG_87c7629244e02709,1,01_12.0,10,IMG_f57b55836d4dabc0,1,01_7.0,False,False,0.3766539692878723,,,
IMG_cfd8413c8fd7adb5,1,01_13.0,1,IMG_79691a75f9b33de6,1,01_14.0,False,False,0.8123028874397278,,,
IMG_cfd8413c8fd7adb5,1,01_13.0,2,IMG_31846f0fbdb9d981,1,01_10.0,False,False,0.7497432827949524,,,
IMG_cfd8413c8fd7adb5,1,01_13.0,3,IMG_ae391e2574fc9dc0,1,01_5.0,False,False,0.7256544828414917,,,
IMG_cfd8413c8fd7adb5,1,01_13.0,4,IMG_a3c715cc80ef44d8,1,01_9.0,False,False,0.7249526381492615,,,
IMG_cfd8413c8fd7adb5,1,01_13.0,5,IMG_fb51e2b2eae54f2d,1,01_4.0,False,False,0.7085062861442566,,,
IMG_cfd8413c8fd7adb5,1,01_13.0,6,IMG_291e2277785cff7b,1,01_11.0,False,False,0.652481198310852,,,
IMG_cfd8413c8fd7adb5,1,01_13.0,7,IMG_7cad6c99eaf7ed2b,1,01_6.0,False,False,0.6077995896339417,,,
IMG_cfd8413c8fd7adb5,1,01_13.0,8,IMG_ea3c050ed8c0f117,1,01_5.0,False,False,0.6002092361450195,,,
IMG_cfd8413c8fd7adb5,1,01_13.0,9,IMG_cc62dbd148e58905,1,01_2.0,False,False,0.5930813550949097,,,
IMG_cfd8413c8fd7adb5,1,01_13.0,10,IMG_c28c684416b5dbd8,1,01_4.0,False,False,0.5468301177024841,,,
IMG_79691a75f9b33de6,1,01_14.0,1,IMG_a3c715cc80ef44d8,1,01_9.0,False,False,0.8442786931991577,,,
IMG_79691a75f9b33de6,1,01_14.0,2,IMG_cfd8413c8fd7adb5,1,01_13.0,False,False,0.8123028874397278,,,
IMG_79691a75f9b33de6,1,01_14.0,3,IMG_31846f0fbdb9d981,1,01_10.0,False,False,0.7325598001480103,,,
IMG_79691a75f9b33de6,1,01_14.0,4,IMG_ae391e2574fc9dc0,1,01_5.0,False,False,0.711300253868103,,,
IMG_79691a75f9b33de6,1,01_14.0,5,IMG_fb51e2b2eae54f2d,1,01_4.0,False,False,0.7022044658660889,,,
IMG_79691a75f9b33de6,1,01_14.0,6,IMG_291e2277785cff7b,1,01_11.0,False,False,0.6415241360664368,,,
IMG_79691a75f9b33de6,1,01_14.0,7,IMG_89787964d002fdf6,1,01_1.0,False,False,0.6271037459373474,,,
IMG_79691a75f9b33de6,1,01_14.0,8,IMG_c28c684416b5dbd8,1,01_4.0,False,False,0.6212649941444397,,,
IMG_79691a75f9b33de6,1,01_14.0,9,IMG_9e6ec1d9efc2e117,1,01_3.0,False,False,0.6192210912704468,,,
IMG_79691a75f9b33de6,1,01_14.0,10,IMG_7cad6c99eaf7ed2b,1,01_6.0,False,False,0.6168761253356934,,,
IMG_bcf3d9dd1cb6b9e2,1,01_1.0,1,IMG_365230aff6ccf855,1,01_2.0,False,False,0.8587027192115784,,,
IMG_bcf3d9dd1cb6b9e2,1,01_1.0,2,IMG_7801983dd0c37889,1,01_3.0,False,False,0.8397733569145203,,,
IMG_bcf3d9dd1cb6b9e2,1,01_1.0,3,IMG_c9089614b6a55260,1,01_2.0,False,False,0.8384222388267517,,,
IMG_bcf3d9dd1cb6b9e2,1,01_1.0,4,IMG_d96a692b8a5e2cd9,1,01_3.0,False,False,0.833372175693512,,,
IMG_bcf3d9dd1cb6b9e2,1,01_1.0,5,IMG_4e11a152cf6d0958,1,01_8.0,False,False,0.8281459212303162,,,
IMG_bcf3d9dd1cb6b9e2,1,01_1.0,6,IMG_bf29c448b7965c34,1,01_2.0,False,False,0.8097629547119141,,,
IMG_bcf3d9dd1cb6b9e2,1,01_1.0,7,IMG_a6bf15b3e23eea6f,1,01_2.0,False,False,0.7923630475997925,,,
IMG_bcf3d9dd1cb6b9e2,1,01_1.0,8,IMG_add6681025b7e34c,1,01_2.0,False,False,0.7799723744392395,,,
IMG_bcf3d9dd1cb6b9e2,1,01_1.0,9,IMG_0fda01828547a827,1,01_3.0,False,False,0.7771093845367432,,,
IMG_bcf3d9dd1cb6b9e2,1,01_1.0,10,IMG_a1b65ba015bf8a38,1,01_2.0,False,False,0.7644688487052917,,,
IMG_89787964d002fdf6,1,01_1.0,1,IMG_911bee6b3260a458,1,01_8.0,False,False,0.7144762873649597,,,
IMG_89787964d002fdf6,1,01_1.0,2,IMG_9e6ec1d9efc2e117,1,01_3.0,False,False,0.7132709622383118,,,
IMG_89787964d002fdf6,1,01_1.0,3,IMG_7801983dd0c37889,1,01_3.0,False,False,0.6430569887161255,,,
IMG_89787964d002fdf6,1,01_1.0,4,IMG_79691a75f9b33de6,1,01_14.0,False,False,0.6271037459373474,,,
IMG_89787964d002fdf6,1,01_1.0,5,IMG_c28c684416b5dbd8,1,01_4.0,False,False,0.5763716101646423,,,
IMG_89787964d002fdf6,1,01_1.0,6,IMG_bcf3d9dd1cb6b9e2,1,01_1.0,False,True,0.5750219821929932,,,
IMG_89787964d002fdf6,1,01_1.0,7,IMG_365230aff6ccf855,1,01_2.0,False,False,0.5617809295654297,,,
IMG_89787964d002fdf6,1,01_1.0,8,IMG_a1b65ba015bf8a38,1,01_2.0,False,False,0.5561477541923523,,,
IMG_89787964d002fdf6,1,01_1.0,9,IMG_bf29c448b7965c34,1,01_2.0,False,False,0.5532170534133911,,,
IMG_89787964d002fdf6,1,01_1.0,10,IMG_c9089614b6a55260,1,01_2.0,False,False,0.5522910952568054,,,
IMG_6dc8f895e31c5f95,1,01_1.0,1,IMG_0fda01828547a827,1,01_3.0,False,False,0.829064667224884,,,
IMG_6dc8f895e31c5f95,1,01_1.0,2,IMG_bf29c448b7965c34,1,01_2.0,False,False,0.7769487500190735,,,
IMG_6dc8f895e31c5f95,1,01_1.0,3,IMG_add6681025b7e34c,1,01_2.0,False,False,0.7657995820045471,,,
IMG_6dc8f895e31c5f95,1,01_1.0,4,IMG_d96a692b8a5e2cd9,1,01_3.0,False,False,0.7616177797317505,,,
IMG_6dc8f895e31c5f95,1,01_1.0,5,IMG_365230aff6ccf855,1,01_2.0,False,False,0.6820427775382996,,,
IMG_6dc8f895e31c5f95,1,01_1.0,6,IMG_bcf3d9dd1cb6b9e2,1,01_1.0,False,True,0.6805492043495178,,,
IMG_6dc8f895e31c5f95,1,01_1.0,7,IMG_a6bf15b3e23eea6f,1,01_2.0,False,False,0.6740652918815613,,,
IMG_6dc8f895e31c5f95,1,01_1.0,8,IMG_c9089614b6a55260,1,01_2.0,False,False,0.6699914932250977,,,
IMG_6dc8f895e31c5f95,1,01_1.0,9,IMG_a1b65ba015bf8a38,1,01_2.0,False,False,0.6508371829986572,,,
IMG_6dc8f895e31c5f95,1,01_1.0,10,IMG_7801983dd0c37889,1,01_3.0,False,False,0.6419705152511597,,,
IMG_c9089614b6a55260,1,01_2.0,1,IMG_365230aff6ccf855,1,01_2.0,False,True,0.9161804914474487,,,
IMG_c9089614b6a55260,1,01_2.0,2,IMG_a1b65ba015bf8a38,1,01_2.0,False,True,0.8863680958747864,,,
IMG_c9089614b6a55260,1,01_2.0,3,IMG_4e11a152cf6d0958,1,01_8.0,False,False,0.8599480986595154,,,
IMG_c9089614b6a55260,1,01_2.0,4,IMG_c061217b1f39deb1,1,01_4.0,False,False,0.8475764989852905,,,
IMG_c9089614b6a55260,1,01_2.0,5,IMG_bcf3d9dd1cb6b9e2,1,01_1.0,False,False,0.8384222388267517,,,
IMG_c9089614b6a55260,1,01_2.0,6,IMG_7801983dd0c37889,1,01_3.0,False,False,0.8194762468338013,,,
IMG_c9089614b6a55260,1,01_2.0,7,IMG_a6bf15b3e23eea6f,1,01_2.0,False,True,0.8104962110519409,,,
IMG_c9089614b6a55260,1,01_2.0,8,IMG_d96a692b8a5e2cd9,1,01_3.0,False,False,0.8099595308303833,,,
IMG_c9089614b6a55260,1,01_2.0,9,IMG_0fda01828547a827,1,01_3.0,False,False,0.80619877576828,,,
IMG_c9089614b6a55260,1,01_2.0,10,IMG_bf29c448b7965c34,1,01_2.0,False,True,0.7780343294143677,,,
IMG_a1b65ba015bf8a38,1,01_2.0,1,IMG_c061217b1f39deb1,1,01_4.0,False,False,0.899916410446167,,,
IMG_a1b65ba015bf8a38,1,01_2.0,2,IMG_365230aff6ccf855,1,01_2.0,False,True,0.8906795978546143,,,
IMG_a1b65ba015bf8a38,1,01_2.0,3,IMG_c9089614b6a55260,1,01_2.0,False,True,0.8863680958747864,,,
IMG_a1b65ba015bf8a38,1,01_2.0,4,IMG_a6bf15b3e23eea6f,1,01_2.0,False,True,0.8546409010887146,,,
IMG_a1b65ba015bf8a38,1,01_2.0,5,IMG_4e11a152cf6d0958,1,01_8.0,False,False,0.8254741430282593,,,
IMG_a1b65ba015bf8a38,1,01_2.0,6,IMG_7b1e718057af2ab3,1,01_4.0,False,False,0.7698238492012024,,,
IMG_a1b65ba015bf8a38,1,01_2.0,7,IMG_0fda01828547a827,1,01_3.0,False,False,0.7690041065216064,,,
IMG_a1b65ba015bf8a38,1,01_2.0,8,IMG_7801983dd0c37889,1,01_3.0,False,False,0.7664634585380554,,,
IMG_a1b65ba015bf8a38,1,01_2.0,9,IMG_bcf3d9dd1cb6b9e2,1,01_1.0,False,False,0.7644688487052917,,,
IMG_a1b65ba015bf8a38,1,01_2.0,10,IMG_efc367ab53689fa5,1,01_2.0,False,True,0.7052385807037354,,,
IMG_cc62dbd148e58905,1,01_2.0,1,IMG_291e2277785cff7b,1,01_11.0,False,False,0.7337556481361389,,,
IMG_cc62dbd148e58905,1,01_2.0,2,IMG_7cad6c99eaf7ed2b,1,01_6.0,False,False,0.7318301200866699,,,
IMG_cc62dbd148e58905,1,01_2.0,3,IMG_fb51e2b2eae54f2d,1,01_4.0,False,False,0.6400733590126038,,,
IMG_cc62dbd148e58905,1,01_2.0,4,IMG_79691a75f9b33de6,1,01_14.0,False,False,0.6034923791885376,,,
IMG_cc62dbd148e58905,1,01_2.0,5,IMG_a3c715cc80ef44d8,1,01_9.0,False,False,0.5981230139732361,,,
IMG_cc62dbd148e58905,1,01_2.0,6,IMG_ae391e2574fc9dc0,1,01_5.0,False,False,0.5969433784484863,,,
IMG_cc62dbd148e58905,1,01_2.0,7,IMG_cfd8413c8fd7adb5,1,01_13.0,False,False,0.5930813550949097,,,
IMG_cc62dbd148e58905,1,01_2.0,8,IMG_c28c684416b5dbd8,1,01_4.0,False,False,0.5737372636795044,,,
IMG_cc62dbd148e58905,1,01_2.0,9,IMG_ea3c050ed8c0f117,1,01_5.0,False,False,0.5676933526992798,,,
IMG_cc62dbd148e58905,1,01_2.0,10,IMG_87c7629244e02709,1,01_12.0,False,False,0.5328269600868225,,,
IMG_add6681025b7e34c,1,01_2.0,1,IMG_bf29c448b7965c34,1,01_2.0,False,True,0.9275521039962769,,,
IMG_add6681025b7e34c,1,01_2.0,2,IMG_d96a692b8a5e2cd9,1,01_3.0,False,False,0.9243919849395752,,,
IMG_add6681025b7e34c,1,01_2.0,3,IMG_bcf3d9dd1cb6b9e2,1,01_1.0,False,False,0.7799723744392395,,,
IMG_add6681025b7e34c,1,01_2.0,4,IMG_0fda01828547a827,1,01_3.0,False,False,0.7748432755470276,,,
IMG_add6681025b7e34c,1,01_2.0,5,IMG_6dc8f895e31c5f95,1,01_1.0,False,False,0.7657995820045471,,,
IMG_add6681025b7e34c,1,01_2.0,6,IMG_c9089614b6a55260,1,01_2.0,False,True,0.729747474193573,,,
IMG_add6681025b7e34c,1,01_2.0,7,IMG_365230aff6ccf855,1,01_2.0,False,True,0.7098191976547241,,,
IMG_add6681025b7e34c,1,01_2.0,8,IMG_911bee6b3260a458,1,01_8.0,False,False,0.7004841566085815,,,
IMG_add6681025b7e34c,1,01_2.0,9,IMG_7801983dd0c37889,1,01_3.0,False,False,0.6986578106880188,,,
IMG_add6681025b7e34c,1,01_2.0,10,IMG_a1b65ba015bf8a38,1,01_2.0,False,True,0.6113203763961792,,,
IMG_33d44571ee320a90,1,01_2.0,1,IMG_6609262ac9b0bddd,1,01_3.0,False,False,0.6683446168899536,,,
IMG_33d44571ee320a90,1,01_2.0,2,IMG_c28c684416b5dbd8,1,01_4.0,False,False,0.6267228126525879,,,
IMG_33d44571ee320a90,1,01_2.0,3,IMG_ea3c050ed8c0f117,1,01_5.0,False,False,0.5791493654251099,,,
IMG_33d44571ee320a90,1,01_2.0,4,IMG_fb51e2b2eae54f2d,1,01_4.0,False,False,0.5293647050857544,,,
IMG_33d44571ee320a90,1,01_2.0,5,IMG_9e6ec1d9efc2e117,1,01_3.0,False,False,0.4795413017272949,,,
IMG_33d44571ee320a90,1,01_2.0,6,IMG_cc62dbd148e58905,1,01_2.0,False,True,0.47451359033584595,,,
IMG_33d44571ee320a90,1,01_2.0,7,IMG_ae391e2574fc9dc0,1,01_5.0,False,False,0.47316592931747437,,,
IMG_33d44571ee320a90,1,01_2.0,8,IMG_291e2277785cff7b,1,01_11.0,False,False,0.4176814556121826,,,
IMG_33d44571ee320a90,1,01_2.0,9,IMG_31846f0fbdb9d981,1,01_10.0,False,False,0.3994477391242981,,,
IMG_33d44571ee320a90,1,01_2.0,10,IMG_79691a75f9b33de6,1,01_14.0,False,False,0.3801261782646179,,,
IMG_bf29c448b7965c34,1,01_2.0,1,IMG_d96a692b8a5e2cd9,1,01_3.0,False,False,0.9598556160926819,,,
IMG_bf29c448b7965c34,1,01_2.0,2,IMG_add6681025b7e34c,1,01_2.0,False,True,0.9275521039962769,,,
IMG_bf29c448b7965c34,1,01_2.0,3,IMG_0fda01828547a827,1,01_3.0,False,False,0.866921067237854,,,
IMG_bf29c448b7965c34,1,01_2.0,4,IMG_bcf3d9dd1cb6b9e2,1,01_1.0,False,False,0.8097629547119141,,,
IMG_bf29c448b7965c34,1,01_2.0,5,IMG_c9089614b6a55260,1,01_2.0,False,True,0.7780343294143677,,,
IMG_bf29c448b7965c34,1,01_2.0,6,IMG_6dc8f895e31c5f95,1,01_1.0,False,False,0.7769487500190735,,,
IMG_bf29c448b7965c34,1,01_2.0,7,IMG_365230aff6ccf855,1,01_2.0,False,True,0.7623615860939026,,,
IMG_bf29c448b7965c34,1,01_2.0,8,IMG_911bee6b3260a458,1,01_8.0,False,False,0.7267283201217651,,,
IMG_bf29c448b7965c34,1,01_2.0,9,IMG_7801983dd0c37889,1,01_3.0,False,False,0.7196086645126343,,,
IMG_bf29c448b7965c34,1,01_2.0,10,IMG_a1b65ba015bf8a38,1,01_2.0,False,True,0.6787787675857544,,,
IMG_365230aff6ccf855,1,01_2.0,1,IMG_c9089614b6a55260,1,01_2.0,False,True,0.9161804914474487,,,
IMG_365230aff6ccf855,1,01_2.0,2,IMG_a1b65ba015bf8a38,1,01_2.0,False,True,0.8906795978546143,,,
IMG_365230aff6ccf855,1,01_2.0,3,IMG_a6bf15b3e23eea6f,1,01_2.0,False,True,0.8845369219779968,,,
IMG_365230aff6ccf855,1,01_2.0,4,IMG_4e11a152cf6d0958,1,01_8.0,False,False,0.8744924664497375,,,
IMG_365230aff6ccf855,1,01_2.0,5,IMG_7801983dd0c37889,1,01_3.0,False,False,0.8628330826759338,,,
IMG_365230aff6ccf855,1,01_2.0,6,IMG_bcf3d9dd1cb6b9e2,1,01_1.0,False,False,0.8587027192115784,,,
IMG_365230aff6ccf855,1,01_2.0,7,IMG_c061217b1f39deb1,1,01_4.0,False,False,0.8499176502227783,,,
IMG_365230aff6ccf855,1,01_2.0,8,IMG_0fda01828547a827,1,01_3.0,False,False,0.7978981733322144,,,
IMG_365230aff6ccf855,1,01_2.0,9,IMG_d96a692b8a5e2cd9,1,01_3.0,False,False,0.7721747159957886,,,
IMG_365230aff6ccf855,1,01_2.0,10,IMG_bf29c448b7965c34,1,01_2.0,False,True,0.7623615860939026,,,
IMG_efc367ab53689fa5,1,01_2.0,1,IMG_a6bf15b3e23eea6f,1,01_2.0,False,True,0.848921537399292,,,
IMG_efc367ab53689fa5,1,01_2.0,2,IMG_7b1e718057af2ab3,1,01_4.0,False,False,0.8422727584838867,,,
IMG_efc367ab53689fa5,1,01_2.0,3,IMG_a1b65ba015bf8a38,1,01_2.0,False,True,0.7052385807037354,,,
IMG_efc367ab53689fa5,1,01_2.0,4,IMG_4e11a152cf6d0958,1,01_8.0,False,False,0.6771812438964844,,,
IMG_efc367ab53689fa5,1,01_2.0,5,IMG_365230aff6ccf855,1,01_2.0,False,True,0.6501714587211609,,,
IMG_efc367ab53689fa5,1,01_2.0,6,IMG_c061217b1f39deb1,1,01_4.0,False,False,0.5752877593040466,,,
IMG_efc367ab53689fa5,1,01_2.0,7,IMG_0fda01828547a827,1,01_3.0,False,False,0.5499324202537537,,,
IMG_efc367ab53689fa5,1,01_2.0,8,IMG_c9089614b6a55260,1,01_2.0,False,True,0.5424880385398865,,,
IMG_efc367ab53689fa5,1,01_2.0,9,IMG_bcf3d9dd1cb6b9e2,1,01_1.0,False,False,0.5268882513046265,,,
IMG_efc367ab53689fa5,1,01_2.0,10,IMG_7801983dd0c37889,1,01_3.0,False,False,0.5194076299667358,,,
IMG_a6bf15b3e23eea6f,1,01_2.0,1,IMG_365230aff6ccf855,1,01_2.0,False,True,0.8845369219779968,,,
IMG_a6bf15b3e23eea6f,1,01_2.0,2,IMG_4e11a152cf6d0958,1,01_8.0,False,False,0.8598362803459167,,,
IMG_a6bf15b3e23eea6f,1,01_2.0,3,IMG_a1b65ba015bf8a38,1,01_2.0,False,True,0.8546409010887146,,,
IMG_a6bf15b3e23eea6f,1,01_2.0,4,IMG_efc367ab53689fa5,1,01_2.0,False,True,0.848921537399292,,,
IMG_a6bf15b3e23eea6f,1,01_2.0,5,IMG_c9089614b6a55260,1,01_2.0,False,True,0.8104962110519409,,,
IMG_a6bf15b3e23eea6f,1,01_2.0,6,IMG_7b1e718057af2ab3,1,01_4.0,False,False,0.8082340955734253,,,
IMG_a6bf15b3e23eea6f,1,01_2.0,7,IMG_bcf3d9dd1cb6b9e2,1,01_1.0,False,False,0.7923630475997925,,,
IMG_a6bf15b3e23eea6f,1,01_2.0,8,IMG_0fda01828547a827,1,01_3.0,False,False,0.7900795936584473,,,
IMG_a6bf15b3e23eea6f,1,01_2.0,9,IMG_c061217b1f39deb1,1,01_4.0,False,False,0.7571104168891907,,,
IMG_a6bf15b3e23eea6f,1,01_2.0,10,IMG_7801983dd0c37889,1,01_3.0,False,False,0.754174530506134,,,
IMG_0fda01828547a827,1,01_3.0,1,IMG_bf29c448b7965c34,1,01_2.0,False,False,0.866921067237854,,,
IMG_0fda01828547a827,1,01_3.0,2,IMG_d96a692b8a5e2cd9,1,01_3.0,False,True,0.8594487905502319,,,
IMG_0fda01828547a827,1,01_3.0,3,IMG_6dc8f895e31c5f95,1,01_1.0,False,False,0.829064667224884,,,
IMG_0fda01828547a827,1,01_3.0,4,IMG_c9089614b6a55260,1,01_2.0,False,False,0.80619877576828,,,
IMG_0fda01828547a827,1,01_3.0,5,IMG_365230aff6ccf855,1,01_2.0,False,False,0.7978981733322144,,,
IMG_0fda01828547a827,1,01_3.0,6,IMG_a6bf15b3e23eea6f,1,01_2.0,False,False,0.7900795936584473,,,
IMG_0fda01828547a827,1,01_3.0,7,IMG_bcf3d9dd1cb6b9e2,1,01_1.0,False,False,0.7771093845367432,,,
IMG_0fda01828547a827,1,01_3.0,8,IMG_add6681025b7e34c,1,01_2.0,False,False,0.7748432755470276,,,
IMG_0fda01828547a827,1,01_3.0,9,IMG_a1b65ba015bf8a38,1,01_2.0,False,False,0.7690041065216064,,,
IMG_0fda01828547a827,1,01_3.0,10,IMG_4e11a152cf6d0958,1,01_8.0,False,False,0.7409056425094604,,,
IMG_6609262ac9b0bddd,1,01_3.0,1,IMG_33d44571ee320a90,1,01_2.0,False,False,0.6683446168899536,,,
IMG_6609262ac9b0bddd,1,01_3.0,2,IMG_c28c684416b5dbd8,1,01_4.0,False,False,0.6075102686882019,,,
IMG_6609262ac9b0bddd,1,01_3.0,3,IMG_fb51e2b2eae54f2d,1,01_4.0,False,False,0.5846216082572937,,,
IMG_6609262ac9b0bddd,1,01_3.0,4,IMG_ae391e2574fc9dc0,1,01_5.0,False,False,0.5458290576934814,,,
IMG_6609262ac9b0bddd,1,01_3.0,5,IMG_9e6ec1d9efc2e117,1,01_3.0,False,True,0.5137322545051575,,,
IMG_6609262ac9b0bddd,1,01_3.0,6,IMG_cc62dbd148e58905,1,01_2.0,False,False,0.5127679109573364,,,
IMG_6609262ac9b0bddd,1,01_3.0,7,IMG_ea3c050ed8c0f117,1,01_5.0,False,False,0.5009164214134216,,,
IMG_6609262ac9b0bddd,1,01_3.0,8,IMG_a3c715cc80ef44d8,1,01_9.0,False,False,0.49440857768058777,,,
IMG_6609262ac9b0bddd,1,01_3.0,9,IMG_79691a75f9b33de6,1,01_14.0,False,False,0.4630948305130005,,,
IMG_6609262ac9b0bddd,1,01_3.0,10,IMG_291e2277785cff7b,1,01_11.0,False,False,0.45127975940704346,,,
IMG_d96a692b8a5e2cd9,1,01_3.0,1,IMG_bf29c448b7965c34,1,01_2.0,False,False,0.9598556160926819,,,
IMG_d96a692b8a5e2cd9,1,01_3.0,2,IMG_add6681025b7e34c,1,01_2.0,False,False,0.9243919849395752,,,
IMG_d96a692b8a5e2cd9,1,01_3.0,3,IMG_0fda01828547a827,1,01_3.0,False,True,0.8594487905502319,,,
IMG_d96a692b8a5e2cd9,1,01_3.0,4,IMG_bcf3d9dd1cb6b9e2,1,01_1.0,False,False,0.833372175693512,,,
IMG_d96a692b8a5e2cd9,1,01_3.0,5,IMG_c9089614b6a55260,1,01_2.0,False,False,0.8099595308303833,,,
IMG_d96a692b8a5e2cd9,1,01_3.0,6,IMG_365230aff6ccf855,1,01_2.0,False,False,0.7721747159957886,,,
IMG_d96a692b8a5e2cd9,1,01_3.0,7,IMG_6dc8f895e31c5f95,1,01_1.0,False,False,0.7616177797317505,,,
IMG_d96a692b8a5e2cd9,1,01_3.0,8,IMG_7801983dd0c37889,1,01_3.0,False,True,0.7438461780548096,,,
IMG_d96a692b8a5e2cd9,1,01_3.0,9,IMG_911bee6b3260a458,1,01_8.0,False,False,0.7399402856826782,,,
IMG_d96a692b8a5e2cd9,1,01_3.0,10,IMG_a1b65ba015bf8a38,1,01_2.0,False,False,0.679271936416626,,,
IMG_9e6ec1d9efc2e117,1,01_3.0,1,IMG_911bee6b3260a458,1,01_8.0,False,False,0.7546754479408264,,,
IMG_9e6ec1d9efc2e117,1,01_3.0,2,IMG_89787964d002fdf6,1,01_1.0,False,False,0.7132709622383118,,,
IMG_9e6ec1d9efc2e117,1,01_3.0,3,IMG_fb51e2b2eae54f2d,1,01_4.0,False,False,0.6844151020050049,,,
IMG_9e6ec1d9efc2e117,1,01_3.0,4,IMG_c28c684416b5dbd8,1,01_4.0,False,False,0.6727702021598816,,,
IMG_9e6ec1d9efc2e117,1,01_3.0,5,IMG_79691a75f9b33de6,1,01_14.0,False,False,0.6192210912704468,,,
IMG_9e6ec1d9efc2e117,1,01_3.0,6,IMG_7801983dd0c37889,1,01_3.0,False,True,0.5707533955574036,,,
IMG_9e6ec1d9efc2e117,1,01_3.0,7,IMG_add6681025b7e34c,1,01_2.0,False,False,0.556672990322113,,,
IMG_9e6ec1d9efc2e117,1,01_3.0,8,IMG_6dc8f895e31c5f95,1,01_1.0,False,False,0.5499438047409058,,,
IMG_9e6ec1d9efc2e117,1,01_3.0,9,IMG_31846f0fbdb9d981,1,01_10.0,False,False,0.544670581817627,,,
IMG_9e6ec1d9efc2e117,1,01_3.0,10,IMG_ae391e2574fc9dc0,1,01_5.0,False,False,0.542199969291687,,,
IMG_7801983dd0c37889,1,01_3.0,1,IMG_365230aff6ccf855,1,01_2.0,False,False,0.8628330826759338,,,
IMG_7801983dd0c37889,1,01_3.0,2,IMG_bcf3d9dd1cb6b9e2,1,01_1.0,False,False,0.8397733569145203,,,
IMG_7801983dd0c37889,1,01_3.0,3,IMG_c9089614b6a55260,1,01_2.0,False,False,0.8194762468338013,,,
IMG_7801983dd0c37889,1,01_3.0,4,IMG_911bee6b3260a458,1,01_8.0,False,False,0.8036242127418518,,,
IMG_7801983dd0c37889,1,01_3.0,5,IMG_c061217b1f39deb1,1,01_4.0,False,False,0.8029529452323914,,,
IMG_7801983dd0c37889,1,01_3.0,6,IMG_a1b65ba015bf8a38,1,01_2.0,False,False,0.7664634585380554,,,
IMG_7801983dd0c37889,1,01_3.0,7,IMG_a6bf15b3e23eea6f,1,01_2.0,False,False,0.754174530506134,,,
IMG_7801983dd0c37889,1,01_3.0,8,IMG_d96a692b8a5e2cd9,1,01_3.0,False,True,0.7438461780548096,,,
IMG_7801983dd0c37889,1,01_3.0,9,IMG_4e11a152cf6d0958,1,01_8.0,False,False,0.7356550693511963,,,
IMG_7801983dd0c37889,1,01_3.0,10,IMG_bf29c448b7965c34,1,01_2.0,False,False,0.7196086645126343,,,
IMG_fb51e2b2eae54f2d,1,01_4.0,1,IMG_ae391e2574fc9dc0,1,01_5.0,False,False,0.7871000170707703,,,
IMG_fb51e2b2eae54f2d,1,01_4.0,2,IMG_ea3c050ed8c0f117,1,01_5.0,False,False,0.7217520475387573,,,
IMG_fb51e2b2eae54f2d,1,01_4.0,3,IMG_c28c684416b5dbd8,1,01_4.0,False,True,0.7158571481704712,,,
IMG_fb51e2b2eae54f2d,1,01_4.0,4,IMG_31846f0fbdb9d981,1,01_10.0,False,False,0.7134718894958496,,,
IMG_fb51e2b2eae54f2d,1,01_4.0,5,IMG_cfd8413c8fd7adb5,1,01_13.0,False,False,0.7085062861442566,,,
IMG_fb51e2b2eae54f2d,1,01_4.0,6,IMG_79691a75f9b33de6,1,01_14.0,False,False,0.7022044658660889,,,
IMG_fb51e2b2eae54f2d,1,01_4.0,7,IMG_9e6ec1d9efc2e117,1,01_3.0,False,False,0.6844151020050049,,,
IMG_fb51e2b2eae54f2d,1,01_4.0,8,IMG_291e2277785cff7b,1,01_11.0,False,False,0.6581600904464722,,,
IMG_fb51e2b2eae54f2d,1,01_4.0,9,IMG_cc62dbd148e58905,1,01_2.0,False,False,0.6400733590126038,,,
IMG_fb51e2b2eae54f2d,1,01_4.0,10,IMG_a3c715cc80ef44d8,1,01_9.0,False,False,0.630499005317688,,,
IMG_c28c684416b5dbd8,1,01_4.0,1,IMG_fb51e2b2eae54f2d,1,01_4.0,False,True,0.7158571481704712,,,
IMG_c28c684416b5dbd8,1,01_4.0,2,IMG_9e6ec1d9efc2e117,1,01_3.0,False,False,0.6727702021598816,,,
IMG_c28c684416b5dbd8,1,01_4.0,3,IMG_a3c715cc80ef44d8,1,01_9.0,False,False,0.6567932963371277,,,
IMG_c28c684416b5dbd8,1,01_4.0,4,IMG_31846f0fbdb9d981,1,01_10.0,False,False,0.6285938024520874,,,
IMG_c28c684416b5dbd8,1,01_4.0,5,IMG_33d44571ee320a90,1,01_2.0,False,False,0.6267228126525879,,,
IMG_c28c684416b5dbd8,1,01_4.0,6,IMG_79691a75f9b33de6,1,01_14.0,False,False,0.6212649941444397,,,
IMG_c28c684416b5dbd8,1,01_4.0,7,IMG_6609262ac9b0bddd,1,01_3.0,False,False,0.6075102686882019,,,
IMG_c28c684416b5dbd8,1,01_4.0,8,IMG_ae391e2574fc9dc0,1,01_5.0,False,False,0.595999538898468,,,
IMG_c28c684416b5dbd8,1,01_4.0,9,IMG_89787964d002fdf6,1,01_1.0,False,False,0.5763716101646423,,,
IMG_c28c684416b5dbd8,1,01_4.0,10,IMG_cc62dbd148e58905,1,01_2.0,False,False,0.5737372636795044,,,
IMG_7b1e718057af2ab3,1,01_4.0,1,IMG_efc367ab53689fa5,1,01_2.0,False,False,0.8422727584838867,,,
IMG_7b1e718057af2ab3,1,01_4.0,2,IMG_a6bf15b3e23eea6f,1,01_2.0,False,False,0.8082340955734253,,,
IMG_7b1e718057af2ab3,1,01_4.0,3,IMG_a1b65ba015bf8a38,1,01_2.0,False,False,0.7698238492012024,,,
IMG_7b1e718057af2ab3,1,01_4.0,4,IMG_4e11a152cf6d0958,1,01_8.0,False,False,0.7263423800468445,,,
IMG_7b1e718057af2ab3,1,01_4.0,5,IMG_365230aff6ccf855,1,01_2.0,False,False,0.6955016851425171,,,
IMG_7b1e718057af2ab3,1,01_4.0,6,IMG_c061217b1f39deb1,1,01_4.0,False,True,0.6752405166625977,,,
IMG_7b1e718057af2ab3,1,01_4.0,7,IMG_c9089614b6a55260,1,01_2.0,False,False,0.6058011054992676,,,
IMG_7b1e718057af2ab3,1,01_4.0,8,IMG_0fda01828547a827,1,01_3.0,False,False,0.5837631225585938,,,
IMG_7b1e718057af2ab3,1,01_4.0,9,IMG_bcf3d9dd1cb6b9e2,1,01_1.0,False,False,0.5419696569442749,,,
IMG_7b1e718057af2ab3,1,01_4.0,10,IMG_7801983dd0c37889,1,01_3.0,False,False,0.5074229836463928,,,
IMG_c061217b1f39deb1,1,01_4.0,1,IMG_a1b65ba015bf8a38,1,01_2.0,False,False,0.899916410446167,,,
IMG_c061217b1f39deb1,1,01_4.0,2,IMG_365230aff6ccf855,1,01_2.0,False,False,0.8499176502227783,,,
IMG_c061217b1f39deb1,1,01_4.0,3,IMG_c9089614b6a55260,1,01_2.0,False,False,0.8475764989852905,,,
IMG_c061217b1f39deb1,1,01_4.0,4,IMG_7801983dd0c37889,1,01_3.0,False,False,0.8029529452323914,,,
IMG_c061217b1f39deb1,1,01_4.0,5,IMG_a6bf15b3e23eea6f,1,01_2.0,False,False,0.7571104168891907,,,
IMG_c061217b1f39deb1,1,01_4.0,6,IMG_4e11a152cf6d0958,1,01_8.0,False,False,0.7513350248336792,,,
IMG_c061217b1f39deb1,1,01_4.0,7,IMG_911bee6b3260a458,1,01_8.0,False,False,0.7323451638221741,,,
IMG_c061217b1f39deb1,1,01_4.0,8,IMG_bcf3d9dd1cb6b9e2,1,01_1.0,False,False,0.6832242012023926,,,
IMG_c061217b1f39deb1,1,01_4.0,9,IMG_7b1e718057af2ab3,1,01_4.0,False,True,0.6752405166625977,,,
IMG_c061217b1f39deb1,1,01_4.0,10,IMG_0fda01828547a827,1,01_3.0,False,False,0.6616995930671692,,,
IMG_ae391e2574fc9dc0,1,01_5.0,1,IMG_31846f0fbdb9d981,1,01_10.0,False,False,0.8291696310043335,,,
IMG_ae391e2574fc9dc0,1,01_5.0,2,IMG_fb51e2b2eae54f2d,1,01_4.0,False,False,0.7871000170707703,,,
IMG_ae391e2574fc9dc0,1,01_5.0,3,IMG_ea3c050ed8c0f117,1,01_5.0,False,True,0.7412952184677124,,,
IMG_ae391e2574fc9dc0,1,01_5.0,4,IMG_cfd8413c8fd7adb5,1,01_13.0,False,False,0.7256544828414917,,,
IMG_ae391e2574fc9dc0,1,01_5.0,5,IMG_79691a75f9b33de6,1,01_14.0,False,False,0.711300253868103,,,
IMG_ae391e2574fc9dc0,1,01_5.0,6,IMG_a3c715cc80ef44d8,1,01_9.0,False,False,0.6499221324920654,,,
IMG_ae391e2574fc9dc0,1,01_5.0,7,IMG_291e2277785cff7b,1,01_11.0,False,False,0.6177529096603394,,,
IMG_ae391e2574fc9dc0,1,01_5.0,8,IMG_7cad6c99eaf7ed2b,1,01_6.0,False,False,0.6161242723464966,,,
IMG_ae391e2574fc9dc0,1,01_5.0,9,IMG_cc62dbd148e58905,1,01_2.0,False,False,0.5969433784484863,,,
IMG_ae391e2574fc9dc0,1,01_5.0,10,IMG_c28c684416b5dbd8,1,01_4.0,False,False,0.595999538898468,,,
IMG_7cad6c99eaf7ed2b,1,01_6.0,1,IMG_cc62dbd148e58905,1,01_2.0,False,False,0.7318301200866699,,,
IMG_7cad6c99eaf7ed2b,1,01_6.0,2,IMG_291e2277785cff7b,1,01_11.0,False,False,0.666267454624176,,,
IMG_7cad6c99eaf7ed2b,1,01_6.0,3,IMG_fb51e2b2eae54f2d,1,01_4.0,False,False,0.6220744252204895,,,
IMG_7cad6c99eaf7ed2b,1,01_6.0,4,IMG_79691a75f9b33de6,1,01_14.0,False,False,0.6168761253356934,,,
IMG_7cad6c99eaf7ed2b,1,01_6.0,5,IMG_ae391e2574fc9dc0,1,01_5.0,False,False,0.6161242723464966,,,
IMG_7cad6c99eaf7ed2b,1,01_6.0,6,IMG_cfd8413c8fd7adb5,1,01_13.0,False,False,0.6077995896339417,,,
IMG_7cad6c99eaf7ed2b,1,01_6.0,7,IMG_ea3c050ed8c0f117,1,01_5.0,False,False,0.575503945350647,,,
IMG_7cad6c99eaf7ed2b,1,01_6.0,8,IMG_87c7629244e02709,1,01_12.0,False,False,0.5701136589050293,,,
IMG_7cad6c99eaf7ed2b,1,01_6.0,9,IMG_a3c715cc80ef44d8,1,01_9.0,False,False,0.5389404892921448,,,
IMG_7cad6c99eaf7ed2b,1,01_6.0,10,IMG_31846f0fbdb9d981,1,01_10.0,False,False,0.5187320113182068,,,
IMG_f57b55836d4dabc0,1,01_7.0,1,IMG_291e2277785cff7b,1,01_11.0,False,False,0.4909316301345825,,,
IMG_f57b55836d4dabc0,1,01_7.0,2,IMG_fb51e2b2eae54f2d,1,01_4.0,False,False,0.45596304535865784,,,
IMG_f57b55836d4dabc0,1,01_7.0,3,IMG_cfd8413c8fd7adb5,1,01_13.0,False,False,0.4146248698234558,,,
IMG_f57b55836d4dabc0,1,01_7.0,4,IMG_ae391e2574fc9dc0,1,01_5.0,False,False,0.4127223789691925,,,
IMG_f57b55836d4dabc0,1,01_7.0,5,IMG_79691a75f9b33de6,1,01_14.0,False,False,0.4034789204597473,,,
IMG_f57b55836d4dabc0,1,01_7.0,6,IMG_7cad6c99eaf7ed2b,1,01_6.0,False,False,0.3980100750923157,,,
IMG_f57b55836d4dabc0,1,01_7.0,7,IMG_87c7629244e02709,1,01_12.0,False,False,0.3766539692878723,,,
IMG_f57b55836d4dabc0,1,01_7.0,8,IMG_cc62dbd148e58905,1,01_2.0,False,False,0.36933597922325134,,,
IMG_f57b55836d4dabc0,1,01_7.0,9,IMG_31846f0fbdb9d981,1,01_10.0,False,False,0.3293619453907013,,,
IMG_f57b55836d4dabc0,1,01_7.0,10,IMG_c28c684416b5dbd8,1,01_4.0,False,False,0.32091012597084045,,,
IMG_4e11a152cf6d0958,1,01_8.0,1,IMG_365230aff6ccf855,1,01_2.0,False,False,0.8744924664497375,,,
IMG_4e11a152cf6d0958,1,01_8.0,2,IMG_c9089614b6a55260,1,01_2.0,False,False,0.8599480986595154,,,
IMG_4e11a152cf6d0958,1,01_8.0,3,IMG_a6bf15b3e23eea6f,1,01_2.0,False,False,0.8598362803459167,,,
IMG_4e11a152cf6d0958,1,01_8.0,4,IMG_bcf3d9dd1cb6b9e2,1,01_1.0,False,False,0.8281459212303162,,,
IMG_4e11a152cf6d0958,1,01_8.0,5,IMG_a1b65ba015bf8a38,1,01_2.0,False,False,0.8254741430282593,,,
IMG_4e11a152cf6d0958,1,01_8.0,6,IMG_c061217b1f39deb1,1,01_4.0,False,False,0.7513350248336792,,,
IMG_4e11a152cf6d0958,1,01_8.0,7,IMG_0fda01828547a827,1,01_3.0,False,False,0.7409056425094604,,,
IMG_4e11a152cf6d0958,1,01_8.0,8,IMG_7801983dd0c37889,1,01_3.0,False,False,0.7356550693511963,,,
IMG_4e11a152cf6d0958,1,01_8.0,9,IMG_7b1e718057af2ab3,1,01_4.0,False,False,0.7263423800468445,,,
IMG_4e11a152cf6d0958,1,01_8.0,10,IMG_efc367ab53689fa5,1,01_2.0,False,False,0.6771812438964844,,,
IMG_911bee6b3260a458,1,01_8.0,1,IMG_7801983dd0c37889,1,01_3.0,False,False,0.8036242127418518,,,
IMG_911bee6b3260a458,1,01_8.0,2,IMG_c9089614b6a55260,1,01_2.0,False,False,0.7651110887527466,,,
IMG_911bee6b3260a458,1,01_8.0,3,IMG_365230aff6ccf855,1,01_2.0,False,False,0.7557955980300903,,,
IMG_911bee6b3260a458,1,01_8.0,4,IMG_9e6ec1d9efc2e117,1,01_3.0,False,False,0.7546754479408264,,,
IMG_911bee6b3260a458,1,01_8.0,5,IMG_d96a692b8a5e2cd9,1,01_3.0,False,False,0.7399402856826782,,,
IMG_911bee6b3260a458,1,01_8.0,6,IMG_c061217b1f39deb1,1,01_4.0,False,False,0.7323451638221741,,,
IMG_911bee6b3260a458,1,01_8.0,7,IMG_bf29c448b7965c34,1,01_2.0,False,False,0.7267283201217651,,,
IMG_911bee6b3260a458,1,01_8.0,8,IMG_89787964d002fdf6,1,01_1.0,False,False,0.7144762873649597,,,
IMG_911bee6b3260a458,1,01_8.0,9,IMG_add6681025b7e34c,1,01_2.0,False,False,0.7004841566085815,,,
IMG_911bee6b3260a458,1,01_8.0,10,IMG_bcf3d9dd1cb6b9e2,1,01_1.0,False,False,0.6847983598709106,,,
IMG_a3c715cc80ef44d8,1,01_9.0,1,IMG_79691a75f9b33de6,1,01_14.0,False,False,0.8442786931991577,,,
IMG_a3c715cc80ef44d8,1,01_9.0,2,IMG_cfd8413c8fd7adb5,1,01_13.0,False,False,0.7249526381492615,,,
IMG_a3c715cc80ef44d8,1,01_9.0,3,IMG_31846f0fbdb9d981,1,01_10.0,False,False,0.7119085788726807,,,
IMG_a3c715cc80ef44d8,1,01_9.0,4,IMG_c28c684416b5dbd8,1,01_4.0,False,False,0.6567932963371277,,,
IMG_a3c715cc80ef44d8,1,01_9.0,5,IMG_ae391e2574fc9dc0,1,01_5.0,False,False,0.6499221324920654,,,
IMG_a3c715cc80ef44d8,1,01_9.0,6,IMG_fb51e2b2eae54f2d,1,01_4.0,False,False,0.630499005317688,,,
IMG_a3c715cc80ef44d8,1,01_9.0,7,IMG_cc62dbd148e58905,1,01_2.0,False,False,0.5981230139732361,,,
IMG_a3c715cc80ef44d8,1,01_9.0,8,IMG_291e2277785cff7b,1,01_11.0,False,False,0.5553914904594421,,,
IMG_a3c715cc80ef44d8,1,01_9.0,9,IMG_7cad6c99eaf7ed2b,1,01_6.0,False,False,0.5389404892921448,,,
IMG_a3c715cc80ef44d8,1,01_9.0,10,IMG_ea3c050ed8c0f117,1,01_5.0,False,False,0.5356923937797546,,,
IMG_31846f0fbdb9d981,1,01_10.0,1,IMG_ae391e2574fc9dc0,1,01_5.0,False,False,0.8291696310043335,,,
IMG_31846f0fbdb9d981,1,01_10.0,2,IMG_cfd8413c8fd7adb5,1,01_13.0,False,False,0.7497432827949524,,,
IMG_31846f0fbdb9d981,1,01_10.0,3,IMG_79691a75f9b33de6,1,01_14.0,False,False,0.7325598001480103,,,
IMG_31846f0fbdb9d981,1,01_10.0,4,IMG_fb51e2b2eae54f2d,1,01_4.0,False,False,0.7134718894958496,,,
IMG_31846f0fbdb9d981,1,01_10.0,5,IMG_a3c715cc80ef44d8,1,01_9.0,False,False,0.7119085788726807,,,
IMG_31846f0fbdb9d981,1,01_10.0,6,IMG_ea3c050ed8c0f117,1,01_5.0,False,False,0.6426923274993896,,,
IMG_31846f0fbdb9d981,1,01_10.0,7,IMG_c28c684416b5dbd8,1,01_4.0,False,False,0.6285938024520874,,,
IMG_31846f0fbdb9d981,1,01_10.0,8,IMG_291e2277785cff7b,1,01_11.0,False,False,0.553283154964447,,,
IMG_31846f0fbdb9d981,1,01_10.0,9,IMG_9e6ec1d9efc2e117,1,01_3.0,False,False,0.544670581817627,,,
IMG_31846f0fbdb9d981,1,01_10.0,10,IMG_7cad6c99eaf7ed2b,1,01_6.0,False,False,0.5187320113182068,,,
IMG_21849abd415a990c,3,03_21.0,1,IMG_756e6442e70bbb4f,3,03_1.0,False,False,0.6884064078330994,,,
IMG_21849abd415a990c,3,03_21.0,2,IMG_08faeb63ca8035ce,3,03_7.0,False,False,0.6835047602653503,,,
IMG_21849abd415a990c,3,03_21.0,3,IMG_caa2f160f554a749,3,03_22.0,False,False,0.6746978759765625,,,
IMG_21849abd415a990c,3,03_21.0,4,IMG_a9a6feb7d1d4e069,3,03_7.0,False,False,0.6709727048873901,,,
IMG_21849abd415a990c,3,03_21.0,5,IMG_dd178000d5df56dc,3,03_2.0,False,False,0.6656590700149536,,,
IMG_21849abd415a990c,3,03_21.0,6,IMG_22c1d1571bf40f38,3,03_3.0,False,False,0.6589536070823669,,,
IMG_21849abd415a990c,3,03_21.0,7,IMG_4362f41d356ea6e2,3,03_4.0,False,False,0.6573254466056824,,,
IMG_21849abd415a990c,3,03_21.0,8,IMG_5ce0980d29583409,3,03_17.0,False,False,0.6568856239318848,,,
IMG_21849abd415a990c,3,03_21.0,9,IMG_bc4453d9ee311912,3,03_26.0,False,False,0.6546884775161743,,,
IMG_21849abd415a990c,3,03_21.0,10,IMG_043fc8d5cb71ffc0,3,03_7.0,False,False,0.6480261087417603,,,
IMG_2b06f0167eb7b587,3,03_21.0,1,IMG_47e393aa821fedbd,3,03_9.0,False,False,0.5015848875045776,,,
IMG_2b06f0167eb7b587,3,03_21.0,2,IMG_8862ecab58a95486,3,03_3.0,False,False,0.46822601556777954,,,
IMG_2b06f0167eb7b587,3,03_21.0,3,IMG_e6c01595ce3ac10f,3,03_2.0,False,False,0.46732497215270996,,,
IMG_2b06f0167eb7b587,3,03_21.0,4,IMG_88989ec7c9b90745,3,03_18.0,False,False,0.4670705199241638,,,
IMG_2b06f0167eb7b587,3,03_21.0,5,IMG_114077120d0a2d98,3,03_2.0,False,False,0.4624429941177368,,,
IMG_2b06f0167eb7b587,3,03_21.0,6,IMG_85a1df455dd25f66,3,03_3.0,False,False,0.44999372959136963,,,
IMG_2b06f0167eb7b587,3,03_21.0,7,IMG_59e35a6728f49f9b,3,03_3.0,False,False,0.44564950466156006,,,
IMG_2b06f0167eb7b587,3,03_21.0,8,IMG_b47a7d1dba914893,3,03_3.0,False,False,0.4431161880493164,,,
IMG_2b06f0167eb7b587,3,03_21.0,9,IMG_5171549ee9022d18,3,03_2.0,False,False,0.43887802958488464,,,
IMG_2b06f0167eb7b587,3,03_21.0,10,IMG_1636755f70f7c2a6,3,03_9.0,False,False,0.43823400139808655,,,
IMG_8037c1a834d995e4,3,03_21.0,1,IMG_756e6442e70bbb4f,3,03_1.0,False,False,0.6770888566970825,,,
IMG_8037c1a834d995e4,3,03_21.0,2,IMG_91b6f41442da18f4,3,03_9.0,False,False,0.6321787238121033,,,
IMG_8037c1a834d995e4,3,03_21.0,3,IMG_74aa811586e07cff,3,03_10.0,False,False,0.6171393990516663,,,
IMG_8037c1a834d995e4,3,03_21.0,4,IMG_21849abd415a990c,3,03_21.0,False,True,0.5898555517196655,,,
IMG_8037c1a834d995e4,3,03_21.0,5,IMG_f914119441e6fbfc,3,03_2.0,False,False,0.5887166261672974,,,
IMG_8037c1a834d995e4,3,03_21.0,6,IMG_2615c5de94cf0ab6,3,03_2.0,False,False,0.5860323905944824,,,
IMG_8037c1a834d995e4,3,03_21.0,7,IMG_5171549ee9022d18,3,03_2.0,False,False,0.5815063714981079,,,
IMG_8037c1a834d995e4,3,03_21.0,8,IMG_d75db0a0fe0a29d2,3,03_9.0,False,False,0.5742889642715454,,,
IMG_8037c1a834d995e4,3,03_21.0,9,IMG_90448cd333a0b216,3,03_3.0,False,False,0.5652189254760742,,,
IMG_8037c1a834d995e4,3,03_21.0,10,IMG_85a1df455dd25f66,3,03_3.0,False,False,0.5607976317405701,,,
IMG_caa2f160f554a749,3,03_22.0,1,IMG_5a1b2dae985f3055,3,03_13.0,False,False,0.8181347846984863,,,
IMG_caa2f160f554a749,3,03_22.0,2,IMG_74aa811586e07cff,3,03_10.0,False,False,0.7830125093460083,,,
IMG_caa2f160f554a749,3,03_22.0,3,IMG_37548991b9872187,3,03_26.0,False,False,0.7786840200424194,,,
IMG_caa2f160f554a749,3,03_22.0,4,IMG_d3e98335dbe44b76,3,03_8.0,False,False,0.7750301361083984,,,
IMG_caa2f160f554a749,3,03_22.0,5,IMG_7eb127fe209a0236,3,03_29.0,False,False,0.749380350112915,,,
IMG_caa2f160f554a749,3,03_22.0,6,IMG_043fc8d5cb71ffc0,3,03_7.0,False,False,0.7483557462692261,,,
IMG_caa2f160f554a749,3,03_22.0,7,IMG_c6d0865e3cdbacc3,3,03_6.0,False,False,0.741184651851654,,,
IMG_caa2f160f554a749,3,03_22.0,8,IMG_f4b55c978d9b27ad,3,03_7.0,False,False,0.7267971634864807,,,
IMG_caa2f160f554a749,3,03_22.0,9,IMG_bc4453d9ee311912,3,03_26.0,False,False,0.7117965221405029,,,
IMG_caa2f160f554a749,3,03_22.0,10,IMG_0543681d5ed37dc7,3,03_7.0,False,False,0.7078756093978882,,,
IMG_fa230d075481bb76,3,03_23.0,1,IMG_2408579bd0486bf4,3,03_4.0,False,False,0.6925443410873413,,,
IMG_fa230d075481bb76,3,03_23.0,2,IMG_a2576526ef3d66cc,3,03_13.0,False,False,0.6409772634506226,,,
IMG_fa230d075481bb76,3,03_23.0,3,IMG_102c379d7d6b4a9c,3,03_3.0,False,False,0.6261734366416931,,,
IMG_fa230d075481bb76,3,03_23.0,4,IMG_043fc8d5cb71ffc0,3,03_7.0,False,False,0.6053072810173035,,,
IMG_fa230d075481bb76,3,03_23.0,5,IMG_db9875e2b237edd3,3,03_16.0,False,False,0.5995858907699585,,,
IMG_fa230d075481bb76,3,03_23.0,6,IMG_a9a6feb7d1d4e069,3,03_7.0,False,False,0.5994911789894104,,,
IMG_fa230d075481bb76,3,03_23.0,7,IMG_7eb127fe209a0236,3,03_29.0,False,False,0.5986401438713074,,,
IMG_fa230d075481bb76,3,03_23.0,8,IMG_bc4453d9ee311912,3,03_26.0,False,False,0.5903809666633606,,,
IMG_fa230d075481bb76,3,03_23.0,9,IMG_302da20670764559,3,03_9.0,False,False,0.585291862487793,,,
IMG_fa230d075481bb76,3,03_23.0,10,IMG_b00cc602f340f203,3,03_10.0,False,False,0.5815801024436951,,,
IMG_796f42e08ecf0865,3,03_23.0,1,IMG_e1bac6b4486a6ebe,3,03_30.0,False,False,0.6038593649864197,,,
IMG_796f42e08ecf0865,3,03_23.0,2,IMG_d3e98335dbe44b76,3,03_8.0,False,False,0.5726522207260132,,,
IMG_796f42e08ecf0865,3,03_23.0,3,IMG_7eb127fe209a0236,3,03_29.0,False,False,0.5645294189453125,,,
IMG_796f42e08ecf0865,3,03_23.0,4,IMG_74aa811586e07cff,3,03_10.0,False,False,0.5634545087814331,,,
IMG_796f42e08ecf0865,3,03_23.0,5,IMG_caa2f160f554a749,3,03_22.0,False,False,0.5617660284042358,,,
IMG_796f42e08ecf0865,3,03_23.0,6,IMG_db9875e2b237edd3,3,03_16.0,False,False,0.5493988990783691,,,
IMG_796f42e08ecf0865,3,03_23.0,7,IMG_37548991b9872187,3,03_26.0,False,False,0.548892080783844,,,
IMG_796f42e08ecf0865,3,03_23.0,8,IMG_5a1b2dae985f3055,3,03_13.0,False,False,0.5464509725570679,,,
IMG_796f42e08ecf0865,3,03_23.0,9,IMG_eb1dc97cf3a61160,3,03_12.0,False,False,0.5361598134040833,,,
IMG_796f42e08ecf0865,3,03_23.0,10,IMG_a3430090c4ce7a3b,3,03_2.0,False,False,0.533258318901062,,,
IMG_37548991b9872187,3,03_26.0,1,IMG_bc4453d9ee311912,3,03_26.0,False,True,0.8070158958435059,,,
IMG_37548991b9872187,3,03_26.0,2,IMG_caa2f160f554a749,3,03_22.0,False,False,0.7786840200424194,,,
IMG_37548991b9872187,3,03_26.0,3,IMG_97c531019a7ad5ae,3,03_20.0,False,False,0.7600829601287842,,,
IMG_37548991b9872187,3,03_26.0,4,IMG_c57f9d611fd1635a,3,03_20.0,False,False,0.7556592226028442,,,
IMG_37548991b9872187,3,03_26.0,5,IMG_102c379d7d6b4a9c,3,03_3.0,False,False,0.7447224855422974,,,
IMG_37548991b9872187,3,03_26.0,6,IMG_74aa811586e07cff,3,03_10.0,False,False,0.735019326210022,,,
IMG_37548991b9872187,3,03_26.0,7,IMG_043fc8d5cb71ffc0,3,03_7.0,False,False,0.7260913848876953,,,
IMG_37548991b9872187,3,03_26.0,8,IMG_22c1d1571bf40f38,3,03_3.0,False,False,0.7180833220481873,,,
IMG_37548991b9872187,3,03_26.0,9,IMG_0543681d5ed37dc7,3,03_7.0,False,False,0.7180269956588745,,,
IMG_37548991b9872187,3,03_26.0,10,IMG_90448cd333a0b216,3,03_3.0,False,False,0.7129608392715454,,,
IMG_bc4453d9ee311912,3,03_26.0,1,IMG_a9a6feb7d1d4e069,3,03_7.0,False,False,0.8577039241790771,,,
IMG_bc4453d9ee311912,3,03_26.0,2,IMG_0c67105fef9f5e61,3,03_3.0,False,False,0.8566890954971313,,,
IMG_bc4453d9ee311912,3,03_26.0,3,IMG_4362f41d356ea6e2,3,03_4.0,False,False,0.8216410279273987,,,
IMG_bc4453d9ee311912,3,03_26.0,4,IMG_043fc8d5cb71ffc0,3,03_7.0,False,False,0.8151707649230957,,,
IMG_bc4453d9ee311912,3,03_26.0,5,IMG_899eab175cf11e80,3,03_2.0,False,False,0.8142603039741516,,,
IMG_bc4453d9ee311912,3,03_26.0,6,IMG_bd146b01a5ab5e14,3,03_3.0,False,False,0.8075718879699707,,,
IMG_bc4453d9ee311912,3,03_26.0,7,IMG_37548991b9872187,3,03_26.0,False,True,0.8070158958435059,,,
IMG_bc4453d9ee311912,3,03_26.0,8,IMG_102c379d7d6b4a9c,3,03_3.0,False,False,0.8047612905502319,,,
IMG_bc4453d9ee311912,3,03_26.0,9,IMG_22c1d1571bf40f38,3,03_3.0,False,False,0.8028537631034851,,,
IMG_bc4453d9ee311912,3,03_26.0,10,IMG_1b5b525951012d97,3,03_6.0,False,False,0.802133321762085,,,
IMG_34d871e8dadbe89a,3,03_28.0,1,IMG_bc4453d9ee311912,3,03_26.0,False,False,0.7824705243110657,,,
IMG_34d871e8dadbe89a,3,03_28.0,2,IMG_ada3c7714cd970b3,3,03_19.0,False,False,0.7772775292396545,,,
IMG_34d871e8dadbe89a,3,03_28.0,3,IMG_22c1d1571bf40f38,3,03_3.0,False,False,0.7639399766921997,,,
IMG_34d871e8dadbe89a,3,03_28.0,4,IMG_a9a6feb7d1d4e069,3,03_7.0,False,False,0.7583575248718262,,,
IMG_34d871e8dadbe89a,3,03_28.0,5,IMG_043fc8d5cb71ffc0,3,03_7.0,False,False,0.7442343235015869,,,
IMG_34d871e8dadbe89a,3,03_28.0,6,IMG_0543681d5ed37dc7,3,03_7.0,False,False,0.7329459190368652,,,
IMG_34d871e8dadbe89a,3,03_28.0,7,IMG_5ce0980d29583409,3,03_17.0,False,False,0.7308666110038757,,,
IMG_34d871e8dadbe89a,3,03_28.0,8,IMG_4362f41d356ea6e2,3,03_4.0,False,False,0.7197535037994385,,,
IMG_34d871e8dadbe89a,3,03_28.0,9,IMG_08faeb63ca8035ce,3,03_7.0,False,False,0.7191199064254761,,,
IMG_34d871e8dadbe89a,3,03_28.0,10,IMG_1b5b525951012d97,3,03_6.0,False,False,0.7130469679832458,,,
IMG_7eb127fe209a0236,3,03_29.0,1,IMG_caa2f160f554a749,3,03_22.0,False,False,0.749380350112915,,,
IMG_7eb127fe209a0236,3,03_29.0,2,IMG_102c379d7d6b4a9c,3,03_3.0,False,False,0.7081677913665771,,,
IMG_7eb127fe209a0236,3,03_29.0,3,IMG_37548991b9872187,3,03_26.0,False,False,0.6971412897109985,,,
IMG_7eb127fe209a0236,3,03_29.0,4,IMG_db9875e2b237edd3,3,03_16.0,False,False,0.6940196752548218,,,
IMG_7eb127fe209a0236,3,03_29.0,5,IMG_c57f9d611fd1635a,3,03_20.0,False,False,0.6858456134796143,,,
IMG_7eb127fe209a0236,3,03_29.0,6,IMG_0477741c24dab835,3,03_31.0,False,False,0.6838713884353638,,,
IMG_7eb127fe209a0236,3,03_29.0,7,IMG_5a1b2dae985f3055,3,03_13.0,False,False,0.6620242595672607,,,
IMG_7eb127fe209a0236,3,03_29.0,8,IMG_97c531019a7ad5ae,3,03_20.0,False,False,0.6353228688240051,,,
IMG_7eb127fe209a0236,3,03_29.0,9,IMG_d3e98335dbe44b76,3,03_8.0,False,False,0.6210359334945679,,,
IMG_7eb127fe209a0236,3,03_29.0,10,IMG_043fc8d5cb71ffc0,3,03_7.0,False,False,0.6199995279312134,,,
IMG_e1bac6b4486a6ebe,3,03_30.0,1,IMG_c6d0865e3cdbacc3,3,03_6.0,False,False,0.7029886245727539,,,
IMG_e1bac6b4486a6ebe,3,03_30.0,2,IMG_caa2f160f554a749,3,03_22.0,False,False,0.6919423341751099,,,
IMG_e1bac6b4486a6ebe,3,03_30.0,3,IMG_f0e20029fd5e8703,3,03_14.0,False,False,0.6826753616333008,,,
IMG_e1bac6b4486a6ebe,3,03_30.0,4,IMG_b00cc602f340f203,3,03_10.0,False,False,0.6637332439422607,,,
IMG_e1bac6b4486a6ebe,3,03_30.0,5,IMG_37548991b9872187,3,03_26.0,False,False,0.6538195013999939,,,
IMG_e1bac6b4486a6ebe,3,03_30.0,6,IMG_5a1b2dae985f3055,3,03_13.0,False,False,0.6232714653015137,,,
IMG_e1bac6b4486a6ebe,3,03_30.0,7,IMG_7eb127fe209a0236,3,03_29.0,False,False,0.6130032539367676,,,
IMG_e1bac6b4486a6ebe,3,03_30.0,8,IMG_db9875e2b237edd3,3,03_16.0,False,False,0.605180561542511,,,
IMG_e1bac6b4486a6ebe,3,03_30.0,9,IMG_796f42e08ecf0865,3,03_23.0,False,False,0.6038593649864197,,,
IMG_e1bac6b4486a6ebe,3,03_30.0,10,IMG_43f6242b9c65ab2d,3,03_16.0,False,False,0.5924265384674072,,,
IMG_756e6442e70bbb4f,3,03_1.0,1,IMG_f4b55c978d9b27ad,3,03_7.0,False,False,0.7722718119621277,,,
IMG_756e6442e70bbb4f,3,03_1.0,2,IMG_caa2f160f554a749,3,03_22.0,False,False,0.7075830101966858,,,
IMG_756e6442e70bbb4f,3,03_1.0,3,IMG_74aa811586e07cff,3,03_10.0,False,False,0.7065014839172363,,,
IMG_756e6442e70bbb4f,3,03_1.0,4,IMG_21849abd415a990c,3,03_21.0,False,False,0.6884064078330994,,,
IMG_756e6442e70bbb4f,3,03_1.0,5,IMG_8037c1a834d995e4,3,03_21.0,False,False,0.6770888566970825,,,
IMG_756e6442e70bbb4f,3,03_1.0,6,IMG_90448cd333a0b216,3,03_3.0,False,False,0.6745683550834656,,,
IMG_756e6442e70bbb4f,3,03_1.0,7,IMG_5f1e9d8b2178b03d,3,03_5.0,False,False,0.6697270274162292,,,
IMG_756e6442e70bbb4f,3,03_1.0,8,IMG_2615c5de94cf0ab6,3,03_2.0,False,False,0.6658485531806946,,,
IMG_756e6442e70bbb4f,3,03_1.0,9,IMG_82a50ed5faf285df,3,03_3.0,False,False,0.6252645254135132,,,
IMG_756e6442e70bbb4f,3,03_1.0,10,IMG_37548991b9872187,3,03_26.0,False,False,0.6251928806304932,,,
IMG_a709803aa29ba81a,3,03_1.0,1,IMG_335800c884833eed,3,03_10.0,False,False,0.8504822254180908,,,
IMG_a709803aa29ba81a,3,03_1.0,2,IMG_1636755f70f7c2a6,3,03_9.0,False,False,0.840840220451355,,,
IMG_a709803aa29ba81a,3,03_1.0,3,IMG_831009435c1b2124,3,03_3.0,False,False,0.840617299079895,,,
IMG_a709803aa29ba81a,3,03_1.0,4,IMG_4856b607af778a83,3,03_3.0,False,False,0.8319313526153564,,,
IMG_a709803aa29ba81a,3,03_1.0,5,IMG_35c3d34f6a3506e8,3,03_3.0,False,False,0.8247728943824768,,,
IMG_a709803aa29ba81a,3,03_1.0,6,IMG_114077120d0a2d98,3,03_2.0,False,False,0.821770966053009,,,
IMG_a709803aa29ba81a,3,03_1.0,7,IMG_47e393aa821fedbd,3,03_9.0,False,False,0.8156886100769043,,,
IMG_a709803aa29ba81a,3,03_1.0,8,IMG_077018732a20157b,3,03_5.0,False,False,0.8059577345848083,,,
IMG_a709803aa29ba81a,3,03_1.0,9,IMG_65f909fa289786fa,3,03_10.0,False,False,0.8029911518096924,,,
IMG_a709803aa29ba81a,3,03_1.0,10,IMG_5fc2f2b7ba500dab,3,03_3.0,False,False,0.7939601540565491,,,
IMG_e6c01595ce3ac10f,3,03_2.0,1,IMG_7221598f1ce69371,3,03_10.0,False,False,0.8647918701171875,,,
IMG_e6c01595ce3ac10f,3,03_2.0,2,IMG_114077120d0a2d98,3,03_2.0,False,True,0.8537598848342896,,,
IMG_e6c01595ce3ac10f,3,03_2.0,3,IMG_47e393aa821fedbd,3,03_9.0,False,False,0.8209157586097717,,,
IMG_e6c01595ce3ac10f,3,03_2.0,4,IMG_154da4f02db54fae,3,03_10.0,False,False,0.8057105541229248,,,
IMG_e6c01595ce3ac10f,3,03_2.0,5,IMG_1636755f70f7c2a6,3,03_9.0,False,False,0.8025725483894348,,,
IMG_e6c01595ce3ac10f,3,03_2.0,6,IMG_b47a7d1dba914893,3,03_3.0,False,False,0.7999585866928101,,,
IMG_e6c01595ce3ac10f,3,03_2.0,7,IMG_831009435c1b2124,3,03_3.0,False,False,0.7977073192596436,,,
IMG_e6c01595ce3ac10f,3,03_2.0,8,IMG_59e35a6728f49f9b,3,03_3.0,False,False,0.7899225950241089,,,
IMG_e6c01595ce3ac10f,3,03_2.0,9,IMG_5fc2f2b7ba500dab,3,03_3.0,False,False,0.7892544865608215,,,
IMG_e6c01595ce3ac10f,3,03_2.0,10,IMG_bec26851aca3f97d,3,03_5.0,False,False,0.7805553674697876,,,
IMG_114077120d0a2d98,3,03_2.0,1,IMG_1636755f70f7c2a6,3,03_9.0,False,False,0.9058861136436462,,,
IMG_114077120d0a2d98,3,03_2.0,2,IMG_5fc2f2b7ba500dab,3,03_3.0,False,False,0.8749327659606934,,,
IMG_114077120d0a2d98,3,03_2.0,3,IMG_154da4f02db54fae,3,03_10.0,False,False,0.8721858263015747,,,
IMG_114077120d0a2d98,3,03_2.0,4,IMG_47e393aa821fedbd,3,03_9.0,False,False,0.854190468788147,,,
IMG_114077120d0a2d98,3,03_2.0,5,IMG_e6c01595ce3ac10f,3,03_2.0,False,True,0.8537598848342896,,,
IMG_114077120d0a2d98,3,03_2.0,6,IMG_831009435c1b2124,3,03_3.0,False,False,0.8306790590286255,,,
IMG_114077120d0a2d98,3,03_2.0,7,IMG_a709803aa29ba81a,3,03_1.0,False,False,0.821770966053009,,,
IMG_114077120d0a2d98,3,03_2.0,8,IMG_3c1c5ee868b49ff2,3,03_3.0,False,False,0.821194589138031,,,
IMG_114077120d0a2d98,3,03_2.0,9,IMG_b47a7d1dba914893,3,03_3.0,False,False,0.814977765083313,,,
IMG_114077120d0a2d98,3,03_2.0,10,IMG_7221598f1ce69371,3,03_10.0,False,False,0.8056294322013855,,,
IMG_9e047d15e1fd2ddb,3,03_2.0,1,IMG_0e03c96e3860a20c,3,03_3.0,False,False,0.8654002547264099,,,
IMG_9e047d15e1fd2ddb,3,03_2.0,2,IMG_2b7e1f460614d568,3,03_3.0,False,False,0.8543005585670471,,,
IMG_9e047d15e1fd2ddb,3,03_2.0,3,IMG_c35286d04e6f978d,3,03_10.0,False,False,0.8422280550003052,,,
IMG_9e047d15e1fd2ddb,3,03_2.0,4,IMG_8b18934c9a541949,3,03_5.0,False,False,0.8369652032852173,,,
IMG_9e047d15e1fd2ddb,3,03_2.0,5,IMG_077018732a20157b,3,03_5.0,False,False,0.8311753273010254,,,
IMG_9e047d15e1fd2ddb,3,03_2.0,6,IMG_85a1df455dd25f66,3,03_3.0,False,False,0.8289313316345215,,,
IMG_9e047d15e1fd2ddb,3,03_2.0,7,IMG_ed8f4661bbbe6d5c,3,03_3.0,False,False,0.8237142562866211,,,
IMG_9e047d15e1fd2ddb,3,03_2.0,8,IMG_5171549ee9022d18,3,03_2.0,False,True,0.817472517490387,,,
IMG_9e047d15e1fd2ddb,3,03_2.0,9,IMG_90abd8938b874a0c,3,03_7.0,False,False,0.8163785934448242,,,
IMG_9e047d15e1fd2ddb,3,03_2.0,10,IMG_f6a06551b419c8d3,3,03_2.0,False,True,0.8148616552352905,,,
IMG_dd178000d5df56dc,3,03_2.0,1,IMG_9e047d15e1fd2ddb,3,03_2.0,False,True,0.7860016822814941,,,
IMG_dd178000d5df56dc,3,03_2.0,2,IMG_91b6f41442da18f4,3,03_9.0,False,False,0.7643613815307617,,,
IMG_dd178000d5df56dc,3,03_2.0,3,IMG_c35286d04e6f978d,3,03_10.0,False,False,0.7615748047828674,,,
IMG_dd178000d5df56dc,3,03_2.0,4,IMG_22c1d1571bf40f38,3,03_3.0,False,False,0.7409894466400146,,,
IMG_dd178000d5df56dc,3,03_2.0,5,IMG_5171549ee9022d18,3,03_2.0,False,True,0.7294154167175293,,,
IMG_dd178000d5df56dc,3,03_2.0,6,IMG_e9581439a4d2c0fb,3,03_10.0,False,False,0.7131277322769165,,,
IMG_dd178000d5df56dc,3,03_2.0,7,IMG_90448cd333a0b216,3,03_3.0,False,False,0.7130923271179199,,,
IMG_dd178000d5df56dc,3,03_2.0,8,IMG_19fc4b72ac608282,3,03_9.0,False,False,0.7078424692153931,,,
IMG_dd178000d5df56dc,3,03_2.0,9,IMG_34d871e8dadbe89a,3,03_28.0,False,False,0.7005530595779419,,,
IMG_dd178000d5df56dc,3,03_2.0,10,IMG_08faeb63ca8035ce,3,03_7.0,False,False,0.6994520425796509,,,
IMG_f6a06551b419c8d3,3,03_2.0,1,IMG_93581bef499b37df,3,03_2.0,False,True,0.9136396646499634,,,
IMG_f6a06551b419c8d3,3,03_2.0,2,IMG_077018732a20157b,3,03_5.0,False,False,0.9081878662109375,,,
IMG_f6a06551b419c8d3,3,03_2.0,3,IMG_fd391b80928842b0,3,03_10.0,False,False,0.8986234664916992,,,
IMG_f6a06551b419c8d3,3,03_2.0,4,IMG_0e03c96e3860a20c,3,03_3.0,False,False,0.8934664130210876,,,
IMG_f6a06551b419c8d3,3,03_2.0,5,IMG_b741dc5a87e88d17,3,03_3.0,False,False,0.8924084901809692,,,
IMG_f6a06551b419c8d3,3,03_2.0,6,IMG_4362f41d356ea6e2,3,03_4.0,False,False,0.8810739517211914,,,
IMG_f6a06551b419c8d3,3,03_2.0,7,IMG_08faeb63ca8035ce,3,03_7.0,False,False,0.8802608847618103,,,
IMG_f6a06551b419c8d3,3,03_2.0,8,IMG_03955f459165fb69,3,03_4.0,False,False,0.8756219148635864,,,
IMG_f6a06551b419c8d3,3,03_2.0,9,IMG_09c470048aa5a620,3,03_6.0,False,False,0.873572587966919,,,
IMG_f6a06551b419c8d3,3,03_2.0,10,IMG_1d5206db18203ba7,3,03_19.0,False,False,0.8728775978088379,,,
IMG_5171549ee9022d18,3,03_2.0,1,IMG_ed8f4661bbbe6d5c,3,03_3.0,False,False,0.8865001797676086,,,
IMG_5171549ee9022d18,3,03_2.0,2,IMG_2b7e1f460614d568,3,03_3.0,False,False,0.8463420867919922,,,
IMG_5171549ee9022d18,3,03_2.0,3,IMG_59e35a6728f49f9b,3,03_3.0,False,False,0.8388098478317261,,,
IMG_5171549ee9022d18,3,03_2.0,4,IMG_85a1df455dd25f66,3,03_3.0,False,False,0.8306922316551208,,,
IMG_5171549ee9022d18,3,03_2.0,5,IMG_0e03c96e3860a20c,3,03_3.0,False,False,0.8239936232566833,,,
IMG_5171549ee9022d18,3,03_2.0,6,IMG_9e047d15e1fd2ddb,3,03_2.0,False,True,0.817472517490387,,,
IMG_5171549ee9022d18,3,03_2.0,7,IMG_0f0cd0e7c57181b2,3,03_10.0,False,False,0.8075785040855408,,,
IMG_5171549ee9022d18,3,03_2.0,8,IMG_aade277476cfab5c,3,03_3.0,False,False,0.7935923337936401,,,
IMG_5171549ee9022d18,3,03_2.0,9,IMG_3181ffe87aa13433,3,03_10.0,False,False,0.7930343151092529,,,
IMG_5171549ee9022d18,3,03_2.0,10,IMG_22c1d1571bf40f38,3,03_3.0,False,False,0.7913036942481995,,,
IMG_899eab175cf11e80,3,03_2.0,1,IMG_93581bef499b37df,3,03_2.0,False,True,0.9555544853210449,,,
IMG_899eab175cf11e80,3,03_2.0,2,IMG_bd146b01a5ab5e14,3,03_3.0,False,False,0.9372280240058899,,,
IMG_899eab175cf11e80,3,03_2.0,3,IMG_8ceb68df4b59d29e,3,03_6.0,False,False,0.9115692377090454,,,
IMG_899eab175cf11e80,3,03_2.0,4,IMG_a2990977479dc3b5,3,03_4.0,False,False,0.9021145105361938,,,
IMG_899eab175cf11e80,3,03_2.0,5,IMG_3e828dc68c7d0898,3,03_5.0,False,False,0.900802731513977,,,
IMG_899eab175cf11e80,3,03_2.0,6,IMG_03955f459165fb69,3,03_4.0,False,False,0.8949134945869446,,,
IMG_899eab175cf11e80,3,03_2.0,7,IMG_339d3c59aa65dfd3,3,03_7.0,False,False,0.8933137059211731,,,
IMG_899eab175cf11e80,3,03_2.0,8,IMG_39f79aba2723784d,3,03_5.0,False,False,0.8932311534881592,,,
IMG_899eab175cf11e80,3,03_2.0,9,IMG_b741dc5a87e88d17,3,03_3.0,False,False,0.893028974533081,,,
IMG_899eab175cf11e80,3,03_2.0,10,IMG_4362f41d356ea6e2,3,03_4.0,False,False,0.8922815322875977,,,
IMG_93581bef499b37df,3,03_2.0,1,IMG_899eab175cf11e80,3,03_2.0,False,True,0.9555544853210449,,,
IMG_93581bef499b37df,3,03_2.0,2,IMG_b741dc5a87e88d17,3,03_3.0,False,False,0.9335160255432129,,,
IMG_93581bef499b37df,3,03_2.0,3,IMG_bd146b01a5ab5e14,3,03_3.0,False,False,0.9238086938858032,,,
IMG_93581bef499b37df,3,03_2.0,4,IMG_39f79aba2723784d,3,03_5.0,False,False,0.9153644442558289,,,
IMG_93581bef499b37df,3,03_2.0,5,IMG_f6a06551b419c8d3,3,03_2.0,False,True,0.9136396646499634,,,
IMG_93581bef499b37df,3,03_2.0,6,IMG_3e828dc68c7d0898,3,03_5.0,False,False,0.9096406698226929,,,
IMG_93581bef499b37df,3,03_2.0,7,IMG_a2990977479dc3b5,3,03_4.0,False,False,0.907341480255127,,,
IMG_93581bef499b37df,3,03_2.0,8,IMG_5ac5d19ee41e1d13,3,03_10.0,False,False,0.9071938991546631,,,
IMG_93581bef499b37df,3,03_2.0,9,IMG_3be4c95c39822645,3,03_7.0,False,False,0.9056097269058228,,,
IMG_93581bef499b37df,3,03_2.0,10,IMG_4362f41d356ea6e2,3,03_4.0,False,False,0.90408855676651,,,
IMG_03193f6c99f32e8b,3,03_2.0,1,IMG_2ec9b729c3047f30,3,03_2.0,False,True,0.9551228880882263,,,
IMG_03193f6c99f32e8b,3,03_2.0,2,IMG_2615c5de94cf0ab6,3,03_2.0,False,True,0.9005060791969299,,,
IMG_03193f6c99f32e8b,3,03_2.0,3,IMG_90448cd333a0b216,3,03_3.0,False,False,0.856171727180481,,,
IMG_03193f6c99f32e8b,3,03_2.0,4,IMG_aade277476cfab5c,3,03_3.0,False,False,0.8399500846862793,,,
IMG_03193f6c99f32e8b,3,03_2.0,5,IMG_22c1d1571bf40f38,3,03_3.0,False,False,0.8241475224494934,,,
IMG_03193f6c99f32e8b,3,03_2.0,6,IMG_043fc8d5cb71ffc0,3,03_7.0,False,False,0.8072521686553955,,,
IMG_03193f6c99f32e8b,3,03_2.0,7,IMG_85a1df455dd25f66,3,03_3.0,False,False,0.8036214113235474,,,
IMG_03193f6c99f32e8b,3,03_2.0,8,IMG_814ea15230cf77ff,3,03_10.0,False,False,0.8007593750953674,,,
IMG_03193f6c99f32e8b,3,03_2.0,9,IMG_0c67105fef9f5e61,3,03_3.0,False,False,0.7990927696228027,,,
IMG_03193f6c99f32e8b,3,03_2.0,10,IMG_59e35a6728f49f9b,3,03_3.0,False,False,0.7855401039123535,,,
IMG_2ec9b729c3047f30,3,03_2.0,1,IMG_03193f6c99f32e8b,3,03_2.0,False,True,0.9551228880882263,,,
IMG_2ec9b729c3047f30,3,03_2.0,2,IMG_2615c5de94cf0ab6,3,03_2.0,False,True,0.9282201528549194,,,
IMG_2ec9b729c3047f30,3,03_2.0,3,IMG_aade277476cfab5c,3,03_3.0,False,False,0.8882352113723755,,,
IMG_2ec9b729c3047f30,3,03_2.0,4,IMG_90448cd333a0b216,3,03_3.0,False,False,0.8631281852722168,,,
IMG_2ec9b729c3047f30,3,03_2.0,5,IMG_814ea15230cf77ff,3,03_10.0,False,False,0.8529471158981323,,,
IMG_2ec9b729c3047f30,3,03_2.0,6,IMG_0c67105fef9f5e61,3,03_3.0,False,False,0.8419153690338135,,,
IMG_2ec9b729c3047f30,3,03_2.0,7,IMG_22c1d1571bf40f38,3,03_3.0,False,False,0.8413556218147278,,,
IMG_2ec9b729c3047f30,3,03_2.0,8,IMG_85a1df455dd25f66,3,03_3.0,False,False,0.8264891505241394,,,
IMG_2ec9b729c3047f30,3,03_2.0,9,IMG_c35286d04e6f978d,3,03_10.0,False,False,0.8198255300521851,,,
IMG_2ec9b729c3047f30,3,03_2.0,10,IMG_ed8f4661bbbe6d5c,3,03_3.0,False,False,0.8197977542877197,,,
IMG_2615c5de94cf0ab6,3,03_2.0,1,IMG_2ec9b729c3047f30,3,03_2.0,False,True,0.9282201528549194,,,
IMG_2615c5de94cf0ab6,3,03_2.0,2,IMG_03193f6c99f32e8b,3,03_2.0,False,True,0.9005060791969299,,,
IMG_2615c5de94cf0ab6,3,03_2.0,3,IMG_aade277476cfab5c,3,03_3.0,False,False,0.8146649599075317,,,
IMG_2615c5de94cf0ab6,3,03_2.0,4,IMG_90448cd333a0b216,3,03_3.0,False,False,0.8027341365814209,,,
IMG_2615c5de94cf0ab6,3,03_2.0,5,IMG_0c67105fef9f5e61,3,03_3.0,False,False,0.7788341641426086,,,
IMG_2615c5de94cf0ab6,3,03_2.0,6,IMG_814ea15230cf77ff,3,03_10.0,False,False,0.7664514780044556,,,
IMG_2615c5de94cf0ab6,3,03_2.0,7,IMG_59e35a6728f49f9b,3,03_3.0,False,False,0.7653754949569702,,,
IMG_2615c5de94cf0ab6,3,03_2.0,8,IMG_ed8f4661bbbe6d5c,3,03_3.0,False,False,0.7493690252304077,,,
IMG_2615c5de94cf0ab6,3,03_2.0,9,IMG_22c1d1571bf40f38,3,03_3.0,False,False,0.7481566667556763,,,
IMG_2615c5de94cf0ab6,3,03_2.0,10,IMG_85a1df455dd25f66,3,03_3.0,False,False,0.7477314472198486,,,
IMG_f914119441e6fbfc,3,03_2.0,1,IMG_dda0725ed8e5c4be,3,03_9.0,False,False,0.7629454135894775,,,
IMG_f914119441e6fbfc,3,03_2.0,2,IMG_ed8f4661bbbe6d5c,3,03_3.0,False,False,0.7583106756210327,,,
IMG_f914119441e6fbfc,3,03_2.0,3,IMG_2b7e1f460614d568,3,03_3.0,False,False,0.7542862892150879,,,
IMG_f914119441e6fbfc,3,03_2.0,4,IMG_5171549ee9022d18,3,03_2.0,False,True,0.7484692335128784,,,
IMG_f914119441e6fbfc,3,03_2.0,5,IMG_0e03c96e3860a20c,3,03_3.0,False,False,0.7408715486526489,,,
IMG_f914119441e6fbfc,3,03_2.0,6,IMG_19fc4b72ac608282,3,03_9.0,False,False,0.7242080569267273,,,
IMG_f914119441e6fbfc,3,03_2.0,7,IMG_59e35a6728f49f9b,3,03_3.0,False,False,0.7233007550239563,,,
IMG_f914119441e6fbfc,3,03_2.0,8,IMG_2615c5de94cf0ab6,3,03_2.0,False,True,0.7112022042274475,,,
IMG_f914119441e6fbfc,3,03_2.0,9,IMG_90abd8938b874a0c,3,03_7.0,False,False,0.7111427783966064,,,
IMG_f914119441e6fbfc,3,03_2.0,10,IMG_5001302b0ed35221,3,03_9.0,False,False,0.7086084485054016,,,
IMG_6093a75e3e14d5df,3,03_2.0,1,IMG_2d5a71d4a5613a7a,3,03_2.0,False,True,0.9805581569671631,,,
IMG_6093a75e3e14d5df,3,03_2.0,2,IMG_4ccf8f053eafa970,3,03_5.0,False,False,0.9017297029495239,,,
IMG_6093a75e3e14d5df,3,03_2.0,3,IMG_b825df862b6e289f,3,03_9.0,False,False,0.9006900191307068,,,
IMG_6093a75e3e14d5df,3,03_2.0,4,IMG_c3eab7f40d20dd73,3,03_11.0,False,False,0.8780272603034973,,,
IMG_6093a75e3e14d5df,3,03_2.0,5,IMG_959dea87d88a6be9,3,03_2.0,False,True,0.8778067827224731,,,
IMG_6093a75e3e14d5df,3,03_2.0,6,IMG_9935b9839e10b78b,3,03_2.0,False,True,0.8744403123855591,,,
IMG_6093a75e3e14d5df,3,03_2.0,7,IMG_53fa9fc0de5e468b,3,03_6.0,False,False,0.8717610836029053,,,
IMG_6093a75e3e14d5df,3,03_2.0,8,IMG_3a486e292583f5fd,3,03_8.0,False,False,0.8679601550102234,,,
IMG_6093a75e3e14d5df,3,03_2.0,9,IMG_bd146b01a5ab5e14,3,03_3.0,False,False,0.862546980381012,,,
IMG_6093a75e3e14d5df,3,03_2.0,10,IMG_03955f459165fb69,3,03_4.0,False,False,0.8620787262916565,,,
IMG_2d5a71d4a5613a7a,3,03_2.0,1,IMG_6093a75e3e14d5df,3,03_2.0,False,True,0.9805581569671631,,,
IMG_2d5a71d4a5613a7a,3,03_2.0,2,IMG_4ccf8f053eafa970,3,03_5.0,False,False,0.907662034034729,,,
IMG_2d5a71d4a5613a7a,3,03_2.0,3,IMG_b825df862b6e289f,3,03_9.0,False,False,0.896763801574707,,,
IMG_2d5a71d4a5613a7a,3,03_2.0,4,IMG_53fa9fc0de5e468b,3,03_6.0,False,False,0.8882600665092468,,,
IMG_2d5a71d4a5613a7a,3,03_2.0,5,IMG_9935b9839e10b78b,3,03_2.0,False,True,0.8806790709495544,,,
IMG_2d5a71d4a5613a7a,3,03_2.0,6,IMG_959dea87d88a6be9,3,03_2.0,False,True,0.872894823551178,,,
IMG_2d5a71d4a5613a7a,3,03_2.0,7,IMG_bd146b01a5ab5e14,3,03_3.0,False,False,0.8686969876289368,,,
IMG_2d5a71d4a5613a7a,3,03_2.0,8,IMG_c3eab7f40d20dd73,3,03_11.0,False,False,0.8655338883399963,,,
IMG_2d5a71d4a5613a7a,3,03_2.0,9,IMG_3a486e292583f5fd,3,03_8.0,False,False,0.8603772521018982,,,
IMG_2d5a71d4a5613a7a,3,03_2.0,10,IMG_03955f459165fb69,3,03_4.0,False,False,0.8431714177131653,,,
IMG_9935b9839e10b78b,3,03_2.0,1,IMG_bd146b01a5ab5e14,3,03_3.0,False,False,0.9134194850921631,,,
IMG_9935b9839e10b78b,3,03_2.0,2,IMG_c3eab7f40d20dd73,3,03_11.0,False,False,0.8875184655189514,,,
IMG_9935b9839e10b78b,3,03_2.0,3,IMG_302da20670764559,3,03_9.0,False,False,0.8837136030197144,,,
IMG_9935b9839e10b78b,3,03_2.0,4,IMG_959dea87d88a6be9,3,03_2.0,False,True,0.8822781443595886,,,
IMG_9935b9839e10b78b,3,03_2.0,5,IMG_2d5a71d4a5613a7a,3,03_2.0,False,True,0.8806790709495544,,,
IMG_9935b9839e10b78b,3,03_2.0,6,IMG_93581bef499b37df,3,03_2.0,False,True,0.8799800276756287,,,
IMG_9935b9839e10b78b,3,03_2.0,7,IMG_03955f459165fb69,3,03_4.0,False,False,0.8749236464500427,,,
IMG_9935b9839e10b78b,3,03_2.0,8,IMG_6093a75e3e14d5df,3,03_2.0,False,True,0.8744403123855591,,,
IMG_9935b9839e10b78b,3,03_2.0,9,IMG_53fa9fc0de5e468b,3,03_6.0,False,False,0.8738934397697449,,,
IMG_9935b9839e10b78b,3,03_2.0,10,IMG_b741dc5a87e88d17,3,03_3.0,False,False,0.8722948431968689,,,
IMG_a3430090c4ce7a3b,3,03_2.0,1,IMG_b00cc602f340f203,3,03_10.0,False,False,0.8884132504463196,,,
IMG_a3430090c4ce7a3b,3,03_2.0,2,IMG_4346881113cb7134,3,03_5.0,False,False,0.8341624736785889,,,
IMG_a3430090c4ce7a3b,3,03_2.0,3,IMG_f0e20029fd5e8703,3,03_14.0,False,False,0.8153746128082275,,,
IMG_a3430090c4ce7a3b,3,03_2.0,4,IMG_302da20670764559,3,03_9.0,False,False,0.8004347085952759,,,
IMG_a3430090c4ce7a3b,3,03_2.0,5,IMG_41a15bee1ec02acd,3,03_11.0,False,False,0.7750892639160156,,,
IMG_a3430090c4ce7a3b,3,03_2.0,6,IMG_f2f062b428b6acde,3,03_10.0,False,False,0.7406714558601379,,,
IMG_a3430090c4ce7a3b,3,03_2.0,7,IMG_102c379d7d6b4a9c,3,03_3.0,False,False,0.7240159511566162,,,
IMG_a3430090c4ce7a3b,3,03_2.0,8,IMG_a9a6feb7d1d4e069,3,03_7.0,False,False,0.7121120691299438,,,
IMG_a3430090c4ce7a3b,3,03_2.0,9,IMG_9935b9839e10b78b,3,03_2.0,False,True,0.7040746808052063,,,
IMG_a3430090c4ce7a3b,3,03_2.0,10,IMG_bd146b01a5ab5e14,3,03_3.0,False,False,0.7019062042236328,,,
IMG_959dea87d88a6be9,3,03_2.0,1,IMG_4ccf8f053eafa970,3,03_5.0,False,False,0.9362300634384155,,,
IMG_959dea87d88a6be9,3,03_2.0,2,IMG_9935b9839e10b78b,3,03_2.0,False,True,0.8822781443595886,,,
IMG_959dea87d88a6be9,3,03_2.0,3,IMG_6093a75e3e14d5df,3,03_2.0,False,True,0.8778067827224731,,,
IMG_959dea87d88a6be9,3,03_2.0,4,IMG_2d5a71d4a5613a7a,3,03_2.0,False,True,0.872894823551178,,,
IMG_959dea87d88a6be9,3,03_2.0,5,IMG_4106e536034ce468,3,03_5.0,False,False,0.8688162565231323,,,
IMG_959dea87d88a6be9,3,03_2.0,6,IMG_4b86dee50375da53,3,03_10.0,False,False,0.8679245710372925,,,
IMG_959dea87d88a6be9,3,03_2.0,7,IMG_b825df862b6e289f,3,03_9.0,False,False,0.8503421545028687,,,
IMG_959dea87d88a6be9,3,03_2.0,8,IMG_335800c884833eed,3,03_10.0,False,False,0.8437400460243225,,,
IMG_959dea87d88a6be9,3,03_2.0,9,IMG_3fff93b7a18937ff,3,03_10.0,False,False,0.8422669172286987,,,
IMG_959dea87d88a6be9,3,03_2.0,10,IMG_23eee2d344e472b9,3,03_14.0,False,False,0.8382277488708496,,,
IMG_82a50ed5faf285df,3,03_3.0,1,IMG_90448cd333a0b216,3,03_3.0,False,True,0.8404873013496399,,,
IMG_82a50ed5faf285df,3,03_3.0,2,IMG_22c1d1571bf40f38,3,03_3.0,False,True,0.8316478729248047,,,
IMG_82a50ed5faf285df,3,03_3.0,3,IMG_74aa811586e07cff,3,03_10.0,False,False,0.8166866302490234,,,
IMG_82a50ed5faf285df,3,03_3.0,4,IMG_043fc8d5cb71ffc0,3,03_7.0,False,False,0.7660162448883057,,,
IMG_82a50ed5faf285df,3,03_3.0,5,IMG_85a1df455dd25f66,3,03_3.0,False,True,0.7531942129135132,,,
IMG_82a50ed5faf285df,3,03_3.0,6,IMG_97c531019a7ad5ae,3,03_20.0,False,False,0.7400726675987244,,,
IMG_82a50ed5faf285df,3,03_3.0,7,IMG_f4b55c978d9b27ad,3,03_7.0,False,False,0.7367304563522339,,,
IMG_82a50ed5faf285df,3,03_3.0,8,IMG_91b6f41442da18f4,3,03_9.0,False,False,0.7267991900444031,,,
IMG_82a50ed5faf285df,3,03_3.0,9,IMG_c57f9d611fd1635a,3,03_20.0,False,False,0.7097759246826172,,,
IMG_82a50ed5faf285df,3,03_3.0,10,IMG_d75db0a0fe0a29d2,3,03_9.0,False,False,0.7077962160110474,,,
IMG_b4918b6dda4fbd89,3,03_3.0,1,IMG_5fc2f2b7ba500dab,3,03_3.0,False,True,0.7057241201400757,,,
IMG_b4918b6dda4fbd89,3,03_3.0,2,IMG_b47a7d1dba914893,3,03_3.0,False,True,0.7023738026618958,,,
IMG_b4918b6dda4fbd89,3,03_3.0,3,IMG_2b7e1f460614d568,3,03_3.0,False,True,0.6713221073150635,,,
IMG_b4918b6dda4fbd89,3,03_3.0,4,IMG_59e35a6728f49f9b,3,03_3.0,False,True,0.6672370433807373,,,
IMG_b4918b6dda4fbd89,3,03_3.0,5,IMG_8e3a299e2759fd8a,3,03_31.0,False,False,0.6636367440223694,,,
IMG_b4918b6dda4fbd89,3,03_3.0,6,IMG_90abd8938b874a0c,3,03_7.0,False,False,0.6628854274749756,,,
IMG_b4918b6dda4fbd89,3,03_3.0,7,IMG_88989ec7c9b90745,3,03_18.0,False,False,0.6611684560775757,,,
IMG_b4918b6dda4fbd89,3,03_3.0,8,IMG_aade277476cfab5c,3,03_3.0,False,True,0.6598636507987976,,,
IMG_b4918b6dda4fbd89,3,03_3.0,9,IMG_d9d5189844371896,3,03_3.0,False,True,0.650296688079834,,,
IMG_b4918b6dda4fbd89,3,03_3.0,10,IMG_9e4ae5463339b33d,3,03_9.0,False,False,0.6464534997940063,,,
IMG_c848237760038bbf,3,03_3.0,1,IMG_3c1c5ee868b49ff2,3,03_3.0,False,True,0.9045717120170593,,,
IMG_c848237760038bbf,3,03_3.0,2,IMG_8e3a299e2759fd8a,3,03_31.0,False,False,0.8927174806594849,,,
IMG_c848237760038bbf,3,03_3.0,3,IMG_03d24306c61e22a9,3,03_6.0,False,False,0.8893390893936157,,,
IMG_c848237760038bbf,3,03_3.0,4,IMG_3d7bf72908e59499,3,03_3.0,False,True,0.8674569129943848,,,
IMG_c848237760038bbf,3,03_3.0,5,IMG_5fc2f2b7ba500dab,3,03_3.0,False,True,0.8369647264480591,,,
IMG_c848237760038bbf,3,03_3.0,6,IMG_93581bef499b37df,3,03_2.0,False,False,0.8338680267333984,,,
IMG_c848237760038bbf,3,03_3.0,7,IMG_f6a06551b419c8d3,3,03_2.0,False,False,0.8325583934783936,,,
IMG_c848237760038bbf,3,03_3.0,8,IMG_1c67b02ae9b59108,3,03_3.0,False,True,0.8300759792327881,,,
IMG_c848237760038bbf,3,03_3.0,9,IMG_0e03c96e3860a20c,3,03_3.0,False,True,0.8263934850692749,,,
IMG_c848237760038bbf,3,03_3.0,10,IMG_a9a6feb7d1d4e069,3,03_7.0,False,False,0.8252121806144714,,,
IMG_85a1df455dd25f66,3,03_3.0,1,IMG_aade277476cfab5c,3,03_3.0,False,True,0.9066511988639832,,,
IMG_85a1df455dd25f66,3,03_3.0,2,IMG_22c1d1571bf40f38,3,03_3.0,False,True,0.904935359954834,,,
IMG_85a1df455dd25f66,3,03_3.0,3,IMG_90448cd333a0b216,3,03_3.0,False,True,0.8878306746482849,,,
IMG_85a1df455dd25f66,3,03_3.0,4,IMG_814ea15230cf77ff,3,03_10.0,False,False,0.8629009127616882,,,
IMG_85a1df455dd25f66,3,03_3.0,5,IMG_90abd8938b874a0c,3,03_7.0,False,False,0.850444495677948,,,
IMG_85a1df455dd25f66,3,03_3.0,6,IMG_59e35a6728f49f9b,3,03_3.0,False,True,0.845325231552124,,,
IMG_85a1df455dd25f66,3,03_3.0,7,IMG_0e03c96e3860a20c,3,03_3.0,False,True,0.8444561958312988,,,
IMG_85a1df455dd25f66,3,03_3.0,8,IMG_ed8f4661bbbe6d5c,3,03_3.0,False,True,0.843753457069397,,,
IMG_85a1df455dd25f66,3,03_3.0,9,IMG_c35286d04e6f978d,3,03_10.0,False,False,0.8417125940322876,,,
IMG_85a1df455dd25f66,3,03_3.0,10,IMG_5171549ee9022d18,3,03_2.0,False,False,0.8306922316551208,,,
IMG_aade277476cfab5c,3,03_3.0,1,IMG_814ea15230cf77ff,3,03_10.0,False,False,0.9292150735855103,,,
IMG_aade277476cfab5c,3,03_3.0,2,IMG_85a1df455dd25f66,3,03_3.0,False,True,0.9066511988639832,,,
IMG_aade277476cfab5c,3,03_3.0,3,IMG_3d7bf72908e59499,3,03_3.0,False,True,0.8945977091789246,,,
IMG_aade277476cfab5c,3,03_3.0,4,IMG_2ec9b729c3047f30,3,03_2.0,False,False,0.8882352113723755,,,
IMG_aade277476cfab5c,3,03_3.0,5,IMG_ed8f4661bbbe6d5c,3,03_3.0,False,True,0.8826284408569336,,,
IMG_aade277476cfab5c,3,03_3.0,6,IMG_0c67105fef9f5e61,3,03_3.0,False,True,0.8684250116348267,,,
IMG_aade277476cfab5c,3,03_3.0,7,IMG_0e03c96e3860a20c,3,03_3.0,False,True,0.861528754234314,,,
IMG_aade277476cfab5c,3,03_3.0,8,IMG_5f1db9c269b003a0,3,03_7.0,False,False,0.8601146936416626,,,
IMG_aade277476cfab5c,3,03_3.0,9,IMG_90abd8938b874a0c,3,03_7.0,False,False,0.8578735589981079,,,
IMG_aade277476cfab5c,3,03_3.0,10,IMG_22c1d1571bf40f38,3,03_3.0,False,True,0.8547147512435913,,,
IMG_1c67b02ae9b59108,3,03_3.0,1,IMG_3d7bf72908e59499,3,03_3.0,False,True,0.8802298307418823,,,
IMG_1c67b02ae9b59108,3,03_3.0,2,IMG_899eab175cf11e80,3,03_2.0,False,False,0.8745822906494141,,,
IMG_1c67b02ae9b59108,3,03_3.0,3,IMG_1aa8ecf722a1755f,3,03_4.0,False,False,0.8735848665237427,,,
IMG_1c67b02ae9b59108,3,03_3.0,4,IMG_3181ffe87aa13433,3,03_10.0,False,False,0.8712117671966553,,,
IMG_1c67b02ae9b59108,3,03_3.0,5,IMG_0f0cd0e7c57181b2,3,03_10.0,False,False,0.8680488467216492,,,
IMG_1c67b02ae9b59108,3,03_3.0,6,IMG_90abd8938b874a0c,3,03_7.0,False,False,0.8675060272216797,,,
IMG_1c67b02ae9b59108,3,03_3.0,7,IMG_8b9236cb98f368af,3,03_10.0,False,False,0.8674987554550171,,,
IMG_1c67b02ae9b59108,3,03_3.0,8,IMG_03955f459165fb69,3,03_4.0,False,False,0.8631298542022705,,,
IMG_1c67b02ae9b59108,3,03_3.0,9,IMG_0e03c96e3860a20c,3,03_3.0,False,True,0.8559530973434448,,,
IMG_1c67b02ae9b59108,3,03_3.0,10,IMG_5f1db9c269b003a0,3,03_7.0,False,False,0.8520051836967468,,,
IMG_3d7bf72908e59499,3,03_3.0,1,IMG_5f1db9c269b003a0,3,03_7.0,False,False,0.9302355051040649,,,
IMG_3d7bf72908e59499,3,03_3.0,2,IMG_0e03c96e3860a20c,3,03_3.0,False,True,0.9203808307647705,,,
IMG_3d7bf72908e59499,3,03_3.0,3,IMG_08faeb63ca8035ce,3,03_7.0,False,False,0.8952266573905945,,,
IMG_3d7bf72908e59499,3,03_3.0,4,IMG_aade277476cfab5c,3,03_3.0,False,True,0.8945977091789246,,,
IMG_3d7bf72908e59499,3,03_3.0,5,IMG_ed8f4661bbbe6d5c,3,03_3.0,False,True,0.8938676714897156,,,
IMG_3d7bf72908e59499,3,03_3.0,6,IMG_5fc2f2b7ba500dab,3,03_3.0,False,True,0.8884769678115845,,,
IMG_3d7bf72908e59499,3,03_3.0,7,IMG_4362f41d356ea6e2,3,03_4.0,False,False,0.8855061531066895,,,
IMG_3d7bf72908e59499,3,03_3.0,8,IMG_3c1c5ee868b49ff2,3,03_3.0,False,True,0.8839534521102905,,,
IMG_3d7bf72908e59499,3,03_3.0,9,IMG_899eab175cf11e80,3,03_2.0,False,False,0.8824267387390137,,,
IMG_3d7bf72908e59499,3,03_3.0,10,IMG_90abd8938b874a0c,3,03_7.0,False,False,0.8813680410385132,,,
IMG_5fc2f2b7ba500dab,3,03_3.0,1,IMG_3d7bf72908e59499,3,03_3.0,False,True,0.8884769678115845,,,
IMG_5fc2f2b7ba500dab,3,03_3.0,2,IMG_1636755f70f7c2a6,3,03_9.0,False,False,0.875483512878418,,,
IMG_5fc2f2b7ba500dab,3,03_3.0,3,IMG_3c1c5ee868b49ff2,3,03_3.0,False,True,0.8754161596298218,,,
IMG_5fc2f2b7ba500dab,3,03_3.0,4,IMG_114077120d0a2d98,3,03_2.0,False,False,0.8749327659606934,,,
IMG_5fc2f2b7ba500dab,3,03_3.0,5,IMG_b47a7d1dba914893,3,03_3.0,False,True,0.8730987310409546,,,
IMG_5fc2f2b7ba500dab,3,03_3.0,6,IMG_2b7e1f460614d568,3,03_3.0,False,True,0.8625059127807617,,,
IMG_5fc2f2b7ba500dab,3,03_3.0,7,IMG_0e03c96e3860a20c,3,03_3.0,False,True,0.8569865226745605,,,
IMG_5fc2f2b7ba500dab,3,03_3.0,8,IMG_aade277476cfab5c,3,03_3.0,False,True,0.8476781845092773,,,
IMG_5fc2f2b7ba500dab,3,03_3.0,9,IMG_831009435c1b2124,3,03_3.0,False,True,0.8457218408584595,,,
IMG_5fc2f2b7ba500dab,3,03_3.0,10,IMG_ed8f4661bbbe6d5c,3,03_3.0,False,True,0.843879759311676,,,
IMG_3c1c5ee868b49ff2,3,03_3.0,1,IMG_c848237760038bbf,3,03_3.0,False,True,0.9045717120170593,,,
IMG_3c1c5ee868b49ff2,3,03_3.0,2,IMG_8e3a299e2759fd8a,3,03_31.0,False,False,0.8842109441757202,,,
IMG_3c1c5ee868b49ff2,3,03_3.0,3,IMG_3d7bf72908e59499,3,03_3.0,False,True,0.8839534521102905,,,
IMG_3c1c5ee868b49ff2,3,03_3.0,4,IMG_5fc2f2b7ba500dab,3,03_3.0,False,True,0.8754161596298218,,,
IMG_3c1c5ee868b49ff2,3,03_3.0,5,IMG_03d24306c61e22a9,3,03_6.0,False,False,0.851560115814209,,,
IMG_3c1c5ee868b49ff2,3,03_3.0,6,IMG_1636755f70f7c2a6,3,03_9.0,False,False,0.8374412059783936,,,
IMG_3c1c5ee868b49ff2,3,03_3.0,7,IMG_5f1db9c269b003a0,3,03_7.0,False,False,0.8298383951187134,,,
IMG_3c1c5ee868b49ff2,3,03_3.0,8,IMG_814ea15230cf77ff,3,03_10.0,False,False,0.8289792537689209,,,
IMG_3c1c5ee868b49ff2,3,03_3.0,9,IMG_0e03c96e3860a20c,3,03_3.0,False,True,0.8261014223098755,,,
IMG_3c1c5ee868b49ff2,3,03_3.0,10,IMG_1aa8ecf722a1755f,3,03_4.0,False,False,0.8224729299545288,,,
IMG_59e35a6728f49f9b,3,03_3.0,1,IMG_ed8f4661bbbe6d5c,3,03_3.0,False,True,0.8751283288002014,,,
IMG_59e35a6728f49f9b,3,03_3.0,2,IMG_8862ecab58a95486,3,03_3.0,False,True,0.8676655888557434,,,
IMG_59e35a6728f49f9b,3,03_3.0,3,IMG_85a1df455dd25f66,3,03_3.0,False,True,0.845325231552124,,,
IMG_59e35a6728f49f9b,3,03_3.0,4,IMG_5171549ee9022d18,3,03_2.0,False,False,0.8388098478317261,,,
IMG_59e35a6728f49f9b,3,03_3.0,5,IMG_aade277476cfab5c,3,03_3.0,False,True,0.8291569948196411,,,
IMG_59e35a6728f49f9b,3,03_3.0,6,IMG_2b7e1f460614d568,3,03_3.0,False,True,0.8291515111923218,,,
IMG_59e35a6728f49f9b,3,03_3.0,7,IMG_5fc2f2b7ba500dab,3,03_3.0,False,True,0.8224661350250244,,,
IMG_59e35a6728f49f9b,3,03_3.0,8,IMG_b47a7d1dba914893,3,03_3.0,False,True,0.820785641670227,,,
IMG_59e35a6728f49f9b,3,03_3.0,9,IMG_2ec9b729c3047f30,3,03_2.0,False,False,0.8123313784599304,,,
IMG_59e35a6728f49f9b,3,03_3.0,10,IMG_814ea15230cf77ff,3,03_10.0,False,False,0.8100143671035767,,,
IMG_ed8f4661bbbe6d5c,3,03_3.0,1,IMG_0e03c96e3860a20c,3,03_3.0,False,True,0.9193024635314941,,,
IMG_ed8f4661bbbe6d5c,3,03_3.0,2,IMG_0f0cd0e7c57181b2,3,03_10.0,False,False,0.9084107875823975,,,
IMG_ed8f4661bbbe6d5c,3,03_3.0,3,IMG_2b7e1f460614d568,3,03_3.0,False,True,0.904026985168457,,,
IMG_ed8f4661bbbe6d5c,3,03_3.0,4,IMG_3d7bf72908e59499,3,03_3.0,False,True,0.8938676714897156,,,
IMG_ed8f4661bbbe6d5c,3,03_3.0,5,IMG_814ea15230cf77ff,3,03_10.0,False,False,0.891652524471283,,,
IMG_ed8f4661bbbe6d5c,3,03_3.0,6,IMG_5171549ee9022d18,3,03_2.0,False,False,0.8865001797676086,,,
IMG_ed8f4661bbbe6d5c,3,03_3.0,7,IMG_aade277476cfab5c,3,03_3.0,False,True,0.8826284408569336,,,
IMG_ed8f4661bbbe6d5c,3,03_3.0,8,IMG_831009435c1b2124,3,03_3.0,False,True,0.8808454275131226,,,
IMG_ed8f4661bbbe6d5c,3,03_3.0,9,IMG_3181ffe87aa13433,3,03_10.0,False,False,0.8794907927513123,,,
IMG_ed8f4661bbbe6d5c,3,03_3.0,10,IMG_59e35a6728f49f9b,3,03_3.0,False,True,0.8751283288002014,,,
IMG_b741dc5a87e88d17,3,03_3.0,1,IMG_3be4c95c39822645,3,03_7.0,False,False,0.9371901750564575,,,
IMG_b741dc5a87e88d17,3,03_3.0,2,IMG_93581bef499b37df,3,03_2.0,False,False,0.9335160255432129,,,
IMG_b741dc5a87e88d17,3,03_3.0,3,IMG_5ac5d19ee41e1d13,3,03_10.0,False,False,0.9293558597564697,,,
IMG_b741dc5a87e88d17,3,03_3.0,4,IMG_be100e1748f17ad1,3,03_10.0,False,False,0.9140125513076782,,,
IMG_b741dc5a87e88d17,3,03_3.0,5,IMG_53fa9fc0de5e468b,3,03_6.0,False,False,0.9128657579421997,,,
IMG_b741dc5a87e88d17,3,03_3.0,6,IMG_d71fa1d9962a816c,3,03_20.0,False,False,0.9123750925064087,,,
IMG_b741dc5a87e88d17,3,03_3.0,7,IMG_09c470048aa5a620,3,03_6.0,False,False,0.909787654876709,,,
IMG_b741dc5a87e88d17,3,03_3.0,8,IMG_84f7a1d69468357d,3,03_16.0,False,False,0.908367931842804,,,
IMG_b741dc5a87e88d17,3,03_3.0,9,IMG_a2990977479dc3b5,3,03_4.0,False,False,0.90556401014328,,,
IMG_b741dc5a87e88d17,3,03_3.0,10,IMG_39f79aba2723784d,3,03_5.0,False,False,0.9030633568763733,,,
IMG_22c1d1571bf40f38,3,03_3.0,1,IMG_90448cd333a0b216,3,03_3.0,False,True,0.9154162406921387,,,
IMG_22c1d1571bf40f38,3,03_3.0,2,IMG_85a1df455dd25f66,3,03_3.0,False,True,0.904935359954834,,,
IMG_22c1d1571bf40f38,3,03_3.0,3,IMG_043fc8d5cb71ffc0,3,03_7.0,False,False,0.8868890404701233,,,
IMG_22c1d1571bf40f38,3,03_3.0,4,IMG_aade277476cfab5c,3,03_3.0,False,True,0.8547147512435913,,,
IMG_22c1d1571bf40f38,3,03_3.0,5,IMG_5ce0980d29583409,3,03_17.0,False,False,0.8524203300476074,,,
IMG_22c1d1571bf40f38,3,03_3.0,6,IMG_0c67105fef9f5e61,3,03_3.0,False,True,0.8423281908035278,,,
IMG_22c1d1571bf40f38,3,03_3.0,7,IMG_2ec9b729c3047f30,3,03_2.0,False,False,0.8413556218147278,,,
IMG_22c1d1571bf40f38,3,03_3.0,8,IMG_82a50ed5faf285df,3,03_3.0,False,True,0.8316478729248047,,,
IMG_22c1d1571bf40f38,3,03_3.0,9,IMG_74aa811586e07cff,3,03_10.0,False,False,0.8287869095802307,,,
IMG_22c1d1571bf40f38,3,03_3.0,10,IMG_a9a6feb7d1d4e069,3,03_7.0,False,False,0.8252683281898499,,,
IMG_90448cd333a0b216,3,03_3.0,1,IMG_22c1d1571bf40f38,3,03_3.0,False,True,0.9154162406921387,,,
IMG_90448cd333a0b216,3,03_3.0,2,IMG_85a1df455dd25f66,3,03_3.0,False,True,0.8878306746482849,,,
IMG_90448cd333a0b216,3,03_3.0,3,IMG_c35286d04e6f978d,3,03_10.0,False,False,0.8741456270217896,,,
IMG_90448cd333a0b216,3,03_3.0,4,IMG_2ec9b729c3047f30,3,03_2.0,False,False,0.8631281852722168,,,
IMG_90448cd333a0b216,3,03_3.0,5,IMG_03193f6c99f32e8b,3,03_2.0,False,False,0.856171727180481,,,
IMG_90448cd333a0b216,3,03_3.0,6,IMG_82a50ed5faf285df,3,03_3.0,False,True,0.8404873013496399,,,
IMG_90448cd333a0b216,3,03_3.0,7,IMG_aade277476cfab5c,3,03_3.0,False,True,0.8321291208267212,,,
IMG_90448cd333a0b216,3,03_3.0,8,IMG_e9581439a4d2c0fb,3,03_10.0,False,False,0.828999400138855,,,
IMG_90448cd333a0b216,3,03_3.0,9,IMG_043fc8d5cb71ffc0,3,03_7.0,False,False,0.8271477222442627,,,
IMG_90448cd333a0b216,3,03_3.0,10,IMG_0c67105fef9f5e61,3,03_3.0,False,True,0.817359209060669,,,
IMG_0c67105fef9f5e61,3,03_3.0,1,IMG_814ea15230cf77ff,3,03_10.0,False,False,0.8807767629623413,,,
IMG_0c67105fef9f5e61,3,03_3.0,2,IMG_899eab175cf11e80,3,03_2.0,False,False,0.8796442747116089,,,
IMG_0c67105fef9f5e61,3,03_3.0,3,IMG_aade277476cfab5c,3,03_3.0,False,True,0.8684250116348267,,,
IMG_0c67105fef9f5e61,3,03_3.0,4,IMG_a9a6feb7d1d4e069,3,03_7.0,False,False,0.8682328462600708,,,
IMG_0c67105fef9f5e61,3,03_3.0,5,IMG_bd146b01a5ab5e14,3,03_3.0,False,True,0.8670623898506165,,,
IMG_0c67105fef9f5e61,3,03_3.0,6,IMG_bc4453d9ee311912,3,03_26.0,False,False,0.8566890954971313,,,
IMG_0c67105fef9f5e61,3,03_3.0,7,IMG_3d7bf72908e59499,3,03_3.0,False,True,0.8523334264755249,,,
IMG_0c67105fef9f5e61,3,03_3.0,8,IMG_4362f41d356ea6e2,3,03_4.0,False,False,0.8520755171775818,,,
IMG_0c67105fef9f5e61,3,03_3.0,9,IMG_5f1db9c269b003a0,3,03_7.0,False,False,0.8516155481338501,,,
IMG_0c67105fef9f5e61,3,03_3.0,10,IMG_043fc8d5cb71ffc0,3,03_7.0,False,False,0.8504705429077148,,,
IMG_2b7e1f460614d568,3,03_3.0,1,IMG_0e03c96e3860a20c,3,03_3.0,False,True,0.9609570503234863,,,
IMG_2b7e1f460614d568,3,03_3.0,2,IMG_ed8f4661bbbe6d5c,3,03_3.0,False,True,0.904026985168457,,,
IMG_2b7e1f460614d568,3,03_3.0,3,IMG_90abd8938b874a0c,3,03_7.0,False,False,0.8747841119766235,,,
IMG_2b7e1f460614d568,3,03_3.0,4,IMG_3d7bf72908e59499,3,03_3.0,False,True,0.8738949298858643,,,
IMG_2b7e1f460614d568,3,03_3.0,5,IMG_3181ffe87aa13433,3,03_10.0,False,False,0.869691014289856,,,
IMG_2b7e1f460614d568,3,03_3.0,6,IMG_5fc2f2b7ba500dab,3,03_3.0,False,True,0.8625059127807617,,,
IMG_2b7e1f460614d568,3,03_3.0,7,IMG_b47a7d1dba914893,3,03_3.0,False,True,0.8599494099617004,,,
IMG_2b7e1f460614d568,3,03_3.0,8,IMG_9e047d15e1fd2ddb,3,03_2.0,False,False,0.8543005585670471,,,
IMG_2b7e1f460614d568,3,03_3.0,9,IMG_831009435c1b2124,3,03_3.0,False,True,0.853226363658905,,,
IMG_2b7e1f460614d568,3,03_3.0,10,IMG_8b18934c9a541949,3,03_5.0,False,False,0.8511868715286255,,,
IMG_0e03c96e3860a20c,3,03_3.0,1,IMG_2b7e1f460614d568,3,03_3.0,False,True,0.9609570503234863,,,
IMG_0e03c96e3860a20c,3,03_3.0,2,IMG_3d7bf72908e59499,3,03_3.0,False,True,0.9203808307647705,,,
IMG_0e03c96e3860a20c,3,03_3.0,3,IMG_ed8f4661bbbe6d5c,3,03_3.0,False,True,0.9193024635314941,,,
IMG_0e03c96e3860a20c,3,03_3.0,4,IMG_90abd8938b874a0c,3,03_7.0,False,False,0.9031447768211365,,,
IMG_0e03c96e3860a20c,3,03_3.0,5,IMG_08faeb63ca8035ce,3,03_7.0,False,False,0.8983817100524902,,,
IMG_0e03c96e3860a20c,3,03_3.0,6,IMG_f6a06551b419c8d3,3,03_2.0,False,False,0.8934664130210876,,,
IMG_0e03c96e3860a20c,3,03_3.0,7,IMG_8b18934c9a541949,3,03_5.0,False,False,0.8922786712646484,,,
IMG_0e03c96e3860a20c,3,03_3.0,8,IMG_3181ffe87aa13433,3,03_10.0,False,False,0.8921065330505371,,,
IMG_0e03c96e3860a20c,3,03_3.0,9,IMG_077018732a20157b,3,03_5.0,False,False,0.8901806473731995,,,
IMG_0e03c96e3860a20c,3,03_3.0,10,IMG_8b9236cb98f368af,3,03_10.0,False,False,0.8877185583114624,,,
IMG_b47a7d1dba914893,3,03_3.0,1,IMG_831009435c1b2124,3,03_3.0,False,True,0.9006316661834717,,,
IMG_b47a7d1dba914893,3,03_3.0,2,IMG_5f1db9c269b003a0,3,03_7.0,False,False,0.8782980442047119,,,
IMG_b47a7d1dba914893,3,03_3.0,3,IMG_154da4f02db54fae,3,03_10.0,False,False,0.8752691745758057,,,
IMG_b47a7d1dba914893,3,03_3.0,4,IMG_5fc2f2b7ba500dab,3,03_3.0,False,True,0.8730987310409546,,,
IMG_b47a7d1dba914893,3,03_3.0,5,IMG_7221598f1ce69371,3,03_10.0,False,False,0.8669849634170532,,,
IMG_b47a7d1dba914893,3,03_3.0,6,IMG_90abd8938b874a0c,3,03_7.0,False,False,0.8605575561523438,,,
IMG_b47a7d1dba914893,3,03_3.0,7,IMG_2b7e1f460614d568,3,03_3.0,False,True,0.8599494099617004,,,
IMG_b47a7d1dba914893,3,03_3.0,8,IMG_0e03c96e3860a20c,3,03_3.0,False,True,0.858889102935791,,,
IMG_b47a7d1dba914893,3,03_3.0,9,IMG_3d7bf72908e59499,3,03_3.0,False,True,0.8572430610656738,,,
IMG_b47a7d1dba914893,3,03_3.0,10,IMG_ed8f4661bbbe6d5c,3,03_3.0,False,True,0.8443862199783325,,,
IMG_831009435c1b2124,3,03_3.0,1,IMG_4856b607af778a83,3,03_3.0,False,True,0.9263077974319458,,,
IMG_831009435c1b2124,3,03_3.0,2,IMG_35c3d34f6a3506e8,3,03_3.0,False,True,0.9155862331390381,,,
IMG_831009435c1b2124,3,03_3.0,3,IMG_7221598f1ce69371,3,03_10.0,False,False,0.9045088291168213,,,
IMG_831009435c1b2124,3,03_3.0,4,IMG_0f0cd0e7c57181b2,3,03_10.0,False,False,0.9030894041061401,,,
IMG_831009435c1b2124,3,03_3.0,5,IMG_154da4f02db54fae,3,03_10.0,False,False,0.9026120901107788,,,
IMG_831009435c1b2124,3,03_3.0,6,IMG_b47a7d1dba914893,3,03_3.0,False,True,0.9006316661834717,,,
IMG_831009435c1b2124,3,03_3.0,7,IMG_335800c884833eed,3,03_10.0,False,False,0.8981209993362427,,,
IMG_831009435c1b2124,3,03_3.0,8,IMG_03955f459165fb69,3,03_4.0,False,False,0.8845462799072266,,,
IMG_831009435c1b2124,3,03_3.0,9,IMG_1aa8ecf722a1755f,3,03_4.0,False,False,0.8827729225158691,,,
IMG_831009435c1b2124,3,03_3.0,10,IMG_ed8f4661bbbe6d5c,3,03_3.0,False,True,0.8808454275131226,,,
IMG_4856b607af778a83,3,03_3.0,1,IMG_35c3d34f6a3506e8,3,03_3.0,False,True,0.972113847732544,,,
IMG_4856b607af778a83,3,03_3.0,2,IMG_a2990977479dc3b5,3,03_4.0,False,False,0.9321166276931763,,,
IMG_4856b607af778a83,3,03_3.0,3,IMG_335800c884833eed,3,03_10.0,False,False,0.9286895990371704,,,
IMG_4856b607af778a83,3,03_3.0,4,IMG_831009435c1b2124,3,03_3.0,False,True,0.9263077974319458,,,
IMG_4856b607af778a83,3,03_3.0,5,IMG_03955f459165fb69,3,03_4.0,False,False,0.9193154573440552,,,
IMG_4856b607af778a83,3,03_3.0,6,IMG_1aa8ecf722a1755f,3,03_4.0,False,False,0.909744143486023,,,
IMG_4856b607af778a83,3,03_3.0,7,IMG_3e828dc68c7d0898,3,03_5.0,False,False,0.8968669772148132,,,
IMG_4856b607af778a83,3,03_3.0,8,IMG_93581bef499b37df,3,03_2.0,False,False,0.8961074352264404,,,
IMG_4856b607af778a83,3,03_3.0,9,IMG_0f0cd0e7c57181b2,3,03_10.0,False,False,0.8888975977897644,,,
IMG_4856b607af778a83,3,03_3.0,10,IMG_d71fa1d9962a816c,3,03_20.0,False,False,0.8878546953201294,,,
IMG_35c3d34f6a3506e8,3,03_3.0,1,IMG_4856b607af778a83,3,03_3.0,False,True,0.972113847732544,,,
IMG_35c3d34f6a3506e8,3,03_3.0,2,IMG_a2990977479dc3b5,3,03_4.0,False,False,0.9354285001754761,,,
IMG_35c3d34f6a3506e8,3,03_3.0,3,IMG_03955f459165fb69,3,03_4.0,False,False,0.930695116519928,,,
IMG_35c3d34f6a3506e8,3,03_3.0,4,IMG_831009435c1b2124,3,03_3.0,False,True,0.9155862331390381,,,
IMG_35c3d34f6a3506e8,3,03_3.0,5,IMG_3e828dc68c7d0898,3,03_5.0,False,False,0.9091783761978149,,,
IMG_35c3d34f6a3506e8,3,03_3.0,6,IMG_1aa8ecf722a1755f,3,03_4.0,False,False,0.9085862636566162,,,
IMG_35c3d34f6a3506e8,3,03_3.0,7,IMG_335800c884833eed,3,03_10.0,False,False,0.9082127809524536,,,
IMG_35c3d34f6a3506e8,3,03_3.0,8,IMG_93581bef499b37df,3,03_2.0,False,False,0.9019747972488403,,,
IMG_35c3d34f6a3506e8,3,03_3.0,9,IMG_3a486e292583f5fd,3,03_8.0,False,False,0.8943174481391907,,,
IMG_35c3d34f6a3506e8,3,03_3.0,10,IMG_09c470048aa5a620,3,03_6.0,False,False,0.8863197565078735,,,
IMG_33cbcc15b479c201,3,03_3.0,1,IMG_d5cd8fda05dc114c,3,03_3.0,False,True,0.8418000936508179,,,
IMG_33cbcc15b479c201,3,03_3.0,2,IMG_4106e536034ce468,3,03_5.0,False,False,0.8359905481338501,,,
IMG_33cbcc15b479c201,3,03_3.0,3,IMG_1cd9988f9d499955,3,03_10.0,False,False,0.8268480896949768,,,
IMG_33cbcc15b479c201,3,03_3.0,4,IMG_bec26851aca3f97d,3,03_5.0,False,False,0.8162517547607422,,,
IMG_33cbcc15b479c201,3,03_3.0,5,IMG_4b86dee50375da53,3,03_10.0,False,False,0.8126388192176819,,,
IMG_33cbcc15b479c201,3,03_3.0,6,IMG_3fff93b7a18937ff,3,03_10.0,False,False,0.7985637187957764,,,
IMG_33cbcc15b479c201,3,03_3.0,7,IMG_d9d5189844371896,3,03_3.0,False,True,0.7695285081863403,,,
IMG_33cbcc15b479c201,3,03_3.0,8,IMG_959dea87d88a6be9,3,03_2.0,False,False,0.7114744186401367,,,
IMG_33cbcc15b479c201,3,03_3.0,9,IMG_24134fc15ba96652,3,03_9.0,False,False,0.6921720504760742,,,
IMG_33cbcc15b479c201,3,03_3.0,10,IMG_4ccf8f053eafa970,3,03_5.0,False,False,0.6810699105262756,,,
IMG_bd146b01a5ab5e14,3,03_3.0,1,IMG_899eab175cf11e80,3,03_2.0,False,False,0.9372280240058899,,,
IMG_bd146b01a5ab5e14,3,03_3.0,2,IMG_93581bef499b37df,3,03_2.0,False,False,0.9238086938858032,,,
IMG_bd146b01a5ab5e14,3,03_3.0,3,IMG_9935b9839e10b78b,3,03_2.0,False,False,0.9134194850921631,,,
IMG_bd146b01a5ab5e14,3,03_3.0,4,IMG_a2990977479dc3b5,3,03_4.0,False,False,0.9087059497833252,,,
IMG_bd146b01a5ab5e14,3,03_3.0,5,IMG_1d5206db18203ba7,3,03_19.0,False,False,0.907148003578186,,,
IMG_bd146b01a5ab5e14,3,03_3.0,6,IMG_4362f41d356ea6e2,3,03_4.0,False,False,0.9014412760734558,,,
IMG_bd146b01a5ab5e14,3,03_3.0,7,IMG_302da20670764559,3,03_9.0,False,False,0.9005618691444397,,,
IMG_bd146b01a5ab5e14,3,03_3.0,8,IMG_39f79aba2723784d,3,03_5.0,False,False,0.9004459381103516,,,
IMG_bd146b01a5ab5e14,3,03_3.0,9,IMG_5ac5d19ee41e1d13,3,03_10.0,False,False,0.900373101234436,,,
IMG_bd146b01a5ab5e14,3,03_3.0,10,IMG_53fa9fc0de5e468b,3,03_6.0,False,False,0.8970855474472046,,,
IMG_102c379d7d6b4a9c,3,03_3.0,1,IMG_0c67105fef9f5e61,3,03_3.0,False,True,0.823800802230835,,,
IMG_102c379d7d6b4a9c,3,03_3.0,2,IMG_043fc8d5cb71ffc0,3,03_7.0,False,False,0.8130882382392883,,,
IMG_102c379d7d6b4a9c,3,03_3.0,3,IMG_bc4453d9ee311912,3,03_26.0,False,False,0.8047612905502319,,,
IMG_102c379d7d6b4a9c,3,03_3.0,4,IMG_22c1d1571bf40f38,3,03_3.0,False,True,0.7914700508117676,,,
IMG_102c379d7d6b4a9c,3,03_3.0,5,IMG_5ce0980d29583409,3,03_17.0,False,False,0.786713182926178,,,
IMG_102c379d7d6b4a9c,3,03_3.0,6,IMG_a9a6feb7d1d4e069,3,03_7.0,False,False,0.7667610049247742,,,
IMG_102c379d7d6b4a9c,3,03_3.0,7,IMG_bd146b01a5ab5e14,3,03_3.0,False,True,0.7601522207260132,,,
IMG_102c379d7d6b4a9c,3,03_3.0,8,IMG_74aa811586e07cff,3,03_10.0,False,False,0.7524529695510864,,,
IMG_102c379d7d6b4a9c,3,03_3.0,9,IMG_90448cd333a0b216,3,03_3.0,False,True,0.7499847412109375,,,
IMG_102c379d7d6b4a9c,3,03_3.0,10,IMG_0543681d5ed37dc7,3,03_7.0,False,False,0.7475732564926147,,,
IMG_d9d5189844371896,3,03_3.0,1,IMG_1cd9988f9d499955,3,03_10.0,False,False,0.8443102240562439,,,
IMG_d9d5189844371896,3,03_3.0,2,IMG_bec26851aca3f97d,3,03_5.0,False,False,0.7885155081748962,,,
IMG_d9d5189844371896,3,03_3.0,3,IMG_4106e536034ce468,3,03_5.0,False,False,0.7833527326583862,,,
IMG_d9d5189844371896,3,03_3.0,4,IMG_3fff93b7a18937ff,3,03_10.0,False,False,0.7765547037124634,,,
IMG_d9d5189844371896,3,03_3.0,5,IMG_e6c01595ce3ac10f,3,03_2.0,False,False,0.7749422788619995,,,
IMG_d9d5189844371896,3,03_3.0,6,IMG_33cbcc15b479c201,3,03_3.0,False,True,0.7695285081863403,,,
IMG_d9d5189844371896,3,03_3.0,7,IMG_d5cd8fda05dc114c,3,03_3.0,False,True,0.7660966515541077,,,
IMG_d9d5189844371896,3,03_3.0,8,IMG_4b86dee50375da53,3,03_10.0,False,False,0.7580984830856323,,,
IMG_d9d5189844371896,3,03_3.0,9,IMG_154da4f02db54fae,3,03_10.0,False,False,0.7538991570472717,,,
IMG_d9d5189844371896,3,03_3.0,10,IMG_114077120d0a2d98,3,03_2.0,False,False,0.74956876039505,,,
IMG_d5cd8fda05dc114c,3,03_3.0,1,IMG_3fff93b7a18937ff,3,03_10.0,False,False,0.8700666427612305,,,
IMG_d5cd8fda05dc114c,3,03_3.0,2,IMG_33cbcc15b479c201,3,03_3.0,False,True,0.8418000936508179,,,
IMG_d5cd8fda05dc114c,3,03_3.0,3,IMG_1cd9988f9d499955,3,03_10.0,False,False,0.8263977766036987,,,
IMG_d5cd8fda05dc114c,3,03_3.0,4,IMG_bec26851aca3f97d,3,03_5.0,False,False,0.8125206232070923,,,
IMG_d5cd8fda05dc114c,3,03_3.0,5,IMG_4b86dee50375da53,3,03_10.0,False,False,0.8086229562759399,,,
IMG_d5cd8fda05dc114c,3,03_3.0,6,IMG_4106e536034ce468,3,03_5.0,False,False,0.7827762961387634,,,
IMG_d5cd8fda05dc114c,3,03_3.0,7,IMG_d9d5189844371896,3,03_3.0,False,True,0.7660966515541077,,,
IMG_d5cd8fda05dc114c,3,03_3.0,8,IMG_b825df862b6e289f,3,03_9.0,False,False,0.7634811401367188,,,
IMG_d5cd8fda05dc114c,3,03_3.0,9,IMG_eaf2a14e7dfe9158,3,03_11.0,False,False,0.7595539093017578,,,
IMG_d5cd8fda05dc114c,3,03_3.0,10,IMG_154da4f02db54fae,3,03_10.0,False,False,0.7490281462669373,,,
IMG_8862ecab58a95486,3,03_3.0,1,IMG_59e35a6728f49f9b,3,03_3.0,False,True,0.8676655888557434,,,
IMG_8862ecab58a95486,3,03_3.0,2,IMG_ed8f4661bbbe6d5c,3,03_3.0,False,True,0.8410466909408569,,,
IMG_8862ecab58a95486,3,03_3.0,3,IMG_47e393aa821fedbd,3,03_9.0,False,False,0.7993855476379395,,,
IMG_8862ecab58a95486,3,03_3.0,4,IMG_88989ec7c9b90745,3,03_18.0,False,False,0.7925649881362915,,,
IMG_8862ecab58a95486,3,03_3.0,5,IMG_c35286d04e6f978d,3,03_10.0,False,False,0.7845617532730103,,,
IMG_8862ecab58a95486,3,03_3.0,6,IMG_114077120d0a2d98,3,03_2.0,False,False,0.774722695350647,,,
IMG_8862ecab58a95486,3,03_3.0,7,IMG_85a1df455dd25f66,3,03_3.0,False,True,0.7721854448318481,,,
IMG_8862ecab58a95486,3,03_3.0,8,IMG_5171549ee9022d18,3,03_2.0,False,False,0.7690877914428711,,,
IMG_8862ecab58a95486,3,03_3.0,9,IMG_814ea15230cf77ff,3,03_10.0,False,False,0.7678322792053223,,,
IMG_8862ecab58a95486,3,03_3.0,10,IMG_aade277476cfab5c,3,03_3.0,False,True,0.7674198150634766,,,
IMG_4362f41d356ea6e2,3,03_4.0,1,IMG_08faeb63ca8035ce,3,03_7.0,False,False,0.9138351678848267,,,
IMG_4362f41d356ea6e2,3,03_4.0,2,IMG_93581bef499b37df,3,03_2.0,False,False,0.90408855676651,,,
IMG_4362f41d356ea6e2,3,03_4.0,3,IMG_bd146b01a5ab5e14,3,03_3.0,False,False,0.9014412760734558,,,
IMG_4362f41d356ea6e2,3,03_4.0,4,IMG_1d5206db18203ba7,3,03_19.0,False,False,0.8964147567749023,,,
IMG_4362f41d356ea6e2,3,03_4.0,5,IMG_1b5b525951012d97,3,03_6.0,False,False,0.8927132487297058,,,
IMG_4362f41d356ea6e2,3,03_4.0,6,IMG_899eab175cf11e80,3,03_2.0,False,False,0.8922815322875977,,,
IMG_4362f41d356ea6e2,3,03_4.0,7,IMG_3d7bf72908e59499,3,03_3.0,False,False,0.8855061531066895,,,
IMG_4362f41d356ea6e2,3,03_4.0,8,IMG_f6a06551b419c8d3,3,03_2.0,False,False,0.8810739517211914,,,
IMG_4362f41d356ea6e2,3,03_4.0,9,IMG_a9a6feb7d1d4e069,3,03_7.0,False,False,0.879880428314209,,,
IMG_4362f41d356ea6e2,3,03_4.0,10,IMG_0e03c96e3860a20c,3,03_3.0,False,False,0.8778590559959412,,,
IMG_ea11e68134e91dfe,3,03_4.0,1,IMG_0f0cd0e7c57181b2,3,03_10.0,False,False,0.7812689542770386,,,
IMG_ea11e68134e91dfe,3,03_4.0,2,IMG_dda0725ed8e5c4be,3,03_9.0,False,False,0.7480303049087524,,,
IMG_ea11e68134e91dfe,3,03_4.0,3,IMG_c6d0865e3cdbacc3,3,03_6.0,False,False,0.7457740306854248,,,
IMG_ea11e68134e91dfe,3,03_4.0,4,IMG_ed8f4661bbbe6d5c,3,03_3.0,False,False,0.7450821399688721,,,
IMG_ea11e68134e91dfe,3,03_4.0,5,IMG_5171549ee9022d18,3,03_2.0,False,False,0.7366731762886047,,,
IMG_ea11e68134e91dfe,3,03_4.0,6,IMG_0e03c96e3860a20c,3,03_3.0,False,False,0.7302895188331604,,,
IMG_ea11e68134e91dfe,3,03_4.0,7,IMG_814ea15230cf77ff,3,03_10.0,False,False,0.7272483110427856,,,
IMG_ea11e68134e91dfe,3,03_4.0,8,IMG_22c1d1571bf40f38,3,03_3.0,False,False,0.7198638916015625,,,
IMG_ea11e68134e91dfe,3,03_4.0,9,IMG_5ce0980d29583409,3,03_17.0,False,False,0.7135888934135437,,,
IMG_ea11e68134e91dfe,3,03_4.0,10,IMG_aade277476cfab5c,3,03_3.0,False,False,0.7116439342498779,,,
IMG_03955f459165fb69,3,03_4.0,1,IMG_a2990977479dc3b5,3,03_4.0,False,True,0.9472341537475586,,,
IMG_03955f459165fb69,3,03_4.0,2,IMG_35c3d34f6a3506e8,3,03_3.0,False,False,0.930695116519928,,,
IMG_03955f459165fb69,3,03_4.0,3,IMG_1aa8ecf722a1755f,3,03_4.0,False,True,0.922149658203125,,,
IMG_03955f459165fb69,3,03_4.0,4,IMG_4856b607af778a83,3,03_3.0,False,False,0.9193154573440552,,,
IMG_03955f459165fb69,3,03_4.0,5,IMG_899eab175cf11e80,3,03_2.0,False,False,0.8949134945869446,,,
IMG_03955f459165fb69,3,03_4.0,6,IMG_bd146b01a5ab5e14,3,03_3.0,False,False,0.89337158203125,,,
IMG_03955f459165fb69,3,03_4.0,7,IMG_65f909fa289786fa,3,03_10.0,False,False,0.8907585144042969,,,
IMG_03955f459165fb69,3,03_4.0,8,IMG_3e828dc68c7d0898,3,03_5.0,False,False,0.8888952732086182,,,
IMG_03955f459165fb69,3,03_4.0,9,IMG_93581bef499b37df,3,03_2.0,False,False,0.8873054385185242,,,
IMG_03955f459165fb69,3,03_4.0,10,IMG_335800c884833eed,3,03_10.0,False,False,0.885075569152832,,,
IMG_a2990977479dc3b5,3,03_4.0,1,IMG_03955f459165fb69,3,03_4.0,False,True,0.9472341537475586,,,
IMG_a2990977479dc3b5,3,03_4.0,2,IMG_35c3d34f6a3506e8,3,03_3.0,False,False,0.9354285001754761,,,
IMG_a2990977479dc3b5,3,03_4.0,3,IMG_4856b607af778a83,3,03_3.0,False,False,0.9321166276931763,,,
IMG_a2990977479dc3b5,3,03_4.0,4,IMG_3e828dc68c7d0898,3,03_5.0,False,False,0.9221926331520081,,,
IMG_a2990977479dc3b5,3,03_4.0,5,IMG_09c470048aa5a620,3,03_6.0,False,False,0.9207425117492676,,,
IMG_a2990977479dc3b5,3,03_4.0,6,IMG_39f79aba2723784d,3,03_5.0,False,False,0.9180457592010498,,,
IMG_a2990977479dc3b5,3,03_4.0,7,IMG_1aa8ecf722a1755f,3,03_4.0,False,True,0.9173896312713623,,,
IMG_a2990977479dc3b5,3,03_4.0,8,IMG_84f7a1d69468357d,3,03_16.0,False,False,0.9143798351287842,,,
IMG_a2990977479dc3b5,3,03_4.0,9,IMG_3962a1dc6c4292b4,3,03_4.0,False,True,0.9100428819656372,,,
IMG_a2990977479dc3b5,3,03_4.0,10,IMG_bd146b01a5ab5e14,3,03_3.0,False,False,0.9087059497833252,,,
IMG_1aa8ecf722a1755f,3,03_4.0,1,IMG_03955f459165fb69,3,03_4.0,False,True,0.922149658203125,,,
IMG_1aa8ecf722a1755f,3,03_4.0,2,IMG_a2990977479dc3b5,3,03_4.0,False,True,0.9173896312713623,,,
IMG_1aa8ecf722a1755f,3,03_4.0,3,IMG_4856b607af778a83,3,03_3.0,False,False,0.909744143486023,,,
IMG_1aa8ecf722a1755f,3,03_4.0,4,IMG_35c3d34f6a3506e8,3,03_3.0,False,False,0.9085862636566162,,,
IMG_1aa8ecf722a1755f,3,03_4.0,5,IMG_217f3610fa912f0b,3,03_6.0,False,False,0.8971089124679565,,,
IMG_1aa8ecf722a1755f,3,03_4.0,6,IMG_8b9236cb98f368af,3,03_10.0,False,False,0.8958500027656555,,,
IMG_1aa8ecf722a1755f,3,03_4.0,7,IMG_3a486e292583f5fd,3,03_8.0,False,False,0.8910505771636963,,,
IMG_1aa8ecf722a1755f,3,03_4.0,8,IMG_831009435c1b2124,3,03_3.0,False,False,0.8827729225158691,,,
IMG_1aa8ecf722a1755f,3,03_4.0,9,IMG_09c470048aa5a620,3,03_6.0,False,False,0.8827653527259827,,,
IMG_1aa8ecf722a1755f,3,03_4.0,10,IMG_5f1db9c269b003a0,3,03_7.0,False,False,0.8802696466445923,,,
IMG_8c428ce6615f99f9,3,03_4.0,1,IMG_d9d5189844371896,3,03_3.0,False,False,0.7458944320678711,,,
IMG_8c428ce6615f99f9,3,03_4.0,2,IMG_eaf2a14e7dfe9158,3,03_11.0,False,False,0.7454408407211304,,,
IMG_8c428ce6615f99f9,3,03_4.0,3,IMG_5130cbc7ffaae275,3,03_5.0,False,False,0.7207266092300415,,,
IMG_8c428ce6615f99f9,3,03_4.0,4,IMG_3fff93b7a18937ff,3,03_10.0,False,False,0.7133162021636963,,,
IMG_8c428ce6615f99f9,3,03_4.0,5,IMG_d5cd8fda05dc114c,3,03_3.0,False,False,0.7127110362052917,,,
IMG_8c428ce6615f99f9,3,03_4.0,6,IMG_c3eab7f40d20dd73,3,03_11.0,False,False,0.7099997997283936,,,
IMG_8c428ce6615f99f9,3,03_4.0,7,IMG_7221598f1ce69371,3,03_10.0,False,False,0.7096337080001831,,,
IMG_8c428ce6615f99f9,3,03_4.0,8,IMG_bec26851aca3f97d,3,03_5.0,False,False,0.6999312043190002,,,
IMG_8c428ce6615f99f9,3,03_4.0,9,IMG_8b9236cb98f368af,3,03_10.0,False,False,0.6897456645965576,,,
IMG_8c428ce6615f99f9,3,03_4.0,10,IMG_959dea87d88a6be9,3,03_2.0,False,False,0.6892820000648499,,,
IMG_2408579bd0486bf4,3,03_4.0,1,IMG_bd146b01a5ab5e14,3,03_3.0,False,False,0.7865946292877197,,,
IMG_2408579bd0486bf4,3,03_4.0,2,IMG_302da20670764559,3,03_9.0,False,False,0.7818171977996826,,,
IMG_2408579bd0486bf4,3,03_4.0,3,IMG_102c379d7d6b4a9c,3,03_3.0,False,False,0.7399832010269165,,,
IMG_2408579bd0486bf4,3,03_4.0,4,IMG_0c67105fef9f5e61,3,03_3.0,False,False,0.7360935807228088,,,
IMG_2408579bd0486bf4,3,03_4.0,5,IMG_4362f41d356ea6e2,3,03_4.0,False,True,0.7319310903549194,,,
IMG_2408579bd0486bf4,3,03_4.0,6,IMG_899eab175cf11e80,3,03_2.0,False,False,0.7277958989143372,,,
IMG_2408579bd0486bf4,3,03_4.0,7,IMG_1b5b525951012d97,3,03_6.0,False,False,0.7211768627166748,,,
IMG_2408579bd0486bf4,3,03_4.0,8,IMG_f2f062b428b6acde,3,03_10.0,False,False,0.7209798097610474,,,
IMG_2408579bd0486bf4,3,03_4.0,9,IMG_5ce0980d29583409,3,03_17.0,False,False,0.7190939784049988,,,
IMG_2408579bd0486bf4,3,03_4.0,10,IMG_93581bef499b37df,3,03_2.0,False,False,0.7167155742645264,,,
IMG_3962a1dc6c4292b4,3,03_4.0,1,IMG_d71fa1d9962a816c,3,03_20.0,False,False,0.9311470985412598,,,
IMG_3962a1dc6c4292b4,3,03_4.0,2,IMG_39f79aba2723784d,3,03_5.0,False,False,0.9271721839904785,,,
IMG_3962a1dc6c4292b4,3,03_4.0,3,IMG_84f7a1d69468357d,3,03_16.0,False,False,0.9232239723205566,,,
IMG_3962a1dc6c4292b4,3,03_4.0,4,IMG_fc68eb5adc45dcb9,3,03_10.0,False,False,0.9209120273590088,,,
IMG_3962a1dc6c4292b4,3,03_4.0,5,IMG_09c470048aa5a620,3,03_6.0,False,False,0.9199202656745911,,,
IMG_3962a1dc6c4292b4,3,03_4.0,6,IMG_3be4c95c39822645,3,03_7.0,False,False,0.9171100854873657,,,
IMG_3962a1dc6c4292b4,3,03_4.0,7,IMG_250269a43b645325,3,03_11.0,False,False,0.9169095754623413,,,
IMG_3962a1dc6c4292b4,3,03_4.0,8,IMG_be100e1748f17ad1,3,03_10.0,False,False,0.9164978265762329,,,
IMG_3962a1dc6c4292b4,3,03_4.0,9,IMG_a2990977479dc3b5,3,03_4.0,False,True,0.9100428819656372,,,
IMG_3962a1dc6c4292b4,3,03_4.0,10,IMG_53fa9fc0de5e468b,3,03_6.0,False,False,0.9093679785728455,,,
IMG_5f1e9d8b2178b03d,3,03_5.0,1,IMG_f4b55c978d9b27ad,3,03_7.0,False,False,0.7519516348838806,,,
IMG_5f1e9d8b2178b03d,3,03_5.0,2,IMG_74aa811586e07cff,3,03_10.0,False,False,0.7505416870117188,,,
IMG_5f1e9d8b2178b03d,3,03_5.0,3,IMG_0477741c24dab835,3,03_31.0,False,False,0.7386924028396606,,,
IMG_5f1e9d8b2178b03d,3,03_5.0,4,IMG_5ded501d0f5b1c92,3,03_18.0,False,False,0.7165550589561462,,,
IMG_5f1e9d8b2178b03d,3,03_5.0,5,IMG_0543681d5ed37dc7,3,03_7.0,False,False,0.7141896486282349,,,
IMG_5f1e9d8b2178b03d,3,03_5.0,6,IMG_caa2f160f554a749,3,03_22.0,False,False,0.7061648368835449,,,
IMG_5f1e9d8b2178b03d,3,03_5.0,7,IMG_043fc8d5cb71ffc0,3,03_7.0,False,False,0.6798652410507202,,,
IMG_5f1e9d8b2178b03d,3,03_5.0,8,IMG_756e6442e70bbb4f,3,03_1.0,False,False,0.6697270274162292,,,
IMG_5f1e9d8b2178b03d,3,03_5.0,9,IMG_03193f6c99f32e8b,3,03_2.0,False,False,0.6673153042793274,,,
IMG_5f1e9d8b2178b03d,3,03_5.0,10,IMG_90448cd333a0b216,3,03_3.0,False,False,0.6626773476600647,,,
IMG_3e828dc68c7d0898,3,03_5.0,1,IMG_a2990977479dc3b5,3,03_4.0,False,False,0.9221926331520081,,,
IMG_3e828dc68c7d0898,3,03_5.0,2,IMG_09c470048aa5a620,3,03_6.0,False,False,0.9103922843933105,,,
IMG_3e828dc68c7d0898,3,03_5.0,3,IMG_93581bef499b37df,3,03_2.0,False,False,0.9096406698226929,,,
IMG_3e828dc68c7d0898,3,03_5.0,4,IMG_35c3d34f6a3506e8,3,03_3.0,False,False,0.9091783761978149,,,
IMG_3e828dc68c7d0898,3,03_5.0,5,IMG_39f79aba2723784d,3,03_5.0,False,True,0.9043818116188049,,,
IMG_3e828dc68c7d0898,3,03_5.0,6,IMG_3962a1dc6c4292b4,3,03_4.0,False,False,0.9040670394897461,,,
IMG_3e828dc68c7d0898,3,03_5.0,7,IMG_899eab175cf11e80,3,03_2.0,False,False,0.900802731513977,,,
IMG_3e828dc68c7d0898,3,03_5.0,8,IMG_4856b607af778a83,3,03_3.0,False,False,0.8968669772148132,,,
IMG_3e828dc68c7d0898,3,03_5.0,9,IMG_1b5b525951012d97,3,03_6.0,False,False,0.8957576751708984,,,
IMG_3e828dc68c7d0898,3,03_5.0,10,IMG_bd146b01a5ab5e14,3,03_3.0,False,False,0.894663393497467,,,
IMG_bec26851aca3f97d,3,03_5.0,1,IMG_4106e536034ce468,3,03_5.0,False,True,0.8522080779075623,,,
IMG_bec26851aca3f97d,3,03_5.0,2,IMG_33cbcc15b479c201,3,03_3.0,False,False,0.8162517547607422,,,
IMG_bec26851aca3f97d,3,03_5.0,3,IMG_d5cd8fda05dc114c,3,03_3.0,False,False,0.8125206232070923,,,
IMG_bec26851aca3f97d,3,03_5.0,4,IMG_24134fc15ba96652,3,03_9.0,False,False,0.8045002222061157,,,
IMG_bec26851aca3f97d,3,03_5.0,5,IMG_154da4f02db54fae,3,03_10.0,False,False,0.802209734916687,,,
IMG_bec26851aca3f97d,3,03_5.0,6,IMG_1cd9988f9d499955,3,03_10.0,False,False,0.801876962184906,,,
IMG_bec26851aca3f97d,3,03_5.0,7,IMG_7221598f1ce69371,3,03_10.0,False,False,0.7972426414489746,,,
IMG_bec26851aca3f97d,3,03_5.0,8,IMG_1636755f70f7c2a6,3,03_9.0,False,False,0.791031539440155,,,
IMG_bec26851aca3f97d,3,03_5.0,9,IMG_d9d5189844371896,3,03_3.0,False,False,0.7885155081748962,,,
IMG_bec26851aca3f97d,3,03_5.0,10,IMG_e6c01595ce3ac10f,3,03_2.0,False,False,0.7805553674697876,,,
IMG_4ccf8f053eafa970,3,03_5.0,1,IMG_959dea87d88a6be9,3,03_2.0,False,False,0.9362300634384155,,,
IMG_4ccf8f053eafa970,3,03_5.0,2,IMG_2d5a71d4a5613a7a,3,03_2.0,False,False,0.907662034034729,,,
IMG_4ccf8f053eafa970,3,03_5.0,3,IMG_6093a75e3e14d5df,3,03_2.0,False,False,0.9017297029495239,,,
IMG_4ccf8f053eafa970,3,03_5.0,4,IMG_b825df862b6e289f,3,03_9.0,False,False,0.8837395906448364,,,
IMG_4ccf8f053eafa970,3,03_5.0,5,IMG_9935b9839e10b78b,3,03_2.0,False,False,0.8693968057632446,,,
IMG_4ccf8f053eafa970,3,03_5.0,6,IMG_335800c884833eed,3,03_10.0,False,False,0.854690670967102,,,
IMG_4ccf8f053eafa970,3,03_5.0,7,IMG_4106e536034ce468,3,03_5.0,False,True,0.8507075309753418,,,
IMG_4ccf8f053eafa970,3,03_5.0,8,IMG_4b86dee50375da53,3,03_10.0,False,False,0.846347451210022,,,
IMG_4ccf8f053eafa970,3,03_5.0,9,IMG_53fa9fc0de5e468b,3,03_6.0,False,False,0.8419532179832458,,,
IMG_4ccf8f053eafa970,3,03_5.0,10,IMG_4856b607af778a83,3,03_3.0,False,False,0.8342419266700745,,,
IMG_5130cbc7ffaae275,3,03_5.0,1,IMG_5f1db9c269b003a0,3,03_7.0,False,False,0.8863692283630371,,,
IMG_5130cbc7ffaae275,3,03_5.0,2,IMG_814ea15230cf77ff,3,03_10.0,False,False,0.8761407732963562,,,
IMG_5130cbc7ffaae275,3,03_5.0,3,IMG_899eab175cf11e80,3,03_2.0,False,False,0.8564947843551636,,,
IMG_5130cbc7ffaae275,3,03_5.0,4,IMG_3d7bf72908e59499,3,03_3.0,False,False,0.8508166670799255,,,
IMG_5130cbc7ffaae275,3,03_5.0,5,IMG_90abd8938b874a0c,3,03_7.0,False,False,0.8507290482521057,,,
IMG_5130cbc7ffaae275,3,03_5.0,6,IMG_0c67105fef9f5e61,3,03_3.0,False,False,0.8465947508811951,,,
IMG_5130cbc7ffaae275,3,03_5.0,7,IMG_1c67b02ae9b59108,3,03_3.0,False,False,0.8397639989852905,,,
IMG_5130cbc7ffaae275,3,03_5.0,8,IMG_3181ffe87aa13433,3,03_10.0,False,False,0.8373244404792786,,,
IMG_5130cbc7ffaae275,3,03_5.0,9,IMG_aade277476cfab5c,3,03_3.0,False,False,0.8294315934181213,,,
IMG_5130cbc7ffaae275,3,03_5.0,10,IMG_0e03c96e3860a20c,3,03_3.0,False,False,0.8275752067565918,,,
IMG_39f79aba2723784d,3,03_5.0,1,IMG_3be4c95c39822645,3,03_7.0,False,False,0.9458431005477905,,,
IMG_39f79aba2723784d,3,03_5.0,2,IMG_84f7a1d69468357d,3,03_16.0,False,False,0.9334579706192017,,,
IMG_39f79aba2723784d,3,03_5.0,3,IMG_3962a1dc6c4292b4,3,03_4.0,False,False,0.9271721839904785,,,
IMG_39f79aba2723784d,3,03_5.0,4,IMG_fc68eb5adc45dcb9,3,03_10.0,False,False,0.9232593774795532,,,
IMG_39f79aba2723784d,3,03_5.0,5,IMG_a2990977479dc3b5,3,03_4.0,False,False,0.9180457592010498,,,
IMG_39f79aba2723784d,3,03_5.0,6,IMG_93581bef499b37df,3,03_2.0,False,False,0.9153644442558289,,,
IMG_39f79aba2723784d,3,03_5.0,7,IMG_53fa9fc0de5e468b,3,03_6.0,False,False,0.9147000312805176,,,
IMG_39f79aba2723784d,3,03_5.0,8,IMG_ba4f15b50f74beff,3,03_16.0,False,False,0.9117797613143921,,,
IMG_39f79aba2723784d,3,03_5.0,9,IMG_be100e1748f17ad1,3,03_10.0,False,False,0.9099830389022827,,,
IMG_39f79aba2723784d,3,03_5.0,10,IMG_d29ed2e78c8f6d25,3,03_5.0,False,True,0.907984733581543,,,
IMG_57cfc4366a136861,3,03_5.0,1,IMG_a606bdc025c9a6f7,3,03_27.0,False,False,0.8842146992683411,,,
IMG_57cfc4366a136861,3,03_5.0,2,IMG_8b18934c9a541949,3,03_5.0,False,True,0.8713873624801636,,,
IMG_57cfc4366a136861,3,03_5.0,3,IMG_90abd8938b874a0c,3,03_7.0,False,False,0.836608350276947,,,
IMG_57cfc4366a136861,3,03_5.0,4,IMG_077018732a20157b,3,03_5.0,False,True,0.8349388837814331,,,
IMG_57cfc4366a136861,3,03_5.0,5,IMG_19fc4b72ac608282,3,03_9.0,False,False,0.8239084482192993,,,
IMG_57cfc4366a136861,3,03_5.0,6,IMG_0e03c96e3860a20c,3,03_3.0,False,False,0.8197686672210693,,,
IMG_57cfc4366a136861,3,03_5.0,7,IMG_8bed067689af3d65,3,03_10.0,False,False,0.8190674781799316,,,
IMG_57cfc4366a136861,3,03_5.0,8,IMG_5f1db9c269b003a0,3,03_7.0,False,False,0.8190433979034424,,,
IMG_57cfc4366a136861,3,03_5.0,9,IMG_5130cbc7ffaae275,3,03_5.0,False,True,0.8183221817016602,,,
IMG_57cfc4366a136861,3,03_5.0,10,IMG_9e047d15e1fd2ddb,3,03_2.0,False,False,0.8059624433517456,,,
IMG_d29ed2e78c8f6d25,3,03_5.0,1,IMG_84f7a1d69468357d,3,03_16.0,False,False,0.9097229242324829,,,
IMG_d29ed2e78c8f6d25,3,03_5.0,2,IMG_39f79aba2723784d,3,03_5.0,False,True,0.907984733581543,,,
IMG_d29ed2e78c8f6d25,3,03_5.0,3,IMG_3be4c95c39822645,3,03_7.0,False,False,0.9041667580604553,,,
IMG_d29ed2e78c8f6d25,3,03_5.0,4,IMG_ba4f15b50f74beff,3,03_16.0,False,False,0.9029608368873596,,,
IMG_d29ed2e78c8f6d25,3,03_5.0,5,IMG_3962a1dc6c4292b4,3,03_4.0,False,False,0.9003115296363831,,,
IMG_d29ed2e78c8f6d25,3,03_5.0,6,IMG_be100e1748f17ad1,3,03_10.0,False,False,0.8968751430511475,,,
IMG_d29ed2e78c8f6d25,3,03_5.0,7,IMG_a2990977479dc3b5,3,03_4.0,False,False,0.8871454000473022,,,
IMG_d29ed2e78c8f6d25,3,03_5.0,8,IMG_fc68eb5adc45dcb9,3,03_10.0,False,False,0.8868610858917236,,,
IMG_d29ed2e78c8f6d25,3,03_5.0,9,IMG_09c470048aa5a620,3,03_6.0,False,False,0.8857141733169556,,,
IMG_d29ed2e78c8f6d25,3,03_5.0,10,IMG_3e828dc68c7d0898,3,03_5.0,False,True,0.8823539018630981,,,
IMG_8b18934c9a541949,3,03_5.0,1,IMG_077018732a20157b,3,03_5.0,False,True,0.9330360889434814,,,
IMG_8b18934c9a541949,3,03_5.0,2,IMG_0e03c96e3860a20c,3,03_3.0,False,False,0.8922786712646484,,,
IMG_8b18934c9a541949,3,03_5.0,3,IMG_08faeb63ca8035ce,3,03_7.0,False,False,0.8817216753959656,,,
IMG_8b18934c9a541949,3,03_5.0,4,IMG_57cfc4366a136861,3,03_5.0,False,True,0.8713873624801636,,,
IMG_8b18934c9a541949,3,03_5.0,5,IMG_90abd8938b874a0c,3,03_7.0,False,False,0.8704590201377869,,,
IMG_8b18934c9a541949,3,03_5.0,6,IMG_f6a06551b419c8d3,3,03_2.0,False,False,0.8685194849967957,,,
IMG_8b18934c9a541949,3,03_5.0,7,IMG_5f1db9c269b003a0,3,03_7.0,False,False,0.8639955520629883,,,
IMG_8b18934c9a541949,3,03_5.0,8,IMG_8bed067689af3d65,3,03_10.0,False,False,0.8638229370117188,,,
IMG_8b18934c9a541949,3,03_5.0,9,IMG_93581bef499b37df,3,03_2.0,False,False,0.8595698475837708,,,
IMG_8b18934c9a541949,3,03_5.0,10,IMG_4856b607af778a83,3,03_3.0,False,False,0.8583357930183411,,,
IMG_077018732a20157b,3,03_5.0,1,IMG_8b18934c9a541949,3,03_5.0,False,True,0.9330360889434814,,,
IMG_077018732a20157b,3,03_5.0,2,IMG_f6a06551b419c8d3,3,03_2.0,False,False,0.9081878662109375,,,
IMG_077018732a20157b,3,03_5.0,3,IMG_08faeb63ca8035ce,3,03_7.0,False,False,0.9022165536880493,,,
IMG_077018732a20157b,3,03_5.0,4,IMG_93581bef499b37df,3,03_2.0,False,False,0.8966531753540039,,,
IMG_077018732a20157b,3,03_5.0,5,IMG_0e03c96e3860a20c,3,03_3.0,False,False,0.8901806473731995,,,
IMG_077018732a20157b,3,03_5.0,6,IMG_4856b607af778a83,3,03_3.0,False,False,0.8864955902099609,,,
IMG_077018732a20157b,3,03_5.0,7,IMG_35c3d34f6a3506e8,3,03_3.0,False,False,0.877571702003479,,,
IMG_077018732a20157b,3,03_5.0,8,IMG_fd391b80928842b0,3,03_10.0,False,False,0.8743318915367126,,,
IMG_077018732a20157b,3,03_5.0,9,IMG_3d7bf72908e59499,3,03_3.0,False,False,0.8733808994293213,,,
IMG_077018732a20157b,3,03_5.0,10,IMG_5f1db9c269b003a0,3,03_7.0,False,False,0.8645105361938477,,,
IMG_4106e536034ce468,3,03_5.0,1,IMG_4b86dee50375da53,3,03_10.0,False,False,0.8933867812156677,,,
IMG_4106e536034ce468,3,03_5.0,2,IMG_959dea87d88a6be9,3,03_2.0,False,False,0.8688162565231323,,,
IMG_4106e536034ce468,3,03_5.0,3,IMG_3fff93b7a18937ff,3,03_10.0,False,False,0.8642152547836304,,,
IMG_4106e536034ce468,3,03_5.0,4,IMG_1cd9988f9d499955,3,03_10.0,False,False,0.8598763942718506,,,
IMG_4106e536034ce468,3,03_5.0,5,IMG_bec26851aca3f97d,3,03_5.0,False,True,0.8522080779075623,,,
IMG_4106e536034ce468,3,03_5.0,6,IMG_4ccf8f053eafa970,3,03_5.0,False,True,0.8507075309753418,,,
IMG_4106e536034ce468,3,03_5.0,7,IMG_33cbcc15b479c201,3,03_3.0,False,False,0.8359905481338501,,,
IMG_4106e536034ce468,3,03_5.0,8,IMG_7221598f1ce69371,3,03_10.0,False,False,0.8098422884941101,,,
IMG_4106e536034ce468,3,03_5.0,9,IMG_23eee2d344e472b9,3,03_14.0,False,False,0.8098398447036743,,,
IMG_4106e536034ce468,3,03_5.0,10,IMG_154da4f02db54fae,3,03_10.0,False,False,0.8081655502319336,,,
IMG_4346881113cb7134,3,03_5.0,1,IMG_b00cc602f340f203,3,03_10.0,False,False,0.8759562969207764,,,
IMG_4346881113cb7134,3,03_5.0,2,IMG_a3430090c4ce7a3b,3,03_2.0,False,False,0.8341624736785889,,,
IMG_4346881113cb7134,3,03_5.0,3,IMG_f0e20029fd5e8703,3,03_14.0,False,False,0.8138941526412964,,,
IMG_4346881113cb7134,3,03_5.0,4,IMG_14e79d03c1704745,3,03_19.0,False,False,0.6910817623138428,,,
IMG_4346881113cb7134,3,03_5.0,5,IMG_a2576526ef3d66cc,3,03_13.0,False,False,0.6762547492980957,,,
IMG_4346881113cb7134,3,03_5.0,6,IMG_302da20670764559,3,03_9.0,False,False,0.6583749055862427,,,
IMG_4346881113cb7134,3,03_5.0,7,IMG_102c379d7d6b4a9c,3,03_3.0,False,False,0.6572856307029724,,,
IMG_4346881113cb7134,3,03_5.0,8,IMG_db9875e2b237edd3,3,03_16.0,False,False,0.6434842348098755,,,
IMG_4346881113cb7134,3,03_5.0,9,IMG_eb1dc97cf3a61160,3,03_12.0,False,False,0.6345893740653992,,,
IMG_4346881113cb7134,3,03_5.0,10,IMG_43f6242b9c65ab2d,3,03_16.0,False,False,0.6316696405410767,,,
IMG_c6d0865e3cdbacc3,3,03_6.0,1,IMG_ea11e68134e91dfe,3,03_4.0,False,False,0.7457740306854248,,,
IMG_c6d0865e3cdbacc3,3,03_6.0,2,IMG_a9a6feb7d1d4e069,3,03_7.0,False,False,0.7442707419395447,,,
IMG_c6d0865e3cdbacc3,3,03_6.0,3,IMG_caa2f160f554a749,3,03_22.0,False,False,0.741184651851654,,,
IMG_c6d0865e3cdbacc3,3,03_6.0,4,IMG_043fc8d5cb71ffc0,3,03_7.0,False,False,0.7406944036483765,,,
IMG_c6d0865e3cdbacc3,3,03_6.0,5,IMG_f2f062b428b6acde,3,03_10.0,False,False,0.7332070469856262,,,
IMG_c6d0865e3cdbacc3,3,03_6.0,6,IMG_339d3c59aa65dfd3,3,03_7.0,False,False,0.7264738082885742,,,
IMG_c6d0865e3cdbacc3,3,03_6.0,7,IMG_bc4453d9ee311912,3,03_26.0,False,False,0.721540629863739,,,
IMG_c6d0865e3cdbacc3,3,03_6.0,8,IMG_0543681d5ed37dc7,3,03_7.0,False,False,0.7177835702896118,,,
IMG_c6d0865e3cdbacc3,3,03_6.0,9,IMG_0c67105fef9f5e61,3,03_3.0,False,False,0.7120949029922485,,,
IMG_c6d0865e3cdbacc3,3,03_6.0,10,IMG_e1bac6b4486a6ebe,3,03_30.0,False,False,0.7029886245727539,,,
IMG_03d24306c61e22a9,3,03_6.0,1,IMG_c848237760038bbf,3,03_3.0,False,False,0.8893390893936157,,,
IMG_03d24306c61e22a9,3,03_6.0,2,IMG_ba43326507a4120a,3,03_11.0,False,False,0.8659958243370056,,,
IMG_03d24306c61e22a9,3,03_6.0,3,IMG_f6a06551b419c8d3,3,03_2.0,False,False,0.8638792634010315,,,
IMG_03d24306c61e22a9,3,03_6.0,4,IMG_3a486e292583f5fd,3,03_8.0,False,False,0.8637522459030151,,,
IMG_03d24306c61e22a9,3,03_6.0,5,IMG_1aa8ecf722a1755f,3,03_4.0,False,False,0.8527311086654663,,,
IMG_03d24306c61e22a9,3,03_6.0,6,IMG_3c1c5ee868b49ff2,3,03_3.0,False,False,0.851560115814209,,,
IMG_03d24306c61e22a9,3,03_6.0,7,IMG_03955f459165fb69,3,03_4.0,False,False,0.8451585173606873,,,
IMG_03d24306c61e22a9,3,03_6.0,8,IMG_1d5206db18203ba7,3,03_19.0,False,False,0.8376486301422119,,,
IMG_03d24306c61e22a9,3,03_6.0,9,IMG_93581bef499b37df,3,03_2.0,False,False,0.8232442736625671,,,
IMG_03d24306c61e22a9,3,03_6.0,10,IMG_9935b9839e10b78b,3,03_2.0,False,False,0.8215634822845459,,,
IMG_a997a5f157a51805,3,03_6.0,1,IMG_3446737f2326b631,3,03_6.0,False,True,0.9438595175743103,,,
IMG_a997a5f157a51805,3,03_6.0,2,IMG_5ce0980d29583409,3,03_17.0,False,False,0.8246650695800781,,,
IMG_a997a5f157a51805,3,03_6.0,3,IMG_1b5b525951012d97,3,03_6.0,False,True,0.7818211913108826,,,
IMG_a997a5f157a51805,3,03_6.0,4,IMG_8ceb68df4b59d29e,3,03_6.0,False,True,0.77154541015625,,,
IMG_a997a5f157a51805,3,03_6.0,5,IMG_4362f41d356ea6e2,3,03_4.0,False,False,0.7461524605751038,,,
IMG_a997a5f157a51805,3,03_6.0,6,IMG_22c1d1571bf40f38,3,03_3.0,False,False,0.7451724410057068,,,
IMG_a997a5f157a51805,3,03_6.0,7,IMG_0c67105fef9f5e61,3,03_3.0,False,False,0.7367327213287354,,,
IMG_a997a5f157a51805,3,03_6.0,8,IMG_102c379d7d6b4a9c,3,03_3.0,False,False,0.7365596294403076,,,
IMG_a997a5f157a51805,3,03_6.0,9,IMG_bc4453d9ee311912,3,03_26.0,False,False,0.7348086833953857,,,
IMG_a997a5f157a51805,3,03_6.0,10,IMG_fd391b80928842b0,3,03_10.0,False,False,0.7257824540138245,,,
IMG_3446737f2326b631,3,03_6.0,1,IMG_a997a5f157a51805,3,03_6.0,False,True,0.9438595175743103,,,
IMG_3446737f2326b631,3,03_6.0,2,IMG_5ce0980d29583409,3,03_17.0,False,False,0.8232249021530151,,,
IMG_3446737f2326b631,3,03_6.0,3,IMG_8ceb68df4b59d29e,3,03_6.0,False,True,0.7973750233650208,,,
IMG_3446737f2326b631,3,03_6.0,4,IMG_1b5b525951012d97,3,03_6.0,False,True,0.79427170753479,,,
IMG_3446737f2326b631,3,03_6.0,5,IMG_fd391b80928842b0,3,03_10.0,False,False,0.7689405679702759,,,
IMG_3446737f2326b631,3,03_6.0,6,IMG_bd146b01a5ab5e14,3,03_3.0,False,False,0.7649776935577393,,,
IMG_3446737f2326b631,3,03_6.0,7,IMG_5ac5d19ee41e1d13,3,03_10.0,False,False,0.7631316184997559,,,
IMG_3446737f2326b631,3,03_6.0,8,IMG_4362f41d356ea6e2,3,03_4.0,False,False,0.7606489658355713,,,
IMG_3446737f2326b631,3,03_6.0,9,IMG_ddd70b9780e4c7de,3,03_15.0,False,False,0.7590664029121399,,,
IMG_3446737f2326b631,3,03_6.0,10,IMG_3be4c95c39822645,3,03_7.0,False,False,0.7491262555122375,,,
IMG_20004a5ff9493615,3,03_6.0,1,IMG_217f3610fa912f0b,3,03_6.0,False,True,0.8956621289253235,,,
IMG_20004a5ff9493615,3,03_6.0,2,IMG_8b9236cb98f368af,3,03_10.0,False,False,0.8432008028030396,,,
IMG_20004a5ff9493615,3,03_6.0,3,IMG_1aa8ecf722a1755f,3,03_4.0,False,False,0.8373905420303345,,,
IMG_20004a5ff9493615,3,03_6.0,4,IMG_1c67b02ae9b59108,3,03_3.0,False,False,0.832694411277771,,,
IMG_20004a5ff9493615,3,03_6.0,5,IMG_8ceb68df4b59d29e,3,03_6.0,False,True,0.8280929923057556,,,
IMG_20004a5ff9493615,3,03_6.0,6,IMG_3181ffe87aa13433,3,03_10.0,False,False,0.826393723487854,,,
IMG_20004a5ff9493615,3,03_6.0,7,IMG_2b7e1f460614d568,3,03_3.0,False,False,0.8256772756576538,,,
IMG_20004a5ff9493615,3,03_6.0,8,IMG_03955f459165fb69,3,03_4.0,False,False,0.8250225782394409,,,
IMG_20004a5ff9493615,3,03_6.0,9,IMG_0e03c96e3860a20c,3,03_3.0,False,False,0.8215607404708862,,,
IMG_20004a5ff9493615,3,03_6.0,10,IMG_7221598f1ce69371,3,03_10.0,False,False,0.8063748478889465,,,
IMG_217f3610fa912f0b,3,03_6.0,1,IMG_09c470048aa5a620,3,03_6.0,False,True,0.9466131925582886,,,
IMG_217f3610fa912f0b,3,03_6.0,2,IMG_1aa8ecf722a1755f,3,03_4.0,False,False,0.8971089124679565,,,
IMG_217f3610fa912f0b,3,03_6.0,3,IMG_a2990977479dc3b5,3,03_4.0,False,False,0.8958426713943481,,,
IMG_217f3610fa912f0b,3,03_6.0,4,IMG_20004a5ff9493615,3,03_6.0,False,True,0.8956621289253235,,,
IMG_217f3610fa912f0b,3,03_6.0,5,IMG_8ceb68df4b59d29e,3,03_6.0,False,True,0.8898739218711853,,,
IMG_217f3610fa912f0b,3,03_6.0,6,IMG_3e828dc68c7d0898,3,03_5.0,False,False,0.8764960765838623,,,
IMG_217f3610fa912f0b,3,03_6.0,7,IMG_03955f459165fb69,3,03_4.0,False,False,0.8733150959014893,,,
IMG_217f3610fa912f0b,3,03_6.0,8,IMG_1b5b525951012d97,3,03_6.0,False,True,0.8727138042449951,,,
IMG_217f3610fa912f0b,3,03_6.0,9,IMG_3bce13f24905ae1f,3,03_6.0,False,True,0.8686025142669678,,,
IMG_217f3610fa912f0b,3,03_6.0,10,IMG_35c3d34f6a3506e8,3,03_3.0,False,False,0.8587278127670288,,,
IMG_09c470048aa5a620,3,03_6.0,1,IMG_217f3610fa912f0b,3,03_6.0,False,True,0.9466131925582886,,,
IMG_09c470048aa5a620,3,03_6.0,2,IMG_a2990977479dc3b5,3,03_4.0,False,False,0.9207425117492676,,,
IMG_09c470048aa5a620,3,03_6.0,3,IMG_3962a1dc6c4292b4,3,03_4.0,False,False,0.9199202656745911,,,
IMG_09c470048aa5a620,3,03_6.0,4,IMG_3be4c95c39822645,3,03_7.0,False,False,0.9173988699913025,,,
IMG_09c470048aa5a620,3,03_6.0,5,IMG_be100e1748f17ad1,3,03_10.0,False,False,0.9123075604438782,,,
IMG_09c470048aa5a620,3,03_6.0,6,IMG_3e828dc68c7d0898,3,03_5.0,False,False,0.9103922843933105,,,
IMG_09c470048aa5a620,3,03_6.0,7,IMG_b741dc5a87e88d17,3,03_3.0,False,False,0.909787654876709,,,
IMG_09c470048aa5a620,3,03_6.0,8,IMG_d71fa1d9962a816c,3,03_20.0,False,False,0.9057741165161133,,,
IMG_09c470048aa5a620,3,03_6.0,9,IMG_5ac5d19ee41e1d13,3,03_10.0,False,False,0.9018713235855103,,,
IMG_09c470048aa5a620,3,03_6.0,10,IMG_fd391b80928842b0,3,03_10.0,False,False,0.8986092805862427,,,
IMG_3bce13f24905ae1f,3,03_6.0,1,IMG_53fa9fc0de5e468b,3,03_6.0,False,True,0.9122613668441772,,,
IMG_3bce13f24905ae1f,3,03_6.0,2,IMG_a2990977479dc3b5,3,03_4.0,False,False,0.8991578817367554,,,
IMG_3bce13f24905ae1f,3,03_6.0,3,IMG_ba4f15b50f74beff,3,03_16.0,False,False,0.894627571105957,,,
IMG_3bce13f24905ae1f,3,03_6.0,4,IMG_84f7a1d69468357d,3,03_16.0,False,False,0.8904532194137573,,,
IMG_3bce13f24905ae1f,3,03_6.0,5,IMG_3962a1dc6c4292b4,3,03_4.0,False,False,0.8877881169319153,,,
IMG_3bce13f24905ae1f,3,03_6.0,6,IMG_fe7f2235d9b43df5,3,03_11.0,False,False,0.8806222677230835,,,
IMG_3bce13f24905ae1f,3,03_6.0,7,IMG_bd146b01a5ab5e14,3,03_3.0,False,False,0.8798397779464722,,,
IMG_3bce13f24905ae1f,3,03_6.0,8,IMG_3e828dc68c7d0898,3,03_5.0,False,False,0.8796035051345825,,,
IMG_3bce13f24905ae1f,3,03_6.0,9,IMG_250269a43b645325,3,03_11.0,False,False,0.8705193996429443,,,
IMG_3bce13f24905ae1f,3,03_6.0,10,IMG_09c470048aa5a620,3,03_6.0,False,True,0.870296835899353,,,
IMG_53fa9fc0de5e468b,3,03_6.0,1,IMG_84f7a1d69468357d,3,03_16.0,False,False,0.9458555579185486,,,
IMG_53fa9fc0de5e468b,3,03_6.0,2,IMG_d71fa1d9962a816c,3,03_20.0,False,False,0.9287159442901611,,,
IMG_53fa9fc0de5e468b,3,03_6.0,3,IMG_5ac5d19ee41e1d13,3,03_10.0,False,False,0.9184939861297607,,,
IMG_53fa9fc0de5e468b,3,03_6.0,4,IMG_ba4f15b50f74beff,3,03_16.0,False,False,0.9178005456924438,,,
IMG_53fa9fc0de5e468b,3,03_6.0,5,IMG_56c52fd2b2f396b8,3,03_20.0,False,False,0.9147122502326965,,,
IMG_53fa9fc0de5e468b,3,03_6.0,6,IMG_39f79aba2723784d,3,03_5.0,False,False,0.9147000312805176,,,
IMG_53fa9fc0de5e468b,3,03_6.0,7,IMG_b741dc5a87e88d17,3,03_3.0,False,False,0.9128657579421997,,,
IMG_53fa9fc0de5e468b,3,03_6.0,8,IMG_3bce13f24905ae1f,3,03_6.0,False,True,0.9122613668441772,,,
IMG_53fa9fc0de5e468b,3,03_6.0,9,IMG_3962a1dc6c4292b4,3,03_4.0,False,False,0.9093679785728455,,,
IMG_53fa9fc0de5e468b,3,03_6.0,10,IMG_a2990977479dc3b5,3,03_4.0,False,False,0.9063631296157837,,,
IMG_8ceb68df4b59d29e,3,03_6.0,1,IMG_1b5b525951012d97,3,03_6.0,False,True,0.9259880781173706,,,
IMG_8ceb68df4b59d29e,3,03_6.0,2,IMG_899eab175cf11e80,3,03_2.0,False,False,0.9115692377090454,,,
IMG_8ceb68df4b59d29e,3,03_6.0,3,IMG_bd146b01a5ab5e14,3,03_3.0,False,False,0.8923233151435852,,,
IMG_8ceb68df4b59d29e,3,03_6.0,4,IMG_217f3610fa912f0b,3,03_6.0,False,True,0.8898739218711853,,,
IMG_8ceb68df4b59d29e,3,03_6.0,5,IMG_1d5206db18203ba7,3,03_19.0,False,False,0.883447527885437,,,
IMG_8ceb68df4b59d29e,3,03_6.0,6,IMG_3e828dc68c7d0898,3,03_5.0,False,False,0.8827992677688599,,,
IMG_8ceb68df4b59d29e,3,03_6.0,7,IMG_339d3c59aa65dfd3,3,03_7.0,False,False,0.8802522420883179,,,
IMG_8ceb68df4b59d29e,3,03_6.0,8,IMG_93581bef499b37df,3,03_2.0,False,False,0.8798856139183044,,,
IMG_8ceb68df4b59d29e,3,03_6.0,9,IMG_09c470048aa5a620,3,03_6.0,False,True,0.8729515671730042,,,
IMG_8ceb68df4b59d29e,3,03_6.0,10,IMG_4362f41d356ea6e2,3,03_4.0,False,False,0.8723553419113159,,,
IMG_1b5b525951012d97,3,03_6.0,1,IMG_8ceb68df4b59d29e,3,03_6.0,False,True,0.9259880781173706,,,
IMG_1b5b525951012d97,3,03_6.0,2,IMG_fd391b80928842b0,3,03_10.0,False,False,0.9136655330657959,,,
IMG_1b5b525951012d97,3,03_6.0,3,IMG_3e828dc68c7d0898,3,03_5.0,False,False,0.8957576751708984,,,
IMG_1b5b525951012d97,3,03_6.0,4,IMG_4362f41d356ea6e2,3,03_4.0,False,False,0.8927132487297058,,,
IMG_1b5b525951012d97,3,03_6.0,5,IMG_1d5206db18203ba7,3,03_19.0,False,False,0.8918764591217041,,,
IMG_1b5b525951012d97,3,03_6.0,6,IMG_09c470048aa5a620,3,03_6.0,False,True,0.885212779045105,,,
IMG_1b5b525951012d97,3,03_6.0,7,IMG_3be4c95c39822645,3,03_7.0,False,False,0.8848580121994019,,,
IMG_1b5b525951012d97,3,03_6.0,8,IMG_39f79aba2723784d,3,03_5.0,False,False,0.8813902139663696,,,
IMG_1b5b525951012d97,3,03_6.0,9,IMG_08faeb63ca8035ce,3,03_7.0,False,False,0.8759263157844543,,,
IMG_1b5b525951012d97,3,03_6.0,10,IMG_899eab175cf11e80,3,03_2.0,False,False,0.875522255897522,,,
IMG_0543681d5ed37dc7,3,03_7.0,1,IMG_043fc8d5cb71ffc0,3,03_7.0,False,True,0.8081951141357422,,,
IMG_0543681d5ed37dc7,3,03_7.0,2,IMG_a9a6feb7d1d4e069,3,03_7.0,False,True,0.7610478401184082,,,
IMG_0543681d5ed37dc7,3,03_7.0,3,IMG_ada3c7714cd970b3,3,03_19.0,False,False,0.7596142292022705,,,
IMG_0543681d5ed37dc7,3,03_7.0,4,IMG_22c1d1571bf40f38,3,03_3.0,False,False,0.7562321424484253,,,
IMG_0543681d5ed37dc7,3,03_7.0,5,IMG_102c379d7d6b4a9c,3,03_3.0,False,False,0.7475732564926147,,,
IMG_0543681d5ed37dc7,3,03_7.0,6,IMG_bc4453d9ee311912,3,03_26.0,False,False,0.7458937168121338,,,
IMG_0543681d5ed37dc7,3,03_7.0,7,IMG_0c67105fef9f5e61,3,03_3.0,False,False,0.7341848611831665,,,
IMG_0543681d5ed37dc7,3,03_7.0,8,IMG_74aa811586e07cff,3,03_10.0,False,False,0.7335891723632812,,,
IMG_0543681d5ed37dc7,3,03_7.0,9,IMG_34d871e8dadbe89a,3,03_28.0,False,False,0.7329459190368652,,,
IMG_0543681d5ed37dc7,3,03_7.0,10,IMG_37548991b9872187,3,03_26.0,False,False,0.7180269956588745,,,
IMG_f4b55c978d9b27ad,3,03_7.0,1,IMG_74aa811586e07cff,3,03_10.0,False,False,0.7771756649017334,,,
IMG_f4b55c978d9b27ad,3,03_7.0,2,IMG_756e6442e70bbb4f,3,03_1.0,False,False,0.7722718119621277,,,
IMG_f4b55c978d9b27ad,3,03_7.0,3,IMG_5f1e9d8b2178b03d,3,03_5.0,False,False,0.7519516348838806,,,
IMG_f4b55c978d9b27ad,3,03_7.0,4,IMG_90448cd333a0b216,3,03_3.0,False,False,0.740178108215332,,,
IMG_f4b55c978d9b27ad,3,03_7.0,5,IMG_82a50ed5faf285df,3,03_3.0,False,False,0.7367304563522339,,,
IMG_f4b55c978d9b27ad,3,03_7.0,6,IMG_caa2f160f554a749,3,03_22.0,False,False,0.7267971634864807,,,
IMG_f4b55c978d9b27ad,3,03_7.0,7,IMG_2615c5de94cf0ab6,3,03_2.0,False,False,0.7128734588623047,,,
IMG_f4b55c978d9b27ad,3,03_7.0,8,IMG_03193f6c99f32e8b,3,03_2.0,False,False,0.6955736875534058,,,
IMG_f4b55c978d9b27ad,3,03_7.0,9,IMG_0477741c24dab835,3,03_31.0,False,False,0.6927730441093445,,,
IMG_f4b55c978d9b27ad,3,03_7.0,10,IMG_5a1b2dae985f3055,3,03_13.0,False,False,0.6898495554924011,,,
IMG_90abd8938b874a0c,3,03_7.0,1,IMG_5f1db9c269b003a0,3,03_7.0,False,True,0.9239315986633301,,,
IMG_90abd8938b874a0c,3,03_7.0,2,IMG_0e03c96e3860a20c,3,03_3.0,False,False,0.9031447768211365,,,
IMG_90abd8938b874a0c,3,03_7.0,3,IMG_3d7bf72908e59499,3,03_3.0,False,False,0.8813680410385132,,,
IMG_90abd8938b874a0c,3,03_7.0,4,IMG_8b9236cb98f368af,3,03_10.0,False,False,0.8795567750930786,,,
IMG_90abd8938b874a0c,3,03_7.0,5,IMG_2b7e1f460614d568,3,03_3.0,False,False,0.8747841119766235,,,
IMG_90abd8938b874a0c,3,03_7.0,6,IMG_3181ffe87aa13433,3,03_10.0,False,False,0.871214747428894,,,
IMG_90abd8938b874a0c,3,03_7.0,7,IMG_8b18934c9a541949,3,03_5.0,False,False,0.8704590201377869,,,
IMG_90abd8938b874a0c,3,03_7.0,8,IMG_1c67b02ae9b59108,3,03_3.0,False,False,0.8675060272216797,,,
IMG_90abd8938b874a0c,3,03_7.0,9,IMG_1aa8ecf722a1755f,3,03_4.0,False,False,0.8673573732376099,,,
IMG_90abd8938b874a0c,3,03_7.0,10,IMG_08faeb63ca8035ce,3,03_7.0,False,True,0.8615633249282837,,,
IMG_08faeb63ca8035ce,3,03_7.0,1,IMG_4362f41d356ea6e2,3,03_4.0,False,False,0.9138351678848267,,,
IMG_08faeb63ca8035ce,3,03_7.0,2,IMG_077018732a20157b,3,03_5.0,False,False,0.9022165536880493,,,
IMG_08faeb63ca8035ce,3,03_7.0,3,IMG_0e03c96e3860a20c,3,03_3.0,False,False,0.8983817100524902,,,
IMG_08faeb63ca8035ce,3,03_7.0,4,IMG_3d7bf72908e59499,3,03_3.0,False,False,0.8952266573905945,,,
IMG_08faeb63ca8035ce,3,03_7.0,5,IMG_5f1db9c269b003a0,3,03_7.0,False,True,0.8842285871505737,,,
IMG_08faeb63ca8035ce,3,03_7.0,6,IMG_8b18934c9a541949,3,03_5.0,False,False,0.8817216753959656,,,
IMG_08faeb63ca8035ce,3,03_7.0,7,IMG_93581bef499b37df,3,03_2.0,False,False,0.8810490965843201,,,
IMG_08faeb63ca8035ce,3,03_7.0,8,IMG_f6a06551b419c8d3,3,03_2.0,False,False,0.8802608847618103,,,
IMG_08faeb63ca8035ce,3,03_7.0,9,IMG_1b5b525951012d97,3,03_6.0,False,False,0.8759263157844543,,,
IMG_08faeb63ca8035ce,3,03_7.0,10,IMG_899eab175cf11e80,3,03_2.0,False,False,0.8733552694320679,,,
IMG_3be4c95c39822645,3,03_7.0,1,IMG_be100e1748f17ad1,3,03_10.0,False,False,0.969145655632019,,,
IMG_3be4c95c39822645,3,03_7.0,2,IMG_39f79aba2723784d,3,03_5.0,False,False,0.9458431005477905,,,
IMG_3be4c95c39822645,3,03_7.0,3,IMG_b741dc5a87e88d17,3,03_3.0,False,False,0.9371901750564575,,,
IMG_3be4c95c39822645,3,03_7.0,4,IMG_fc68eb5adc45dcb9,3,03_10.0,False,False,0.9361052513122559,,,
IMG_3be4c95c39822645,3,03_7.0,5,IMG_84f7a1d69468357d,3,03_16.0,False,False,0.9282087087631226,,,
IMG_3be4c95c39822645,3,03_7.0,6,IMG_fd391b80928842b0,3,03_10.0,False,False,0.9280142784118652,,,
IMG_3be4c95c39822645,3,03_7.0,7,IMG_d71fa1d9962a816c,3,03_20.0,False,False,0.9191325902938843,,,
IMG_3be4c95c39822645,3,03_7.0,8,IMG_09c470048aa5a620,3,03_6.0,False,False,0.9173988699913025,,,
IMG_3be4c95c39822645,3,03_7.0,9,IMG_3962a1dc6c4292b4,3,03_4.0,False,False,0.9171100854873657,,,
IMG_3be4c95c39822645,3,03_7.0,10,IMG_93581bef499b37df,3,03_2.0,False,False,0.9056097269058228,,,
IMG_043fc8d5cb71ffc0,3,03_7.0,1,IMG_a9a6feb7d1d4e069,3,03_7.0,False,True,0.8989919424057007,,,
IMG_043fc8d5cb71ffc0,3,03_7.0,2,IMG_22c1d1571bf40f38,3,03_3.0,False,False,0.8868890404701233,,,
IMG_043fc8d5cb71ffc0,3,03_7.0,3,IMG_0c67105fef9f5e61,3,03_3.0,False,False,0.8504705429077148,,,
IMG_043fc8d5cb71ffc0,3,03_7.0,4,IMG_aade277476cfab5c,3,03_3.0,False,False,0.8374825716018677,,,
IMG_043fc8d5cb71ffc0,3,03_7.0,5,IMG_85a1df455dd25f66,3,03_3.0,False,False,0.827200174331665,,,
IMG_043fc8d5cb71ffc0,3,03_7.0,6,IMG_90448cd333a0b216,3,03_3.0,False,False,0.8271477222442627,,,
IMG_043fc8d5cb71ffc0,3,03_7.0,7,IMG_bc4453d9ee311912,3,03_26.0,False,False,0.8151707649230957,,,
IMG_043fc8d5cb71ffc0,3,03_7.0,8,IMG_102c379d7d6b4a9c,3,03_3.0,False,False,0.8130882382392883,,,
IMG_043fc8d5cb71ffc0,3,03_7.0,9,IMG_0543681d5ed37dc7,3,03_7.0,False,True,0.8081951141357422,,,
IMG_043fc8d5cb71ffc0,3,03_7.0,10,IMG_03193f6c99f32e8b,3,03_2.0,False,False,0.8072521686553955,,,
IMG_a9a6feb7d1d4e069,3,03_7.0,1,IMG_043fc8d5cb71ffc0,3,03_7.0,False,True,0.8989919424057007,,,
IMG_a9a6feb7d1d4e069,3,03_7.0,2,IMG_339d3c59aa65dfd3,3,03_7.0,False,True,0.8966678380966187,,,
IMG_a9a6feb7d1d4e069,3,03_7.0,3,IMG_899eab175cf11e80,3,03_2.0,False,False,0.8889025449752808,,,
IMG_a9a6feb7d1d4e069,3,03_7.0,4,IMG_4362f41d356ea6e2,3,03_4.0,False,False,0.879880428314209,,,
IMG_a9a6feb7d1d4e069,3,03_7.0,5,IMG_3d7bf72908e59499,3,03_3.0,False,False,0.8733412027359009,,,
IMG_a9a6feb7d1d4e069,3,03_7.0,6,IMG_08faeb63ca8035ce,3,03_7.0,False,True,0.8719942569732666,,,
IMG_a9a6feb7d1d4e069,3,03_7.0,7,IMG_bd146b01a5ab5e14,3,03_3.0,False,False,0.8712146282196045,,,
IMG_a9a6feb7d1d4e069,3,03_7.0,8,IMG_0c67105fef9f5e61,3,03_3.0,False,False,0.8682328462600708,,,
IMG_a9a6feb7d1d4e069,3,03_7.0,9,IMG_8ceb68df4b59d29e,3,03_6.0,False,False,0.8663815855979919,,,
IMG_a9a6feb7d1d4e069,3,03_7.0,10,IMG_0e03c96e3860a20c,3,03_3.0,False,False,0.8644169569015503,,,
IMG_339d3c59aa65dfd3,3,03_7.0,1,IMG_a9a6feb7d1d4e069,3,03_7.0,False,True,0.8966678380966187,,,
IMG_339d3c59aa65dfd3,3,03_7.0,2,IMG_899eab175cf11e80,3,03_2.0,False,False,0.8933137059211731,,,
IMG_339d3c59aa65dfd3,3,03_7.0,3,IMG_bd146b01a5ab5e14,3,03_3.0,False,False,0.8820950388908386,,,
IMG_339d3c59aa65dfd3,3,03_7.0,4,IMG_8ceb68df4b59d29e,3,03_6.0,False,False,0.8802522420883179,,,
IMG_339d3c59aa65dfd3,3,03_7.0,5,IMG_b741dc5a87e88d17,3,03_3.0,False,False,0.8797391653060913,,,
IMG_339d3c59aa65dfd3,3,03_7.0,6,IMG_53fa9fc0de5e468b,3,03_6.0,False,False,0.8749213218688965,,,
IMG_339d3c59aa65dfd3,3,03_7.0,7,IMG_5ac5d19ee41e1d13,3,03_10.0,False,False,0.8744204044342041,,,
IMG_339d3c59aa65dfd3,3,03_7.0,8,IMG_1b5b525951012d97,3,03_6.0,False,False,0.8718697428703308,,,
IMG_339d3c59aa65dfd3,3,03_7.0,9,IMG_93581bef499b37df,3,03_2.0,False,False,0.863605260848999,,,
IMG_339d3c59aa65dfd3,3,03_7.0,10,IMG_3be4c95c39822645,3,03_7.0,False,True,0.8585963249206543,,,
IMG_5f1db9c269b003a0,3,03_7.0,1,IMG_3d7bf72908e59499,3,03_3.0,False,False,0.9302355051040649,,,
IMG_5f1db9c269b003a0,3,03_7.0,2,IMG_90abd8938b874a0c,3,03_7.0,False,True,0.9239315986633301,,,
IMG_5f1db9c269b003a0,3,03_7.0,3,IMG_5130cbc7ffaae275,3,03_5.0,False,False,0.8863692283630371,,,
IMG_5f1db9c269b003a0,3,03_7.0,4,IMG_08faeb63ca8035ce,3,03_7.0,False,True,0.8842285871505737,,,
IMG_5f1db9c269b003a0,3,03_7.0,5,IMG_0e03c96e3860a20c,3,03_3.0,False,False,0.8820680379867554,,,
IMG_5f1db9c269b003a0,3,03_7.0,6,IMG_1aa8ecf722a1755f,3,03_4.0,False,False,0.8802696466445923,,,
IMG_5f1db9c269b003a0,3,03_7.0,7,IMG_b47a7d1dba914893,3,03_3.0,False,False,0.8782980442047119,,,
IMG_5f1db9c269b003a0,3,03_7.0,8,IMG_899eab175cf11e80,3,03_2.0,False,False,0.8727203607559204,,,
IMG_5f1db9c269b003a0,3,03_7.0,9,IMG_8b9236cb98f368af,3,03_10.0,False,False,0.8650098443031311,,,
IMG_5f1db9c269b003a0,3,03_7.0,10,IMG_077018732a20157b,3,03_5.0,False,False,0.8645105361938477,,,
IMG_a5daa51e2871d9c2,3,03_8.0,1,IMG_ba43326507a4120a,3,03_11.0,False,False,0.8463040590286255,,,
IMG_a5daa51e2871d9c2,3,03_8.0,2,IMG_03d24306c61e22a9,3,03_6.0,False,False,0.8215229511260986,,,
IMG_a5daa51e2871d9c2,3,03_8.0,3,IMG_7221598f1ce69371,3,03_10.0,False,False,0.8185631632804871,,,
IMG_a5daa51e2871d9c2,3,03_8.0,4,IMG_335800c884833eed,3,03_10.0,False,False,0.8086792230606079,,,
IMG_a5daa51e2871d9c2,3,03_8.0,5,IMG_4106e536034ce468,3,03_5.0,False,False,0.7913928031921387,,,
IMG_a5daa51e2871d9c2,3,03_8.0,6,IMG_3fff93b7a18937ff,3,03_10.0,False,False,0.7892788052558899,,,
IMG_a5daa51e2871d9c2,3,03_8.0,7,IMG_959dea87d88a6be9,3,03_2.0,False,False,0.7853925228118896,,,
IMG_a5daa51e2871d9c2,3,03_8.0,8,IMG_1aa8ecf722a1755f,3,03_4.0,False,False,0.7832911014556885,,,
IMG_a5daa51e2871d9c2,3,03_8.0,9,IMG_03955f459165fb69,3,03_4.0,False,False,0.7828928232192993,,,
IMG_a5daa51e2871d9c2,3,03_8.0,10,IMG_65f909fa289786fa,3,03_10.0,False,False,0.7799292206764221,,,
IMG_3a486e292583f5fd,3,03_8.0,1,IMG_a2990977479dc3b5,3,03_4.0,False,False,0.9081274271011353,,,
IMG_3a486e292583f5fd,3,03_8.0,2,IMG_1d5206db18203ba7,3,03_19.0,False,False,0.8999853134155273,,,
IMG_3a486e292583f5fd,3,03_8.0,3,IMG_35c3d34f6a3506e8,3,03_3.0,False,False,0.8943174481391907,,,
IMG_3a486e292583f5fd,3,03_8.0,4,IMG_93581bef499b37df,3,03_2.0,False,False,0.8925710916519165,,,
IMG_3a486e292583f5fd,3,03_8.0,5,IMG_1aa8ecf722a1755f,3,03_4.0,False,False,0.8910505771636963,,,
IMG_3a486e292583f5fd,3,03_8.0,6,IMG_fe7f2235d9b43df5,3,03_11.0,False,False,0.8906766176223755,,,
IMG_3a486e292583f5fd,3,03_8.0,7,IMG_b741dc5a87e88d17,3,03_3.0,False,False,0.8878511190414429,,,
IMG_3a486e292583f5fd,3,03_8.0,8,IMG_4856b607af778a83,3,03_3.0,False,False,0.8848172426223755,,,
IMG_3a486e292583f5fd,3,03_8.0,9,IMG_ba43326507a4120a,3,03_11.0,False,False,0.88271164894104,,,
IMG_3a486e292583f5fd,3,03_8.0,10,IMG_39f79aba2723784d,3,03_5.0,False,False,0.881652295589447,,,
IMG_d3e98335dbe44b76,3,03_8.0,1,IMG_caa2f160f554a749,3,03_22.0,False,False,0.7750301361083984,,,
IMG_d3e98335dbe44b76,3,03_8.0,2,IMG_5a1b2dae985f3055,3,03_13.0,False,False,0.7272655367851257,,,
IMG_d3e98335dbe44b76,3,03_8.0,3,IMG_043fc8d5cb71ffc0,3,03_7.0,False,False,0.7242171168327332,,,
IMG_d3e98335dbe44b76,3,03_8.0,4,IMG_74aa811586e07cff,3,03_10.0,False,False,0.709925651550293,,,
IMG_d3e98335dbe44b76,3,03_8.0,5,IMG_0543681d5ed37dc7,3,03_7.0,False,False,0.7010581493377686,,,
IMG_d3e98335dbe44b76,3,03_8.0,6,IMG_37548991b9872187,3,03_26.0,False,False,0.6621507406234741,,,
IMG_d3e98335dbe44b76,3,03_8.0,7,IMG_8579e0f92fd66f9d,3,03_14.0,False,False,0.6541820764541626,,,
IMG_d3e98335dbe44b76,3,03_8.0,8,IMG_a9a6feb7d1d4e069,3,03_7.0,False,False,0.6457782983779907,,,
IMG_d3e98335dbe44b76,3,03_8.0,9,IMG_41a15bee1ec02acd,3,03_11.0,False,False,0.6389524936676025,,,
IMG_d3e98335dbe44b76,3,03_8.0,10,IMG_ada3c7714cd970b3,3,03_19.0,False,False,0.6370812654495239,,,
IMG_19fc4b72ac608282,3,03_9.0,1,IMG_0e03c96e3860a20c,3,03_3.0,False,False,0.8615432977676392,,,
IMG_19fc4b72ac608282,3,03_9.0,2,IMG_8b18934c9a541949,3,03_5.0,False,False,0.8491404056549072,,,
IMG_19fc4b72ac608282,3,03_9.0,3,IMG_a606bdc025c9a6f7,3,03_27.0,False,False,0.8473027944564819,,,
IMG_19fc4b72ac608282,3,03_9.0,4,IMG_90abd8938b874a0c,3,03_7.0,False,False,0.8418608903884888,,,
IMG_19fc4b72ac608282,3,03_9.0,5,IMG_2b7e1f460614d568,3,03_3.0,False,False,0.8357584476470947,,,
IMG_19fc4b72ac608282,3,03_9.0,6,IMG_1b5b525951012d97,3,03_6.0,False,False,0.8306121826171875,,,
IMG_19fc4b72ac608282,3,03_9.0,7,IMG_3181ffe87aa13433,3,03_10.0,False,False,0.826880931854248,,,
IMG_19fc4b72ac608282,3,03_9.0,8,IMG_8bed067689af3d65,3,03_10.0,False,False,0.8260394334793091,,,
IMG_19fc4b72ac608282,3,03_9.0,9,IMG_1aa8ecf722a1755f,3,03_4.0,False,False,0.8250331282615662,,,
IMG_19fc4b72ac608282,3,03_9.0,10,IMG_57cfc4366a136861,3,03_5.0,False,False,0.8239084482192993,,,
IMG_d75db0a0fe0a29d2,3,03_9.0,1,IMG_91b6f41442da18f4,3,03_9.0,False,True,0.8789336681365967,,,
IMG_d75db0a0fe0a29d2,3,03_9.0,2,IMG_90448cd333a0b216,3,03_3.0,False,False,0.7547821402549744,,,
IMG_d75db0a0fe0a29d2,3,03_9.0,3,IMG_22c1d1571bf40f38,3,03_3.0,False,False,0.7359505295753479,,,
IMG_d75db0a0fe0a29d2,3,03_9.0,4,IMG_74aa811586e07cff,3,03_10.0,False,False,0.7123751044273376,,,
IMG_d75db0a0fe0a29d2,3,03_9.0,5,IMG_82a50ed5faf285df,3,03_3.0,False,False,0.7077962160110474,,,
IMG_d75db0a0fe0a29d2,3,03_9.0,6,IMG_e9581439a4d2c0fb,3,03_10.0,False,False,0.6907000541687012,,,
IMG_d75db0a0fe0a29d2,3,03_9.0,7,IMG_85a1df455dd25f66,3,03_3.0,False,False,0.6862854361534119,,,
IMG_d75db0a0fe0a29d2,3,03_9.0,8,IMG_c35286d04e6f978d,3,03_10.0,False,False,0.6850930452346802,,,
IMG_d75db0a0fe0a29d2,3,03_9.0,9,IMG_03193f6c99f32e8b,3,03_2.0,False,False,0.6715455651283264,,,
IMG_d75db0a0fe0a29d2,3,03_9.0,10,IMG_dd178000d5df56dc,3,03_2.0,False,False,0.6702600121498108,,,
IMG_91b6f41442da18f4,3,03_9.0,1,IMG_d75db0a0fe0a29d2,3,03_9.0,False,True,0.8789336681365967,,,
IMG_91b6f41442da18f4,3,03_9.0,2,IMG_22c1d1571bf40f38,3,03_3.0,False,False,0.8002845644950867,,,
IMG_91b6f41442da18f4,3,03_9.0,3,IMG_90448cd333a0b216,3,03_3.0,False,False,0.7697258591651917,,,
IMG_91b6f41442da18f4,3,03_9.0,4,IMG_74aa811586e07cff,3,03_10.0,False,False,0.7695643901824951,,,
IMG_91b6f41442da18f4,3,03_9.0,5,IMG_dd178000d5df56dc,3,03_2.0,False,False,0.7643613815307617,,,
IMG_91b6f41442da18f4,3,03_9.0,6,IMG_82a50ed5faf285df,3,03_3.0,False,False,0.7267991900444031,,,
IMG_91b6f41442da18f4,3,03_9.0,7,IMG_85a1df455dd25f66,3,03_3.0,False,False,0.7216830849647522,,,
IMG_91b6f41442da18f4,3,03_9.0,8,IMG_5171549ee9022d18,3,03_2.0,False,False,0.7141090631484985,,,
IMG_91b6f41442da18f4,3,03_9.0,9,IMG_5ce0980d29583409,3,03_17.0,False,False,0.7089388370513916,,,
IMG_91b6f41442da18f4,3,03_9.0,10,IMG_2ec9b729c3047f30,3,03_2.0,False,False,0.6823959946632385,,,
IMG_dda0725ed8e5c4be,3,03_9.0,1,IMG_5001302b0ed35221,3,03_9.0,False,True,0.8825467228889465,,,
IMG_dda0725ed8e5c4be,3,03_9.0,2,IMG_9e4ae5463339b33d,3,03_9.0,False,True,0.8701412081718445,,,
IMG_dda0725ed8e5c4be,3,03_9.0,3,IMG_ed8f4661bbbe6d5c,3,03_3.0,False,False,0.8352411985397339,,,
IMG_dda0725ed8e5c4be,3,03_9.0,4,IMG_2b7e1f460614d568,3,03_3.0,False,False,0.8322710394859314,,,
IMG_dda0725ed8e5c4be,3,03_9.0,5,IMG_0f0cd0e7c57181b2,3,03_10.0,False,False,0.8184891939163208,,,
IMG_dda0725ed8e5c4be,3,03_9.0,6,IMG_0e03c96e3860a20c,3,03_3.0,False,False,0.8108362555503845,,,
IMG_dda0725ed8e5c4be,3,03_9.0,7,IMG_20004a5ff9493615,3,03_6.0,False,False,0.8036919236183167,,,
IMG_dda0725ed8e5c4be,3,03_9.0,8,IMG_3181ffe87aa13433,3,03_10.0,False,False,0.8036010265350342,,,
IMG_dda0725ed8e5c4be,3,03_9.0,9,IMG_5171549ee9022d18,3,03_2.0,False,False,0.7894591093063354,,,
IMG_dda0725ed8e5c4be,3,03_9.0,10,IMG_59e35a6728f49f9b,3,03_3.0,False,False,0.784578800201416,,,
IMG_5001302b0ed35221,3,03_9.0,1,IMG_9e4ae5463339b33d,3,03_9.0,False,True,0.9138743281364441,,,
IMG_5001302b0ed35221,3,03_9.0,2,IMG_dda0725ed8e5c4be,3,03_9.0,False,True,0.8825467228889465,,,
IMG_5001302b0ed35221,3,03_9.0,3,IMG_814ea15230cf77ff,3,03_10.0,False,False,0.7990719676017761,,,
IMG_5001302b0ed35221,3,03_9.0,4,IMG_59e35a6728f49f9b,3,03_3.0,False,False,0.7950403690338135,,,
IMG_5001302b0ed35221,3,03_9.0,5,IMG_ed8f4661bbbe6d5c,3,03_3.0,False,False,0.7868070602416992,,,
IMG_5001302b0ed35221,3,03_9.0,6,IMG_b47a7d1dba914893,3,03_3.0,False,False,0.7775278687477112,,,
IMG_5001302b0ed35221,3,03_9.0,7,IMG_1c67b02ae9b59108,3,03_3.0,False,False,0.7770012617111206,,,
IMG_5001302b0ed35221,3,03_9.0,8,IMG_aade277476cfab5c,3,03_3.0,False,False,0.7766607403755188,,,
IMG_5001302b0ed35221,3,03_9.0,9,IMG_3181ffe87aa13433,3,03_10.0,False,False,0.7759683132171631,,,
IMG_5001302b0ed35221,3,03_9.0,10,IMG_0f0cd0e7c57181b2,3,03_10.0,False,False,0.7696725130081177,,,
IMG_9e4ae5463339b33d,3,03_9.0,1,IMG_5001302b0ed35221,3,03_9.0,False,True,0.9138743281364441,,,
IMG_9e4ae5463339b33d,3,03_9.0,2,IMG_dda0725ed8e5c4be,3,03_9.0,False,True,0.8701412081718445,,,
IMG_9e4ae5463339b33d,3,03_9.0,3,IMG_8b9236cb98f368af,3,03_10.0,False,False,0.824699878692627,,,
IMG_9e4ae5463339b33d,3,03_9.0,4,IMG_3181ffe87aa13433,3,03_10.0,False,False,0.8180095553398132,,,
IMG_9e4ae5463339b33d,3,03_9.0,5,IMG_1c67b02ae9b59108,3,03_3.0,False,False,0.8145962953567505,,,
IMG_9e4ae5463339b33d,3,03_9.0,6,IMG_831009435c1b2124,3,03_3.0,False,False,0.7911890745162964,,,
IMG_9e4ae5463339b33d,3,03_9.0,7,IMG_ed8f4661bbbe6d5c,3,03_3.0,False,False,0.7908551096916199,,,
IMG_9e4ae5463339b33d,3,03_9.0,8,IMG_814ea15230cf77ff,3,03_10.0,False,False,0.790411651134491,,,
IMG_9e4ae5463339b33d,3,03_9.0,9,IMG_0f0cd0e7c57181b2,3,03_10.0,False,False,0.788804292678833,,,
IMG_9e4ae5463339b33d,3,03_9.0,10,IMG_7221598f1ce69371,3,03_10.0,False,False,0.7875754833221436,,,
IMG_1636755f70f7c2a6,3,03_9.0,1,IMG_114077120d0a2d98,3,03_2.0,False,False,0.9058861136436462,,,
IMG_1636755f70f7c2a6,3,03_9.0,2,IMG_47e393aa821fedbd,3,03_9.0,False,True,0.8815872669219971,,,
IMG_1636755f70f7c2a6,3,03_9.0,3,IMG_5fc2f2b7ba500dab,3,03_3.0,False,False,0.875483512878418,,,
IMG_1636755f70f7c2a6,3,03_9.0,4,IMG_154da4f02db54fae,3,03_10.0,False,False,0.8458826541900635,,,
IMG_1636755f70f7c2a6,3,03_9.0,5,IMG_a709803aa29ba81a,3,03_1.0,False,False,0.840840220451355,,,
IMG_1636755f70f7c2a6,3,03_9.0,6,IMG_3c1c5ee868b49ff2,3,03_3.0,False,False,0.8374412059783936,,,
IMG_1636755f70f7c2a6,3,03_9.0,7,IMG_831009435c1b2124,3,03_3.0,False,False,0.824543833732605,,,
IMG_1636755f70f7c2a6,3,03_9.0,8,IMG_b47a7d1dba914893,3,03_3.0,False,False,0.817017674446106,,,
IMG_1636755f70f7c2a6,3,03_9.0,9,IMG_8e3a299e2759fd8a,3,03_31.0,False,False,0.8080732226371765,,,
IMG_1636755f70f7c2a6,3,03_9.0,10,IMG_e6c01595ce3ac10f,3,03_2.0,False,False,0.8025725483894348,,,
IMG_47e393aa821fedbd,3,03_9.0,1,IMG_1636755f70f7c2a6,3,03_9.0,False,True,0.8815872669219971,,,
IMG_47e393aa821fedbd,3,03_9.0,2,IMG_114077120d0a2d98,3,03_2.0,False,False,0.854190468788147,,,
IMG_47e393aa821fedbd,3,03_9.0,3,IMG_e6c01595ce3ac10f,3,03_2.0,False,False,0.8209157586097717,,,
IMG_47e393aa821fedbd,3,03_9.0,4,IMG_a709803aa29ba81a,3,03_1.0,False,False,0.8156886100769043,,,
IMG_47e393aa821fedbd,3,03_9.0,5,IMG_8862ecab58a95486,3,03_3.0,False,False,0.7993855476379395,,,
IMG_47e393aa821fedbd,3,03_9.0,6,IMG_154da4f02db54fae,3,03_10.0,False,False,0.7945018410682678,,,
IMG_47e393aa821fedbd,3,03_9.0,7,IMG_5fc2f2b7ba500dab,3,03_3.0,False,False,0.78992760181427,,,
IMG_47e393aa821fedbd,3,03_9.0,8,IMG_59e35a6728f49f9b,3,03_3.0,False,False,0.7720985412597656,,,
IMG_47e393aa821fedbd,3,03_9.0,9,IMG_831009435c1b2124,3,03_3.0,False,False,0.7704501152038574,,,
IMG_47e393aa821fedbd,3,03_9.0,10,IMG_b47a7d1dba914893,3,03_3.0,False,False,0.7702845931053162,,,
IMG_302da20670764559,3,03_9.0,1,IMG_5ac5d19ee41e1d13,3,03_10.0,False,False,0.9013631343841553,,,
IMG_302da20670764559,3,03_9.0,2,IMG_bd146b01a5ab5e14,3,03_3.0,False,False,0.9005618691444397,,,
IMG_302da20670764559,3,03_9.0,3,IMG_9935b9839e10b78b,3,03_2.0,False,False,0.8837136030197144,,,
IMG_302da20670764559,3,03_9.0,4,IMG_b6342a46f1941cbd,3,03_11.0,False,False,0.8828626871109009,,,
IMG_302da20670764559,3,03_9.0,5,IMG_56c52fd2b2f396b8,3,03_20.0,False,False,0.8773477077484131,,,
IMG_302da20670764559,3,03_9.0,6,IMG_53fa9fc0de5e468b,3,03_6.0,False,False,0.8748725652694702,,,
IMG_302da20670764559,3,03_9.0,7,IMG_b741dc5a87e88d17,3,03_3.0,False,False,0.8693743348121643,,,
IMG_302da20670764559,3,03_9.0,8,IMG_93581bef499b37df,3,03_2.0,False,False,0.8652302026748657,,,
IMG_302da20670764559,3,03_9.0,9,IMG_3962a1dc6c4292b4,3,03_4.0,False,False,0.8518330454826355,,,
IMG_302da20670764559,3,03_9.0,10,IMG_d71fa1d9962a816c,3,03_20.0,False,False,0.8515006303787231,,,
IMG_b825df862b6e289f,3,03_9.0,1,IMG_6093a75e3e14d5df,3,03_2.0,False,False,0.9006900191307068,,,
IMG_b825df862b6e289f,3,03_9.0,2,IMG_2d5a71d4a5613a7a,3,03_2.0,False,False,0.896763801574707,,,
IMG_b825df862b6e289f,3,03_9.0,3,IMG_4ccf8f053eafa970,3,03_5.0,False,False,0.8837395906448364,,,
IMG_b825df862b6e289f,3,03_9.0,4,IMG_3962a1dc6c4292b4,3,03_4.0,False,False,0.8800488710403442,,,
IMG_b825df862b6e289f,3,03_9.0,5,IMG_c3eab7f40d20dd73,3,03_11.0,False,False,0.8690794110298157,,,
IMG_b825df862b6e289f,3,03_9.0,6,IMG_d71fa1d9962a816c,3,03_20.0,False,False,0.8683104515075684,,,
IMG_b825df862b6e289f,3,03_9.0,7,IMG_9935b9839e10b78b,3,03_2.0,False,False,0.8666905760765076,,,
IMG_b825df862b6e289f,3,03_9.0,8,IMG_fe7f2235d9b43df5,3,03_11.0,False,False,0.8654665946960449,,,
IMG_b825df862b6e289f,3,03_9.0,9,IMG_3a486e292583f5fd,3,03_8.0,False,False,0.859085202217102,,,
IMG_b825df862b6e289f,3,03_9.0,10,IMG_53fa9fc0de5e468b,3,03_6.0,False,False,0.8527023792266846,,,
IMG_24134fc15ba96652,3,03_9.0,1,IMG_bec26851aca3f97d,3,03_5.0,False,False,0.8045002222061157,,,
IMG_24134fc15ba96652,3,03_9.0,2,IMG_4106e536034ce468,3,03_5.0,False,False,0.8032124638557434,,,
IMG_24134fc15ba96652,3,03_9.0,3,IMG_959dea87d88a6be9,3,03_2.0,False,False,0.785380482673645,,,
IMG_24134fc15ba96652,3,03_9.0,4,IMG_4b86dee50375da53,3,03_10.0,False,False,0.7645023465156555,,,
IMG_24134fc15ba96652,3,03_9.0,5,IMG_1cd9988f9d499955,3,03_10.0,False,False,0.7584176063537598,,,
IMG_24134fc15ba96652,3,03_9.0,6,IMG_b825df862b6e289f,3,03_9.0,False,True,0.7440571188926697,,,
IMG_24134fc15ba96652,3,03_9.0,7,IMG_d9d5189844371896,3,03_3.0,False,False,0.7426076531410217,,,
IMG_24134fc15ba96652,3,03_9.0,8,IMG_3fff93b7a18937ff,3,03_10.0,False,False,0.7323788404464722,,,
IMG_24134fc15ba96652,3,03_9.0,9,IMG_4ccf8f053eafa970,3,03_5.0,False,False,0.7321964502334595,,,
IMG_24134fc15ba96652,3,03_9.0,10,IMG_c3eab7f40d20dd73,3,03_11.0,False,False,0.7273324131965637,,,
IMG_74aa811586e07cff,3,03_10.0,1,IMG_22c1d1571bf40f38,3,03_3.0,False,False,0.8287869095802307,,,
IMG_74aa811586e07cff,3,03_10.0,2,IMG_82a50ed5faf285df,3,03_3.0,False,False,0.8166866302490234,,,
IMG_74aa811586e07cff,3,03_10.0,3,IMG_90448cd333a0b216,3,03_3.0,False,False,0.8117407560348511,,,
IMG_74aa811586e07cff,3,03_10.0,4,IMG_043fc8d5cb71ffc0,3,03_7.0,False,False,0.8051283955574036,,,
IMG_74aa811586e07cff,3,03_10.0,5,IMG_caa2f160f554a749,3,03_22.0,False,False,0.7830125093460083,,,
IMG_74aa811586e07cff,3,03_10.0,6,IMG_f4b55c978d9b27ad,3,03_7.0,False,False,0.7771756649017334,,,
IMG_74aa811586e07cff,3,03_10.0,7,IMG_91b6f41442da18f4,3,03_9.0,False,False,0.7695643901824951,,,
IMG_74aa811586e07cff,3,03_10.0,8,IMG_102c379d7d6b4a9c,3,03_3.0,False,False,0.7524529695510864,,,
IMG_74aa811586e07cff,3,03_10.0,9,IMG_03193f6c99f32e8b,3,03_2.0,False,False,0.7523861527442932,,,
IMG_74aa811586e07cff,3,03_10.0,10,IMG_2ec9b729c3047f30,3,03_2.0,False,False,0.7508912086486816,,,
IMG_0f0cd0e7c57181b2,3,03_10.0,1,IMG_ed8f4661bbbe6d5c,3,03_3.0,False,False,0.9084107875823975,,,
IMG_0f0cd0e7c57181b2,3,03_10.0,2,IMG_814ea15230cf77ff,3,03_10.0,False,True,0.9045409560203552,,,
IMG_0f0cd0e7c57181b2,3,03_10.0,3,IMG_831009435c1b2124,3,03_3.0,False,False,0.9030894041061401,,,
IMG_0f0cd0e7c57181b2,3,03_10.0,4,IMG_3181ffe87aa13433,3,03_10.0,False,True,0.9013220071792603,,,
IMG_0f0cd0e7c57181b2,3,03_10.0,5,IMG_4856b607af778a83,3,03_3.0,False,False,0.8888975977897644,,,
IMG_0f0cd0e7c57181b2,3,03_10.0,6,IMG_0e03c96e3860a20c,3,03_3.0,False,False,0.8789036273956299,,,
IMG_0f0cd0e7c57181b2,3,03_10.0,7,IMG_03955f459165fb69,3,03_4.0,False,False,0.8784440755844116,,,
IMG_0f0cd0e7c57181b2,3,03_10.0,8,IMG_35c3d34f6a3506e8,3,03_3.0,False,False,0.8746858835220337,,,
IMG_0f0cd0e7c57181b2,3,03_10.0,9,IMG_3d7bf72908e59499,3,03_3.0,False,False,0.872573733329773,,,
IMG_0f0cd0e7c57181b2,3,03_10.0,10,IMG_1c67b02ae9b59108,3,03_3.0,False,False,0.8680488467216492,,,
IMG_814ea15230cf77ff,3,03_10.0,1,IMG_aade277476cfab5c,3,03_3.0,False,False,0.9292150735855103,,,
IMG_814ea15230cf77ff,3,03_10.0,2,IMG_0f0cd0e7c57181b2,3,03_10.0,False,True,0.9045409560203552,,,
IMG_814ea15230cf77ff,3,03_10.0,3,IMG_ed8f4661bbbe6d5c,3,03_3.0,False,False,0.891652524471283,,,
IMG_814ea15230cf77ff,3,03_10.0,4,IMG_0c67105fef9f5e61,3,03_3.0,False,False,0.8807767629623413,,,
IMG_814ea15230cf77ff,3,03_10.0,5,IMG_3d7bf72908e59499,3,03_3.0,False,False,0.877518355846405,,,
IMG_814ea15230cf77ff,3,03_10.0,6,IMG_5130cbc7ffaae275,3,03_5.0,False,False,0.8761407732963562,,,
IMG_814ea15230cf77ff,3,03_10.0,7,IMG_0e03c96e3860a20c,3,03_3.0,False,False,0.8658108711242676,,,
IMG_814ea15230cf77ff,3,03_10.0,8,IMG_3181ffe87aa13433,3,03_10.0,False,True,0.8633960485458374,,,
IMG_814ea15230cf77ff,3,03_10.0,9,IMG_85a1df455dd25f66,3,03_3.0,False,False,0.8629009127616882,,,
IMG_814ea15230cf77ff,3,03_10.0,10,IMG_5f1db9c269b003a0,3,03_7.0,False,False,0.8587372303009033,,,
IMG_5ac5d19ee41e1d13,3,03_10.0,1,IMG_b741dc5a87e88d17,3,03_3.0,False,False,0.9293558597564697,,,
IMG_5ac5d19ee41e1d13,3,03_10.0,2,IMG_53fa9fc0de5e468b,3,03_6.0,False,False,0.9184939861297607,,,
IMG_5ac5d19ee41e1d13,3,03_10.0,3,IMG_93581bef499b37df,3,03_2.0,False,False,0.9071938991546631,,,
IMG_5ac5d19ee41e1d13,3,03_10.0,4,IMG_3be4c95c39822645,3,03_7.0,False,False,0.9033882021903992,,,
IMG_5ac5d19ee41e1d13,3,03_10.0,5,IMG_09c470048aa5a620,3,03_6.0,False,False,0.9018713235855103,,,
IMG_5ac5d19ee41e1d13,3,03_10.0,6,IMG_302da20670764559,3,03_9.0,False,False,0.9013631343841553,,,
IMG_5ac5d19ee41e1d13,3,03_10.0,7,IMG_bd146b01a5ab5e14,3,03_3.0,False,False,0.900373101234436,,,
IMG_5ac5d19ee41e1d13,3,03_10.0,8,IMG_a2990977479dc3b5,3,03_4.0,False,False,0.9001388549804688,,,
IMG_5ac5d19ee41e1d13,3,03_10.0,9,IMG_84f7a1d69468357d,3,03_16.0,False,False,0.8985613584518433,,,
IMG_5ac5d19ee41e1d13,3,03_10.0,10,IMG_56c52fd2b2f396b8,3,03_20.0,False,False,0.8933724164962769,,,
IMG_3181ffe87aa13433,3,03_10.0,1,IMG_8b9236cb98f368af,3,03_10.0,False,True,0.9385042190551758,,,
IMG_3181ffe87aa13433,3,03_10.0,2,IMG_0f0cd0e7c57181b2,3,03_10.0,False,True,0.9013220071792603,,,
IMG_3181ffe87aa13433,3,03_10.0,3,IMG_0e03c96e3860a20c,3,03_3.0,False,False,0.8921065330505371,,,
IMG_3181ffe87aa13433,3,03_10.0,4,IMG_3d7bf72908e59499,3,03_3.0,False,False,0.881141185760498,,,
IMG_3181ffe87aa13433,3,03_10.0,5,IMG_ed8f4661bbbe6d5c,3,03_3.0,False,False,0.8794907927513123,,,
IMG_3181ffe87aa13433,3,03_10.0,6,IMG_1aa8ecf722a1755f,3,03_4.0,False,False,0.873416543006897,,,
IMG_3181ffe87aa13433,3,03_10.0,7,IMG_08faeb63ca8035ce,3,03_7.0,False,False,0.8724392652511597,,,
IMG_3181ffe87aa13433,3,03_10.0,8,IMG_90abd8938b874a0c,3,03_7.0,False,False,0.871214747428894,,,
IMG_3181ffe87aa13433,3,03_10.0,9,IMG_1c67b02ae9b59108,3,03_3.0,False,False,0.8712117671966553,,,
IMG_3181ffe87aa13433,3,03_10.0,10,IMG_03955f459165fb69,3,03_4.0,False,False,0.8699219226837158,,,
IMG_8b9236cb98f368af,3,03_10.0,1,IMG_3181ffe87aa13433,3,03_10.0,False,True,0.9385042190551758,,,
IMG_8b9236cb98f368af,3,03_10.0,2,IMG_1aa8ecf722a1755f,3,03_4.0,False,False,0.8958500027656555,,,
IMG_8b9236cb98f368af,3,03_10.0,3,IMG_0e03c96e3860a20c,3,03_3.0,False,False,0.8877185583114624,,,
IMG_8b9236cb98f368af,3,03_10.0,4,IMG_90abd8938b874a0c,3,03_7.0,False,False,0.8795567750930786,,,
IMG_8b9236cb98f368af,3,03_10.0,5,IMG_831009435c1b2124,3,03_3.0,False,False,0.877967894077301,,,
IMG_8b9236cb98f368af,3,03_10.0,6,IMG_35c3d34f6a3506e8,3,03_3.0,False,False,0.874629020690918,,,
IMG_8b9236cb98f368af,3,03_10.0,7,IMG_03955f459165fb69,3,03_4.0,False,False,0.8686762452125549,,,
IMG_8b9236cb98f368af,3,03_10.0,8,IMG_1c67b02ae9b59108,3,03_3.0,False,False,0.8674987554550171,,,
IMG_8b9236cb98f368af,3,03_10.0,9,IMG_8bed067689af3d65,3,03_10.0,False,True,0.8659549355506897,,,
IMG_8b9236cb98f368af,3,03_10.0,10,IMG_5f1db9c269b003a0,3,03_7.0,False,False,0.8650098443031311,,,
IMG_7221598f1ce69371,3,03_10.0,1,IMG_831009435c1b2124,3,03_3.0,False,False,0.9045088291168213,,,
IMG_7221598f1ce69371,3,03_10.0,2,IMG_b47a7d1dba914893,3,03_3.0,False,False,0.8669849634170532,,,
IMG_7221598f1ce69371,3,03_10.0,3,IMG_e6c01595ce3ac10f,3,03_2.0,False,False,0.8647918701171875,,,
IMG_7221598f1ce69371,3,03_10.0,4,IMG_154da4f02db54fae,3,03_10.0,False,True,0.8628900051116943,,,
IMG_7221598f1ce69371,3,03_10.0,5,IMG_335800c884833eed,3,03_10.0,False,True,0.8494648933410645,,,
IMG_7221598f1ce69371,3,03_10.0,6,IMG_03955f459165fb69,3,03_4.0,False,False,0.8478504419326782,,,
IMG_7221598f1ce69371,3,03_10.0,7,IMG_3181ffe87aa13433,3,03_10.0,False,True,0.843890905380249,,,
IMG_7221598f1ce69371,3,03_10.0,8,IMG_0f0cd0e7c57181b2,3,03_10.0,False,True,0.8411332964897156,,,
IMG_7221598f1ce69371,3,03_10.0,9,IMG_4856b607af778a83,3,03_3.0,False,False,0.8276643753051758,,,
IMG_7221598f1ce69371,3,03_10.0,10,IMG_1aa8ecf722a1755f,3,03_4.0,False,False,0.8254777193069458,,,
IMG_154da4f02db54fae,3,03_10.0,1,IMG_831009435c1b2124,3,03_3.0,False,False,0.9026120901107788,,,
IMG_154da4f02db54fae,3,03_10.0,2,IMG_335800c884833eed,3,03_10.0,False,True,0.8895125389099121,,,
IMG_154da4f02db54fae,3,03_10.0,3,IMG_b47a7d1dba914893,3,03_3.0,False,False,0.8752691745758057,,,
IMG_154da4f02db54fae,3,03_10.0,4,IMG_114077120d0a2d98,3,03_2.0,False,False,0.8721858263015747,,,
IMG_154da4f02db54fae,3,03_10.0,5,IMG_7221598f1ce69371,3,03_10.0,False,True,0.8628900051116943,,,
IMG_154da4f02db54fae,3,03_10.0,6,IMG_1636755f70f7c2a6,3,03_9.0,False,False,0.8458826541900635,,,
IMG_154da4f02db54fae,3,03_10.0,7,IMG_0f0cd0e7c57181b2,3,03_10.0,False,True,0.8428081274032593,,,
IMG_154da4f02db54fae,3,03_10.0,8,IMG_814ea15230cf77ff,3,03_10.0,False,True,0.8405060768127441,,,
IMG_154da4f02db54fae,3,03_10.0,9,IMG_5fc2f2b7ba500dab,3,03_3.0,False,False,0.839203953742981,,,
IMG_154da4f02db54fae,3,03_10.0,10,IMG_4856b607af778a83,3,03_3.0,False,False,0.8387330174446106,,,
IMG_335800c884833eed,3,03_10.0,1,IMG_4856b607af778a83,3,03_3.0,False,False,0.9286895990371704,,,
IMG_335800c884833eed,3,03_10.0,2,IMG_35c3d34f6a3506e8,3,03_3.0,False,False,0.9082127809524536,,,
IMG_335800c884833eed,3,03_10.0,3,IMG_831009435c1b2124,3,03_3.0,False,False,0.8981209993362427,,,
IMG_335800c884833eed,3,03_10.0,4,IMG_154da4f02db54fae,3,03_10.0,False,True,0.8895125389099121,,,
IMG_335800c884833eed,3,03_10.0,5,IMG_03955f459165fb69,3,03_4.0,False,False,0.885075569152832,,,
IMG_335800c884833eed,3,03_10.0,6,IMG_a2990977479dc3b5,3,03_4.0,False,False,0.8847129344940186,,,
IMG_335800c884833eed,3,03_10.0,7,IMG_65f909fa289786fa,3,03_10.0,False,True,0.8809622526168823,,,
IMG_335800c884833eed,3,03_10.0,8,IMG_ba43326507a4120a,3,03_11.0,False,False,0.8723398447036743,,,
IMG_335800c884833eed,3,03_10.0,9,IMG_1aa8ecf722a1755f,3,03_4.0,False,False,0.8641940355300903,,,
IMG_335800c884833eed,3,03_10.0,10,IMG_4ccf8f053eafa970,3,03_5.0,False,False,0.854690670967102,,,
IMG_65f909fa289786fa,3,03_10.0,1,IMG_ba43326507a4120a,3,03_11.0,False,False,0.9048080444335938,,,
IMG_65f909fa289786fa,3,03_10.0,2,IMG_a2990977479dc3b5,3,03_4.0,False,False,0.8962013721466064,,,
IMG_65f909fa289786fa,3,03_10.0,3,IMG_03955f459165fb69,3,03_4.0,False,False,0.8907585144042969,,,
IMG_65f909fa289786fa,3,03_10.0,4,IMG_35c3d34f6a3506e8,3,03_3.0,False,False,0.8825269937515259,,,
IMG_65f909fa289786fa,3,03_10.0,5,IMG_335800c884833eed,3,03_10.0,False,True,0.8809622526168823,,,
IMG_65f909fa289786fa,3,03_10.0,6,IMG_fe7f2235d9b43df5,3,03_11.0,False,False,0.875846266746521,,,
IMG_65f909fa289786fa,3,03_10.0,7,IMG_4856b607af778a83,3,03_3.0,False,False,0.8738768100738525,,,
IMG_65f909fa289786fa,3,03_10.0,8,IMG_3a486e292583f5fd,3,03_8.0,False,False,0.8603430986404419,,,
IMG_65f909fa289786fa,3,03_10.0,9,IMG_d71fa1d9962a816c,3,03_20.0,False,False,0.8593836426734924,,,
IMG_65f909fa289786fa,3,03_10.0,10,IMG_3962a1dc6c4292b4,3,03_4.0,False,False,0.8443170785903931,,,
IMG_1cd9988f9d499955,3,03_10.0,1,IMG_3fff93b7a18937ff,3,03_10.0,False,True,0.9223105907440186,,,
IMG_1cd9988f9d499955,3,03_10.0,2,IMG_4b86dee50375da53,3,03_10.0,False,True,0.9146716594696045,,,
IMG_1cd9988f9d499955,3,03_10.0,3,IMG_4106e536034ce468,3,03_5.0,False,False,0.8598763942718506,,,
IMG_1cd9988f9d499955,3,03_10.0,4,IMG_d9d5189844371896,3,03_3.0,False,False,0.8443102240562439,,,
IMG_1cd9988f9d499955,3,03_10.0,5,IMG_33cbcc15b479c201,3,03_3.0,False,False,0.8268480896949768,,,
IMG_1cd9988f9d499955,3,03_10.0,6,IMG_d5cd8fda05dc114c,3,03_3.0,False,False,0.8263977766036987,,,
IMG_1cd9988f9d499955,3,03_10.0,7,IMG_bec26851aca3f97d,3,03_5.0,False,False,0.801876962184906,,,
IMG_1cd9988f9d499955,3,03_10.0,8,IMG_23eee2d344e472b9,3,03_14.0,False,False,0.7718290090560913,,,
IMG_1cd9988f9d499955,3,03_10.0,9,IMG_24134fc15ba96652,3,03_9.0,False,False,0.7584176063537598,,,
IMG_1cd9988f9d499955,3,03_10.0,10,IMG_959dea87d88a6be9,3,03_2.0,False,False,0.7583352327346802,,,
IMG_3fff93b7a18937ff,3,03_10.0,1,IMG_4b86dee50375da53,3,03_10.0,False,True,0.9426778554916382,,,
IMG_3fff93b7a18937ff,3,03_10.0,2,IMG_1cd9988f9d499955,3,03_10.0,False,True,0.9223105907440186,,,
IMG_3fff93b7a18937ff,3,03_10.0,3,IMG_d5cd8fda05dc114c,3,03_3.0,False,False,0.8700666427612305,,,
IMG_3fff93b7a18937ff,3,03_10.0,4,IMG_4106e536034ce468,3,03_5.0,False,False,0.8642152547836304,,,
IMG_3fff93b7a18937ff,3,03_10.0,5,IMG_959dea87d88a6be9,3,03_2.0,False,False,0.8422669172286987,,,
IMG_3fff93b7a18937ff,3,03_10.0,6,IMG_6093a75e3e14d5df,3,03_2.0,False,False,0.8173248767852783,,,
IMG_3fff93b7a18937ff,3,03_10.0,7,IMG_4ccf8f053eafa970,3,03_5.0,False,False,0.8154818415641785,,,
IMG_3fff93b7a18937ff,3,03_10.0,8,IMG_23eee2d344e472b9,3,03_14.0,False,False,0.8023033142089844,,,
IMG_3fff93b7a18937ff,3,03_10.0,9,IMG_33cbcc15b479c201,3,03_3.0,False,False,0.7985637187957764,,,
IMG_3fff93b7a18937ff,3,03_10.0,10,IMG_2d5a71d4a5613a7a,3,03_2.0,False,False,0.7967573404312134,,,
IMG_4b86dee50375da53,3,03_10.0,1,IMG_3fff93b7a18937ff,3,03_10.0,False,True,0.9426778554916382,,,
IMG_4b86dee50375da53,3,03_10.0,2,IMG_1cd9988f9d499955,3,03_10.0,False,True,0.9146716594696045,,,
IMG_4b86dee50375da53,3,03_10.0,3,IMG_4106e536034ce468,3,03_5.0,False,False,0.8933867812156677,,,
IMG_4b86dee50375da53,3,03_10.0,4,IMG_959dea87d88a6be9,3,03_2.0,False,False,0.8679245710372925,,,
IMG_4b86dee50375da53,3,03_10.0,5,IMG_4ccf8f053eafa970,3,03_5.0,False,False,0.846347451210022,,,
IMG_4b86dee50375da53,3,03_10.0,6,IMG_6093a75e3e14d5df,3,03_2.0,False,False,0.8262633085250854,,,
IMG_4b86dee50375da53,3,03_10.0,7,IMG_23eee2d344e472b9,3,03_14.0,False,False,0.8253241181373596,,,
IMG_4b86dee50375da53,3,03_10.0,8,IMG_33cbcc15b479c201,3,03_3.0,False,False,0.8126388192176819,,,
IMG_4b86dee50375da53,3,03_10.0,9,IMG_2d5a71d4a5613a7a,3,03_2.0,False,False,0.8126239776611328,,,
IMG_4b86dee50375da53,3,03_10.0,10,IMG_d5cd8fda05dc114c,3,03_3.0,False,False,0.8086229562759399,,,
IMG_e9581439a4d2c0fb,3,03_10.0,1,IMG_c35286d04e6f978d,3,03_10.0,False,True,0.8789377212524414,,,
IMG_e9581439a4d2c0fb,3,03_10.0,2,IMG_90448cd333a0b216,3,03_3.0,False,False,0.828999400138855,,,
IMG_e9581439a4d2c0fb,3,03_10.0,3,IMG_85a1df455dd25f66,3,03_3.0,False,False,0.7996953725814819,,,
IMG_e9581439a4d2c0fb,3,03_10.0,4,IMG_22c1d1571bf40f38,3,03_3.0,False,False,0.772347092628479,,,
IMG_e9581439a4d2c0fb,3,03_10.0,5,IMG_59e35a6728f49f9b,3,03_3.0,False,False,0.765987753868103,,,
IMG_e9581439a4d2c0fb,3,03_10.0,6,IMG_88989ec7c9b90745,3,03_18.0,False,False,0.7659327983856201,,,
IMG_e9581439a4d2c0fb,3,03_10.0,7,IMG_9e047d15e1fd2ddb,3,03_2.0,False,False,0.7642792463302612,,,
IMG_e9581439a4d2c0fb,3,03_10.0,8,IMG_8862ecab58a95486,3,03_3.0,False,False,0.7369359731674194,,,
IMG_e9581439a4d2c0fb,3,03_10.0,9,IMG_2ec9b729c3047f30,3,03_2.0,False,False,0.736886739730835,,,
IMG_e9581439a4d2c0fb,3,03_10.0,10,IMG_5171549ee9022d18,3,03_2.0,False,False,0.73344486951828,,,
IMG_c35286d04e6f978d,3,03_10.0,1,IMG_e9581439a4d2c0fb,3,03_10.0,False,True,0.8789377212524414,,,
IMG_c35286d04e6f978d,3,03_10.0,2,IMG_90448cd333a0b216,3,03_3.0,False,False,0.8741456270217896,,,
IMG_c35286d04e6f978d,3,03_10.0,3,IMG_9e047d15e1fd2ddb,3,03_2.0,False,False,0.8422280550003052,,,
IMG_c35286d04e6f978d,3,03_10.0,4,IMG_85a1df455dd25f66,3,03_3.0,False,False,0.8417125940322876,,,
IMG_c35286d04e6f978d,3,03_10.0,5,IMG_88989ec7c9b90745,3,03_18.0,False,False,0.832953691482544,,,
IMG_c35286d04e6f978d,3,03_10.0,6,IMG_aade277476cfab5c,3,03_3.0,False,False,0.8243588209152222,,,
IMG_c35286d04e6f978d,3,03_10.0,7,IMG_2ec9b729c3047f30,3,03_2.0,False,False,0.8198255300521851,,,
IMG_c35286d04e6f978d,3,03_10.0,8,IMG_0e03c96e3860a20c,3,03_3.0,False,False,0.8138567805290222,,,
IMG_c35286d04e6f978d,3,03_10.0,9,IMG_22c1d1571bf40f38,3,03_3.0,False,False,0.8084746599197388,,,
IMG_c35286d04e6f978d,3,03_10.0,10,IMG_5f1db9c269b003a0,3,03_7.0,False,False,0.8082542419433594,,,
IMG_8bed067689af3d65,3,03_10.0,1,IMG_8b9236cb98f368af,3,03_10.0,False,True,0.8659549355506897,,,
IMG_8bed067689af3d65,3,03_10.0,2,IMG_0e03c96e3860a20c,3,03_3.0,False,False,0.86470627784729,,,
IMG_8bed067689af3d65,3,03_10.0,3,IMG_8b18934c9a541949,3,03_5.0,False,False,0.8638229370117188,,,
IMG_8bed067689af3d65,3,03_10.0,4,IMG_1aa8ecf722a1755f,3,03_4.0,False,False,0.8633722066879272,,,
IMG_8bed067689af3d65,3,03_10.0,5,IMG_077018732a20157b,3,03_5.0,False,False,0.8598934412002563,,,
IMG_8bed067689af3d65,3,03_10.0,6,IMG_3e828dc68c7d0898,3,03_5.0,False,False,0.8596797585487366,,,
IMG_8bed067689af3d65,3,03_10.0,7,IMG_1b5b525951012d97,3,03_6.0,False,False,0.8590584993362427,,,
IMG_8bed067689af3d65,3,03_10.0,8,IMG_4856b607af778a83,3,03_3.0,False,False,0.8545434474945068,,,
IMG_8bed067689af3d65,3,03_10.0,9,IMG_831009435c1b2124,3,03_3.0,False,False,0.8542294502258301,,,
IMG_8bed067689af3d65,3,03_10.0,10,IMG_35c3d34f6a3506e8,3,03_3.0,False,False,0.8520487546920776,,,
IMG_b00cc602f340f203,3,03_10.0,1,IMG_a3430090c4ce7a3b,3,03_2.0,False,False,0.8884132504463196,,,
IMG_b00cc602f340f203,3,03_10.0,2,IMG_4346881113cb7134,3,03_5.0,False,False,0.8759562969207764,,,
IMG_b00cc602f340f203,3,03_10.0,3,IMG_f0e20029fd5e8703,3,03_14.0,False,False,0.8582785725593567,,,
IMG_b00cc602f340f203,3,03_10.0,4,IMG_14e79d03c1704745,3,03_19.0,False,False,0.7363077402114868,,,
IMG_b00cc602f340f203,3,03_10.0,5,IMG_302da20670764559,3,03_9.0,False,False,0.7220726013183594,,,
IMG_b00cc602f340f203,3,03_10.0,6,IMG_41a15bee1ec02acd,3,03_11.0,False,False,0.7173516154289246,,,
IMG_b00cc602f340f203,3,03_10.0,7,IMG_f2f062b428b6acde,3,03_10.0,False,True,0.7053648233413696,,,
IMG_b00cc602f340f203,3,03_10.0,8,IMG_102c379d7d6b4a9c,3,03_3.0,False,False,0.6971162557601929,,,
IMG_b00cc602f340f203,3,03_10.0,9,IMG_bc4453d9ee311912,3,03_26.0,False,False,0.6859482526779175,,,
IMG_b00cc602f340f203,3,03_10.0,10,IMG_a9a6feb7d1d4e069,3,03_7.0,False,False,0.6855553388595581,,,
IMG_fd391b80928842b0,3,03_10.0,1,IMG_be100e1748f17ad1,3,03_10.0,False,True,0.9495663046836853,,,
IMG_fd391b80928842b0,3,03_10.0,2,IMG_3be4c95c39822645,3,03_7.0,False,False,0.9280142784118652,,,
IMG_fd391b80928842b0,3,03_10.0,3,IMG_1b5b525951012d97,3,03_6.0,False,False,0.9136655330657959,,,
IMG_fd391b80928842b0,3,03_10.0,4,IMG_f6a06551b419c8d3,3,03_2.0,False,False,0.8986234664916992,,,
IMG_fd391b80928842b0,3,03_10.0,5,IMG_09c470048aa5a620,3,03_6.0,False,False,0.8986092805862427,,,
IMG_fd391b80928842b0,3,03_10.0,6,IMG_b741dc5a87e88d17,3,03_3.0,False,False,0.8959892988204956,,,
IMG_fd391b80928842b0,3,03_10.0,7,IMG_93581bef499b37df,3,03_2.0,False,False,0.889695405960083,,,
IMG_fd391b80928842b0,3,03_10.0,8,IMG_3962a1dc6c4292b4,3,03_4.0,False,False,0.8881995677947998,,,
IMG_fd391b80928842b0,3,03_10.0,9,IMG_fc68eb5adc45dcb9,3,03_10.0,False,True,0.8864445686340332,,,
IMG_fd391b80928842b0,3,03_10.0,10,IMG_39f79aba2723784d,3,03_5.0,False,False,0.8843470811843872,,,
IMG_be100e1748f17ad1,3,03_10.0,1,IMG_3be4c95c39822645,3,03_7.0,False,False,0.969145655632019,,,
IMG_be100e1748f17ad1,3,03_10.0,2,IMG_fd391b80928842b0,3,03_10.0,False,True,0.9495663046836853,,,
IMG_be100e1748f17ad1,3,03_10.0,3,IMG_fc68eb5adc45dcb9,3,03_10.0,False,True,0.9268803596496582,,,
IMG_be100e1748f17ad1,3,03_10.0,4,IMG_3962a1dc6c4292b4,3,03_4.0,False,False,0.9164978265762329,,,
IMG_be100e1748f17ad1,3,03_10.0,5,IMG_b741dc5a87e88d17,3,03_3.0,False,False,0.9140125513076782,,,
IMG_be100e1748f17ad1,3,03_10.0,6,IMG_09c470048aa5a620,3,03_6.0,False,False,0.9123075604438782,,,
IMG_be100e1748f17ad1,3,03_10.0,7,IMG_39f79aba2723784d,3,03_5.0,False,False,0.9099830389022827,,,
IMG_be100e1748f17ad1,3,03_10.0,8,IMG_84f7a1d69468357d,3,03_16.0,False,False,0.9066463708877563,,,
IMG_be100e1748f17ad1,3,03_10.0,9,IMG_d71fa1d9962a816c,3,03_20.0,False,False,0.9059609174728394,,,
IMG_be100e1748f17ad1,3,03_10.0,10,IMG_d29ed2e78c8f6d25,3,03_5.0,False,False,0.8968751430511475,,,
IMG_f2f062b428b6acde,3,03_10.0,1,IMG_899eab175cf11e80,3,03_2.0,False,False,0.8040651082992554,,,
IMG_f2f062b428b6acde,3,03_10.0,2,IMG_bd146b01a5ab5e14,3,03_3.0,False,False,0.7909340262413025,,,
IMG_f2f062b428b6acde,3,03_10.0,3,IMG_339d3c59aa65dfd3,3,03_7.0,False,False,0.7859314680099487,,,
IMG_f2f062b428b6acde,3,03_10.0,4,IMG_93581bef499b37df,3,03_2.0,False,False,0.784417986869812,,,
IMG_f2f062b428b6acde,3,03_10.0,5,IMG_56c52fd2b2f396b8,3,03_20.0,False,False,0.7781726121902466,,,
IMG_f2f062b428b6acde,3,03_10.0,6,IMG_39f79aba2723784d,3,03_5.0,False,False,0.7763594388961792,,,
IMG_f2f062b428b6acde,3,03_10.0,7,IMG_5ac5d19ee41e1d13,3,03_10.0,False,True,0.7760651111602783,,,
IMG_f2f062b428b6acde,3,03_10.0,8,IMG_fc68eb5adc45dcb9,3,03_10.0,False,True,0.7722729444503784,,,
IMG_f2f062b428b6acde,3,03_10.0,9,IMG_302da20670764559,3,03_9.0,False,False,0.770433783531189,,,
IMG_f2f062b428b6acde,3,03_10.0,10,IMG_a9a6feb7d1d4e069,3,03_7.0,False,False,0.7702731490135193,,,
IMG_fc68eb5adc45dcb9,3,03_10.0,1,IMG_250269a43b645325,3,03_11.0,False,False,0.9374322891235352,,,
IMG_fc68eb5adc45dcb9,3,03_10.0,2,IMG_3be4c95c39822645,3,03_7.0,False,False,0.9361052513122559,,,
IMG_fc68eb5adc45dcb9,3,03_10.0,3,IMG_be100e1748f17ad1,3,03_10.0,False,True,0.9268803596496582,,,
IMG_fc68eb5adc45dcb9,3,03_10.0,4,IMG_39f79aba2723784d,3,03_5.0,False,False,0.9232593774795532,,,
IMG_fc68eb5adc45dcb9,3,03_10.0,5,IMG_3962a1dc6c4292b4,3,03_4.0,False,False,0.9209120273590088,,,
IMG_fc68eb5adc45dcb9,3,03_10.0,6,IMG_84f7a1d69468357d,3,03_16.0,False,False,0.9204410314559937,,,
IMG_fc68eb5adc45dcb9,3,03_10.0,7,IMG_ba4f15b50f74beff,3,03_16.0,False,False,0.9109174013137817,,,
IMG_fc68eb5adc45dcb9,3,03_10.0,8,IMG_b6342a46f1941cbd,3,03_11.0,False,False,0.9065840244293213,,,
IMG_fc68eb5adc45dcb9,3,03_10.0,9,IMG_d71fa1d9962a816c,3,03_20.0,False,False,0.906022846698761,,,
IMG_fc68eb5adc45dcb9,3,03_10.0,10,IMG_1d5206db18203ba7,3,03_19.0,False,False,0.9026364088058472,,,
IMG_41a15bee1ec02acd,3,03_11.0,1,IMG_a3430090c4ce7a3b,3,03_2.0,False,False,0.7750892639160156,,,
IMG_41a15bee1ec02acd,3,03_11.0,2,IMG_f2f062b428b6acde,3,03_10.0,False,False,0.7250129580497742,,,
IMG_41a15bee1ec02acd,3,03_11.0,3,IMG_b00cc602f340f203,3,03_10.0,False,False,0.7173516154289246,,,
IMG_41a15bee1ec02acd,3,03_11.0,4,IMG_a9a6feb7d1d4e069,3,03_7.0,False,False,0.6850653886795044,,,
IMG_41a15bee1ec02acd,3,03_11.0,5,IMG_caa2f160f554a749,3,03_22.0,False,False,0.6828950643539429,,,
IMG_41a15bee1ec02acd,3,03_11.0,6,IMG_bc4453d9ee311912,3,03_26.0,False,False,0.6763453483581543,,,
IMG_41a15bee1ec02acd,3,03_11.0,7,IMG_c6d0865e3cdbacc3,3,03_6.0,False,False,0.6752661466598511,,,
IMG_41a15bee1ec02acd,3,03_11.0,8,IMG_3ba45ee470395152,3,03_27.0,False,False,0.6708398461341858,,,
IMG_41a15bee1ec02acd,3,03_11.0,9,IMG_34d871e8dadbe89a,3,03_28.0,False,False,0.6616905927658081,,,
IMG_41a15bee1ec02acd,3,03_11.0,10,IMG_339d3c59aa65dfd3,3,03_7.0,False,False,0.6576370000839233,,,
IMG_c3eab7f40d20dd73,3,03_11.0,1,IMG_9935b9839e10b78b,3,03_2.0,False,False,0.8875184655189514,,,
IMG_c3eab7f40d20dd73,3,03_11.0,2,IMG_6093a75e3e14d5df,3,03_2.0,False,False,0.8780272603034973,,,
IMG_c3eab7f40d20dd73,3,03_11.0,3,IMG_1d5206db18203ba7,3,03_19.0,False,False,0.8777364492416382,,,
IMG_c3eab7f40d20dd73,3,03_11.0,4,IMG_bd146b01a5ab5e14,3,03_3.0,False,False,0.8700989484786987,,,
IMG_c3eab7f40d20dd73,3,03_11.0,5,IMG_b825df862b6e289f,3,03_9.0,False,False,0.8690794110298157,,,
IMG_c3eab7f40d20dd73,3,03_11.0,6,IMG_2d5a71d4a5613a7a,3,03_2.0,False,False,0.8655338883399963,,,
IMG_c3eab7f40d20dd73,3,03_11.0,7,IMG_93581bef499b37df,3,03_2.0,False,False,0.860893189907074,,,
IMG_c3eab7f40d20dd73,3,03_11.0,8,IMG_fe7f2235d9b43df5,3,03_11.0,False,True,0.8572919368743896,,,
IMG_c3eab7f40d20dd73,3,03_11.0,9,IMG_899eab175cf11e80,3,03_2.0,False,False,0.8560954332351685,,,
IMG_c3eab7f40d20dd73,3,03_11.0,10,IMG_3a486e292583f5fd,3,03_8.0,False,False,0.8441088199615479,,,
IMG_eaf2a14e7dfe9158,3,03_11.0,1,IMG_3fff93b7a18937ff,3,03_10.0,False,False,0.7724867463111877,,,
IMG_eaf2a14e7dfe9158,3,03_11.0,2,IMG_5130cbc7ffaae275,3,03_5.0,False,False,0.759874165058136,,,
IMG_eaf2a14e7dfe9158,3,03_11.0,3,IMG_d5cd8fda05dc114c,3,03_3.0,False,False,0.7595539093017578,,,
IMG_eaf2a14e7dfe9158,3,03_11.0,4,IMG_bec26851aca3f97d,3,03_5.0,False,False,0.7573574185371399,,,
IMG_eaf2a14e7dfe9158,3,03_11.0,5,IMG_1cd9988f9d499955,3,03_10.0,False,False,0.7571607232093811,,,
IMG_eaf2a14e7dfe9158,3,03_11.0,6,IMG_8c428ce6615f99f9,3,03_4.0,False,False,0.7454408407211304,,,
IMG_eaf2a14e7dfe9158,3,03_11.0,7,IMG_c3eab7f40d20dd73,3,03_11.0,False,True,0.7447847723960876,,,
IMG_eaf2a14e7dfe9158,3,03_11.0,8,IMG_d9d5189844371896,3,03_3.0,False,False,0.744770348072052,,,
IMG_eaf2a14e7dfe9158,3,03_11.0,9,IMG_154da4f02db54fae,3,03_10.0,False,False,0.7422758936882019,,,
IMG_eaf2a14e7dfe9158,3,03_11.0,10,IMG_114077120d0a2d98,3,03_2.0,False,False,0.7341057062149048,,,
IMG_caa030f10c6db656,3,03_11.0,1,IMG_1b5b525951012d97,3,03_6.0,False,False,0.8073523044586182,,,
IMG_caa030f10c6db656,3,03_11.0,2,IMG_8b18934c9a541949,3,03_5.0,False,False,0.798875629901886,,,
IMG_caa030f10c6db656,3,03_11.0,3,IMG_5f1db9c269b003a0,3,03_7.0,False,False,0.7830462455749512,,,
IMG_caa030f10c6db656,3,03_11.0,4,IMG_8bed067689af3d65,3,03_10.0,False,False,0.777880072593689,,,
IMG_caa030f10c6db656,3,03_11.0,5,IMG_0e03c96e3860a20c,3,03_3.0,False,False,0.7678449153900146,,,
IMG_caa030f10c6db656,3,03_11.0,6,IMG_a9a6feb7d1d4e069,3,03_7.0,False,False,0.7635168433189392,,,
IMG_caa030f10c6db656,3,03_11.0,7,IMG_08faeb63ca8035ce,3,03_7.0,False,False,0.7540645003318787,,,
IMG_caa030f10c6db656,3,03_11.0,8,IMG_2b7e1f460614d568,3,03_3.0,False,False,0.7521595358848572,,,
IMG_caa030f10c6db656,3,03_11.0,9,IMG_b47a7d1dba914893,3,03_3.0,False,False,0.7516165375709534,,,
IMG_caa030f10c6db656,3,03_11.0,10,IMG_90abd8938b874a0c,3,03_7.0,False,False,0.7512837648391724,,,
IMG_ba43326507a4120a,3,03_11.0,1,IMG_65f909fa289786fa,3,03_10.0,False,False,0.9048080444335938,,,
IMG_ba43326507a4120a,3,03_11.0,2,IMG_3a486e292583f5fd,3,03_8.0,False,False,0.88271164894104,,,
IMG_ba43326507a4120a,3,03_11.0,3,IMG_fe7f2235d9b43df5,3,03_11.0,False,True,0.8789222240447998,,,
IMG_ba43326507a4120a,3,03_11.0,4,IMG_03955f459165fb69,3,03_4.0,False,False,0.8753923177719116,,,
IMG_ba43326507a4120a,3,03_11.0,5,IMG_335800c884833eed,3,03_10.0,False,False,0.8723398447036743,,,
IMG_ba43326507a4120a,3,03_11.0,6,IMG_a2990977479dc3b5,3,03_4.0,False,False,0.867185115814209,,,
IMG_ba43326507a4120a,3,03_11.0,7,IMG_03d24306c61e22a9,3,03_6.0,False,False,0.8659958243370056,,,
IMG_ba43326507a4120a,3,03_11.0,8,IMG_1d5206db18203ba7,3,03_19.0,False,False,0.8556110262870789,,,
IMG_ba43326507a4120a,3,03_11.0,9,IMG_35c3d34f6a3506e8,3,03_3.0,False,False,0.8528273701667786,,,
IMG_ba43326507a4120a,3,03_11.0,10,IMG_4856b607af778a83,3,03_3.0,False,False,0.8479024171829224,,,
IMG_b6342a46f1941cbd,3,03_11.0,1,IMG_250269a43b645325,3,03_11.0,False,True,0.9246076345443726,,,
IMG_b6342a46f1941cbd,3,03_11.0,2,IMG_fe7f2235d9b43df5,3,03_11.0,False,True,0.9219932556152344,,,
IMG_b6342a46f1941cbd,3,03_11.0,3,IMG_d71fa1d9962a816c,3,03_20.0,False,False,0.9105556607246399,,,
IMG_b6342a46f1941cbd,3,03_11.0,4,IMG_fc68eb5adc45dcb9,3,03_10.0,False,False,0.9065840244293213,,,
IMG_b6342a46f1941cbd,3,03_11.0,5,IMG_56c52fd2b2f396b8,3,03_20.0,False,False,0.9016892910003662,,,
IMG_b6342a46f1941cbd,3,03_11.0,6,IMG_3962a1dc6c4292b4,3,03_4.0,False,False,0.9004361629486084,,,
IMG_b6342a46f1941cbd,3,03_11.0,7,IMG_3be4c95c39822645,3,03_7.0,False,False,0.8895629644393921,,,
IMG_b6342a46f1941cbd,3,03_11.0,8,IMG_84f7a1d69468357d,3,03_16.0,False,False,0.8868206739425659,,,
IMG_b6342a46f1941cbd,3,03_11.0,9,IMG_5ac5d19ee41e1d13,3,03_10.0,False,False,0.8840203285217285,,,
IMG_b6342a46f1941cbd,3,03_11.0,10,IMG_b741dc5a87e88d17,3,03_3.0,False,False,0.8838673830032349,,,
IMG_fe7f2235d9b43df5,3,03_11.0,1,IMG_250269a43b645325,3,03_11.0,False,True,0.9685066938400269,,,
IMG_fe7f2235d9b43df5,3,03_11.0,2,IMG_d71fa1d9962a816c,3,03_20.0,False,False,0.924288272857666,,,
IMG_fe7f2235d9b43df5,3,03_11.0,3,IMG_b6342a46f1941cbd,3,03_11.0,False,True,0.9219932556152344,,,
IMG_fe7f2235d9b43df5,3,03_11.0,4,IMG_3962a1dc6c4292b4,3,03_4.0,False,False,0.9074185490608215,,,
IMG_fe7f2235d9b43df5,3,03_11.0,5,IMG_84f7a1d69468357d,3,03_16.0,False,False,0.9038304090499878,,,
IMG_fe7f2235d9b43df5,3,03_11.0,6,IMG_ba4f15b50f74beff,3,03_16.0,False,False,0.9018865823745728,,,
IMG_fe7f2235d9b43df5,3,03_11.0,7,IMG_fc68eb5adc45dcb9,3,03_10.0,False,False,0.8996491432189941,,,
IMG_fe7f2235d9b43df5,3,03_11.0,8,IMG_a2990977479dc3b5,3,03_4.0,False,False,0.8985313177108765,,,
IMG_fe7f2235d9b43df5,3,03_11.0,9,IMG_3a486e292583f5fd,3,03_8.0,False,False,0.8906766176223755,,,
IMG_fe7f2235d9b43df5,3,03_11.0,10,IMG_1d5206db18203ba7,3,03_19.0,False,False,0.8876111507415771,,,
IMG_250269a43b645325,3,03_11.0,1,IMG_fe7f2235d9b43df5,3,03_11.0,False,True,0.9685066938400269,,,
IMG_250269a43b645325,3,03_11.0,2,IMG_ba4f15b50f74beff,3,03_16.0,False,False,0.9377061724662781,,,
IMG_250269a43b645325,3,03_11.0,3,IMG_fc68eb5adc45dcb9,3,03_10.0,False,False,0.9374322891235352,,,
IMG_250269a43b645325,3,03_11.0,4,IMG_d71fa1d9962a816c,3,03_20.0,False,False,0.9328604936599731,,,
IMG_250269a43b645325,3,03_11.0,5,IMG_84f7a1d69468357d,3,03_16.0,False,False,0.929007887840271,,,
IMG_250269a43b645325,3,03_11.0,6,IMG_b6342a46f1941cbd,3,03_11.0,False,True,0.9246076345443726,,,
IMG_250269a43b645325,3,03_11.0,7,IMG_3962a1dc6c4292b4,3,03_4.0,False,False,0.9169095754623413,,,
IMG_250269a43b645325,3,03_11.0,8,IMG_56c52fd2b2f396b8,3,03_20.0,False,False,0.9019075632095337,,,
IMG_250269a43b645325,3,03_11.0,9,IMG_53fa9fc0de5e468b,3,03_6.0,False,False,0.8999934196472168,,,
IMG_250269a43b645325,3,03_11.0,10,IMG_3be4c95c39822645,3,03_7.0,False,False,0.8921777009963989,,,
IMG_eb1dc97cf3a61160,3,03_12.0,1,IMG_a3430090c4ce7a3b,3,03_2.0,False,False,0.682214617729187,,,
IMG_eb1dc97cf3a61160,3,03_12.0,2,IMG_4346881113cb7134,3,03_5.0,False,False,0.6345893740653992,,,
IMG_eb1dc97cf3a61160,3,03_12.0,3,IMG_102c379d7d6b4a9c,3,03_3.0,False,False,0.6240729093551636,,,
IMG_eb1dc97cf3a61160,3,03_12.0,4,IMG_f0e20029fd5e8703,3,03_14.0,False,False,0.6155942678451538,,,
IMG_eb1dc97cf3a61160,3,03_12.0,5,IMG_b00cc602f340f203,3,03_10.0,False,False,0.6012352705001831,,,
IMG_eb1dc97cf3a61160,3,03_12.0,6,IMG_db9875e2b237edd3,3,03_16.0,False,False,0.5993582010269165,,,
IMG_eb1dc97cf3a61160,3,03_12.0,7,IMG_5a1b2dae985f3055,3,03_13.0,False,False,0.5728036165237427,,,
IMG_eb1dc97cf3a61160,3,03_12.0,8,IMG_d3e98335dbe44b76,3,03_8.0,False,False,0.53901606798172,,,
IMG_eb1dc97cf3a61160,3,03_12.0,9,IMG_796f42e08ecf0865,3,03_23.0,False,False,0.5361598134040833,,,
IMG_eb1dc97cf3a61160,3,03_12.0,10,IMG_0543681d5ed37dc7,3,03_7.0,False,False,0.5356183052062988,,,
IMG_a2576526ef3d66cc,3,03_13.0,1,IMG_4346881113cb7134,3,03_5.0,False,False,0.6762547492980957,,,
IMG_a2576526ef3d66cc,3,03_13.0,2,IMG_fa230d075481bb76,3,03_23.0,False,False,0.6409772634506226,,,
IMG_a2576526ef3d66cc,3,03_13.0,3,IMG_b00cc602f340f203,3,03_10.0,False,False,0.6146425604820251,,,
IMG_a2576526ef3d66cc,3,03_13.0,4,IMG_7eb127fe209a0236,3,03_29.0,False,False,0.607969343662262,,,
IMG_a2576526ef3d66cc,3,03_13.0,5,IMG_5a1b2dae985f3055,3,03_13.0,False,True,0.5869494676589966,,,
IMG_a2576526ef3d66cc,3,03_13.0,6,IMG_f0e20029fd5e8703,3,03_14.0,False,False,0.5858910083770752,,,
IMG_a2576526ef3d66cc,3,03_13.0,7,IMG_c3eab7f40d20dd73,3,03_11.0,False,False,0.5781316161155701,,,
IMG_a2576526ef3d66cc,3,03_13.0,8,IMG_a9a6feb7d1d4e069,3,03_7.0,False,False,0.5760244727134705,,,
IMG_a2576526ef3d66cc,3,03_13.0,9,IMG_a3430090c4ce7a3b,3,03_2.0,False,False,0.5748188495635986,,,
IMG_a2576526ef3d66cc,3,03_13.0,10,IMG_043fc8d5cb71ffc0,3,03_7.0,False,False,0.5718657374382019,,,
IMG_5a1b2dae985f3055,3,03_13.0,1,IMG_caa2f160f554a749,3,03_22.0,False,False,0.8181347846984863,,,
IMG_5a1b2dae985f3055,3,03_13.0,2,IMG_d3e98335dbe44b76,3,03_8.0,False,False,0.7272655367851257,,,
IMG_5a1b2dae985f3055,3,03_13.0,3,IMG_043fc8d5cb71ffc0,3,03_7.0,False,False,0.7164483070373535,,,
IMG_5a1b2dae985f3055,3,03_13.0,4,IMG_0477741c24dab835,3,03_31.0,False,False,0.7052761912345886,,,
IMG_5a1b2dae985f3055,3,03_13.0,5,IMG_f4b55c978d9b27ad,3,03_7.0,False,False,0.6898495554924011,,,
IMG_5a1b2dae985f3055,3,03_13.0,6,IMG_74aa811586e07cff,3,03_10.0,False,False,0.6833094358444214,,,
IMG_5a1b2dae985f3055,3,03_13.0,7,IMG_102c379d7d6b4a9c,3,03_3.0,False,False,0.6718076467514038,,,
IMG_5a1b2dae985f3055,3,03_13.0,8,IMG_7eb127fe209a0236,3,03_29.0,False,False,0.6620242595672607,,,
IMG_5a1b2dae985f3055,3,03_13.0,9,IMG_8579e0f92fd66f9d,3,03_14.0,False,False,0.65378737449646,,,
IMG_5a1b2dae985f3055,3,03_13.0,10,IMG_5f1e9d8b2178b03d,3,03_5.0,False,False,0.6475676894187927,,,
IMG_f0e20029fd5e8703,3,03_14.0,1,IMG_b00cc602f340f203,3,03_10.0,False,False,0.8582785725593567,,,
IMG_f0e20029fd5e8703,3,03_14.0,2,IMG_a3430090c4ce7a3b,3,03_2.0,False,False,0.8153746128082275,,,
IMG_f0e20029fd5e8703,3,03_14.0,3,IMG_4346881113cb7134,3,03_5.0,False,False,0.8138941526412964,,,
IMG_f0e20029fd5e8703,3,03_14.0,4,IMG_14e79d03c1704745,3,03_19.0,False,False,0.7364094853401184,,,
IMG_f0e20029fd5e8703,3,03_14.0,5,IMG_43f6242b9c65ab2d,3,03_16.0,False,False,0.6833348870277405,,,
IMG_f0e20029fd5e8703,3,03_14.0,6,IMG_e1bac6b4486a6ebe,3,03_30.0,False,False,0.6826753616333008,,,
IMG_f0e20029fd5e8703,3,03_14.0,7,IMG_41a15bee1ec02acd,3,03_11.0,False,False,0.6482161283493042,,,
IMG_f0e20029fd5e8703,3,03_14.0,8,IMG_eb1dc97cf3a61160,3,03_12.0,False,False,0.6155942678451538,,,
IMG_f0e20029fd5e8703,3,03_14.0,9,IMG_db9875e2b237edd3,3,03_16.0,False,False,0.6000409126281738,,,
IMG_f0e20029fd5e8703,3,03_14.0,10,IMG_caa2f160f554a749,3,03_22.0,False,False,0.5981510281562805,,,
IMG_23eee2d344e472b9,3,03_14.0,1,IMG_959dea87d88a6be9,3,03_2.0,False,False,0.8382277488708496,,,
IMG_23eee2d344e472b9,3,03_14.0,2,IMG_4ccf8f053eafa970,3,03_5.0,False,False,0.8313614130020142,,,
IMG_23eee2d344e472b9,3,03_14.0,3,IMG_335800c884833eed,3,03_10.0,False,False,0.8302410244941711,,,
IMG_23eee2d344e472b9,3,03_14.0,4,IMG_4b86dee50375da53,3,03_10.0,False,False,0.8253241181373596,,,
IMG_23eee2d344e472b9,3,03_14.0,5,IMG_4106e536034ce468,3,03_5.0,False,False,0.8098398447036743,,,
IMG_23eee2d344e472b9,3,03_14.0,6,IMG_6093a75e3e14d5df,3,03_2.0,False,False,0.8094651699066162,,,
IMG_23eee2d344e472b9,3,03_14.0,7,IMG_c3eab7f40d20dd73,3,03_11.0,False,False,0.8063381910324097,,,
IMG_23eee2d344e472b9,3,03_14.0,8,IMG_3fff93b7a18937ff,3,03_10.0,False,False,0.8023033142089844,,,
IMG_23eee2d344e472b9,3,03_14.0,9,IMG_2d5a71d4a5613a7a,3,03_2.0,False,False,0.7917675971984863,,,
IMG_23eee2d344e472b9,3,03_14.0,10,IMG_ba43326507a4120a,3,03_11.0,False,False,0.7899638414382935,,,
IMG_8579e0f92fd66f9d,3,03_14.0,1,IMG_caa2f160f554a749,3,03_22.0,False,False,0.6872420907020569,,,
IMG_8579e0f92fd66f9d,3,03_14.0,2,IMG_d3e98335dbe44b76,3,03_8.0,False,False,0.6541820764541626,,,
IMG_8579e0f92fd66f9d,3,03_14.0,3,IMG_5a1b2dae985f3055,3,03_13.0,False,False,0.65378737449646,,,
IMG_8579e0f92fd66f9d,3,03_14.0,4,IMG_f4b55c978d9b27ad,3,03_7.0,False,False,0.6501445770263672,,,
IMG_8579e0f92fd66f9d,3,03_14.0,5,IMG_5f1e9d8b2178b03d,3,03_5.0,False,False,0.6429445743560791,,,
IMG_8579e0f92fd66f9d,3,03_14.0,6,IMG_74aa811586e07cff,3,03_10.0,False,False,0.6326749324798584,,,
IMG_8579e0f92fd66f9d,3,03_14.0,7,IMG_21849abd415a990c,3,03_21.0,False,False,0.5831876397132874,,,
IMG_8579e0f92fd66f9d,3,03_14.0,8,IMG_5ded501d0f5b1c92,3,03_18.0,False,False,0.5799200534820557,,,
IMG_8579e0f92fd66f9d,3,03_14.0,9,IMG_82a50ed5faf285df,3,03_3.0,False,False,0.5766422748565674,,,
IMG_8579e0f92fd66f9d,3,03_14.0,10,IMG_756e6442e70bbb4f,3,03_1.0,False,False,0.5660664439201355,,,
IMG_ddd70b9780e4c7de,3,03_15.0,1,IMG_5ac5d19ee41e1d13,3,03_10.0,False,False,0.8768698573112488,,,
IMG_ddd70b9780e4c7de,3,03_15.0,2,IMG_b741dc5a87e88d17,3,03_3.0,False,False,0.8523694276809692,,,
IMG_ddd70b9780e4c7de,3,03_15.0,3,IMG_302da20670764559,3,03_9.0,False,False,0.844237208366394,,,
IMG_ddd70b9780e4c7de,3,03_15.0,4,IMG_3be4c95c39822645,3,03_7.0,False,False,0.8439337015151978,,,
IMG_ddd70b9780e4c7de,3,03_15.0,5,IMG_be100e1748f17ad1,3,03_10.0,False,False,0.831633448600769,,,
IMG_ddd70b9780e4c7de,3,03_15.0,6,IMG_fd391b80928842b0,3,03_10.0,False,False,0.8290116786956787,,,
IMG_ddd70b9780e4c7de,3,03_15.0,7,IMG_53fa9fc0de5e468b,3,03_6.0,False,False,0.8228431344032288,,,
IMG_ddd70b9780e4c7de,3,03_15.0,8,IMG_bd146b01a5ab5e14,3,03_3.0,False,False,0.821053147315979,,,
IMG_ddd70b9780e4c7de,3,03_15.0,9,IMG_93581bef499b37df,3,03_2.0,False,False,0.8197346925735474,,,
IMG_ddd70b9780e4c7de,3,03_15.0,10,IMG_56c52fd2b2f396b8,3,03_20.0,False,False,0.8137930035591125,,,
IMG_3cda19cb77f73495,3,03_16.0,1,IMG_ada3c7714cd970b3,3,03_19.0,False,False,0.754687488079071,,,
IMG_3cda19cb77f73495,3,03_16.0,2,IMG_1b5b525951012d97,3,03_6.0,False,False,0.7501696944236755,,,
IMG_3cda19cb77f73495,3,03_16.0,3,IMG_caa030f10c6db656,3,03_11.0,False,False,0.7153449654579163,,,
IMG_3cda19cb77f73495,3,03_16.0,4,IMG_339d3c59aa65dfd3,3,03_7.0,False,False,0.6921478509902954,,,
IMG_3cda19cb77f73495,3,03_16.0,5,IMG_f2f062b428b6acde,3,03_10.0,False,False,0.6831679344177246,,,
IMG_3cda19cb77f73495,3,03_16.0,6,IMG_34d871e8dadbe89a,3,03_28.0,False,False,0.6812687516212463,,,
IMG_3cda19cb77f73495,3,03_16.0,7,IMG_0543681d5ed37dc7,3,03_7.0,False,False,0.6779693961143494,,,
IMG_3cda19cb77f73495,3,03_16.0,8,IMG_1d5206db18203ba7,3,03_19.0,False,False,0.673335611820221,,,
IMG_3cda19cb77f73495,3,03_16.0,9,IMG_fd391b80928842b0,3,03_10.0,False,False,0.6720846891403198,,,
IMG_3cda19cb77f73495,3,03_16.0,10,IMG_c6d0865e3cdbacc3,3,03_6.0,False,False,0.670815646648407,,,
IMG_43f6242b9c65ab2d,3,03_16.0,1,IMG_14e79d03c1704745,3,03_19.0,False,False,0.8005931377410889,,,
IMG_43f6242b9c65ab2d,3,03_16.0,2,IMG_f0e20029fd5e8703,3,03_14.0,False,False,0.6833348870277405,,,
IMG_43f6242b9c65ab2d,3,03_16.0,3,IMG_2d5a71d4a5613a7a,3,03_2.0,False,False,0.6397837400436401,,,
IMG_43f6242b9c65ab2d,3,03_16.0,4,IMG_4ccf8f053eafa970,3,03_5.0,False,False,0.6369863748550415,,,
IMG_43f6242b9c65ab2d,3,03_16.0,5,IMG_6093a75e3e14d5df,3,03_2.0,False,False,0.6336055994033813,,,
IMG_43f6242b9c65ab2d,3,03_16.0,6,IMG_4346881113cb7134,3,03_5.0,False,False,0.6316696405410767,,,
IMG_43f6242b9c65ab2d,3,03_16.0,7,IMG_b00cc602f340f203,3,03_10.0,False,False,0.6141249537467957,,,
IMG_43f6242b9c65ab2d,3,03_16.0,8,IMG_3bce13f24905ae1f,3,03_6.0,False,False,0.6140595078468323,,,
IMG_43f6242b9c65ab2d,3,03_16.0,9,IMG_ba4f15b50f74beff,3,03_16.0,False,True,0.6116102933883667,,,
IMG_43f6242b9c65ab2d,3,03_16.0,10,IMG_53fa9fc0de5e468b,3,03_6.0,False,False,0.6112326383590698,,,
IMG_84f7a1d69468357d,3,03_16.0,1,IMG_ba4f15b50f74beff,3,03_16.0,False,True,0.9772769212722778,,,
IMG_84f7a1d69468357d,3,03_16.0,2,IMG_53fa9fc0de5e468b,3,03_6.0,False,False,0.9458555579185486,,,
IMG_84f7a1d69468357d,3,03_16.0,3,IMG_d71fa1d9962a816c,3,03_20.0,False,False,0.9380927681922913,,,
IMG_84f7a1d69468357d,3,03_16.0,4,IMG_39f79aba2723784d,3,03_5.0,False,False,0.9334579706192017,,,
IMG_84f7a1d69468357d,3,03_16.0,5,IMG_250269a43b645325,3,03_11.0,False,False,0.929007887840271,,,
IMG_84f7a1d69468357d,3,03_16.0,6,IMG_3be4c95c39822645,3,03_7.0,False,False,0.9282087087631226,,,
IMG_84f7a1d69468357d,3,03_16.0,7,IMG_3962a1dc6c4292b4,3,03_4.0,False,False,0.9232239723205566,,,
IMG_84f7a1d69468357d,3,03_16.0,8,IMG_fc68eb5adc45dcb9,3,03_10.0,False,False,0.9204410314559937,,,
IMG_84f7a1d69468357d,3,03_16.0,9,IMG_a2990977479dc3b5,3,03_4.0,False,False,0.9143798351287842,,,
IMG_84f7a1d69468357d,3,03_16.0,10,IMG_56c52fd2b2f396b8,3,03_20.0,False,False,0.9132888317108154,,,
IMG_ba4f15b50f74beff,3,03_16.0,1,IMG_84f7a1d69468357d,3,03_16.0,False,True,0.9772769212722778,,,
IMG_ba4f15b50f74beff,3,03_16.0,2,IMG_250269a43b645325,3,03_11.0,False,False,0.9377061724662781,,,
IMG_ba4f15b50f74beff,3,03_16.0,3,IMG_53fa9fc0de5e468b,3,03_6.0,False,False,0.9178005456924438,,,
IMG_ba4f15b50f74beff,3,03_16.0,4,IMG_39f79aba2723784d,3,03_5.0,False,False,0.9117797613143921,,,
IMG_ba4f15b50f74beff,3,03_16.0,5,IMG_fc68eb5adc45dcb9,3,03_10.0,False,False,0.9109174013137817,,,
IMG_ba4f15b50f74beff,3,03_16.0,6,IMG_d71fa1d9962a816c,3,03_20.0,False,False,0.9084891676902771,,,
IMG_ba4f15b50f74beff,3,03_16.0,7,IMG_3962a1dc6c4292b4,3,03_4.0,False,False,0.9055397510528564,,,
IMG_ba4f15b50f74beff,3,03_16.0,8,IMG_d29ed2e78c8f6d25,3,03_5.0,False,False,0.9029608368873596,,,
IMG_ba4f15b50f74beff,3,03_16.0,9,IMG_fe7f2235d9b43df5,3,03_11.0,False,False,0.9018865823745728,,,
IMG_ba4f15b50f74beff,3,03_16.0,10,IMG_3be4c95c39822645,3,03_7.0,False,False,0.8995215892791748,,,
IMG_db9875e2b237edd3,3,03_16.0,1,IMG_102c379d7d6b4a9c,3,03_3.0,False,False,0.7273046374320984,,,
IMG_db9875e2b237edd3,3,03_16.0,2,IMG_caa2f160f554a749,3,03_22.0,False,False,0.6973847150802612,,,
IMG_db9875e2b237edd3,3,03_16.0,3,IMG_043fc8d5cb71ffc0,3,03_7.0,False,False,0.6953059434890747,,,
IMG_db9875e2b237edd3,3,03_16.0,4,IMG_7eb127fe209a0236,3,03_29.0,False,False,0.6940196752548218,,,
IMG_db9875e2b237edd3,3,03_16.0,5,IMG_74aa811586e07cff,3,03_10.0,False,False,0.6903387308120728,,,
IMG_db9875e2b237edd3,3,03_16.0,6,IMG_a3430090c4ce7a3b,3,03_2.0,False,False,0.6784230470657349,,,
IMG_db9875e2b237edd3,3,03_16.0,7,IMG_b00cc602f340f203,3,03_10.0,False,False,0.6768426299095154,,,
IMG_db9875e2b237edd3,3,03_16.0,8,IMG_0c67105fef9f5e61,3,03_3.0,False,False,0.6484556198120117,,,
IMG_db9875e2b237edd3,3,03_16.0,9,IMG_c6d0865e3cdbacc3,3,03_6.0,False,False,0.6478143930435181,,,
IMG_db9875e2b237edd3,3,03_16.0,10,IMG_41a15bee1ec02acd,3,03_11.0,False,False,0.6461774110794067,,,
IMG_5ce0980d29583409,3,03_17.0,1,IMG_22c1d1571bf40f38,3,03_3.0,False,False,0.8524203300476074,,,
IMG_5ce0980d29583409,3,03_17.0,2,IMG_0c67105fef9f5e61,3,03_3.0,False,False,0.8247618675231934,,,
IMG_5ce0980d29583409,3,03_17.0,3,IMG_a997a5f157a51805,3,03_6.0,False,False,0.8246650695800781,,,
IMG_5ce0980d29583409,3,03_17.0,4,IMG_3446737f2326b631,3,03_6.0,False,False,0.8232249021530151,,,
IMG_5ce0980d29583409,3,03_17.0,5,IMG_08faeb63ca8035ce,3,03_7.0,False,False,0.8221105933189392,,,
IMG_5ce0980d29583409,3,03_17.0,6,IMG_1b5b525951012d97,3,03_6.0,False,False,0.8161760568618774,,,
IMG_5ce0980d29583409,3,03_17.0,7,IMG_4362f41d356ea6e2,3,03_4.0,False,False,0.8041064739227295,,,
IMG_5ce0980d29583409,3,03_17.0,8,IMG_899eab175cf11e80,3,03_2.0,False,False,0.8017034530639648,,,
IMG_5ce0980d29583409,3,03_17.0,9,IMG_90448cd333a0b216,3,03_3.0,False,False,0.799418568611145,,,
IMG_5ce0980d29583409,3,03_17.0,10,IMG_fd391b80928842b0,3,03_10.0,False,False,0.7991079688072205,,,
IMG_5ded501d0f5b1c92,3,03_18.0,1,IMG_74aa811586e07cff,3,03_10.0,False,False,0.7185549139976501,,,
IMG_5ded501d0f5b1c92,3,03_18.0,2,IMG_5f1e9d8b2178b03d,3,03_5.0,False,False,0.7165550589561462,,,
IMG_5ded501d0f5b1c92,3,03_18.0,3,IMG_e9581439a4d2c0fb,3,03_10.0,False,False,0.6834172010421753,,,
IMG_5ded501d0f5b1c92,3,03_18.0,4,IMG_82a50ed5faf285df,3,03_3.0,False,False,0.6658111810684204,,,
IMG_5ded501d0f5b1c92,3,03_18.0,5,IMG_22c1d1571bf40f38,3,03_3.0,False,False,0.6589925289154053,,,
IMG_5ded501d0f5b1c92,3,03_18.0,6,IMG_ada3c7714cd970b3,3,03_19.0,False,False,0.6513094902038574,,,
IMG_5ded501d0f5b1c92,3,03_18.0,7,IMG_f4b55c978d9b27ad,3,03_7.0,False,False,0.6449016332626343,,,
IMG_5ded501d0f5b1c92,3,03_18.0,8,IMG_91b6f41442da18f4,3,03_9.0,False,False,0.6442765593528748,,,
IMG_5ded501d0f5b1c92,3,03_18.0,9,IMG_90448cd333a0b216,3,03_3.0,False,False,0.6399040818214417,,,
IMG_5ded501d0f5b1c92,3,03_18.0,10,IMG_d75db0a0fe0a29d2,3,03_9.0,False,False,0.6271355152130127,,,
IMG_88989ec7c9b90745,3,03_18.0,1,IMG_c35286d04e6f978d,3,03_10.0,False,False,0.832953691482544,,,
IMG_88989ec7c9b90745,3,03_18.0,2,IMG_57cfc4366a136861,3,03_5.0,False,False,0.7934239506721497,,,
IMG_88989ec7c9b90745,3,03_18.0,3,IMG_8862ecab58a95486,3,03_3.0,False,False,0.7925649881362915,,,
IMG_88989ec7c9b90745,3,03_18.0,4,IMG_59e35a6728f49f9b,3,03_3.0,False,False,0.7679843306541443,,,
IMG_88989ec7c9b90745,3,03_18.0,5,IMG_9e047d15e1fd2ddb,3,03_2.0,False,False,0.7670780420303345,,,
IMG_88989ec7c9b90745,3,03_18.0,6,IMG_e9581439a4d2c0fb,3,03_10.0,False,False,0.7659327983856201,,,
IMG_88989ec7c9b90745,3,03_18.0,7,IMG_85a1df455dd25f66,3,03_3.0,False,False,0.7651161551475525,,,
IMG_88989ec7c9b90745,3,03_18.0,8,IMG_90abd8938b874a0c,3,03_7.0,False,False,0.7540477514266968,,,
IMG_88989ec7c9b90745,3,03_18.0,9,IMG_90448cd333a0b216,3,03_3.0,False,False,0.7447025775909424,,,
IMG_88989ec7c9b90745,3,03_18.0,10,IMG_5fc2f2b7ba500dab,3,03_3.0,False,False,0.7352266907691956,,,
IMG_ada3c7714cd970b3,3,03_19.0,1,IMG_34d871e8dadbe89a,3,03_28.0,False,False,0.7772775292396545,,,
IMG_ada3c7714cd970b3,3,03_19.0,2,IMG_043fc8d5cb71ffc0,3,03_7.0,False,False,0.7598788142204285,,,
IMG_ada3c7714cd970b3,3,03_19.0,3,IMG_0543681d5ed37dc7,3,03_7.0,False,False,0.7596142292022705,,,
IMG_ada3c7714cd970b3,3,03_19.0,4,IMG_3cda19cb77f73495,3,03_16.0,False,False,0.754687488079071,,,
IMG_ada3c7714cd970b3,3,03_19.0,5,IMG_a9a6feb7d1d4e069,3,03_7.0,False,False,0.7339213490486145,,,
IMG_ada3c7714cd970b3,3,03_19.0,6,IMG_1b5b525951012d97,3,03_6.0,False,False,0.7011607885360718,,,
IMG_ada3c7714cd970b3,3,03_19.0,7,IMG_22c1d1571bf40f38,3,03_3.0,False,False,0.7000789642333984,,,
IMG_ada3c7714cd970b3,3,03_19.0,8,IMG_bc4453d9ee311912,3,03_26.0,False,False,0.6948951482772827,,,
IMG_ada3c7714cd970b3,3,03_19.0,9,IMG_8ceb68df4b59d29e,3,03_6.0,False,False,0.6895691752433777,,,
IMG_ada3c7714cd970b3,3,03_19.0,10,IMG_f2f062b428b6acde,3,03_10.0,False,False,0.6741756200790405,,,
IMG_1d5206db18203ba7,3,03_19.0,1,IMG_bd146b01a5ab5e14,3,03_3.0,False,False,0.907148003578186,,,
IMG_1d5206db18203ba7,3,03_19.0,2,IMG_fc68eb5adc45dcb9,3,03_10.0,False,False,0.9026364088058472,,,
IMG_1d5206db18203ba7,3,03_19.0,3,IMG_3a486e292583f5fd,3,03_8.0,False,False,0.8999853134155273,,,
IMG_1d5206db18203ba7,3,03_19.0,4,IMG_4362f41d356ea6e2,3,03_4.0,False,False,0.8964147567749023,,,
IMG_1d5206db18203ba7,3,03_19.0,5,IMG_93581bef499b37df,3,03_2.0,False,False,0.8957570791244507,,,
IMG_1d5206db18203ba7,3,03_19.0,6,IMG_1b5b525951012d97,3,03_6.0,False,False,0.8918764591217041,,,
IMG_1d5206db18203ba7,3,03_19.0,7,IMG_39f79aba2723784d,3,03_5.0,False,False,0.8917521238327026,,,
IMG_1d5206db18203ba7,3,03_19.0,8,IMG_a2990977479dc3b5,3,03_4.0,False,False,0.8898631930351257,,,
IMG_1d5206db18203ba7,3,03_19.0,9,IMG_3962a1dc6c4292b4,3,03_4.0,False,False,0.8894070982933044,,,
IMG_1d5206db18203ba7,3,03_19.0,10,IMG_fe7f2235d9b43df5,3,03_11.0,False,False,0.8876111507415771,,,
IMG_14e79d03c1704745,3,03_19.0,1,IMG_53fa9fc0de5e468b,3,03_6.0,False,False,0.8479050397872925,,,
IMG_14e79d03c1704745,3,03_19.0,2,IMG_5ac5d19ee41e1d13,3,03_10.0,False,False,0.8236044645309448,,,
IMG_14e79d03c1704745,3,03_19.0,3,IMG_2d5a71d4a5613a7a,3,03_2.0,False,False,0.8215152621269226,,,
IMG_14e79d03c1704745,3,03_19.0,4,IMG_56c52fd2b2f396b8,3,03_20.0,False,False,0.8166703581809998,,,
IMG_14e79d03c1704745,3,03_19.0,5,IMG_6093a75e3e14d5df,3,03_2.0,False,False,0.8093999624252319,,,
IMG_14e79d03c1704745,3,03_19.0,6,IMG_43f6242b9c65ab2d,3,03_16.0,False,False,0.8005931377410889,,,
IMG_14e79d03c1704745,3,03_19.0,7,IMG_a2990977479dc3b5,3,03_4.0,False,False,0.8001507520675659,,,
IMG_14e79d03c1704745,3,03_19.0,8,IMG_84f7a1d69468357d,3,03_16.0,False,False,0.7962592244148254,,,
IMG_14e79d03c1704745,3,03_19.0,9,IMG_250269a43b645325,3,03_11.0,False,False,0.7937573194503784,,,
IMG_14e79d03c1704745,3,03_19.0,10,IMG_fe7f2235d9b43df5,3,03_11.0,False,False,0.7915703058242798,,,
IMG_c57f9d611fd1635a,3,03_20.0,1,IMG_97c531019a7ad5ae,3,03_20.0,False,True,0.8072190284729004,,,
IMG_c57f9d611fd1635a,3,03_20.0,2,IMG_37548991b9872187,3,03_26.0,False,False,0.7556592226028442,,,
IMG_c57f9d611fd1635a,3,03_20.0,3,IMG_0477741c24dab835,3,03_31.0,False,False,0.7411618828773499,,,
IMG_c57f9d611fd1635a,3,03_20.0,4,IMG_03193f6c99f32e8b,3,03_2.0,False,False,0.731238067150116,,,
IMG_c57f9d611fd1635a,3,03_20.0,5,IMG_043fc8d5cb71ffc0,3,03_7.0,False,False,0.7183990478515625,,,
IMG_c57f9d611fd1635a,3,03_20.0,6,IMG_82a50ed5faf285df,3,03_3.0,False,False,0.7097759246826172,,,
IMG_c57f9d611fd1635a,3,03_20.0,7,IMG_2ec9b729c3047f30,3,03_2.0,False,False,0.6954668760299683,,,
IMG_c57f9d611fd1635a,3,03_20.0,8,IMG_90448cd333a0b216,3,03_3.0,False,False,0.6906549334526062,,,
IMG_c57f9d611fd1635a,3,03_20.0,9,IMG_7eb127fe209a0236,3,03_29.0,False,False,0.6858456134796143,,,
IMG_c57f9d611fd1635a,3,03_20.0,10,IMG_102c379d7d6b4a9c,3,03_3.0,False,False,0.6848605275154114,,,
IMG_97c531019a7ad5ae,3,03_20.0,1,IMG_c57f9d611fd1635a,3,03_20.0,False,True,0.8072190284729004,,,
IMG_97c531019a7ad5ae,3,03_20.0,2,IMG_37548991b9872187,3,03_26.0,False,False,0.7600829601287842,,,
IMG_97c531019a7ad5ae,3,03_20.0,3,IMG_82a50ed5faf285df,3,03_3.0,False,False,0.7400726675987244,,,
IMG_97c531019a7ad5ae,3,03_20.0,4,IMG_0477741c24dab835,3,03_31.0,False,False,0.7385155558586121,,,
IMG_97c531019a7ad5ae,3,03_20.0,5,IMG_74aa811586e07cff,3,03_10.0,False,False,0.6624754667282104,,,
IMG_97c531019a7ad5ae,3,03_20.0,6,IMG_caa2f160f554a749,3,03_22.0,False,False,0.6618178486824036,,,
IMG_97c531019a7ad5ae,3,03_20.0,7,IMG_043fc8d5cb71ffc0,3,03_7.0,False,False,0.658322811126709,,,
IMG_97c531019a7ad5ae,3,03_20.0,8,IMG_90448cd333a0b216,3,03_3.0,False,False,0.6498463153839111,,,
IMG_97c531019a7ad5ae,3,03_20.0,9,IMG_5f1e9d8b2178b03d,3,03_5.0,False,False,0.648543119430542,,,
IMG_97c531019a7ad5ae,3,03_20.0,10,IMG_f4b55c978d9b27ad,3,03_7.0,False,False,0.6481759548187256,,,
IMG_d71fa1d9962a816c,3,03_20.0,1,IMG_84f7a1d69468357d,3,03_16.0,False,False,0.9380927681922913,,,
IMG_d71fa1d9962a816c,3,03_20.0,2,IMG_250269a43b645325,3,03_11.0,False,False,0.9328604936599731,,,
IMG_d71fa1d9962a816c,3,03_20.0,3,IMG_3962a1dc6c4292b4,3,03_4.0,False,False,0.9311470985412598,,,
IMG_d71fa1d9962a816c,3,03_20.0,4,IMG_53fa9fc0de5e468b,3,03_6.0,False,False,0.9287159442901611,,,
IMG_d71fa1d9962a816c,3,03_20.0,5,IMG_fe7f2235d9b43df5,3,03_11.0,False,False,0.924288272857666,,,
IMG_d71fa1d9962a816c,3,03_20.0,6,IMG_3be4c95c39822645,3,03_7.0,False,False,0.9191325902938843,,,
IMG_d71fa1d9962a816c,3,03_20.0,7,IMG_56c52fd2b2f396b8,3,03_20.0,False,True,0.913409948348999,,,
IMG_d71fa1d9962a816c,3,03_20.0,8,IMG_b741dc5a87e88d17,3,03_3.0,False,False,0.9123750925064087,,,
IMG_d71fa1d9962a816c,3,03_20.0,9,IMG_b6342a46f1941cbd,3,03_11.0,False,False,0.9105556607246399,,,
IMG_d71fa1d9962a816c,3,03_20.0,10,IMG_ba4f15b50f74beff,3,03_16.0,False,False,0.9084891676902771,,,
IMG_56c52fd2b2f396b8,3,03_20.0,1,IMG_53fa9fc0de5e468b,3,03_6.0,False,False,0.9147122502326965,,,
IMG_56c52fd2b2f396b8,3,03_20.0,2,IMG_d71fa1d9962a816c,3,03_20.0,False,True,0.913409948348999,,,
IMG_56c52fd2b2f396b8,3,03_20.0,3,IMG_84f7a1d69468357d,3,03_16.0,False,False,0.9132888317108154,,,
IMG_56c52fd2b2f396b8,3,03_20.0,4,IMG_250269a43b645325,3,03_11.0,False,False,0.9019075632095337,,,
IMG_56c52fd2b2f396b8,3,03_20.0,5,IMG_b6342a46f1941cbd,3,03_11.0,False,False,0.9016892910003662,,,
IMG_56c52fd2b2f396b8,3,03_20.0,6,IMG_3be4c95c39822645,3,03_7.0,False,False,0.8971339464187622,,,
IMG_56c52fd2b2f396b8,3,03_20.0,7,IMG_5ac5d19ee41e1d13,3,03_10.0,False,False,0.8933724164962769,,,
IMG_56c52fd2b2f396b8,3,03_20.0,8,IMG_ba4f15b50f74beff,3,03_16.0,False,False,0.8905510902404785,,,
IMG_56c52fd2b2f396b8,3,03_20.0,9,IMG_b741dc5a87e88d17,3,03_3.0,False,False,0.8880019187927246,,,
IMG_56c52fd2b2f396b8,3,03_20.0,10,IMG_fc68eb5adc45dcb9,3,03_10.0,False,False,0.8847330808639526,,,
IMG_3ba45ee470395152,3,03_27.0,1,IMG_3be4c95c39822645,3,03_7.0,False,False,0.808738112449646,,,
IMG_3ba45ee470395152,3,03_27.0,2,IMG_39f79aba2723784d,3,03_5.0,False,False,0.8032609224319458,,,
IMG_3ba45ee470395152,3,03_27.0,3,IMG_be100e1748f17ad1,3,03_10.0,False,False,0.8002188205718994,,,
IMG_3ba45ee470395152,3,03_27.0,4,IMG_fd391b80928842b0,3,03_10.0,False,False,0.7969017028808594,,,
IMG_3ba45ee470395152,3,03_27.0,5,IMG_56c52fd2b2f396b8,3,03_20.0,False,False,0.7912094593048096,,,
IMG_3ba45ee470395152,3,03_27.0,6,IMG_5ce0980d29583409,3,03_17.0,False,False,0.7828220129013062,,,
IMG_3ba45ee470395152,3,03_27.0,7,IMG_bc4453d9ee311912,3,03_26.0,False,False,0.7803683280944824,,,
IMG_3ba45ee470395152,3,03_27.0,8,IMG_1b5b525951012d97,3,03_6.0,False,False,0.7787442207336426,,,
IMG_3ba45ee470395152,3,03_27.0,9,IMG_19fc4b72ac608282,3,03_9.0,False,False,0.7776605486869812,,,
IMG_3ba45ee470395152,3,03_27.0,10,IMG_d29ed2e78c8f6d25,3,03_5.0,False,False,0.7756978273391724,,,
IMG_a606bdc025c9a6f7,3,03_27.0,1,IMG_57cfc4366a136861,3,03_5.0,False,False,0.8842146992683411,,,
IMG_a606bdc025c9a6f7,3,03_27.0,2,IMG_d29ed2e78c8f6d25,3,03_5.0,False,False,0.8759576082229614,,,
IMG_a606bdc025c9a6f7,3,03_27.0,3,IMG_19fc4b72ac608282,3,03_9.0,False,False,0.8473027944564819,,,
IMG_a606bdc025c9a6f7,3,03_27.0,4,IMG_8b18934c9a541949,3,03_5.0,False,False,0.8379618525505066,,,
IMG_a606bdc025c9a6f7,3,03_27.0,5,IMG_39f79aba2723784d,3,03_5.0,False,False,0.8333523273468018,,,
IMG_a606bdc025c9a6f7,3,03_27.0,6,IMG_4856b607af778a83,3,03_3.0,False,False,0.8250895738601685,,,
IMG_a606bdc025c9a6f7,3,03_27.0,7,IMG_3be4c95c39822645,3,03_7.0,False,False,0.8250105381011963,,,
IMG_a606bdc025c9a6f7,3,03_27.0,8,IMG_35c3d34f6a3506e8,3,03_3.0,False,False,0.8161896467208862,,,
IMG_a606bdc025c9a6f7,3,03_27.0,9,IMG_8bed067689af3d65,3,03_10.0,False,False,0.8161784410476685,,,
IMG_a606bdc025c9a6f7,3,03_27.0,10,IMG_3e828dc68c7d0898,3,03_5.0,False,False,0.8129807710647583,,,
IMG_0477741c24dab835,3,03_31.0,1,IMG_c57f9d611fd1635a,3,03_20.0,False,False,0.7411618828773499,,,
IMG_0477741c24dab835,3,03_31.0,2,IMG_5f1e9d8b2178b03d,3,03_5.0,False,False,0.7386924028396606,,,
IMG_0477741c24dab835,3,03_31.0,3,IMG_97c531019a7ad5ae,3,03_20.0,False,False,0.7385155558586121,,,
IMG_0477741c24dab835,3,03_31.0,4,IMG_5a1b2dae985f3055,3,03_13.0,False,False,0.7052761912345886,,,
IMG_0477741c24dab835,3,03_31.0,5,IMG_f4b55c978d9b27ad,3,03_7.0,False,False,0.6927730441093445,,,
IMG_0477741c24dab835,3,03_31.0,6,IMG_7eb127fe209a0236,3,03_29.0,False,False,0.6838713884353638,,,
IMG_0477741c24dab835,3,03_31.0,7,IMG_caa2f160f554a749,3,03_22.0,False,False,0.6745715737342834,,,
IMG_0477741c24dab835,3,03_31.0,8,IMG_37548991b9872187,3,03_26.0,False,False,0.6570090651512146,,,
IMG_0477741c24dab835,3,03_31.0,9,IMG_043fc8d5cb71ffc0,3,03_7.0,False,False,0.6314353942871094,,,
IMG_0477741c24dab835,3,03_31.0,10,IMG_82a50ed5faf285df,3,03_3.0,False,False,0.6246699094772339,,,
IMG_8e3a299e2759fd8a,3,03_31.0,1,IMG_c848237760038bbf,3,03_3.0,False,False,0.8927174806594849,,,
IMG_8e3a299e2759fd8a,3,03_31.0,2,IMG_3c1c5ee868b49ff2,3,03_3.0,False,False,0.8842109441757202,,,
IMG_8e3a299e2759fd8a,3,03_31.0,3,IMG_5fc2f2b7ba500dab,3,03_3.0,False,False,0.8381978273391724,,,
IMG_8e3a299e2759fd8a,3,03_31.0,4,IMG_3d7bf72908e59499,3,03_3.0,False,False,0.8143432140350342,,,
IMG_8e3a299e2759fd8a,3,03_31.0,5,IMG_1636755f70f7c2a6,3,03_9.0,False,False,0.8080732226371765,,,
IMG_8e3a299e2759fd8a,3,03_31.0,6,IMG_03d24306c61e22a9,3,03_6.0,False,False,0.8046283721923828,,,
IMG_8e3a299e2759fd8a,3,03_31.0,7,IMG_114077120d0a2d98,3,03_2.0,False,False,0.8043774962425232,,,
IMG_8e3a299e2759fd8a,3,03_31.0,8,IMG_814ea15230cf77ff,3,03_10.0,False,False,0.8019545078277588,,,
IMG_8e3a299e2759fd8a,3,03_31.0,9,IMG_5130cbc7ffaae275,3,03_5.0,False,False,0.8013566732406616,,,
IMG_8e3a299e2759fd8a,3,03_31.0,10,IMG_aade277476cfab5c,3,03_3.0,False,False,0.7967773675918579,,,
