image_id,session_id,split,individual_id,sequence_guess,retrieved,retrieved_individuals,retrieved_scores,rank1_hit,rank5_hit
IMG_ea3c050ed8c0f117,1,labeled,1_5.0,01::0143_20140417_SZi_01_RAY,"[""IMG_d76bc77721485788"", ""IMG_2b960e56df7cd84f"", ""IMG_12a3a1ac7544f67f"", ""IMG_fb51e2b2eae54f2d"", ""IMG_14d44b32906fed16""]","[""loose_unknown"", ""loose_unknown"", ""loose_unknown"", ""1_4.0"", ""loose_unknown""]","[0.24550805985927582, 0.2299291044473648, 0.15952157974243164, 0.14796726405620575, 0.14778992533683777]",False,False
IMG_291e2277785cff7b,1,labeled,1_11.0,01::0148_20140417_SZi_01_RAY,"[""IMG_03b319b882be2339"", ""IMG_fbcf071addc88ed7"", ""IMG_3d4dd0d5272bd75b"", ""IMG_cc62dbd148e58905"", ""IMG_a3c715cc80ef44d8""]","[""loose_unknown"", ""loose_unknown"", ""loose_unknown"", ""1_2.0"", ""1_9.0""]","[0.21333032846450806, 0.1814195066690445, 0.17980170249938965, 0.1559753119945526, 0.14151659607887268]",False,False
IMG_87c7629244e02709,1,labeled,1_12.0,01::0333_20140417_SZi_01_RAY,"[""IMG_d7d7a7c429d1f1b6"", ""IMG_cc62dbd148e58905"", ""IMG_0763a5d5fba0602b"", ""IMG_291e2277785cff7b"", ""IMG_f57b55836d4dabc0""]","[""loose_unknown"", ""1_2.0"", ""loose_unknown"", ""1_11.0"", ""1_7.0""]","[0.16187842190265656, 0.13452337682247162, 0.13451212644577026, 0.13356710970401764, 0.12025272846221924]",False,False
IMG_cfd8413c8fd7adb5,1,labeled,1_13.0,01::0351_20140417_SZi_01_RAY,"[""IMG_6609262ac9b0bddd"", ""IMG_fb51e2b2eae54f2d"", ""IMG_6dc8f895e31c5f95"", ""IMG_a3c715cc80ef44d8"", ""IMG_41a178ba11fdafae""]","[""1_3.0"", ""1_4.0"", ""1_1.0"", ""1_9.0"", ""loose_unknown""]","[0.16568295657634735, 0.16185103356838226, 0.15545758605003357, 0.1541862040758133, 0.1367328017950058]",False,False
IMG_79691a75f9b33de6,1,labeled,1_14.0,01::0341_20140417_SZi_01_RAY,"[""IMG_d5b19b7a384abe06"", ""IMG_9f9f3f6db8386b49"", ""IMG_b6725f34d2b64e55"", ""IMG_bcf3d9dd1cb6b9e2"", ""IMG_0fda01828547a827""]","[""loose_unknown"", ""loose_unknown"", ""loose_unknown"", ""1_1.0"", ""1_3.0""]","[0.2481781542301178, 0.17372222244739532, 0.16622835397720337, 0.15732207894325256, 0.15211360156536102]",False,False
IMG_bcf3d9dd1cb6b9e2,1,labeled,1_1.0,01::0180_20140417_SZi_01_RAY,"[""IMG_0fda01828547a827"", ""IMG_decbf3098bd345e5"", ""IMG_c061217b1f39deb1"", ""IMG_8aeafd80fb4b4579"", ""IMG_79691a75f9b33de6""]","[""1_3.0"", ""loose_unknown"", ""1_4.0"", ""loose_unknown"", ""1_14.0""]","[0.20059263706207275, 0.1816311627626419, 0.16777582466602325, 0.161043182015419, 0.15732207894325256]",False,False
IMG_89787964d002fdf6,1,labeled,1_1.0,01::0185_20140417_SZi_01_RAY,"[""IMG_800a767cb8b3d313"", ""IMG_c776ffb7f924ded1"", ""IMG_fab1e7b5ba2babde"", ""IMG_6eafb73ad6a0536d"", ""IMG_3d4dd0d5272bd75b""]","[""loose_unknown"", ""loose_unknown"", ""loose_unknown"", ""loose_unknown"", ""loose_unknown""]","[0.19656752049922943, 0.17070887982845306, 0.16164885461330414, 0.1496676504611969, 0.14890143275260925]",False,False
IMG_6dc8f895e31c5f95,1,labeled,1_1.0,01::0213_20140417_SZi_01_RAY,"[""IMG_7ddc4201f6b94ee9"", ""IMG_c776ffb7f924ded1"", ""IMG_e86de629b537aa49"", ""IMG_a1da1cac4ed4ad16"", ""IMG_cfd8413c8fd7adb5""]","[""loose_unknown"", ""loose_unknown"", ""loose_unknown"", ""loose_unknown"", ""1_13.0""]","[0.19191810488700867, 0.16526933014392853, 0.16413553059101105, 0.16226349771022797, 0.15545758605003357]",False,False
IMG_c9089614b6a55260,1,labeled,1_2.0,01::0163_20140417_SZi_01_RAY,"[""IMG_800a767cb8b3d313"", ""IMG_4e11a152cf6d0958"", ""IMG_9e6ec1d9efc2e117"", ""IMG_03b319b882be2339"", ""IMG_cc62dbd148e58905""]","[""loose_unknown"", ""1_8.0"", ""1_3.0"", ""loose_unknown"", ""1_2.0""]","[0.26852312684059143, 0.20102810859680176, 0.154060959815979, 0.1501554250717163, 0.13145379722118378]",False,True
IMG_a1b65ba015bf8a38,1,labeled,1_2.0,01::0170_20140417_SZi_01_RAY,"[""IMG_c28c684416b5dbd8"", ""IMG_f41ca6cea397862f"", ""IMG_2b960e56df7cd84f"", ""IMG_0f2d3c45d4af6673"", ""IMG_800a767cb8b3d313""]","[""1_4.0"", ""loose_unknown"", ""loose_unknown"", ""loose_unknown"", ""loose_unknown""]","[0.20539459586143494, 0.18494638800621033, 0.1792076677083969, 0.170128732919693, 0.1574322134256363]",False,False
IMG_cc62dbd148e58905,1,labeled,1_2.0,01::0171_20140417_SZi_01_RAY,"[""IMG_57bcbc44207febf6"", ""IMG_efc367ab53689fa5"", ""IMG_365230aff6ccf855"", ""IMG_7801983dd0c37889"", ""IMG_e0758bdd04f3b9f1""]","[""loose_unknown"", ""1_2.0"", ""1_2.0"", ""1_3.0"", ""loose_unknown""]","[0.2590841054916382, 0.20115788280963898, 0.16866281628608704, 0.16308416426181793, 0.15967780351638794]",False,True
IMG_add6681025b7e34c,1,labeled,1_2.0,01::0207_20140417_SZi_01_RAY,"[""IMG_c061217b1f39deb1"", ""IMG_fb51e2b2eae54f2d"", ""IMG_b6725f34d2b64e55"", ""IMG_a6bf15b3e23eea6f"", ""IMG_a9e0d8c366e77672""]","[""1_4.0"", ""1_4.0"", ""loose_unknown"", ""1_2.0"", ""loose_unknown""]","[0.25281983613967896, 0.20926782488822937, 0.1912500113248825, 0.17228390276432037, 0.155826136469841]",False,True
IMG_33d44571ee320a90,1,labeled,1_2.0,01::0208_20140417_SZi_01_RAY,"[""IMG_bf29c448b7965c34"", ""IMG_f57b55836d4dabc0"", ""IMG_cc62dbd148e58905"", ""IMG_9e6ec1d9efc2e117"", ""IMG_fab1e7b5ba2babde""]","[""1_2.0"", ""1_7.0"", ""1_2.0"", ""1_3.0"", ""loose_unknown""]","[0.23931871354579926, 0.1465245634317398, 0.14147941768169403, 0.1358928233385086, 0.13510054349899292]",True,True
IMG_bf29c448b7965c34,1,labeled,1_2.0,01::0209_20140417_SZi_01_RAY,"[""IMG_33d44571ee320a90"", ""IMG_7cad6c99eaf7ed2b"", ""IMG_9e6ec1d9efc2e117"", ""IMG_365230aff6ccf855"", ""IMG_a3c715cc80ef44d8""]","[""1_2.0"", ""1_6.0"", ""1_3.0"", ""1_2.0"", ""1_9.0""]","[0.23931871354579926, 0.20239263772964478, 0.16486313939094543, 0.1539592146873474, 0.15005624294281006]",True,True
IMG_365230aff6ccf855,1,labeled,1_2.0,01::0271_20140417_SZi_01_RAY,"[""IMG_9f9f3f6db8386b49"", ""IMG_c776ffb7f924ded1"", ""IMG_cc62dbd148e58905"", ""IMG_3d4dd0d5272bd75b"", ""IMG_6eafb73ad6a0536d""]","[""loose_unknown"", ""loose_unknown"", ""1_2.0"", ""loose_unknown"", ""loose_unknown""]","[0.21665750443935394, 0.19111919403076172, 0.16866281628608704, 0.16417847573757172, 0.15943273901939392]",False,True
IMG_efc367ab53689fa5,1,labeled,1_2.0,01::0281_20140417_SZi_01_RAY,"[""IMG_cc62dbd148e58905"", ""IMG_14d44b32906fed16"", ""IMG_e86de629b537aa49"", ""IMG_d96a692b8a5e2cd9"", ""IMG_f41ca6cea397862f""]","[""1_2.0"", ""loose_unknown"", ""loose_unknown"", ""1_3.0"", ""loose_unknown""]","[0.20115788280963898, 0.19518262147903442, 0.19362059235572815, 0.189003586769104, 0.18290726840496063]",True,True
IMG_a6bf15b3e23eea6f,1,labeled,1_2.0,01::0282_20140417_SZi_01_RAY,"[""IMG_c0568dea770bde95"", ""IMG_add6681025b7e34c"", ""IMG_fb51e2b2eae54f2d"", ""IMG_52b4836019f67bc9"", ""IMG_4075ad3adad593e7""]","[""loose_unknown"", ""1_2.0"", ""1_4.0"", ""loose_unknown"", ""loose_unknown""]","[0.179619699716568, 0.17228390276432037, 0.16234424710273743, 0.14391110837459564, 0.1347334235906601]",False,True
IMG_0fda01828547a827,1,labeled,1_3.0,01::0218_20140417_SZi_01_RAY,"[""IMG_bcf3d9dd1cb6b9e2"", ""IMG_2d86a9c167d87a87"", ""IMG_79691a75f9b33de6"", ""IMG_3d4dd0d5272bd75b"", ""IMG_fab1e7b5ba2babde""]","[""1_1.0"", ""loose_unknown"", ""1_14.0"", ""loose_unknown"", ""loose_unknown""]","[0.20059263706207275, 0.19974909722805023, 0.15211360156536102, 0.14231377840042114, 0.12974128127098083]",False,False
IMG_6609262ac9b0bddd,1,labeled,1_3.0,01::0232_20140417_SZi_01_RAY,"[""IMG_243e6ba9482ec01f"", ""IMG_cfd8413c8fd7adb5"", ""IMG_9eb0d6d1cba0e944"", ""IMG_31846f0fbdb9d981"", ""IMG_c0568dea770bde95""]","[""loose_unknown"", ""1_13.0"", ""loose_unknown"", ""1_10.0"", ""loose_unknown""]","[0.2021329700946808, 0.16568295657634735, 0.14368556439876556, 0.14142251014709473, 0.1287103146314621]",False,False
IMG_d96a692b8a5e2cd9,1,labeled,1_3.0,01::0233_20140417_SZi_01_RAY,"[""IMG_decbf3098bd345e5"", ""IMG_efc367ab53689fa5"", ""IMG_31846f0fbdb9d981"", ""IMG_10b7d19446de45a1"", ""IMG_c0cc2c67e4729a86""]","[""loose_unknown"", ""1_2.0"", ""1_10.0"", ""loose_unknown"", ""loose_unknown""]","[0.21013319492340088, 0.189003586769104, 0.15296213328838348, 0.15186813473701477, 0.1140885204076767]",False,False
IMG_9e6ec1d9efc2e117,1,labeled,1_3.0,01::0406_20140417_SZi_01_RAY,"[""IMG_bf29c448b7965c34"", ""IMG_fab1e7b5ba2babde"", ""IMG_c9089614b6a55260"", ""IMG_9f18d42c971aff1c"", ""IMG_c1d3de3c7402ed5e""]","[""1_2.0"", ""loose_unknown"", ""1_2.0"", ""loose_unknown"", ""loose_unknown""]","[0.16486313939094543, 0.16461756825447083, 0.154060959815979, 0.1538749486207962, 0.13914507627487183]",False,False
IMG_7801983dd0c37889,1,labeled,1_3.0,01::0407_20140417_SZi_01_RAY,"[""IMG_4766b81119e75bcb"", ""IMG_cc62dbd148e58905"", ""IMG_e0758bdd04f3b9f1"", ""IMG_52b4836019f67bc9"", ""IMG_c0568dea770bde95""]","[""loose_unknown"", ""1_2.0"", ""loose_unknown"", ""loose_unknown"", ""loose_unknown""]","[0.1846890151500702, 0.16308416426181793, 0.1388665735721588, 0.11960294097661972, 0.11527319252490997]",False,False
IMG_fb51e2b2eae54f2d,1,labeled,1_4.0,01::0172_20140417_SZi_01_RAY,"[""IMG_add6681025b7e34c"", ""IMG_2b960e56df7cd84f"", ""IMG_a6bf15b3e23eea6f"", ""IMG_cfd8413c8fd7adb5"", ""IMG_ea3c050ed8c0f117""]","[""1_2.0"", ""loose_unknown"", ""1_2.0"", ""1_13.0"", ""1_5.0""]","[0.20926782488822937, 0.16513043642044067, 0.16234424710273743, 0.16185103356838226, 0.14796726405620575]",False,False
IMG_c28c684416b5dbd8,1,labeled,1_4.0,01::0236_20140417_SZi_01_RAY,"[""IMG_f8958678e847cf3b"", ""IMG_ad671fb1d0297986"", ""IMG_a1b65ba015bf8a38"", ""IMG_7ddc4201f6b94ee9"", ""IMG_3d4dd0d5272bd75b""]","[""loose_unknown"", ""loose_unknown"", ""1_2.0"", ""loose_unknown"", ""loose_unknown""]","[0.21822024881839752, 0.21733325719833374, 0.20539459586143494, 0.1849789321422577, 0.16094814240932465]",False,False
IMG_7b1e718057af2ab3,1,labeled,1_4.0,01::0259_20140417_SZi_01_RAY,"[""IMG_a1da1cac4ed4ad16"", ""IMG_e0758bdd04f3b9f1"", ""IMG_49df9fe4de5a41f1"", ""IMG_c1d3de3c7402ed5e"", ""IMG_ea3c050ed8c0f117""]","[""loose_unknown"", ""loose_unknown"", ""loose_unknown"", ""loose_unknown"", ""1_5.0""]","[0.22938331961631775, 0.15600907802581787, 0.13127698004245758, 0.12704801559448242, 0.12423933297395706]",False,False
IMG_c061217b1f39deb1,1,labeled,1_4.0,01::0269_20140417_SZi_01_RAY,"[""IMG_add6681025b7e34c"", ""IMG_63100f968ea2c375"", ""IMG_a1da1cac4ed4ad16"", ""IMG_bcf3d9dd1cb6b9e2"", ""IMG_d5b19b7a384abe06""]","[""1_2.0"", ""loose_unknown"", ""loose_unknown"", ""1_1.0"", ""loose_unknown""]","[0.25281983613967896, 0.2249583899974823, 0.21981516480445862, 0.16777582466602325, 0.16385863721370697]",False,False
IMG_ae391e2574fc9dc0,1,labeled,1_5.0,01::0246_20140417_SZi_01_RAY,"[""IMG_9f9f3f6db8386b49"", ""IMG_31846f0fbdb9d981"", ""IMG_57bcbc44207febf6"", ""IMG_d96a692b8a5e2cd9"", ""IMG_a1da1cac4ed4ad16""]","[""loose_unknown"", ""1_10.0"", ""loose_unknown"", ""1_3.0"", ""loose_unknown""]","[0.2060757279396057, 0.1591452956199646, 0.1509617269039154, 0.11040935665369034, 0.1100275069475174]",False,False
IMG_7cad6c99eaf7ed2b,1,labeled,1_6.0,01::0249_20140417_SZi_01_RAY,"[""IMG_bf29c448b7965c34"", ""IMG_c0568dea770bde95"", ""IMG_d5b19b7a384abe06"", ""IMG_2b960e56df7cd84f"", ""IMG_57bcbc44207febf6""]","[""1_2.0"", ""loose_unknown"", ""loose_unknown"", ""loose_unknown"", ""loose_unknown""]","[0.20239263772964478, 0.17876651883125305, 0.13974854350090027, 0.13970807194709778, 0.13020169734954834]",False,False
IMG_f57b55836d4dabc0,1,labeled,1_7.0,01::0300_20140417_SZi_01_RAY,"[""IMG_d7d7a7c429d1f1b6"", ""IMG_52a7375fb4e90441"", ""IMG_f41ca6cea397862f"", ""IMG_6a063bf13e567aa0"", ""IMG_c0cc2c67e4729a86""]","[""loose_unknown"", ""loose_unknown"", ""loose_unknown"", ""loose_unknown"", ""loose_unknown""]","[0.20568865537643433, 0.19645294547080994, 0.1730804443359375, 0.17184966802597046, 0.16904710233211517]",False,False
IMG_4e11a152cf6d0958,1,labeled,1_8.0,01::0316_20140417_SZi_01_RAY,"[""IMG_c9089614b6a55260"", ""IMG_d5b19b7a384abe06"", ""IMG_9f9f3f6db8386b49"", ""IMG_13f359862eaa5956"", ""IMG_41a178ba11fdafae""]","[""1_2.0"", ""loose_unknown"", ""loose_unknown"", ""loose_unknown"", ""loose_unknown""]","[0.20102810859680176, 0.16040819883346558, 0.14672034978866577, 0.1388750821352005, 0.13436540961265564]",False,False
IMG_911bee6b3260a458,1,labeled,1_8.0,01::0390_20140417_SZi_01_RAY,"[""IMG_12a3a1ac7544f67f"", ""IMG_7ddc4201f6b94ee9"", ""IMG_2d86a9c167d87a87"", ""IMG_fb33824fdf7da49c"", ""IMG_14d44b32906fed16""]","[""loose_unknown"", ""loose_unknown"", ""loose_unknown"", ""loose_unknown"", ""loose_unknown""]","[0.24469056725502014, 0.18334265053272247, 0.18023981153964996, 0.12014757841825485, 0.11769597232341766]",False,False
IMG_a3c715cc80ef44d8,1,labeled,1_9.0,01::0395_20140417_SZi_01_RAY,"[""IMG_57bcbc44207febf6"", ""IMG_cfd8413c8fd7adb5"", ""IMG_13f359862eaa5956"", ""IMG_bf29c448b7965c34"", ""IMG_291e2277785cff7b""]","[""loose_unknown"", ""1_13.0"", ""loose_unknown"", ""1_2.0"", ""1_11.0""]","[0.21237681806087494, 0.1541862040758133, 0.15048833191394806, 0.15005624294281006, 0.14151659607887268]",False,False
IMG_31846f0fbdb9d981,1,labeled,1_10.0,01::0394_20140417_SZi_01_RAY,"[""IMG_8aeafd80fb4b4579"", ""IMG_d5b19b7a384abe06"", ""IMG_fd2100c82c996ed6"", ""IMG_ae391e2574fc9dc0"", ""IMG_d96a692b8a5e2cd9""]","[""loose_unknown"", ""loose_unknown"", ""loose_unknown"", ""1_5.0"", ""1_3.0""]","[0.17946875095367432, 0.17474409937858582, 0.16812185943126678, 0.1591452956199646, 0.15296213328838348]",False,False
IMG_21849abd415a990c,3,labeled,3_21.0,03::0144_20140417_HBi_03_RAY,"[""IMG_e6c01595ce3ac10f"", ""IMG_4e307cf95c6ec646"", ""IMG_d29ed2e78c8f6d25"", ""IMG_0e03c96e3860a20c"", ""IMG_f47da1491476fc17""]","[""3_2.0"", ""loose_unknown"", ""3_5.0"", ""3_3.0"", ""loose_unknown""]","[0.3796786665916443, 0.2615366280078888, 0.20041093230247498, 0.19934794306755066, 0.19852754473686218]",False,False
IMG_2b06f0167eb7b587,3,labeled,3_21.0,03::0157_20140417_HBi_03_RAY,"[""IMG_89d30e56a805160a"", ""IMG_5001302b0ed35221"", ""IMG_2d5a71d4a5613a7a"", ""IMG_69360ff6f2281562"", ""IMG_4ccde233fd9bf8c6""]","[""loose_unknown"", ""3_9.0"", ""3_2.0"", ""loose_unknown"", ""loose_unknown""]","[0.2536731958389282, 0.23617181181907654, 0.23270218074321747, 0.2196841835975647, 0.2049880474805832]",False,False
IMG_8037c1a834d995e4,3,labeled,3_21.0,03::0181_20140417_HBi_03_RAY,"[""IMG_65f909fa289786fa"", ""IMG_0f12d56ebcc2107b"", ""IMG_a39ffc7a36dcd46a"", ""IMG_154da4f02db54fae"", ""IMG_aea7be43cb32a273""]","[""3_10.0"", ""loose_unknown"", ""loose_unknown"", ""3_10.0"", ""loose_unknown""]","[0.2491319477558136, 0.24853314459323883, 0.23028935492038727, 0.2282429337501526, 0.2166389375925064]",False,False
IMG_caa2f160f554a749,3,labeled,3_22.0,03::0164_20140417_HBi_03_RAY,"[""IMG_b4918b6dda4fbd89"", ""IMG_05a140b3898f61a7"", ""IMG_e18a64c50844387e"", ""IMG_d75db0a0fe0a29d2"", ""IMG_20004a5ff9493615""]","[""3_3.0"", ""loose_unknown"", ""loose_unknown"", ""3_9.0"", ""3_6.0""]","[0.1938452273607254, 0.1873246729373932, 0.17947515845298767, 0.1752101182937622, 0.17021802067756653]",False,False
IMG_fa230d075481bb76,3,labeled,3_23.0,03::0504_20140417_HBi_03_RAY,"[""IMG_fa3ee48298ba49b2"", ""IMG_4e307cf95c6ec646"", ""IMG_59e35a6728f49f9b"", ""IMG_207ccd107761fc96"", ""IMG_06e10ac1fb86886b""]","[""loose_unknown"", ""loose_unknown"", ""3_3.0"", ""loose_unknown"", ""loose_unknown""]","[0.2042253315448761, 0.19112877547740936, 0.18778733909130096, 0.17219117283821106, 0.16573889553546906]",False,False
IMG_796f42e08ecf0865,3,labeled,3_23.0,03::0798_20140417_HBi_03_RAY,"[""IMG_4cc1fe74bc6a1575"", ""IMG_34d871e8dadbe89a"", ""IMG_5ce0980d29583409"", ""IMG_814ea15230cf77ff"", ""IMG_ea11e68134e91dfe""]","[""loose_unknown"", ""3_28.0"", ""3_17.0"", ""3_10.0"", ""3_4.0""]","[0.3093872666358948, 0.27076759934425354, 0.24751724302768707, 0.22825023531913757, 0.19935184717178345]",False,False
IMG_37548991b9872187,3,labeled,3_26.0,03::0146_20140417_HBi_03_RAY,"[""IMG_11d906242e84663a"", ""IMG_cd0fe3ea292e90bb"", ""IMG_eaf2a14e7dfe9158"", ""IMG_bc78053f20c916b6"", ""IMG_e5dfb7042f13cb9c""]","[""loose_unknown"", ""loose_unknown"", ""3_11.0"", ""loose_unknown"", ""loose_unknown""]","[0.20711955428123474, 0.18289144337177277, 0.17303501069545746, 0.17284737527370453, 0.171432226896286]",False,False
IMG_bc4453d9ee311912,3,labeled,3_26.0,03::0147_20140417_HBi_03_RAY,"[""IMG_d04b4442a491b9ed"", ""IMG_11d906242e84663a"", ""IMG_8ffb951b1d77d552"", ""IMG_74aa811586e07cff"", ""IMG_1cd9988f9d499955""]","[""loose_unknown"", ""loose_unknown"", ""loose_unknown"", ""3_10.0"", ""3_10.0""]","[0.22446534037590027, 0.2093847095966339, 0.2006930261850357, 0.1876710057258606, 0.18101121485233307]",False,False
IMG_34d871e8dadbe89a,3,labeled,3_28.0,03::0162_20140417_HBi_03_RAY,"[""IMG_814ea15230cf77ff"", ""IMG_ddd70b9780e4c7de"", ""IMG_796f42e08ecf0865"", ""IMG_7d1f7067d4ffb6cd"", ""IMG_7d0657b4c24b8e7f""]","[""3_10.0"", ""3_15.0"", ""3_23.0"", ""loose_unknown"", ""loose_unknown""]","[0.3269220292568207, 0.28140297532081604, 0.27076759934425354, 0.24679067730903625, 0.22285300493240356]",False,False
IMG_7eb127fe209a0236,3,labeled,3_29.0,03::0164_20140417_HBi_03_RAY,"[""IMG_5a1b2dae985f3055"", ""IMG_20004a5ff9493615"", ""IMG_59e35a6728f49f9b"", ""IMG_b00cc602f340f203"", ""IMG_1c67b02ae9b59108""]","[""3_13.0"", ""3_6.0"", ""3_3.0"", ""3_10.0"", ""3_3.0""]","[0.23167288303375244, 0.22220678627490997, 0.222106471657753, 0.20603078603744507, 0.195824533700943]",False,False
IMG_e1bac6b4486a6ebe,3,labeled,3_30.0,03::0165_20140417_HBi_03_RAY,"[""IMG_1d5206db18203ba7"", ""IMG_bc78053f20c916b6"", ""IMG_077018732a20157b"", ""IMG_22c1b352d725028d"", ""IMG_3a486e292583f5fd""]","[""3_19.0"", ""loose_unknown"", ""3_5.0"", ""loose_unknown"", ""3_8.0""]","[0.257311075925827, 0.2205696851015091, 0.21484701335430145, 0.2060737907886505, 0.18974074721336365]",False,False
IMG_756e6442e70bbb4f,3,labeled,3_1.0,03::0141_20140417_HBi_03_RAY,"[""IMG_575f3a62fc1c8a98"", ""IMG_97c531019a7ad5ae"", ""IMG_8f03aa5a4d15d1be"", ""IMG_627cf8ecd6785b30"", ""IMG_ba4f15b50f74beff""]","[""loose_unknown"", ""3_20.0"", ""loose_unknown"", ""loose_unknown"", ""3_16.0""]","[0.32885923981666565, 0.2520214915275574, 0.1918558031320572, 0.18874576687812805, 0.18022428452968597]",False,False
IMG_a709803aa29ba81a,3,labeled,3_1.0,03::0178_20140417_HBi_03_RAY,"[""IMG_2ec9b729c3047f30"", ""IMG_1c67b02ae9b59108"", ""IMG_a9a6feb7d1d4e069"", ""IMG_790d6b70d4e962ab"", ""IMG_0477741c24dab835""]","[""3_2.0"", ""3_3.0"", ""3_7.0"", ""loose_unknown"", ""3_31.0""]","[0.21982906758785248, 0.2047041803598404, 0.20151253044605255, 0.2012138068675995, 0.2006923109292984]",False,False
IMG_e6c01595ce3ac10f,3,labeled,3_2.0,03::0200_20140417_HBi_03_RAY,"[""IMG_21849abd415a990c"", ""IMG_d29ed2e78c8f6d25"", ""IMG_cd0fe3ea292e90bb"", ""IMG_154da4f02db54fae"", ""IMG_fc68eb5adc45dcb9""]","[""3_21.0"", ""3_5.0"", ""loose_unknown"", ""3_10.0"", ""3_10.0""]","[0.3796786665916443, 0.2624489665031433, 0.2228066623210907, 0.20163214206695557, 0.1970367580652237]",False,False
IMG_114077120d0a2d98,3,labeled,3_2.0,03::0201_20140417_HBi_03_RAY,"[""IMG_6093a75e3e14d5df"", ""IMG_1b775dad20a3f7e2"", ""IMG_0f12d56ebcc2107b"", ""IMG_f9a533849e644f01"", ""IMG_814ea15230cf77ff""]","[""3_2.0"", ""loose_unknown"", ""loose_unknown"", ""loose_unknown"", ""3_10.0""]","[0.23772700130939484, 0.2005663812160492, 0.1981239914894104, 0.19322024285793304, 0.1784335821866989]",True,True
IMG_9e047d15e1fd2ddb,3,labeled,3_2.0,03::0214_20140417_HBi_03_RAY,"[""IMG_67af1c759b2d5fe4"", ""IMG_326e857a9f63d423"", ""IMG_e5dfb7042f13cb9c"", ""IMG_1aa8ecf722a1755f"", ""IMG_a709803aa29ba81a""]","[""loose_unknown"", ""loose_unknown"", ""loose_unknown"", ""3_4.0"", ""3_1.0""]","[0.19387415051460266, 0.19314439594745636, 0.1889515221118927, 0.18739983439445496, 0.18267470598220825]",False,False
IMG_dd178000d5df56dc,3,labeled,3_2.0,03::0215_20140417_HBi_03_RAY,"[""IMG_278543fb4222163a"", ""IMG_89d30e56a805160a"", ""IMG_032ccb6e95a73bb8"", ""IMG_e9581439a4d2c0fb"", ""IMG_fe3c6591532b3943""]","[""loose_unknown"", ""loose_unknown"", ""loose_unknown"", ""3_10.0"", ""loose_unknown""]","[0.19582201540470123, 0.18652808666229248, 0.18616244196891785, 0.18409369885921478, 0.18015334010124207]",False,False
IMG_f6a06551b419c8d3,3,labeled,3_2.0,03::0216_20140417_HBi_03_RAY,"[""IMG_3cda19cb77f73495"", ""IMG_3fff93b7a18937ff"", ""IMG_eaf2a14e7dfe9158"", ""IMG_d04b4442a491b9ed"", ""IMG_5aa752038253fa2c""]","[""3_16.0"", ""3_10.0"", ""3_11.0"", ""loose_unknown"", ""loose_unknown""]","[0.37247878313064575, 0.27793484926223755, 0.24832239747047424, 0.1818486601114273, 0.17374588549137115]",False,False
IMG_5171549ee9022d18,3,labeled,3_2.0,03::0222_20140417_HBi_03_RAY,"[""IMG_1636755f70f7c2a6"", ""IMG_75a91ebdbf34de16"", ""IMG_6093a75e3e14d5df"", ""IMG_ba43326507a4120a"", ""IMG_5a7986cc85811e59""]","[""3_9.0"", ""loose_unknown"", ""3_2.0"", ""3_11.0"", ""loose_unknown""]","[0.21949735283851624, 0.2173292487859726, 0.21634723246097565, 0.21103326976299286, 0.2100602090358734]",False,True
IMG_899eab175cf11e80,3,labeled,3_2.0,03::0250_20140417_HBi_03_RAY,"[""IMG_3cb038df98b0f641"", ""IMG_aea7be43cb32a273"", ""IMG_6093a75e3e14d5df"", ""IMG_a8685481c997462e"", ""IMG_39f79aba2723784d""]","[""loose_unknown"", ""loose_unknown"", ""3_2.0"", ""loose_unknown"", ""3_5.0""]","[0.2174377143383026, 0.19424547255039215, 0.19037719070911407, 0.18544194102287292, 0.17302840948104858]",False,True
IMG_93581bef499b37df,3,labeled,3_2.0,03::0251_20140417_HBi_03_RAY,"[""IMG_c29f5acfed2d0518"", ""IMG_050b175826b179f8"", ""IMG_3c1c5ee868b49ff2"", ""IMG_57cfc4366a136861"", ""IMG_cd0fe3ea292e90bb""]","[""loose_unknown"", ""loose_unknown"", ""3_3.0"", ""3_5.0"", ""loose_unknown""]","[0.27326953411102295, 0.24085326492786407, 0.22756560146808624, 0.22171686589717865, 0.19910623133182526]",False,False
IMG_03193f6c99f32e8b,3,labeled,3_2.0,03::0257_20140417_HBi_03_RAY,"[""IMG_e6671b596115ec8a"", ""IMG_1f30db96d135e053"", ""IMG_43f6242b9c65ab2d"", ""IMG_93581bef499b37df"", ""IMG_11d906242e84663a""]","[""loose_unknown"", ""loose_unknown"", ""3_16.0"", ""3_2.0"", ""loose_unknown""]","[0.24264326691627502, 0.2336685061454773, 0.19721250236034393, 0.1868002861738205, 0.1805928349494934]",False,True
IMG_2ec9b729c3047f30,3,labeled,3_2.0,03::0258_20140417_HBi_03_RAY,"[""IMG_217f3610fa912f0b"", ""IMG_8d7da689165e661f"", ""IMG_a709803aa29ba81a"", ""IMG_964068199e5d37ad"", ""IMG_760b2dc71546a7a2""]","[""3_6.0"", ""loose_unknown"", ""3_1.0"", ""loose_unknown"", ""loose_unknown""]","[0.2946101725101471, 0.2576545178890228, 0.21982906758785248, 0.21489045023918152, 0.21263141930103302]",False,False
IMG_2615c5de94cf0ab6,3,labeled,3_2.0,03::0259_20140417_HBi_03_RAY,"[""IMG_43f6242b9c65ab2d"", ""IMG_fe3c6591532b3943"", ""IMG_9d8607824cfd0f6e"", ""IMG_65f909fa289786fa"", ""IMG_eaf2a14e7dfe9158""]","[""3_16.0"", ""loose_unknown"", ""loose_unknown"", ""3_10.0"", ""3_11.0""]","[0.2739338278770447, 0.25764358043670654, 0.22937914729118347, 0.22648826241493225, 0.21150240302085876]",False,False
IMG_f914119441e6fbfc,3,labeled,3_2.0,03::0325_20140417_HBi_03_RAY,"[""IMG_d0c72404d1934277"", ""IMG_3be4c95c39822645"", ""IMG_713398946d263cce"", ""IMG_6d0bbc16533ee1a8"", ""IMG_09c470048aa5a620""]","[""loose_unknown"", ""3_7.0"", ""loose_unknown"", ""loose_unknown"", ""3_6.0""]","[0.25003781914711, 0.23910380899906158, 0.22074733674526215, 0.2123100608587265, 0.18524308502674103]",False,False
IMG_6093a75e3e14d5df,3,labeled,3_2.0,03::0489_20140417_HBi_03_RAY,"[""IMG_114077120d0a2d98"", ""IMG_8faadd196775b864"", ""IMG_5171549ee9022d18"", ""IMG_3c1c5ee868b49ff2"", ""IMG_88989ec7c9b90745""]","[""3_2.0"", ""loose_unknown"", ""3_2.0"", ""3_3.0"", ""3_18.0""]","[0.23772700130939484, 0.22113217413425446, 0.21634723246097565, 0.2142607867717743, 0.20463503897190094]",True,True
IMG_2d5a71d4a5613a7a,3,labeled,3_2.0,03::0490_20140417_HBi_03_RAY,"[""IMG_713398946d263cce"", ""IMG_b00cc602f340f203"", ""IMG_2b06f0167eb7b587"", ""IMG_4f8fbfca3e35b3c0"", ""IMG_a39ffc7a36dcd46a""]","[""loose_unknown"", ""3_10.0"", ""3_21.0"", ""loose_unknown"", ""loose_unknown""]","[0.2652042508125305, 0.2394952028989792, 0.23270218074321747, 0.20011313259601593, 0.19826604425907135]",False,False
IMG_9935b9839e10b78b,3,labeled,3_2.0,03::0497_20140417_HBi_03_RAY,"[""IMG_b741dc5a87e88d17"", ""IMG_45a14ce1592796c1"", ""IMG_0e0c8034ed2c12e5"", ""IMG_bd146b01a5ab5e14"", ""IMG_23eee2d344e472b9""]","[""3_3.0"", ""loose_unknown"", ""loose_unknown"", ""3_3.0"", ""3_14.0""]","[0.2588040828704834, 0.22778576612472534, 0.2164279967546463, 0.20890793204307556, 0.18813695013523102]",False,False
IMG_a3430090c4ce7a3b,3,labeled,3_2.0,03::0498_20140417_HBi_03_RAY,"[""IMG_bc78053f20c916b6"", ""IMG_88989ec7c9b90745"", ""IMG_043fc8d5cb71ffc0"", ""IMG_33cbcc15b479c201"", ""IMG_ba4f15b50f74beff""]","[""loose_unknown"", ""3_18.0"", ""3_7.0"", ""3_3.0"", ""3_16.0""]","[0.2894268333911896, 0.21012504398822784, 0.19234244525432587, 0.19162359833717346, 0.18306800723075867]",False,False
IMG_959dea87d88a6be9,3,labeled,3_2.0,03::0499_20140417_HBi_03_RAY,"[""IMG_8bed067689af3d65"", ""IMG_a606bdc025c9a6f7"", ""IMG_8e5474ca58c9c9de"", ""IMG_bc4453d9ee311912"", ""IMG_5f3a567c4118166f""]","[""3_10.0"", ""3_27.0"", ""loose_unknown"", ""3_26.0"", ""loose_unknown""]","[0.20528316497802734, 0.19259846210479736, 0.1792260706424713, 0.17722974717617035, 0.17722149193286896]",False,False
IMG_82a50ed5faf285df,3,labeled,3_3.0,03::0157_20140417_HBi_03_RAY,"[""IMG_a726acf419f4d07e"", ""IMG_5130cbc7ffaae275"", ""IMG_1160f398baf49321"", ""IMG_17bf32b84cce5414"", ""IMG_f9a533849e644f01""]","[""loose_unknown"", ""3_5.0"", ""loose_unknown"", ""loose_unknown"", ""loose_unknown""]","[0.21292966604232788, 0.1851755678653717, 0.16861997544765472, 0.1683380901813507, 0.16346487402915955]",False,False
IMG_b4918b6dda4fbd89,3,labeled,3_3.0,03::0206_20140417_HBi_03_RAY,"[""IMG_69360ff6f2281562"", ""IMG_caa2f160f554a749"", ""IMG_75a91ebdbf34de16"", ""IMG_9766b82ae35cb8be"", ""IMG_5aa752038253fa2c""]","[""loose_unknown"", ""3_22.0"", ""loose_unknown"", ""loose_unknown"", ""loose_unknown""]","[0.21202778816223145, 0.1938452273607254, 0.1894228756427765, 0.1850714087486267, 0.17871782183647156]",False,False
IMG_c848237760038bbf,3,labeled,3_3.0,03::0230_20140417_HBi_03_RAY,"[""IMG_a5daa51e2871d9c2"", ""IMG_03955f459165fb69"", ""IMG_4cc1fe74bc6a1575"", ""IMG_3962a1dc6c4292b4"", ""IMG_2615c5de94cf0ab6""]","[""3_8.0"", ""3_4.0"", ""loose_unknown"", ""3_4.0"", ""3_2.0""]","[0.2495253086090088, 0.24330371618270874, 0.2171846628189087, 0.19906599819660187, 0.18994230031967163]",False,False
IMG_85a1df455dd25f66,3,labeled,3_3.0,03::0240_20140417_HBi_03_RAY,"[""IMG_5d56b11d4080a9ab"", ""IMG_077018732a20157b"", ""IMG_24134fc15ba96652"", ""IMG_22c1d1571bf40f38"", ""IMG_b825df862b6e289f""]","[""loose_unknown"", ""3_5.0"", ""3_9.0"", ""3_3.0"", ""3_9.0""]","[0.23419426381587982, 0.20627042651176453, 0.20319920778274536, 0.1947031021118164, 0.19416548311710358]",False,True
IMG_aade277476cfab5c,3,labeled,3_3.0,03::0241_20140417_HBi_03_RAY,"[""IMG_a8685481c997462e"", ""IMG_d04b4442a491b9ed"", ""IMG_5f0ae7a6ba448eb8"", ""IMG_41a15bee1ec02acd"", ""IMG_84f7a1d69468357d""]","[""loose_unknown"", ""loose_unknown"", ""loose_unknown"", ""3_11.0"", ""3_16.0""]","[0.316642701625824, 0.25429096817970276, 0.2258969247341156, 0.19924041628837585, 0.18673670291900635]",False,False
IMG_1c67b02ae9b59108,3,labeled,3_3.0,03::0242_20140417_HBi_03_RAY,"[""IMG_03d24306c61e22a9"", ""IMG_050b175826b179f8"", ""IMG_db9875e2b237edd3"", ""IMG_a709803aa29ba81a"", ""IMG_948dfb19bc559799""]","[""3_6.0"", ""loose_unknown"", ""3_16.0"", ""3_1.0"", ""loose_unknown""]","[0.280464231967926, 0.2722223699092865, 0.22574487328529358, 0.2047041803598404, 0.20259369909763336]",False,False
IMG_3d7bf72908e59499,3,labeled,3_3.0,03::0246_20140417_HBi_03_RAY,"[""IMG_f0e20029fd5e8703"", ""IMG_ba4f15b50f74beff"", ""IMG_8b18934c9a541949"", ""IMG_2b06f0167eb7b587"", ""IMG_eee72fbb9ed6c898""]","[""3_14.0"", ""3_16.0"", ""3_5.0"", ""3_21.0"", ""loose_unknown""]","[0.21430553495883942, 0.21050365269184113, 0.2088029980659485, 0.196613609790802, 0.1848096251487732]",False,False
IMG_5fc2f2b7ba500dab,3,labeled,3_3.0,03::0247_20140417_HBi_03_RAY,"[""IMG_2aa181adffd78ec4"", ""IMG_984b708f54a07f44"", ""IMG_75a91ebdbf34de16"", ""IMG_69360ff6f2281562"", ""IMG_a9a6feb7d1d4e069""]","[""loose_unknown"", ""loose_unknown"", ""loose_unknown"", ""loose_unknown"", ""3_7.0""]","[0.2614937126636505, 0.21833182871341705, 0.2126103639602661, 0.20392398536205292, 0.17595086991786957]",False,False
IMG_3c1c5ee868b49ff2,3,labeled,3_3.0,03::0248_20140417_HBi_03_RAY,"[""IMG_22c1b352d725028d"", ""IMG_93581bef499b37df"", ""IMG_050b175826b179f8"", ""IMG_5f1e9d8b2178b03d"", ""IMG_6093a75e3e14d5df""]","[""loose_unknown"", ""3_2.0"", ""loose_unknown"", ""3_5.0"", ""3_2.0""]","[0.23050910234451294, 0.22756560146808624, 0.2263515740633011, 0.21547052264213562, 0.2142607867717743]",False,False
IMG_59e35a6728f49f9b,3,labeled,3_3.0,03::0260_20140417_HBi_03_RAY,"[""IMG_35c3d34f6a3506e8"", ""IMG_c35286d04e6f978d"", ""IMG_5a1b2dae985f3055"", ""IMG_7eb127fe209a0236"", ""IMG_760b2dc71546a7a2""]","[""3_3.0"", ""3_10.0"", ""3_13.0"", ""3_29.0"", ""loose_unknown""]","[0.2929518222808838, 0.24061289429664612, 0.22877644002437592, 0.222106471657753, 0.21997123956680298]",True,True
IMG_ed8f4661bbbe6d5c,3,labeled,3_3.0,03::0261_20140417_HBi_03_RAY,"[""IMG_0e03c96e3860a20c"", ""IMG_28e2fb05225554f4"", ""IMG_8c428ce6615f99f9"", ""IMG_3962a1dc6c4292b4"", ""IMG_164cbf93c80a224e""]","[""3_3.0"", ""loose_unknown"", ""3_4.0"", ""3_4.0"", ""loose_unknown""]","[0.2640390396118164, 0.2592516541481018, 0.25693413615226746, 0.24583828449249268, 0.22766894102096558]",True,True
IMG_b741dc5a87e88d17,3,labeled,3_3.0,03::0271_20140417_HBi_03_RAY,"[""IMG_9935b9839e10b78b"", ""IMG_fd391b80928842b0"", ""IMG_3cda19cb77f73495"", ""IMG_8ffb951b1d77d552"", ""IMG_c45f134a64d72abe""]","[""3_2.0"", ""3_10.0"", ""3_16.0"", ""loose_unknown"", ""loose_unknown""]","[0.2588040828704834, 0.2364688217639923, 0.2178000807762146, 0.21750688552856445, 0.20899078249931335]",False,False
IMG_22c1d1571bf40f38,3,labeled,3_3.0,03::0280_20140417_HBi_03_RAY,"[""IMG_f4b55c978d9b27ad"", ""IMG_5d8dd4d4c60ea701"", ""IMG_4581f25a8e3462b0"", ""IMG_d0c72404d1934277"", ""IMG_85a1df455dd25f66""]","[""3_7.0"", ""loose_unknown"", ""loose_unknown"", ""loose_unknown"", ""3_3.0""]","[0.2593536972999573, 0.2113594114780426, 0.20746655762195587, 0.20568035542964935, 0.1947031021118164]",False,True
IMG_90448cd333a0b216,3,labeled,3_3.0,03::0281_20140417_HBi_03_RAY,"[""IMG_11d906242e84663a"", ""IMG_b6342a46f1941cbd"", ""IMG_35c3d34f6a3506e8"", ""IMG_05a140b3898f61a7"", ""IMG_1cd9988f9d499955""]","[""loose_unknown"", ""3_11.0"", ""3_3.0"", ""loose_unknown"", ""3_10.0""]","[0.27360793948173523, 0.24758006632328033, 0.23375095427036285, 0.2148241400718689, 0.21316613256931305]",False,True
IMG_0c67105fef9f5e61,3,labeled,3_3.0,03::0282_20140417_HBi_03_RAY,"[""IMG_20004a5ff9493615"", ""IMG_a997a5f157a51805"", ""IMG_8faadd196775b864"", ""IMG_a726acf419f4d07e"", ""IMG_f47da1491476fc17""]","[""3_6.0"", ""3_6.0"", ""loose_unknown"", ""loose_unknown"", ""loose_unknown""]","[0.27339667081832886, 0.25476327538490295, 0.24386797845363617, 0.23725712299346924, 0.20327195525169373]",False,False
IMG_2b7e1f460614d568,3,labeled,3_3.0,03::0301_20140417_HBi_03_RAY,"[""IMG_512b6c1cb132c6f7"", ""IMG_1d78b6b04d5c0d1c"", ""IMG_2a50cbaa54e91001"", ""IMG_3962a1dc6c4292b4"", ""IMG_b6342a46f1941cbd""]","[""loose_unknown"", ""loose_unknown"", ""loose_unknown"", ""3_4.0"", ""3_11.0""]","[0.2553272545337677, 0.22103087604045868, 0.21746492385864258, 0.20441865921020508, 0.19790242612361908]",False,False
IMG_0e03c96e3860a20c,3,labeled,3_3.0,03::0302_20140417_HBi_03_RAY,"[""IMG_b2b237a36b5aaa76"", ""IMG_ed8f4661bbbe6d5c"", ""IMG_d5ab8a6b9f46e4c7"", ""IMG_21849abd415a990c"", ""IMG_8862ecab58a95486""]","[""loose_unknown"", ""3_3.0"", ""loose_unknown"", ""3_21.0"", ""3_3.0""]","[0.2773743271827698, 0.2640390396118164, 0.21751902997493744, 0.19934794306755066, 0.19505846500396729]",False,True
IMG_b47a7d1dba914893,3,labeled,3_3.0,03::0313_20140417_HBi_03_RAY,"[""IMG_c35286d04e6f978d"", ""IMG_3ba45ee470395152"", ""IMG_ba43326507a4120a"", ""IMG_53580f113f00f8bd"", ""IMG_f4b55c978d9b27ad""]","[""3_10.0"", ""3_27.0"", ""3_11.0"", ""loose_unknown"", ""3_7.0""]","[0.27196189761161804, 0.2255580723285675, 0.20855897665023804, 0.20824585855007172, 0.19599173963069916]",False,False
IMG_831009435c1b2124,3,labeled,3_3.0,03::0314_20140417_HBi_03_RAY,"[""IMG_a606bdc025c9a6f7"", ""IMG_339d3c59aa65dfd3"", ""IMG_e6671b596115ec8a"", ""IMG_14e79d03c1704745"", ""IMG_1160f398baf49321""]","[""3_27.0"", ""3_7.0"", ""loose_unknown"", ""3_19.0"", ""loose_unknown""]","[0.2467270791530609, 0.23881441354751587, 0.2043461948633194, 0.18047723174095154, 0.17979690432548523]",False,False
IMG_4856b607af778a83,3,labeled,3_3.0,03::0315_20140417_HBi_03_RAY,"[""IMG_2a50cbaa54e91001"", ""IMG_ef20db1b31be70e2"", ""IMG_579f1084359889d1"", ""IMG_88989ec7c9b90745"", ""IMG_eb1dc97cf3a61160""]","[""loose_unknown"", ""loose_unknown"", ""loose_unknown"", ""3_18.0"", ""3_12.0""]","[0.2534201741218567, 0.23573781549930573, 0.22733446955680847, 0.22357551753520966, 0.2045699656009674]",False,False
IMG_35c3d34f6a3506e8,3,labeled,3_3.0,03::0316_20140417_HBi_03_RAY,"[""IMG_59e35a6728f49f9b"", ""IMG_2408579bd0486bf4"", ""IMG_90448cd333a0b216"", ""IMG_c35286d04e6f978d"", ""IMG_65dd7a3c58c2618e""]","[""3_3.0"", ""3_4.0"", ""3_3.0"", ""3_10.0"", ""loose_unknown""]","[0.2929518222808838, 0.2769645154476166, 0.23375095427036285, 0.2222478687763214, 0.21202020347118378]",True,True
IMG_33cbcc15b479c201,3,labeled,3_3.0,03::0491_20140417_HBi_03_RAY,"[""IMG_56c52fd2b2f396b8"", ""IMG_a3aac8fb69f3c4e3"", ""IMG_8e89b52d7cac553e"", ""IMG_fe7f2235d9b43df5"", ""IMG_09c470048aa5a620""]","[""3_20.0"", ""loose_unknown"", ""loose_unknown"", ""3_11.0"", ""3_6.0""]","[0.24150404334068298, 0.2343047857284546, 0.22752146422863007, 0.2057006061077118, 0.2034408003091812]",False,False
IMG_bd146b01a5ab5e14,3,labeled,3_3.0,03::0524_20140417_HBi_03_RAY,"[""IMG_9d97ff2c1edcb509"", ""IMG_9935b9839e10b78b"", ""IMG_28e2fb05225554f4"", ""IMG_ab9c61016fe44508"", ""IMG_1f30db96d135e053""]","[""loose_unknown"", ""3_2.0"", ""loose_unknown"", ""loose_unknown"", ""loose_unknown""]","[0.2304474115371704, 0.20890793204307556, 0.19918709993362427, 0.19011640548706055, 0.1857297718524933]",False,False
IMG_102c379d7d6b4a9c,3,labeled,3_3.0,03::0525_20140417_HBi_03_RAY,"[""IMG_05a140b3898f61a7"", ""IMG_207ccd107761fc96"", ""IMG_302da20670764559"", ""IMG_a3aac8fb69f3c4e3"", ""IMG_22c1d1571bf40f38""]","[""loose_unknown"", ""loose_unknown"", ""3_9.0"", ""loose_unknown"", ""3_3.0""]","[0.2529757022857666, 0.21253472566604614, 0.20119395852088928, 0.18709947168827057, 0.18557660281658173]",False,True
IMG_d9d5189844371896,3,labeled,3_3.0,03::0528_20140417_HBi_03_RAY,"[""IMG_ff68675e55952cba"", ""IMG_ef20db1b31be70e2"", ""IMG_4581f25a8e3462b0"", ""IMG_fc68eb5adc45dcb9"", ""IMG_50a49316d3510fb4""]","[""loose_unknown"", ""loose_unknown"", ""loose_unknown"", ""3_10.0"", ""loose_unknown""]","[0.23958632349967957, 0.2309638112783432, 0.21717213094234467, 0.2062239795923233, 0.20471535623073578]",False,False
IMG_d5cd8fda05dc114c,3,labeled,3_3.0,03::0540_20140417_HBi_03_RAY,"[""IMG_fa162abe2a270429"", ""IMG_90448cd333a0b216"", ""IMG_f4392a818dc22818"", ""IMG_f9a706f8b0be993b"", ""IMG_3962a1dc6c4292b4""]","[""loose_unknown"", ""3_3.0"", ""loose_unknown"", ""loose_unknown"", ""3_4.0""]","[0.2159487009048462, 0.2061786651611328, 0.20483887195587158, 0.1910361647605896, 0.1883532553911209]",False,True
IMG_8862ecab58a95486,3,labeled,3_3.0,03::0657_20140417_HBi_03_RAY,"[""IMG_c6d0865e3cdbacc3"", ""IMG_9bbca884ac77ceab"", ""IMG_3e828dc68c7d0898"", ""IMG_0e03c96e3860a20c"", ""IMG_03955f459165fb69""]","[""3_6.0"", ""loose_unknown"", ""3_5.0"", ""3_3.0"", ""3_4.0""]","[0.2276063859462738, 0.20402741432189941, 0.20356696844100952, 0.19505846500396729, 0.18471823632717133]",False,True
IMG_4362f41d356ea6e2,3,labeled,3_4.0,03::0161_20140417_HBi_03_RAY,"[""IMG_7d1f7067d4ffb6cd"", ""IMG_1cd9988f9d499955"", ""IMG_fc68eb5adc45dcb9"", ""IMG_4346881113cb7134"", ""IMG_102c379d7d6b4a9c""]","[""loose_unknown"", ""3_10.0"", ""3_10.0"", ""3_5.0"", ""3_3.0""]","[0.18796487152576447, 0.18467365205287933, 0.1834995150566101, 0.16261553764343262, 0.1557733416557312]",False,False
IMG_ea11e68134e91dfe,3,labeled,3_4.0,03::0207_20140417_HBi_03_RAY,"[""IMG_a606bdc025c9a6f7"", ""IMG_579f1084359889d1"", ""IMG_c57f9d611fd1635a"", ""IMG_796f42e08ecf0865"", ""IMG_d4d2e5164afe3e9f""]","[""3_27.0"", ""loose_unknown"", ""3_20.0"", ""3_23.0"", ""loose_unknown""]","[0.2537488639354706, 0.21178960800170898, 0.2078561782836914, 0.19935184717178345, 0.18654020130634308]",False,False
IMG_03955f459165fb69,3,labeled,3_4.0,03::0288_20140417_HBi_03_RAY,"[""IMG_c848237760038bbf"", ""IMG_5ded501d0f5b1c92"", ""IMG_1d5206db18203ba7"", ""IMG_8862ecab58a95486"", ""IMG_57cfc4366a136861""]","[""3_3.0"", ""3_18.0"", ""3_19.0"", ""3_3.0"", ""3_5.0""]","[0.24330371618270874, 0.22883830964565277, 0.1870819330215454, 0.18471823632717133, 0.1783762276172638]",False,False
IMG_a2990977479dc3b5,3,labeled,3_4.0,03::0289_20140417_HBi_03_RAY,"[""IMG_42687578eaf87f45"", ""IMG_1aa8ecf722a1755f"", ""IMG_5a7986cc85811e59"", ""IMG_a606bdc025c9a6f7"", ""IMG_4b86dee50375da53""]","[""loose_unknown"", ""3_4.0"", ""loose_unknown"", ""3_27.0"", ""3_10.0""]","[0.22180874645709991, 0.21567858755588531, 0.1926267445087433, 0.19006359577178955, 0.17954276502132416]",False,True
IMG_1aa8ecf722a1755f,3,labeled,3_4.0,03::0290_20140417_HBi_03_RAY,"[""IMG_a4684869a3412760"", ""IMG_09c470048aa5a620"", ""IMG_a2990977479dc3b5"", ""IMG_9bbca884ac77ceab"", ""IMG_e9581439a4d2c0fb""]","[""loose_unknown"", ""3_6.0"", ""3_4.0"", ""loose_unknown"", ""3_10.0""]","[0.2399010956287384, 0.2206326276063919, 0.21567858755588531, 0.21210771799087524, 0.20834723114967346]",False,True
IMG_8c428ce6615f99f9,3,labeled,3_4.0,03::0468_20140417_HBi_03_RAY,"[""IMG_d5ab8a6b9f46e4c7"", ""IMG_ed8f4661bbbe6d5c"", ""IMG_8b18934c9a541949"", ""IMG_47e393aa821fedbd"", ""IMG_4e307cf95c6ec646""]","[""loose_unknown"", ""3_3.0"", ""3_5.0"", ""3_9.0"", ""loose_unknown""]","[0.261367529630661, 0.25693413615226746, 0.2505481243133545, 0.1972443014383316, 0.19103781878948212]",False,False
IMG_2408579bd0486bf4,3,labeled,3_4.0,03::0469_20140417_HBi_03_RAY,"[""IMG_032ccb6e95a73bb8"", ""IMG_35c3d34f6a3506e8"", ""IMG_47e393aa821fedbd"", ""IMG_4c5297393cb9b46e"", ""IMG_65dd7a3c58c2618e""]","[""loose_unknown"", ""3_3.0"", ""3_9.0"", ""loose_unknown"", ""loose_unknown""]","[0.2987939119338989, 0.2769645154476166, 0.24753621220588684, 0.2048720121383667, 0.19393907487392426]",False,False
IMG_3962a1dc6c4292b4,3,labeled,3_4.0,03::0470_20140417_HBi_03_RAY,"[""IMG_ed8f4661bbbe6d5c"", ""IMG_2b7e1f460614d568"", ""IMG_c848237760038bbf"", ""IMG_22c1b352d725028d"", ""IMG_d5cd8fda05dc114c""]","[""3_3.0"", ""3_3.0"", ""3_3.0"", ""loose_unknown"", ""3_3.0""]","[0.24583828449249268, 0.20441865921020508, 0.19906599819660187, 0.19147515296936035, 0.1883532553911209]",False,False
IMG_5f1e9d8b2178b03d,3,labeled,3_5.0,03::0224_20140417_HBi_03_RAY,"[""IMG_c29f5acfed2d0518"", ""IMG_90362c6bc9e02171"", ""IMG_3c1c5ee868b49ff2"", ""IMG_0f0cd0e7c57181b2"", ""IMG_6d8299b306221213""]","[""loose_unknown"", ""loose_unknown"", ""3_3.0"", ""3_10.0"", ""loose_unknown""]","[0.24976882338523865, 0.24668949842453003, 0.21547052264213562, 0.21493899822235107, 0.1928756982088089]",False,False
IMG_3e828dc68c7d0898,3,labeled,3_5.0,03::0236_20140417_HBi_03_RAY,"[""IMG_fe3c6591532b3943"", ""IMG_14e79d03c1704745"", ""IMG_8862ecab58a95486"", ""IMG_5265bd2b5f65c9e1"", ""IMG_a2576526ef3d66cc""]","[""loose_unknown"", ""3_19.0"", ""3_3.0"", ""loose_unknown"", ""3_13.0""]","[0.2087012231349945, 0.2076893150806427, 0.20356696844100952, 0.18686728179454803, 0.1826907992362976]",False,False
IMG_bec26851aca3f97d,3,labeled,3_5.0,03::0471_20140417_HBi_03_RAY,"[""IMG_fe3c6591532b3943"", ""IMG_4e307cf95c6ec646"", ""IMG_17bf32b84cce5414"", ""IMG_4ccf8f053eafa970"", ""IMG_b741dc5a87e88d17""]","[""loose_unknown"", ""loose_unknown"", ""loose_unknown"", ""3_5.0"", ""3_3.0""]","[0.22989702224731445, 0.21100564301013947, 0.19868960976600647, 0.198357954621315, 0.19717474281787872]",False,True
IMG_4ccf8f053eafa970,3,labeled,3_5.0,03::0494_20140417_HBi_03_RAY,"[""IMG_8b18934c9a541949"", ""IMG_4346881113cb7134"", ""IMG_8037c1a834d995e4"", ""IMG_bec26851aca3f97d"", ""IMG_250269a43b645325""]","[""3_5.0"", ""3_5.0"", ""3_21.0"", ""3_5.0"", ""3_11.0""]","[0.2536896765232086, 0.25167417526245117, 0.21064044535160065, 0.198357954621315, 0.19430050253868103]",True,True
IMG_5130cbc7ffaae275,3,labeled,3_5.0,03::0546_20140417_HBi_03_RAY,"[""IMG_bd13d0f9777f0e45"", ""IMG_cd0fe3ea292e90bb"", ""IMG_82a50ed5faf285df"", ""IMG_79e3f0ddf9e730f3"", ""IMG_4f8fbfca3e35b3c0""]","[""loose_unknown"", ""loose_unknown"", ""3_3.0"", ""loose_unknown"", ""loose_unknown""]","[0.22176867723464966, 0.193969264626503, 0.1851755678653717, 0.17698881030082703, 0.17142154276371002]",False,False
IMG_39f79aba2723784d,3,labeled,3_5.0,03::0547_20140417_HBi_03_RAY,"[""IMG_c434e01f74dd933b"", ""IMG_d5d328f6161545bb"", ""IMG_eb1dc97cf3a61160"", ""IMG_5ce0980d29583409"", ""IMG_f2f062b428b6acde""]","[""loose_unknown"", ""loose_unknown"", ""3_12.0"", ""3_17.0"", ""3_10.0""]","[0.2296413779258728, 0.21711350977420807, 0.19907817244529724, 0.19628748297691345, 0.19366729259490967]",False,False
IMG_57cfc4366a136861,3,labeled,3_5.0,03::0674_20140417_HBi_03_RAY,"[""IMG_93581bef499b37df"", ""IMG_5001302b0ed35221"", ""IMG_4ccf8f053eafa970"", ""IMG_2b06f0167eb7b587"", ""IMG_c29f5acfed2d0518""]","[""3_2.0"", ""3_9.0"", ""3_5.0"", ""3_21.0"", ""loose_unknown""]","[0.22171686589717865, 0.2084091305732727, 0.18946871161460876, 0.1856299638748169, 0.18498654663562775]",False,True
IMG_d29ed2e78c8f6d25,3,labeled,3_5.0,03::0675_20140417_HBi_03_RAY,"[""IMG_e6c01595ce3ac10f"", ""IMG_f0e20029fd5e8703"", ""IMG_21849abd415a990c"", ""IMG_fa3ee48298ba49b2"", ""IMG_0e0c8034ed2c12e5""]","[""3_2.0"", ""3_14.0"", ""3_21.0"", ""loose_unknown"", ""loose_unknown""]","[0.2624489665031433, 0.24178197979927063, 0.20041093230247498, 0.19957907497882843, 0.19922855496406555]",False,False
IMG_8b18934c9a541949,3,labeled,3_5.0,03::0845_20140417_HBi_03_RAY,"[""IMG_8ffb951b1d77d552"", ""IMG_4ccf8f053eafa970"", ""IMG_8c428ce6615f99f9"", ""IMG_050b175826b179f8"", ""IMG_1b5b525951012d97""]","[""loose_unknown"", ""3_5.0"", ""3_4.0"", ""loose_unknown"", ""3_6.0""]","[0.2717333436012268, 0.2536896765232086, 0.2505481243133545, 0.24510525166988373, 0.2368105947971344]",False,True
IMG_077018732a20157b,3,labeled,3_5.0,03::0846_20140417_HBi_03_RAY,"[""IMG_9bbca884ac77ceab"", ""IMG_c29f5acfed2d0518"", ""IMG_e1bac6b4486a6ebe"", ""IMG_85a1df455dd25f66"", ""IMG_0c67105fef9f5e61""]","[""loose_unknown"", ""loose_unknown"", ""3_30.0"", ""3_3.0"", ""3_3.0""]","[0.21979254484176636, 0.21751150488853455, 0.21484701335430145, 0.20627042651176453, 0.19037079811096191]",False,False
IMG_4106e536034ce468,3,labeled,3_5.0,03::0917_20140417_HBi_03_RAY,"[""IMG_2bef303a38b11c41"", ""IMG_043fc8d5cb71ffc0"", ""IMG_53fa9fc0de5e468b"", ""IMG_0f0cd0e7c57181b2"", ""IMG_79e3f0ddf9e730f3""]","[""loose_unknown"", ""3_7.0"", ""3_6.0"", ""3_10.0"", ""loose_unknown""]","[0.24849313497543335, 0.23278440535068512, 0.22748282551765442, 0.20307058095932007, 0.20141947269439697]",False,False
IMG_4346881113cb7134,3,labeled,3_5.0,03::0918_20140417_HBi_03_RAY,"[""IMG_4ccf8f053eafa970"", ""IMG_fc68eb5adc45dcb9"", ""IMG_24134fc15ba96652"", ""IMG_1f30db96d135e053"", ""IMG_154da4f02db54fae""]","[""3_5.0"", ""3_10.0"", ""3_9.0"", ""loose_unknown"", ""3_10.0""]","[0.25167417526245117, 0.2122938483953476, 0.2003026306629181, 0.19784271717071533, 0.18613211810588837]",True,True
IMG_c6d0865e3cdbacc3,3,labeled,3_6.0,03::0227_20140417_HBi_03_RAY,"[""IMG_4e307cf95c6ec646"", ""IMG_8862ecab58a95486"", ""IMG_9bbca884ac77ceab"", ""IMG_50a49316d3510fb4"", ""IMG_d75db0a0fe0a29d2""]","[""loose_unknown"", ""3_3.0"", ""loose_unknown"", ""loose_unknown"", ""3_9.0""]","[0.2509675920009613, 0.2276063859462738, 0.2119065523147583, 0.2070848047733307, 0.19567038118839264]",False,False
IMG_03d24306c61e22a9,3,labeled,3_6.0,03::0234_20140417_HBi_03_RAY,"[""IMG_1c67b02ae9b59108"", ""IMG_c618e7d7b46b8bc1"", ""IMG_a3108119a515030c"", ""IMG_4f8fbfca3e35b3c0"", ""IMG_22c1b352d725028d""]","[""3_3.0"", ""loose_unknown"", ""loose_unknown"", ""loose_unknown"", ""loose_unknown""]","[0.280464231967926, 0.20061969757080078, 0.18345053493976593, 0.18136431276798248, 0.17421889305114746]",False,False
IMG_a997a5f157a51805,3,labeled,3_6.0,03::0255_20140417_HBi_03_RAY,"[""IMG_b53e2fe8b19d8f38"", ""IMG_0c67105fef9f5e61"", ""IMG_65dd7a3c58c2618e"", ""IMG_89d30e56a805160a"", ""IMG_be100e1748f17ad1""]","[""loose_unknown"", ""3_3.0"", ""loose_unknown"", ""loose_unknown"", ""3_10.0""]","[0.2711264193058014, 0.25476327538490295, 0.19980785250663757, 0.19000498950481415, 0.1866338700056076]",False,False
IMG_3446737f2326b631,3,labeled,3_6.0,03::0256_20140417_HBi_03_RAY,"[""IMG_5f3a567c4118166f"", ""IMG_05a140b3898f61a7"", ""IMG_db9875e2b237edd3"", ""IMG_1cd9988f9d499955"", ""IMG_4106e536034ce468""]","[""loose_unknown"", ""loose_unknown"", ""3_16.0"", ""3_10.0"", ""3_5.0""]","[0.2877092957496643, 0.23538316786289215, 0.2220015972852707, 0.18655283749103546, 0.16908179223537445]",False,False
IMG_20004a5ff9493615,3,labeled,3_6.0,03::0298_20140417_HBi_03_RAY,"[""IMG_0c67105fef9f5e61"", ""IMG_7eb127fe209a0236"", ""IMG_4c5297393cb9b46e"", ""IMG_9d97ff2c1edcb509"", ""IMG_e18a64c50844387e""]","[""3_3.0"", ""3_29.0"", ""loose_unknown"", ""loose_unknown"", ""loose_unknown""]","[0.27339667081832886, 0.22220678627490997, 0.21726040542125702, 0.19736476242542267, 0.1804398149251938]",False,False
IMG_217f3610fa912f0b,3,labeled,3_6.0,03::0299_20140417_HBi_03_RAY,"[""IMG_0543681d5ed37dc7"", ""IMG_2ec9b729c3047f30"", ""IMG_91b6f41442da18f4"", ""IMG_8e3a299e2759fd8a"", ""IMG_3078c1d833e87643""]","[""3_7.0"", ""3_2.0"", ""3_9.0"", ""3_31.0"", ""loose_unknown""]","[0.3390119969844818, 0.2946101725101471, 0.21324747800827026, 0.17024916410446167, 0.16667093336582184]",False,False
IMG_09c470048aa5a620,3,labeled,3_6.0,03::0300_20140417_HBi_03_RAY,"[""IMG_a4684869a3412760"", ""IMG_9bbca884ac77ceab"", ""IMG_1aa8ecf722a1755f"", ""IMG_05a140b3898f61a7"", ""IMG_8579e0f92fd66f9d""]","[""loose_unknown"", ""loose_unknown"", ""3_4.0"", ""loose_unknown"", ""3_14.0""]","[0.24989928305149078, 0.2432643324136734, 0.2206326276063919, 0.2150803655385971, 0.21373312175273895]",False,False
IMG_3bce13f24905ae1f,3,labeled,3_6.0,03::0327_20140417_HBi_03_RAY,"[""IMG_fa162abe2a270429"", ""IMG_1cd9988f9d499955"", ""IMG_eaf2a14e7dfe9158"", ""IMG_a3aac8fb69f3c4e3"", ""IMG_3a486e292583f5fd""]","[""loose_unknown"", ""3_10.0"", ""3_11.0"", ""loose_unknown"", ""3_8.0""]","[0.2681209146976471, 0.2681161165237427, 0.2661955654621124, 0.21936620771884918, 0.21212562918663025]",False,False
IMG_53fa9fc0de5e468b,3,labeled,3_6.0,03::0328_20140417_HBi_03_RAY,"[""IMG_7221598f1ce69371"", ""IMG_4106e536034ce468"", ""IMG_339d3c59aa65dfd3"", ""IMG_aea7be43cb32a273"", ""IMG_9766b82ae35cb8be""]","[""3_10.0"", ""3_5.0"", ""3_7.0"", ""loose_unknown"", ""loose_unknown""]","[0.24851973354816437, 0.22748282551765442, 0.18480315804481506, 0.17612557113170624, 0.17046554386615753]",False,False
IMG_8ceb68df4b59d29e,3,labeled,3_6.0,03::0679_20140417_HBi_03_RAY,"[""IMG_948dfb19bc559799"", ""IMG_a3aac8fb69f3c4e3"", ""IMG_ba7d767c8541a6b6"", ""IMG_f914119441e6fbfc"", ""IMG_b47a7d1dba914893""]","[""loose_unknown"", ""loose_unknown"", ""loose_unknown"", ""3_2.0"", ""3_3.0""]","[0.20261721312999725, 0.19065313041210175, 0.1900409460067749, 0.1831601858139038, 0.1819746494293213]",False,False
IMG_1b5b525951012d97,3,labeled,3_6.0,03::0680_20140417_HBi_03_RAY,"[""IMG_b71f1eec8303c5b0"", ""IMG_8b18934c9a541949"", ""IMG_8ffb951b1d77d552"", ""IMG_d04b4442a491b9ed"", ""IMG_050b175826b179f8""]","[""loose_unknown"", ""3_5.0"", ""loose_unknown"", ""loose_unknown"", ""loose_unknown""]","[0.2378416657447815, 0.2368105947971344, 0.2078588306903839, 0.20257030427455902, 0.18898236751556396]",False,False
IMG_0543681d5ed37dc7,3,labeled,3_7.0,03::0231_20140417_HBi_03_RAY,"[""IMG_217f3610fa912f0b"", ""IMG_90abd8938b874a0c"", ""IMG_5d8dd4d4c60ea701"", ""IMG_dda0725ed8e5c4be"", ""IMG_a709803aa29ba81a""]","[""3_6.0"", ""3_7.0"", ""loose_unknown"", ""3_9.0"", ""3_1.0""]","[0.3390119969844818, 0.3041738271713257, 0.21395756304264069, 0.19675637781620026, 0.19383133947849274]",False,True
IMG_f4b55c978d9b27ad,3,labeled,3_7.0,03::0244_20140417_HBi_03_RAY,"[""IMG_22c1d1571bf40f38"", ""IMG_9b537b5cd55adc7e"", ""IMG_d71fa1d9962a816c"", ""IMG_6d0bbc16533ee1a8"", ""IMG_f9a533849e644f01""]","[""3_3.0"", ""loose_unknown"", ""3_20.0"", ""loose_unknown"", ""loose_unknown""]","[0.2593536972999573, 0.2478799968957901, 0.242867112159729, 0.21100649237632751, 0.2014179825782776]",False,False
IMG_90abd8938b874a0c,3,labeled,3_7.0,03::0245_20140417_HBi_03_RAY,"[""IMG_0543681d5ed37dc7"", ""IMG_74efeaeae7e7c49b"", ""IMG_0477741c24dab835"", ""IMG_4581f25a8e3462b0"", ""IMG_caa030f10c6db656""]","[""3_7.0"", ""loose_unknown"", ""3_31.0"", ""loose_unknown"", ""3_11.0""]","[0.3041738271713257, 0.23875688016414642, 0.2193281352519989, 0.2006162852048874, 0.19383567571640015]",True,True
IMG_08faeb63ca8035ce,3,labeled,3_7.0,03::0253_20140417_HBi_03_RAY,"[""IMG_1636755f70f7c2a6"", ""IMG_fe3c6591532b3943"", ""IMG_8faadd196775b864"", ""IMG_b741dc5a87e88d17"", ""IMG_fe7f2235d9b43df5""]","[""3_9.0"", ""loose_unknown"", ""loose_unknown"", ""3_3.0"", ""3_11.0""]","[0.2608115077018738, 0.2126123607158661, 0.21219411492347717, 0.20374248921871185, 0.20287752151489258]",False,False
IMG_3be4c95c39822645,3,labeled,3_7.0,03::0254_20140417_HBi_03_RAY,"[""IMG_f914119441e6fbfc"", ""IMG_a4684869a3412760"", ""IMG_59e35a6728f49f9b"", ""IMG_2615c5de94cf0ab6"", ""IMG_9bbca884ac77ceab""]","[""3_2.0"", ""loose_unknown"", ""3_3.0"", ""3_2.0"", ""loose_unknown""]","[0.23910380899906158, 0.22923028469085693, 0.20379842817783356, 0.19393378496170044, 0.1893913596868515]",False,False
IMG_043fc8d5cb71ffc0,3,labeled,3_7.0,03::0319_20140417_HBi_03_RAY,"[""IMG_ba4f15b50f74beff"", ""IMG_335800c884833eed"", ""IMG_4106e536034ce468"", ""IMG_375c9ea76abde23f"", ""IMG_ba7d767c8541a6b6""]","[""3_16.0"", ""3_10.0"", ""3_5.0"", ""loose_unknown"", ""loose_unknown""]","[0.25555235147476196, 0.2495746612548828, 0.23278440535068512, 0.23215116560459137, 0.21777063608169556]",False,False
IMG_a9a6feb7d1d4e069,3,labeled,3_7.0,03::0320_20140417_HBi_03_RAY,"[""IMG_790d6b70d4e962ab"", ""IMG_a606bdc025c9a6f7"", ""IMG_a709803aa29ba81a"", ""IMG_326e857a9f63d423"", ""IMG_19fc4b72ac608282""]","[""loose_unknown"", ""3_27.0"", ""3_1.0"", ""loose_unknown"", ""3_9.0""]","[0.24875959753990173, 0.2203969657421112, 0.20151253044605255, 0.18913130462169647, 0.18550139665603638]",False,False
IMG_339d3c59aa65dfd3,3,labeled,3_7.0,03::0321_20140417_HBi_03_RAY,"[""IMG_c74253565f677089"", ""IMG_2a50cbaa54e91001"", ""IMG_831009435c1b2124"", ""IMG_dda0725ed8e5c4be"", ""IMG_278543fb4222163a""]","[""loose_unknown"", ""loose_unknown"", ""3_3.0"", ""3_9.0"", ""loose_unknown""]","[0.25244051218032837, 0.24202494323253632, 0.23881441354751587, 0.2171805202960968, 0.216121107339859]",False,False
IMG_5f1db9c269b003a0,3,labeled,3_7.0,03::0841_20140417_HBi_03_RAY,"[""IMG_c35286d04e6f978d"", ""IMG_5265bd2b5f65c9e1"", ""IMG_28e2fb05225554f4"", ""IMG_fe7f2235d9b43df5"", ""IMG_08faeb63ca8035ce""]","[""3_10.0"", ""loose_unknown"", ""loose_unknown"", ""3_11.0"", ""3_7.0""]","[0.2294078916311264, 0.21267417073249817, 0.1961999386548996, 0.19080142676830292, 0.19059869647026062]",False,True
IMG_a5daa51e2871d9c2,3,labeled,3_8.0,03::0235_20140417_HBi_03_RAY,"[""IMG_7d1f7067d4ffb6cd"", ""IMG_c848237760038bbf"", ""IMG_b825df862b6e289f"", ""IMG_be100e1748f17ad1"", ""IMG_4cc1fe74bc6a1575""]","[""loose_unknown"", ""3_3.0"", ""3_9.0"", ""3_10.0"", ""loose_unknown""]","[0.280117928981781, 0.2495253086090088, 0.2271721065044403, 0.22615946829319, 0.2103317826986313]",False,False
IMG_3a486e292583f5fd,3,labeled,3_8.0,03::0252_20140417_HBi_03_RAY,"[""IMG_3bce13f24905ae1f"", ""IMG_9583df4eed89d9a8"", ""IMG_89d30e56a805160a"", ""IMG_f0e20029fd5e8703"", ""IMG_e1bac6b4486a6ebe""]","[""3_6.0"", ""loose_unknown"", ""loose_unknown"", ""3_14.0"", ""3_30.0""]","[0.21212562918663025, 0.2068634331226349, 0.19736091792583466, 0.19211632013320923, 0.18974074721336365]",False,False
IMG_d3e98335dbe44b76,3,labeled,3_8.0,03::0340_20140417_HBi_03_RAY,"[""IMG_a39ffc7a36dcd46a"", ""IMG_f0e20029fd5e8703"", ""IMG_8bed067689af3d65"", ""IMG_5001302b0ed35221"", ""IMG_814ea15230cf77ff""]","[""loose_unknown"", ""3_14.0"", ""3_10.0"", ""3_9.0"", ""3_10.0""]","[0.2509004771709442, 0.21439477801322937, 0.1876492202281952, 0.1753266304731369, 0.17336401343345642]",False,False
IMG_19fc4b72ac608282,3,labeled,3_9.0,03::0148_20140417_HBi_03_RAY,"[""IMG_05a140b3898f61a7"", ""IMG_814ea15230cf77ff"", ""IMG_a9a6feb7d1d4e069"", ""IMG_4b86dee50375da53"", ""IMG_34d871e8dadbe89a""]","[""loose_unknown"", ""3_10.0"", ""3_7.0"", ""3_10.0"", ""3_28.0""]","[0.2851930260658264, 0.1995038539171219, 0.18550139665603638, 0.18192125856876373, 0.180884450674057]",False,False
IMG_d75db0a0fe0a29d2,3,labeled,3_9.0,03::0262_20140417_HBi_03_RAY,"[""IMG_e9581439a4d2c0fb"", ""IMG_1d5206db18203ba7"", ""IMG_71ac9ba43841298a"", ""IMG_0f0cd0e7c57181b2"", ""IMG_21849abd415a990c""]","[""3_10.0"", ""3_19.0"", ""loose_unknown"", ""3_10.0"", ""3_21.0""]","[0.2833186388015747, 0.23867206275463104, 0.22406825423240662, 0.20786595344543457, 0.1958930790424347]",False,False
IMG_91b6f41442da18f4,3,labeled,3_9.0,03::0263_20140417_HBi_03_RAY,"[""IMG_7221598f1ce69371"", ""IMG_217f3610fa912f0b"", ""IMG_c74253565f677089"", ""IMG_23eee2d344e472b9"", ""IMG_4581f25a8e3462b0""]","[""3_10.0"", ""3_6.0"", ""loose_unknown"", ""3_14.0"", ""loose_unknown""]","[0.24197348952293396, 0.21324747800827026, 0.21226473152637482, 0.20112894475460052, 0.19975022971630096]",False,False
IMG_dda0725ed8e5c4be,3,labeled,3_9.0,03::0268_20140417_HBi_03_RAY,"[""IMG_b508dde30f155b13"", ""IMG_9766b82ae35cb8be"", ""IMG_339d3c59aa65dfd3"", ""IMG_3cb038df98b0f641"", ""IMG_1636755f70f7c2a6""]","[""loose_unknown"", ""loose_unknown"", ""3_7.0"", ""loose_unknown"", ""3_9.0""]","[0.2360159456729889, 0.2202766239643097, 0.2171805202960968, 0.2112250179052353, 0.20537245273590088]",False,True
IMG_5001302b0ed35221,3,labeled,3_9.0,03::0269_20140417_HBi_03_RAY,"[""IMG_2b06f0167eb7b587"", ""IMG_d5d328f6161545bb"", ""IMG_5ded501d0f5b1c92"", ""IMG_57cfc4366a136861"", ""IMG_f860520b4e320df2""]","[""3_21.0"", ""loose_unknown"", ""3_18.0"", ""3_5.0"", ""loose_unknown""]","[0.23617181181907654, 0.21407794952392578, 0.2099589705467224, 0.2084091305732727, 0.2013450413942337]",False,False
IMG_9e4ae5463339b33d,3,labeled,3_9.0,03::0270_20140417_HBi_03_RAY,"[""IMG_71ac9ba43841298a"", ""IMG_3cb038df98b0f641"", ""IMG_d9d5189844371896"", ""IMG_5ded501d0f5b1c92"", ""IMG_b4918b6dda4fbd89""]","[""loose_unknown"", ""loose_unknown"", ""3_3.0"", ""3_18.0"", ""3_3.0""]","[0.20863205194473267, 0.20559972524642944, 0.1930462270975113, 0.1927601546049118, 0.1731826812028885]",False,False
IMG_1636755f70f7c2a6,3,labeled,3_9.0,03::0439_20140417_HBi_03_RAY,"[""IMG_08faeb63ca8035ce"", ""IMG_326e857a9f63d423"", ""IMG_5aa752038253fa2c"", ""IMG_5171549ee9022d18"", ""IMG_06e10ac1fb86886b""]","[""3_7.0"", ""loose_unknown"", ""loose_unknown"", ""3_2.0"", ""loose_unknown""]","[0.2608115077018738, 0.23146528005599976, 0.2298191487789154, 0.21949735283851624, 0.21369877457618713]",False,False
IMG_47e393aa821fedbd,3,labeled,3_9.0,03::0440_20140417_HBi_03_RAY,"[""IMG_948dfb19bc559799"", ""IMG_2408579bd0486bf4"", ""IMG_8579e0f92fd66f9d"", ""IMG_35c3d34f6a3506e8"", ""IMG_8c428ce6615f99f9""]","[""loose_unknown"", ""3_4.0"", ""3_14.0"", ""3_3.0"", ""3_4.0""]","[0.2516777813434601, 0.24753621220588684, 0.2188221961259842, 0.20834143459796906, 0.1972443014383316]",False,False
IMG_302da20670764559,3,labeled,3_9.0,03::0463_20140417_HBi_03_RAY,"[""IMG_102c379d7d6b4a9c"", ""IMG_4c5297393cb9b46e"", ""IMG_4b86dee50375da53"", ""IMG_5001302b0ed35221"", ""IMG_0c67105fef9f5e61""]","[""3_3.0"", ""loose_unknown"", ""3_10.0"", ""3_9.0"", ""3_3.0""]","[0.20119395852088928, 0.19215315580368042, 0.18737468123435974, 0.1730901449918747, 0.16863615810871124]",False,True
IMG_b825df862b6e289f,3,labeled,3_9.0,03::0464_20140417_HBi_03_RAY,"[""IMG_a5daa51e2871d9c2"", ""IMG_ef20db1b31be70e2"", ""IMG_aea7be43cb32a273"", ""IMG_85a1df455dd25f66"", ""IMG_09c470048aa5a620""]","[""3_8.0"", ""loose_unknown"", ""loose_unknown"", ""3_3.0"", ""3_6.0""]","[0.2271721065044403, 0.20812653005123138, 0.19795019924640656, 0.19416548311710358, 0.1888871192932129]",False,False
IMG_24134fc15ba96652,3,labeled,3_9.0,03::0488_20140417_HBi_03_RAY,"[""IMG_ef20db1b31be70e2"", ""IMG_8d7da689165e661f"", ""IMG_aea7be43cb32a273"", ""IMG_85a1df455dd25f66"", ""IMG_154da4f02db54fae""]","[""loose_unknown"", ""loose_unknown"", ""loose_unknown"", ""3_3.0"", ""3_10.0""]","[0.34375253319740295, 0.24668999016284943, 0.23522479832172394, 0.20319920778274536, 0.20077332854270935]",False,False
IMG_74aa811586e07cff,3,labeled,3_10.0,03::0285_20140417_HBi_03_RAY,"[""IMG_b2b237a36b5aaa76"", ""IMG_7d1f7067d4ffb6cd"", ""IMG_9766b82ae35cb8be"", ""IMG_a8685481c997462e"", ""IMG_4b92e3b48f37b7b1""]","[""loose_unknown"", ""loose_unknown"", ""loose_unknown"", ""loose_unknown"", ""loose_unknown""]","[0.30901646614074707, 0.2639395296573639, 0.22598958015441895, 0.21745426952838898, 0.19862475991249084]",False,False
IMG_0f0cd0e7c57181b2,3,labeled,3_10.0,03::0286_20140417_HBi_03_RAY,"[""IMG_375c9ea76abde23f"", ""IMG_5f1e9d8b2178b03d"", ""IMG_d75db0a0fe0a29d2"", ""IMG_4106e536034ce468"", ""IMG_1d78b6b04d5c0d1c""]","[""loose_unknown"", ""3_5.0"", ""3_9.0"", ""3_5.0"", ""loose_unknown""]","[0.22462435066699982, 0.21493899822235107, 0.20786595344543457, 0.20307058095932007, 0.19314391911029816]",False,False
IMG_814ea15230cf77ff,3,labeled,3_10.0,03::0287_20140417_HBi_03_RAY,"[""IMG_34d871e8dadbe89a"", ""IMG_326e857a9f63d423"", ""IMG_796f42e08ecf0865"", ""IMG_790d6b70d4e962ab"", ""IMG_19fc4b72ac608282""]","[""3_28.0"", ""loose_unknown"", ""3_23.0"", ""loose_unknown"", ""3_9.0""]","[0.3269220292568207, 0.2808602452278137, 0.22825023531913757, 0.2037307471036911, 0.1995038539171219]",False,False
IMG_5ac5d19ee41e1d13,3,labeled,3_10.0,03::0297_20140417_HBi_03_RAY,"[""IMG_b6342a46f1941cbd"", ""IMG_b00cc602f340f203"", ""IMG_06e10ac1fb86886b"", ""IMG_713398946d263cce"", ""IMG_f0e20029fd5e8703""]","[""3_11.0"", ""3_10.0"", ""loose_unknown"", ""loose_unknown"", ""3_14.0""]","[0.19841161370277405, 0.19795836508274078, 0.1831507682800293, 0.18197180330753326, 0.16506291925907135]",False,True
IMG_3181ffe87aa13433,3,labeled,3_10.0,03::0317_20140417_HBi_03_RAY,"[""IMG_84f7a1d69468357d"", ""IMG_a606bdc025c9a6f7"", ""IMG_00aa346b5755c014"", ""IMG_fa162abe2a270429"", ""IMG_fe7f2235d9b43df5""]","[""3_16.0"", ""3_27.0"", ""loose_unknown"", ""loose_unknown"", ""3_11.0""]","[0.35047608613967896, 0.24293597042560577, 0.22813713550567627, 0.200062558054924, 0.19508281350135803]",False,False
IMG_8b9236cb98f368af,3,labeled,3_10.0,03::0318_20140417_HBi_03_RAY,"[""IMG_f9a706f8b0be993b"", ""IMG_8f03aa5a4d15d1be"", ""IMG_9583df4eed89d9a8"", ""IMG_39f79aba2723784d"", ""IMG_34d871e8dadbe89a""]","[""loose_unknown"", ""loose_unknown"", ""loose_unknown"", ""3_5.0"", ""3_28.0""]","[0.20517966151237488, 0.1827464997768402, 0.16484804451465607, 0.1596573144197464, 0.15863652527332306]",False,False
IMG_7221598f1ce69371,3,labeled,3_10.0,03::0330_20140417_HBi_03_RAY,"[""IMG_53fa9fc0de5e468b"", ""IMG_91b6f41442da18f4"", ""IMG_7d0657b4c24b8e7f"", ""IMG_e6671b596115ec8a"", ""IMG_00aa346b5755c014""]","[""3_6.0"", ""3_9.0"", ""loose_unknown"", ""loose_unknown"", ""loose_unknown""]","[0.24851973354816437, 0.24197348952293396, 0.19969376921653748, 0.1938808113336563, 0.18940648436546326]",False,False
IMG_154da4f02db54fae,3,labeled,3_10.0,03::0414_20140417_HBi_03_RAY,"[""IMG_8037c1a834d995e4"", ""IMG_aea7be43cb32a273"", ""IMG_f9a533849e644f01"", ""IMG_e6c01595ce3ac10f"", ""IMG_24134fc15ba96652""]","[""3_21.0"", ""loose_unknown"", ""loose_unknown"", ""3_2.0"", ""3_9.0""]","[0.2282429337501526, 0.20694616436958313, 0.20299918949604034, 0.20163214206695557, 0.20077332854270935]",False,False
IMG_335800c884833eed,3,labeled,3_10.0,03::0415_20140417_HBi_03_RAY,"[""IMG_9822084164dc40fc"", ""IMG_043fc8d5cb71ffc0"", ""IMG_ff68675e55952cba"", ""IMG_06e10ac1fb86886b"", ""IMG_7d1f7067d4ffb6cd""]","[""loose_unknown"", ""3_7.0"", ""loose_unknown"", ""loose_unknown"", ""loose_unknown""]","[0.26031190156936646, 0.2495746612548828, 0.23399126529693604, 0.20595325529575348, 0.2029838263988495]",False,False
IMG_65f909fa289786fa,3,labeled,3_10.0,03::0435_20140417_HBi_03_RAY,"[""IMG_8037c1a834d995e4"", ""IMG_2615c5de94cf0ab6"", ""IMG_3cda19cb77f73495"", ""IMG_b53e2fe8b19d8f38"", ""IMG_84f7a1d69468357d""]","[""3_21.0"", ""3_2.0"", ""3_16.0"", ""loose_unknown"", ""3_16.0""]","[0.2491319477558136, 0.22648826241493225, 0.21600480377674103, 0.21478888392448425, 0.2111082375049591]",False,False
IMG_1cd9988f9d499955,3,labeled,3_10.0,03::0465_20140417_HBi_03_RAY,"[""IMG_5a1b2dae985f3055"", ""IMG_3bce13f24905ae1f"", ""IMG_0f12d56ebcc2107b"", ""IMG_90448cd333a0b216"", ""IMG_9ba2ea29ecbbafd6""]","[""3_13.0"", ""3_6.0"", ""loose_unknown"", ""3_3.0"", ""loose_unknown""]","[0.27484750747680664, 0.2681161165237427, 0.21971343457698822, 0.21316613256931305, 0.20915472507476807]",False,False
IMG_3fff93b7a18937ff,3,labeled,3_10.0,03::0466_20140417_HBi_03_RAY,"[""IMG_f6a06551b419c8d3"", ""IMG_3cda19cb77f73495"", ""IMG_5aa752038253fa2c"", ""IMG_0f12d56ebcc2107b"", ""IMG_34d871e8dadbe89a""]","[""3_2.0"", ""3_16.0"", ""loose_unknown"", ""loose_unknown"", ""3_28.0""]","[0.27793484926223755, 0.21686334908008575, 0.19551913440227509, 0.19071657955646515, 0.18932189047336578]",False,False
IMG_4b86dee50375da53,3,labeled,3_10.0,03::0467_20140417_HBi_03_RAY,"[""IMG_5001302b0ed35221"", ""IMG_f2f062b428b6acde"", ""IMG_b53e2fe8b19d8f38"", ""IMG_302da20670764559"", ""IMG_19fc4b72ac608282""]","[""3_9.0"", ""3_10.0"", ""loose_unknown"", ""3_9.0"", ""3_9.0""]","[0.19621628522872925, 0.19294802844524384, 0.1881771981716156, 0.18737468123435974, 0.18192125856876373]",False,True
IMG_e9581439a4d2c0fb,3,labeled,3_10.0,03::0509_20140417_HBi_03_RAY,"[""IMG_d75db0a0fe0a29d2"", ""IMG_1aa8ecf722a1755f"", ""IMG_dd178000d5df56dc"", ""IMG_9583df4eed89d9a8"", ""IMG_cd0fe3ea292e90bb""]","[""3_9.0"", ""3_4.0"", ""3_2.0"", ""loose_unknown"", ""loose_unknown""]","[0.2833186388015747, 0.20834723114967346, 0.18409369885921478, 0.17895418405532837, 0.17778822779655457]",False,False
IMG_c35286d04e6f978d,3,labeled,3_10.0,03::0510_20140417_HBi_03_RAY,"[""IMG_b47a7d1dba914893"", ""IMG_8faadd196775b864"", ""IMG_ba4f15b50f74beff"", ""IMG_59e35a6728f49f9b"", ""IMG_5f1db9c269b003a0""]","[""3_3.0"", ""loose_unknown"", ""3_16.0"", ""3_3.0"", ""3_7.0""]","[0.27196189761161804, 0.2714657187461853, 0.25044286251068115, 0.24061289429664612, 0.2294078916311264]",False,False
IMG_8bed067689af3d65,3,labeled,3_10.0,03::0511_20140417_HBi_03_RAY,"[""IMG_959dea87d88a6be9"", ""IMG_8faadd196775b864"", ""IMG_d3e98335dbe44b76"", ""IMG_9766b82ae35cb8be"", ""IMG_24134fc15ba96652""]","[""3_2.0"", ""loose_unknown"", ""3_8.0"", ""loose_unknown"", ""3_9.0""]","[0.20528316497802734, 0.1892256736755371, 0.1876492202281952, 0.17989736795425415, 0.1766120046377182]",False,False
IMG_b00cc602f340f203,3,labeled,3_10.0,03::0527_20140417_HBi_03_RAY,"[""IMG_c434e01f74dd933b"", ""IMG_2d5a71d4a5613a7a"", ""IMG_4f8fbfca3e35b3c0"", ""IMG_2aa181adffd78ec4"", ""IMG_d04b4442a491b9ed""]","[""loose_unknown"", ""3_2.0"", ""loose_unknown"", ""loose_unknown"", ""loose_unknown""]","[0.24111641943454742, 0.2394952028989792, 0.2382841259241104, 0.21245428919792175, 0.21240007877349854]",False,False
IMG_fd391b80928842b0,3,labeled,3_10.0,03::0677_20140417_HBi_03_RAY,"[""IMG_e18a64c50844387e"", ""IMG_b741dc5a87e88d17"", ""IMG_8ffb951b1d77d552"", ""IMG_a3108119a515030c"", ""IMG_88b2524128e782f3""]","[""loose_unknown"", ""3_3.0"", ""loose_unknown"", ""loose_unknown"", ""loose_unknown""]","[0.23930414021015167, 0.2364688217639923, 0.2293134331703186, 0.1983945369720459, 0.18170619010925293]",False,False
IMG_be100e1748f17ad1,3,labeled,3_10.0,03::0678_20140417_HBi_03_RAY,"[""IMG_a5daa51e2871d9c2"", ""IMG_f4392a818dc22818"", ""IMG_b53e2fe8b19d8f38"", ""IMG_53580f113f00f8bd"", ""IMG_1b775dad20a3f7e2""]","[""3_8.0"", ""loose_unknown"", ""loose_unknown"", ""loose_unknown"", ""loose_unknown""]","[0.22615946829319, 0.20546749234199524, 0.20078568160533905, 0.1979270726442337, 0.19119466841220856]",False,False
IMG_f2f062b428b6acde,3,labeled,3_10.0,03::0702_20140417_HBi_03_RAY,"[""IMG_3078c1d833e87643"", ""IMG_0e03c96e3860a20c"", ""IMG_39f79aba2723784d"", ""IMG_4b86dee50375da53"", ""IMG_5d8dd4d4c60ea701""]","[""loose_unknown"", ""3_3.0"", ""3_5.0"", ""3_10.0"", ""loose_unknown""]","[0.23280028998851776, 0.1947004795074463, 0.19366729259490967, 0.19294802844524384, 0.19082073867321014]",False,True
IMG_fc68eb5adc45dcb9,3,labeled,3_10.0,03::0703_20140417_HBi_03_RAY,"[""IMG_17bf32b84cce5414"", ""IMG_4346881113cb7134"", ""IMG_d9d5189844371896"", ""IMG_e6c01595ce3ac10f"", ""IMG_21849abd415a990c""]","[""loose_unknown"", ""3_5.0"", ""3_3.0"", ""3_2.0"", ""3_21.0""]","[0.23128661513328552, 0.2122938483953476, 0.2062239795923233, 0.1970367580652237, 0.1838286966085434]",False,False
IMG_41a15bee1ec02acd,3,labeled,3_11.0,03::0337_20140417_HBi_03_RAY,"[""IMG_984b708f54a07f44"", ""IMG_aade277476cfab5c"", ""IMG_eaf2a14e7dfe9158"", ""IMG_a36e59b7f779d2e7"", ""IMG_5ded501d0f5b1c92""]","[""loose_unknown"", ""3_3.0"", ""3_11.0"", ""loose_unknown"", ""3_18.0""]","[0.2070024609565735, 0.19924041628837585, 0.19455423951148987, 0.1902676522731781, 0.18047702312469482]",False,True
IMG_c3eab7f40d20dd73,3,labeled,3_11.0,03::0338_20140417_HBi_03_RAY,"[""IMG_e8712998581bd0cf"", ""IMG_a4684869a3412760"", ""IMG_0af90806d6f2e62a"", ""IMG_ba7e202b5fdb2bd3"", ""IMG_88989ec7c9b90745""]","[""loose_unknown"", ""loose_unknown"", ""loose_unknown"", ""loose_unknown"", ""3_18.0""]","[0.29616981744766235, 0.21541693806648254, 0.20499509572982788, 0.20183077454566956, 0.18807971477508545]",False,False
IMG_eaf2a14e7dfe9158,3,labeled,3_11.0,03::0339_20140417_HBi_03_RAY,"[""IMG_3bce13f24905ae1f"", ""IMG_0f12d56ebcc2107b"", ""IMG_f6a06551b419c8d3"", ""IMG_b7b0c19504308357"", ""IMG_2615c5de94cf0ab6""]","[""3_6.0"", ""loose_unknown"", ""3_2.0"", ""loose_unknown"", ""3_2.0""]","[0.2661955654621124, 0.2511708736419678, 0.24832239747047424, 0.23442360758781433, 0.21150240302085876]",False,False
IMG_caa030f10c6db656,3,labeled,3_11.0,03::0681_20140417_HBi_03_RAY,"[""IMG_760b2dc71546a7a2"", ""IMG_9822084164dc40fc"", ""IMG_90abd8938b874a0c"", ""IMG_8c765d8f21354fc1"", ""IMG_c74253565f677089""]","[""loose_unknown"", ""loose_unknown"", ""3_7.0"", ""loose_unknown"", ""loose_unknown""]","[0.2504518926143646, 0.22442978620529175, 0.19383567571640015, 0.1932355761528015, 0.1844756007194519]",False,False
IMG_ba43326507a4120a,3,labeled,3_11.0,03::0796_20140417_HBi_03_RAY,"[""IMG_ca663f2fd6a41811"", ""IMG_5171549ee9022d18"", ""IMG_b47a7d1dba914893"", ""IMG_3ba45ee470395152"", ""IMG_c35286d04e6f978d""]","[""loose_unknown"", ""3_2.0"", ""3_3.0"", ""3_27.0"", ""3_10.0""]","[0.28330692648887634, 0.21103326976299286, 0.20855897665023804, 0.20497044920921326, 0.19794179499149323]",False,False
IMG_b6342a46f1941cbd,3,labeled,3_11.0,03::0914_20140417_HBi_03_RAY,"[""IMG_90448cd333a0b216"", ""IMG_05a140b3898f61a7"", ""IMG_5ac5d19ee41e1d13"", ""IMG_2b7e1f460614d568"", ""IMG_335800c884833eed""]","[""3_3.0"", ""loose_unknown"", ""3_10.0"", ""3_3.0"", ""3_10.0""]","[0.24758006632328033, 0.22614750266075134, 0.19841161370277405, 0.19790242612361908, 0.19757699966430664]",False,False
IMG_fe7f2235d9b43df5,3,labeled,3_11.0,03::0915_20140417_HBi_03_RAY,"[""IMG_42687578eaf87f45"", ""IMG_8f03aa5a4d15d1be"", ""IMG_33cbcc15b479c201"", ""IMG_9d97ff2c1edcb509"", ""IMG_08faeb63ca8035ce""]","[""loose_unknown"", ""loose_unknown"", ""3_3.0"", ""loose_unknown"", ""3_7.0""]","[0.24241916835308075, 0.20932042598724365, 0.2057006061077118, 0.20434874296188354, 0.20287752151489258]",False,False
IMG_250269a43b645325,3,labeled,3_11.0,03::0916_20140417_HBi_03_RAY,"[""IMG_366be309092a2d94"", ""IMG_11d906242e84663a"", ""IMG_0af90806d6f2e62a"", ""IMG_06e10ac1fb86886b"", ""IMG_4ccf8f053eafa970""]","[""loose_unknown"", ""loose_unknown"", ""loose_unknown"", ""loose_unknown"", ""3_5.0""]","[0.20060399174690247, 0.19987903535366058, 0.1971566081047058, 0.19537436962127686, 0.19430050253868103]",False,False
IMG_eb1dc97cf3a61160,3,labeled,3_12.0,03::0492_20140417_HBi_03_RAY,"[""IMG_56c52fd2b2f396b8"", ""IMG_50a49316d3510fb4"", ""IMG_579f1084359889d1"", ""IMG_4856b607af778a83"", ""IMG_39f79aba2723784d""]","[""3_20.0"", ""loose_unknown"", ""loose_unknown"", ""3_3.0"", ""3_5.0""]","[0.23151087760925293, 0.21801871061325073, 0.20980204641819, 0.2045699656009674, 0.19907817244529724]",False,False
IMG_a2576526ef3d66cc,3,labeled,3_13.0,03::0496_20140417_HBi_03_RAY,"[""IMG_2bef303a38b11c41"", ""IMG_88b2524128e782f3"", ""IMG_db9875e2b237edd3"", ""IMG_be100e1748f17ad1"", ""IMG_3e828dc68c7d0898""]","[""loose_unknown"", ""loose_unknown"", ""3_16.0"", ""3_10.0"", ""3_5.0""]","[0.22820092737674713, 0.20309852063655853, 0.18459901213645935, 0.18333525955677032, 0.1826907992362976]",False,False
IMG_5a1b2dae985f3055,3,labeled,3_13.0,03::0586_20140417_HBi_03_RAY,"[""IMG_1cd9988f9d499955"", ""IMG_7eb127fe209a0236"", ""IMG_59e35a6728f49f9b"", ""IMG_326e857a9f63d423"", ""IMG_f860520b4e320df2""]","[""3_10.0"", ""3_29.0"", ""3_3.0"", ""loose_unknown"", ""loose_unknown""]","[0.27484750747680664, 0.23167288303375244, 0.22877644002437592, 0.22349078953266144, 0.21032054722309113]",False,False
IMG_f0e20029fd5e8703,3,labeled,3_14.0,03::0522_20140417_HBi_03_RAY,"[""IMG_d29ed2e78c8f6d25"", ""IMG_4e307cf95c6ec646"", ""IMG_d3e98335dbe44b76"", ""IMG_3d7bf72908e59499"", ""IMG_a36e59b7f779d2e7""]","[""3_5.0"", ""loose_unknown"", ""3_8.0"", ""3_3.0"", ""loose_unknown""]","[0.24178197979927063, 0.2310415804386139, 0.21439477801322937, 0.21430553495883942, 0.20303066074848175]",False,False
IMG_23eee2d344e472b9,3,labeled,3_14.0,03::0523_20140417_HBi_03_RAY,"[""IMG_69360ff6f2281562"", ""IMG_ca663f2fd6a41811"", ""IMG_ada3c7714cd970b3"", ""IMG_8b18934c9a541949"", ""IMG_5265bd2b5f65c9e1""]","[""loose_unknown"", ""loose_unknown"", ""3_19.0"", ""3_5.0"", ""loose_unknown""]","[0.25894895195961, 0.2289934903383255, 0.22372788190841675, 0.2133849710226059, 0.20638884603977203]",False,False
IMG_8579e0f92fd66f9d,3,labeled,3_14.0,03::0805_20140417_HBi_03_RAY,"[""IMG_47e393aa821fedbd"", ""IMG_09c470048aa5a620"", ""IMG_11d906242e84663a"", ""IMG_5f0ae7a6ba448eb8"", ""IMG_5d56b11d4080a9ab""]","[""3_9.0"", ""3_6.0"", ""loose_unknown"", ""loose_unknown"", ""loose_unknown""]","[0.2188221961259842, 0.21373312175273895, 0.2131439447402954, 0.20532585680484772, 0.19682349264621735]",False,False
IMG_ddd70b9780e4c7de,3,labeled,3_15.0,03::0601_20140417_HBi_03_RAY,"[""IMG_34d871e8dadbe89a"", ""IMG_4ccde233fd9bf8c6"", ""IMG_0acba24e65b76714"", ""IMG_7d1f7067d4ffb6cd"", ""IMG_7221598f1ce69371""]","[""3_28.0"", ""loose_unknown"", ""loose_unknown"", ""loose_unknown"", ""3_10.0""]","[0.28140297532081604, 0.22308550775051117, 0.20103956758975983, 0.184711292386055, 0.17733609676361084]",False,False
IMG_3cda19cb77f73495,3,labeled,3_16.0,03::0672_20140417_HBi_03_RAY,"[""IMG_f6a06551b419c8d3"", ""IMG_ff68675e55952cba"", ""IMG_a3aac8fb69f3c4e3"", ""IMG_b741dc5a87e88d17"", ""IMG_3fff93b7a18937ff""]","[""3_2.0"", ""loose_unknown"", ""loose_unknown"", ""3_3.0"", ""3_10.0""]","[0.37247878313064575, 0.26213186979293823, 0.23269304633140564, 0.2178000807762146, 0.21686334908008575]",False,False
IMG_43f6242b9c65ab2d,3,labeled,3_16.0,03::0722_20140417_HBi_03_RAY,"[""IMG_2615c5de94cf0ab6"", ""IMG_45a14ce1592796c1"", ""IMG_e8712998581bd0cf"", ""IMG_c240767737d4be90"", ""IMG_03193f6c99f32e8b""]","[""3_2.0"", ""loose_unknown"", ""loose_unknown"", ""loose_unknown"", ""3_2.0""]","[0.2739338278770447, 0.23869192600250244, 0.23535902798175812, 0.20286260545253754, 0.19721250236034393]",False,False
IMG_84f7a1d69468357d,3,labeled,3_16.0,03::0910_20140417_HBi_03_RAY,"[""IMG_3181ffe87aa13433"", ""IMG_65f909fa289786fa"", ""IMG_71ac9ba43841298a"", ""IMG_9b537b5cd55adc7e"", ""IMG_aade277476cfab5c""]","[""3_10.0"", ""3_10.0"", ""loose_unknown"", ""loose_unknown"", ""3_3.0""]","[0.35047608613967896, 0.2111082375049591, 0.20769906044006348, 0.1960669457912445, 0.18673670291900635]",False,False
IMG_ba4f15b50f74beff,3,labeled,3_16.0,03::0911_20140417_HBi_03_RAY,"[""IMG_043fc8d5cb71ffc0"", ""IMG_c35286d04e6f978d"", ""IMG_806fb06d734b4823"", ""IMG_2bef303a38b11c41"", ""IMG_3d7bf72908e59499""]","[""3_7.0"", ""3_10.0"", ""loose_unknown"", ""loose_unknown"", ""3_3.0""]","[0.25555235147476196, 0.25044286251068115, 0.2326357662677765, 0.23244382441043854, 0.21050365269184113]",False,False
IMG_db9875e2b237edd3,3,labeled,3_16.0,03::0920_20140417_HBi_03_RAY,"[""IMG_5f3a567c4118166f"", ""IMG_1c67b02ae9b59108"", ""IMG_3446737f2326b631"", ""IMG_e07b9e0f3be5db8c"", ""IMG_1b775dad20a3f7e2""]","[""loose_unknown"", ""3_3.0"", ""3_6.0"", ""loose_unknown"", ""loose_unknown""]","[0.26599231362342834, 0.22574487328529358, 0.2220015972852707, 0.21168099343776703, 0.19675596058368683]",False,False
IMG_5ce0980d29583409,3,labeled,3_17.0,03::0676_20140417_HBi_03_RAY,"[""IMG_796f42e08ecf0865"", ""IMG_a8685481c997462e"", ""IMG_5d8dd4d4c60ea701"", ""IMG_39f79aba2723784d"", ""IMG_cc44fcf398307c07""]","[""3_23.0"", ""loose_unknown"", ""loose_unknown"", ""3_5.0"", ""loose_unknown""]","[0.24751724302768707, 0.2216724157333374, 0.21403734385967255, 0.19628748297691345, 0.1927667260169983]",False,False
IMG_5ded501d0f5b1c92,3,labeled,3_18.0,03::0682_20140417_HBi_03_RAY,"[""IMG_a8685481c997462e"", ""IMG_03955f459165fb69"", ""IMG_5001302b0ed35221"", ""IMG_2ec9b729c3047f30"", ""IMG_9d97ff2c1edcb509""]","[""loose_unknown"", ""3_4.0"", ""3_9.0"", ""3_2.0"", ""loose_unknown""]","[0.22908316552639008, 0.22883830964565277, 0.2099589705467224, 0.20241908729076385, 0.1950179636478424]",False,False
IMG_88989ec7c9b90745,3,labeled,3_18.0,03::0683_20140417_HBi_03_RAY,"[""IMG_4856b607af778a83"", ""IMG_627cf8ecd6785b30"", ""IMG_a3430090c4ce7a3b"", ""IMG_6093a75e3e14d5df"", ""IMG_c35286d04e6f978d""]","[""3_3.0"", ""loose_unknown"", ""3_2.0"", ""3_2.0"", ""3_10.0""]","[0.22357551753520966, 0.21481390297412872, 0.21012504398822784, 0.20463503897190094, 0.18847471475601196]",False,False
IMG_ada3c7714cd970b3,3,labeled,3_19.0,03::0158_20140417_HBi_03_RAY,"[""IMG_164cbf93c80a224e"", ""IMG_23eee2d344e472b9"", ""IMG_ca663f2fd6a41811"", ""IMG_948dfb19bc559799"", ""IMG_79e3f0ddf9e730f3""]","[""loose_unknown"", ""3_14.0"", ""loose_unknown"", ""loose_unknown"", ""loose_unknown""]","[0.22557510435581207, 0.22372788190841675, 0.18361572921276093, 0.18096940219402313, 0.1792633980512619]",False,False
IMG_1d5206db18203ba7,3,labeled,3_19.0,03::0160_20140417_HBi_03_RAY,"[""IMG_e1bac6b4486a6ebe"", ""IMG_d75db0a0fe0a29d2"", ""IMG_0acba24e65b76714"", ""IMG_910a155d379ca407"", ""IMG_03955f459165fb69""]","[""3_30.0"", ""3_9.0"", ""loose_unknown"", ""loose_unknown"", ""3_4.0""]","[0.257311075925827, 0.23867206275463104, 0.2166595607995987, 0.18845604360103607, 0.1870819330215454]",False,False
IMG_14e79d03c1704745,3,labeled,3_19.0,03::0795_20140417_HBi_03_RAY,"[""IMG_a3aac8fb69f3c4e3"", ""IMG_3e828dc68c7d0898"", ""IMG_97c531019a7ad5ae"", ""IMG_75f5008797014e7d"", ""IMG_831009435c1b2124""]","[""loose_unknown"", ""3_5.0"", ""3_20.0"", ""loose_unknown"", ""3_3.0""]","[0.20772218704223633, 0.2076893150806427, 0.19160526990890503, 0.185245081782341, 0.18047723174095154]",False,False
IMG_c57f9d611fd1635a,3,labeled,3_20.0,03::0142_20140417_HBi_03_RAY,"[""IMG_e8712998581bd0cf"", ""IMG_207ccd107761fc96"", ""IMG_8e3a299e2759fd8a"", ""IMG_ea11e68134e91dfe"", ""IMG_be395e652b8051c5""]","[""loose_unknown"", ""loose_unknown"", ""3_31.0"", ""3_4.0"", ""loose_unknown""]","[0.267444908618927, 0.22400037944316864, 0.21676792204380035, 0.2078561782836914, 0.19629476964473724]",False,False
IMG_97c531019a7ad5ae,3,labeled,3_20.0,03::0143_20140417_HBi_03_RAY,"[""IMG_756e6442e70bbb4f"", ""IMG_d5ab8a6b9f46e4c7"", ""IMG_164cbf93c80a224e"", ""IMG_8f03aa5a4d15d1be"", ""IMG_14e79d03c1704745""]","[""3_1.0"", ""loose_unknown"", ""loose_unknown"", ""loose_unknown"", ""3_19.0""]","[0.2520214915275574, 0.24816101789474487, 0.20943312346935272, 0.1989445984363556, 0.19160526990890503]",False,False
IMG_d71fa1d9962a816c,3,labeled,3_20.0,03::0912_20140417_HBi_03_RAY,"[""IMG_f4b55c978d9b27ad"", ""IMG_08faeb63ca8035ce"", ""IMG_d4d2e5164afe3e9f"", ""IMG_8037c1a834d995e4"", ""IMG_9b537b5cd55adc7e""]","[""3_7.0"", ""3_7.0"", ""loose_unknown"", ""3_21.0"", ""loose_unknown""]","[0.242867112159729, 0.1799585521221161, 0.17269940674304962, 0.160490483045578, 0.15990577638149261]",False,False
IMG_56c52fd2b2f396b8,3,labeled,3_20.0,03::0913_20140417_HBi_03_RAY,"[""IMG_33cbcc15b479c201"", ""IMG_eb1dc97cf3a61160"", ""IMG_1d78b6b04d5c0d1c"", ""IMG_8e89b52d7cac553e"", ""IMG_4e307cf95c6ec646""]","[""3_3.0"", ""3_12.0"", ""loose_unknown"", ""loose_unknown"", ""loose_unknown""]","[0.24150404334068298, 0.23151087760925293, 0.18645723164081573, 0.1708650290966034, 0.17058391869068146]",False,False
IMG_3ba45ee470395152,3,labeled,3_27.0,03::0149_20140417_HBi_03_RAY,"[""IMG_b47a7d1dba914893"", ""IMG_6d8299b306221213"", ""IMG_ba43326507a4120a"", ""IMG_c6d0865e3cdbacc3"", ""IMG_3cda19cb77f73495""]","[""3_3.0"", ""loose_unknown"", ""3_11.0"", ""3_6.0"", ""3_16.0""]","[0.2255580723285675, 0.21643859148025513, 0.20497044920921326, 0.19327551126480103, 0.1854640543460846]",False,False
IMG_a606bdc025c9a6f7,3,labeled,3_27.0,03::0150_20140417_HBi_03_RAY,"[""IMG_5f3a567c4118166f"", ""IMG_ea11e68134e91dfe"", ""IMG_831009435c1b2124"", ""IMG_3181ffe87aa13433"", ""IMG_278543fb4222163a""]","[""loose_unknown"", ""3_4.0"", ""3_3.0"", ""3_10.0"", ""loose_unknown""]","[0.2800126075744629, 0.2537488639354706, 0.2467270791530609, 0.24293597042560577, 0.23922251164913177]",False,False
IMG_0477741c24dab835,3,labeled,3_31.0,03::0166_20140417_HBi_03_RAY,"[""IMG_90abd8938b874a0c"", ""IMG_a709803aa29ba81a"", ""IMG_74efeaeae7e7c49b"", ""IMG_cc44fcf398307c07"", ""IMG_4bf2e3d773f7e7d7""]","[""3_7.0"", ""3_1.0"", ""loose_unknown"", ""loose_unknown"", ""loose_unknown""]","[0.2193281352519989, 0.2006923109292984, 0.20047590136528015, 0.18816177546977997, 0.18637755513191223]",False,False
IMG_8e3a299e2759fd8a,3,labeled,3_31.0,03::0167_20140417_HBi_03_RAY,"[""IMG_b7b0c19504308357"", ""IMG_c57f9d611fd1635a"", ""IMG_4106e536034ce468"", ""IMG_e6671b596115ec8a"", ""IMG_5ded501d0f5b1c92""]","[""loose_unknown"", ""3_20.0"", ""3_5.0"", ""loose_unknown"", ""3_18.0""]","[0.27232852578163147, 0.21676792204380035, 0.19720345735549927, 0.1901722252368927, 0.1892627328634262]",False,False
IMG_2b960e56df7cd84f,1,loose_known,loose_unknown,01::0142_20140417_SZi_01_RAY,"[""IMG_ea3c050ed8c0f117"", ""IMG_e86de629b537aa49"", ""IMG_8aeafd80fb4b4579"", ""IMG_a1b65ba015bf8a38"", ""IMG_6b7a1db32dd39106""]","[""1_5.0"", ""loose_unknown"", ""loose_unknown"", ""1_2.0"", ""loose_unknown""]","[0.2299291044473648, 0.20971769094467163, 0.20949827134609222, 0.1792076677083969, 0.16635659337043762]",False,False
IMG_c0568dea770bde95,1,loose_known,loose_unknown,01::0144_20140417_SZi_01_RAY,"[""IMG_decbf3098bd345e5"", ""IMG_a6bf15b3e23eea6f"", ""IMG_7cad6c99eaf7ed2b"", ""IMG_fab1e7b5ba2babde"", ""IMG_6609262ac9b0bddd""]","[""loose_unknown"", ""1_2.0"", ""1_6.0"", ""loose_unknown"", ""1_3.0""]","[0.19437409937381744, 0.179619699716568, 0.17876651883125305, 0.15381748974323273, 0.1287103146314621]",False,False
IMG_fd2100c82c996ed6,1,loose_known,loose_unknown,01::0149_20140417_SZi_01_RAY,"[""IMG_31846f0fbdb9d981"", ""IMG_6b7a1db32dd39106"", ""IMG_89787964d002fdf6"", ""IMG_c28c684416b5dbd8"", ""IMG_990f8c2142246d90""]","[""1_10.0"", ""loose_unknown"", ""1_1.0"", ""1_4.0"", ""loose_unknown""]","[0.16812185943126678, 0.16112057864665985, 0.14072896540164948, 0.14018787443637848, 0.12851078808307648]",False,False
IMG_d5b19b7a384abe06,1,loose_known,loose_unknown,01::0150_20140417_SZi_01_RAY,"[""IMG_79691a75f9b33de6"", ""IMG_084de06b9679c179"", ""IMG_fb33824fdf7da49c"", ""IMG_0f2d3c45d4af6673"", ""IMG_31846f0fbdb9d981""]","[""1_14.0"", ""loose_unknown"", ""loose_unknown"", ""loose_unknown"", ""1_10.0""]","[0.2481781542301178, 0.21948540210723877, 0.19359415769577026, 0.18870338797569275, 0.17474409937858582]",False,False
IMG_084de06b9679c179,1,loose_known,loose_unknown,01::0157_20140417_SZi_01_RAY,"[""IMG_d5b19b7a384abe06"", ""IMG_6a063bf13e567aa0"", ""IMG_12a3a1ac7544f67f"", ""IMG_89164ddd518298ec"", ""IMG_bf29c448b7965c34""]","[""loose_unknown"", ""loose_unknown"", ""loose_unknown"", ""loose_unknown"", ""1_2.0""]","[0.21948540210723877, 0.19502601027488708, 0.17750626802444458, 0.16066429018974304, 0.14143741130828857]",False,False
IMG_decbf3098bd345e5,1,loose_known,loose_unknown,01::0158_20140417_SZi_01_RAY,"[""IMG_d96a692b8a5e2cd9"", ""IMG_57bcbc44207febf6"", ""IMG_c0568dea770bde95"", ""IMG_bcf3d9dd1cb6b9e2"", ""IMG_4766b81119e75bcb""]","[""1_3.0"", ""loose_unknown"", ""loose_unknown"", ""1_1.0"", ""loose_unknown""]","[0.21013319492340088, 0.20081770420074463, 0.19437409937381744, 0.1816311627626419, 0.12976588308811188]",False,False
IMG_800a767cb8b3d313,1,loose_known,loose_unknown,01::0159_20140417_SZi_01_RAY,"[""IMG_c9089614b6a55260"", ""IMG_63100f968ea2c375"", ""IMG_89787964d002fdf6"", ""IMG_f41ca6cea397862f"", ""IMG_a1b65ba015bf8a38""]","[""1_2.0"", ""loose_unknown"", ""1_1.0"", ""loose_unknown"", ""1_2.0""]","[0.26852312684059143, 0.22335393726825714, 0.19656752049922943, 0.16944044828414917, 0.1574322134256363]",False,False
IMG_f8958678e847cf3b,1,loose_known,loose_unknown,01::0160_20140417_SZi_01_RAY,"[""IMG_c28c684416b5dbd8"", ""IMG_41a178ba11fdafae"", ""IMG_ad671fb1d0297986"", ""IMG_bc5d6baa02e17c10"", ""IMG_f57b55836d4dabc0""]","[""1_4.0"", ""loose_unknown"", ""loose_unknown"", ""loose_unknown"", ""1_7.0""]","[0.21822024881839752, 0.21041175723075867, 0.1886453777551651, 0.1810511350631714, 0.16480717062950134]",False,False
IMG_c776ffb7f924ded1,1,loose_known,loose_unknown,01::0161_20140417_SZi_01_RAY,"[""IMG_990f8c2142246d90"", ""IMG_2cfd21942f3d9fd2"", ""IMG_365230aff6ccf855"", ""IMG_9f18d42c971aff1c"", ""IMG_89787964d002fdf6""]","[""loose_unknown"", ""loose_unknown"", ""1_2.0"", ""loose_unknown"", ""1_1.0""]","[0.22674590349197388, 0.20940664410591125, 0.19111919403076172, 0.18162886798381805, 0.17070887982845306]",False,False
IMG_d7d7a7c429d1f1b6,1,loose_known,loose_unknown,01::0166_20140417_SZi_01_RAY,"[""IMG_f57b55836d4dabc0"", ""IMG_14d44b32906fed16"", ""IMG_243e6ba9482ec01f"", ""IMG_87c7629244e02709"", ""IMG_c1d3de3c7402ed5e""]","[""1_7.0"", ""loose_unknown"", ""loose_unknown"", ""1_12.0"", ""loose_unknown""]","[0.20568865537643433, 0.18952316045761108, 0.18465954065322876, 0.16187842190265656, 0.14910508692264557]",False,False
IMG_57bcbc44207febf6,1,loose_known,loose_unknown,01::0173_20140417_SZi_01_RAY,"[""IMG_cc62dbd148e58905"", ""IMG_a3c715cc80ef44d8"", ""IMG_decbf3098bd345e5"", ""IMG_41a178ba11fdafae"", ""IMG_ae391e2574fc9dc0""]","[""1_2.0"", ""1_9.0"", ""loose_unknown"", ""loose_unknown"", ""1_5.0""]","[0.2590841054916382, 0.21237681806087494, 0.20081770420074463, 0.16899484395980835, 0.1509617269039154]",False,False
IMG_6b7a1db32dd39106,1,loose_known,loose_unknown,01::0178_20140417_SZi_01_RAY,"[""IMG_2b960e56df7cd84f"", ""IMG_fd2100c82c996ed6"", ""IMG_fab1e7b5ba2babde"", ""IMG_0763a5d5fba0602b"", ""IMG_52a7375fb4e90441""]","[""loose_unknown"", ""loose_unknown"", ""loose_unknown"", ""loose_unknown"", ""loose_unknown""]","[0.16635659337043762, 0.16112057864665985, 0.1429305076599121, 0.11113103479146957, 0.1064288318157196]",False,False
IMG_d13c02982e000b6f,1,loose_known,loose_unknown,01::0188_20140417_SZi_01_RAY,"[""IMG_9eb0d6d1cba0e944"", ""IMG_79691a75f9b33de6"", ""IMG_4b8b5eaad810ebeb"", ""IMG_6eafb73ad6a0536d"", ""IMG_4075ad3adad593e7""]","[""loose_unknown"", ""1_14.0"", ""loose_unknown"", ""loose_unknown"", ""loose_unknown""]","[0.2431068867444992, 0.1471753567457199, 0.1382572054862976, 0.13675273954868317, 0.13064029812812805]",False,False
IMG_12a3a1ac7544f67f,1,loose_known,loose_unknown,01::0189_20140417_SZi_01_RAY,"[""IMG_911bee6b3260a458"", ""IMG_fb33824fdf7da49c"", ""IMG_084de06b9679c179"", ""IMG_6eafb73ad6a0536d"", ""IMG_ea3c050ed8c0f117""]","[""1_8.0"", ""loose_unknown"", ""loose_unknown"", ""loose_unknown"", ""1_5.0""]","[0.24469056725502014, 0.19508656859397888, 0.17750626802444458, 0.17488335072994232, 0.15952157974243164]",False,False
IMG_f41ca6cea397862f,1,loose_known,loose_unknown,01::0202_20140417_SZi_01_RAY,"[""IMG_2d86a9c167d87a87"", ""IMG_2cfd21942f3d9fd2"", ""IMG_a1b65ba015bf8a38"", ""IMG_efc367ab53689fa5"", ""IMG_f57b55836d4dabc0""]","[""loose_unknown"", ""loose_unknown"", ""1_2.0"", ""1_2.0"", ""1_7.0""]","[0.2368164360523224, 0.1986737698316574, 0.18494638800621033, 0.18290726840496063, 0.1730804443359375]",False,False
IMG_9f9f3f6db8386b49,1,loose_known,loose_unknown,01::0204_20140417_SZi_01_RAY,"[""IMG_365230aff6ccf855"", ""IMG_ae391e2574fc9dc0"", ""IMG_79691a75f9b33de6"", ""IMG_3d4dd0d5272bd75b"", ""IMG_4e11a152cf6d0958""]","[""1_2.0"", ""1_5.0"", ""1_14.0"", ""loose_unknown"", ""1_8.0""]","[0.21665750443935394, 0.2060757279396057, 0.17372222244739532, 0.1626388281583786, 0.14672034978866577]",False,False
IMG_6be60f69715c7142,1,loose_known,loose_unknown,01::0212_20140417_SZi_01_RAY,"[""IMG_bc5d6baa02e17c10"", ""IMG_12a3a1ac7544f67f"", ""IMG_13f359862eaa5956"", ""IMG_2cfd21942f3d9fd2"", ""IMG_c1d3de3c7402ed5e""]","[""loose_unknown"", ""loose_unknown"", ""loose_unknown"", ""loose_unknown"", ""loose_unknown""]","[0.1623733937740326, 0.1556253880262375, 0.148554727435112, 0.14080415666103363, 0.13677947223186493]",False,False
IMG_e86de629b537aa49,1,loose_known,loose_unknown,01::0216_20140417_SZi_01_RAY,"[""IMG_2b960e56df7cd84f"", ""IMG_4075ad3adad593e7"", ""IMG_63100f968ea2c375"", ""IMG_efc367ab53689fa5"", ""IMG_6dc8f895e31c5f95""]","[""loose_unknown"", ""loose_unknown"", ""loose_unknown"", ""1_2.0"", ""1_1.0""]","[0.20971769094467163, 0.20943540334701538, 0.20302927494049072, 0.19362059235572815, 0.16413553059101105]",False,False
IMG_4b8b5eaad810ebeb,1,loose_known,loose_unknown,01::0217_20140417_SZi_01_RAY,"[""IMG_fb33824fdf7da49c"", ""IMG_d13c02982e000b6f"", ""IMG_bcf3d9dd1cb6b9e2"", ""IMG_8aeafd80fb4b4579"", ""IMG_fab1e7b5ba2babde""]","[""loose_unknown"", ""loose_unknown"", ""1_1.0"", ""loose_unknown"", ""loose_unknown""]","[0.16585704684257507, 0.1382572054862976, 0.1373434066772461, 0.13683001697063446, 0.13556797802448273]",False,False
IMG_52a7375fb4e90441,1,loose_known,loose_unknown,01::0219_20140417_SZi_01_RAY,"[""IMG_bc5d6baa02e17c10"", ""IMG_f57b55836d4dabc0"", ""IMG_990f8c2142246d90"", ""IMG_03b319b882be2339"", ""IMG_4766b81119e75bcb""]","[""loose_unknown"", ""1_7.0"", ""loose_unknown"", ""loose_unknown"", ""loose_unknown""]","[0.2996785044670105, 0.19645294547080994, 0.18042419850826263, 0.13786721229553223, 0.13579948246479034]",False,False
IMG_33756a24d233965f,1,loose_known,loose_unknown,01::0223_20140417_SZi_01_RAY,"[""IMG_f41ca6cea397862f"", ""IMG_89787964d002fdf6"", ""IMG_fd2100c82c996ed6"", ""IMG_bf29c448b7965c34"", ""IMG_d7d7a7c429d1f1b6""]","[""loose_unknown"", ""1_1.0"", ""loose_unknown"", ""1_2.0"", ""loose_unknown""]","[0.14628303050994873, 0.1252029985189438, 0.11265275627374649, 0.11037507653236389, 0.10893180221319199]",False,False
IMG_ad671fb1d0297986,1,loose_known,loose_unknown,01::0228_20140417_SZi_01_RAY,"[""IMG_7ddc4201f6b94ee9"", ""IMG_c28c684416b5dbd8"", ""IMG_f8958678e847cf3b"", ""IMG_f57b55836d4dabc0"", ""IMG_6dc8f895e31c5f95""]","[""loose_unknown"", ""1_4.0"", ""loose_unknown"", ""1_7.0"", ""1_1.0""]","[0.2344418317079544, 0.21733325719833374, 0.1886453777551651, 0.13814544677734375, 0.13122045993804932]",False,False
IMG_2cfd21942f3d9fd2,1,loose_known,loose_unknown,01::0229_20140417_SZi_01_RAY,"[""IMG_bc5d6baa02e17c10"", ""IMG_c776ffb7f924ded1"", ""IMG_f41ca6cea397862f"", ""IMG_990f8c2142246d90"", ""IMG_8aeafd80fb4b4579""]","[""loose_unknown"", ""loose_unknown"", ""loose_unknown"", ""loose_unknown"", ""loose_unknown""]","[0.20977461338043213, 0.20940664410591125, 0.1986737698316574, 0.1878291815519333, 0.16181348264217377]",False,False
IMG_03b319b882be2339,1,loose_known,loose_unknown,01::0234_20140417_SZi_01_RAY,"[""IMG_291e2277785cff7b"", ""IMG_52b4836019f67bc9"", ""IMG_12a3a1ac7544f67f"", ""IMG_c9089614b6a55260"", ""IMG_fb33824fdf7da49c""]","[""1_11.0"", ""loose_unknown"", ""loose_unknown"", ""1_2.0"", ""loose_unknown""]","[0.21333032846450806, 0.158563494682312, 0.15408658981323242, 0.1501554250717163, 0.14918486773967743]",False,False
IMG_c0cc2c67e4729a86,1,loose_known,loose_unknown,01::0237_20140417_SZi_01_RAY,"[""IMG_f57b55836d4dabc0"", ""IMG_bc5d6baa02e17c10"", ""IMG_6a063bf13e567aa0"", ""IMG_13f359862eaa5956"", ""IMG_a9e0d8c366e77672""]","[""1_7.0"", ""loose_unknown"", ""loose_unknown"", ""loose_unknown"", ""loose_unknown""]","[0.16904710233211517, 0.15029479563236237, 0.14869149029254913, 0.14853353798389435, 0.1299205869436264]",False,False
IMG_fb33824fdf7da49c,1,loose_known,loose_unknown,01::0239_20140417_SZi_01_RAY,"[""IMG_b6725f34d2b64e55"", ""IMG_12a3a1ac7544f67f"", ""IMG_d5b19b7a384abe06"", ""IMG_4b8b5eaad810ebeb"", ""IMG_03b319b882be2339""]","[""loose_unknown"", ""loose_unknown"", ""loose_unknown"", ""loose_unknown"", ""loose_unknown""]","[0.1958574801683426, 0.19508656859397888, 0.19359415769577026, 0.16585704684257507, 0.14918486773967743]",False,False
IMG_a57201406f753571,1,loose_known,loose_unknown,01::0244_20140417_SZi_01_RAY,"[""IMG_f8958678e847cf3b"", ""IMG_365230aff6ccf855"", ""IMG_a1da1cac4ed4ad16"", ""IMG_89164ddd518298ec"", ""IMG_89787964d002fdf6""]","[""loose_unknown"", ""1_2.0"", ""loose_unknown"", ""loose_unknown"", ""1_1.0""]","[0.15042699873447418, 0.13833743333816528, 0.13766275346279144, 0.13125114142894745, 0.1243361383676529]",False,False
IMG_9f18d42c971aff1c,1,loose_known,loose_unknown,01::0245_20140417_SZi_01_RAY,"[""IMG_c776ffb7f924ded1"", ""IMG_9e6ec1d9efc2e117"", ""IMG_fb33824fdf7da49c"", ""IMG_52a7375fb4e90441"", ""IMG_6be60f69715c7142""]","[""loose_unknown"", ""1_3.0"", ""loose_unknown"", ""loose_unknown"", ""loose_unknown""]","[0.18162886798381805, 0.1538749486207962, 0.11648089438676834, 0.11456407606601715, 0.10749146342277527]",False,False
IMG_89164ddd518298ec,1,loose_known,loose_unknown,01::0248_20140417_SZi_01_RAY,"[""IMG_13f359862eaa5956"", ""IMG_084de06b9679c179"", ""IMG_a57201406f753571"", ""IMG_3d4dd0d5272bd75b"", ""IMG_4075ad3adad593e7""]","[""loose_unknown"", ""loose_unknown"", ""loose_unknown"", ""loose_unknown"", ""loose_unknown""]","[0.22336506843566895, 0.16066429018974304, 0.13125114142894745, 0.1282399296760559, 0.12470435351133347]",False,False
IMG_10b7d19446de45a1,1,loose_known,loose_unknown,01::0250_20140417_SZi_01_RAY,"[""IMG_0f2d3c45d4af6673"", ""IMG_efc367ab53689fa5"", ""IMG_d96a692b8a5e2cd9"", ""IMG_14d44b32906fed16"", ""IMG_f57b55836d4dabc0""]","[""loose_unknown"", ""1_2.0"", ""1_3.0"", ""loose_unknown"", ""1_7.0""]","[0.18695011734962463, 0.15382806956768036, 0.15186813473701477, 0.13542301952838898, 0.11473529785871506]",False,False
IMG_d76bc77721485788,1,loose_known,loose_unknown,01::0254_20140417_SZi_01_RAY,"[""IMG_ea3c050ed8c0f117"", ""IMG_3d4dd0d5272bd75b"", ""IMG_fbcf071addc88ed7"", ""IMG_6a063bf13e567aa0"", ""IMG_c0568dea770bde95""]","[""1_5.0"", ""loose_unknown"", ""loose_unknown"", ""loose_unknown"", ""loose_unknown""]","[0.24550805985927582, 0.19525766372680664, 0.12929405272006989, 0.1240268349647522, 0.12052619457244873]",False,False
IMG_a9e0d8c366e77672,1,loose_known,loose_unknown,01::0256_20140417_SZi_01_RAY,"[""IMG_add6681025b7e34c"", ""IMG_bcf3d9dd1cb6b9e2"", ""IMG_e86de629b537aa49"", ""IMG_a3c715cc80ef44d8"", ""IMG_c0cc2c67e4729a86""]","[""1_2.0"", ""1_1.0"", ""loose_unknown"", ""1_9.0"", ""loose_unknown""]","[0.155826136469841, 0.13203400373458862, 0.1315363645553589, 0.1300182342529297, 0.1299205869436264]",False,False
IMG_0f2d3c45d4af6673,1,loose_known,loose_unknown,01::0257_20140417_SZi_01_RAY,"[""IMG_d5b19b7a384abe06"", ""IMG_10b7d19446de45a1"", ""IMG_a1b65ba015bf8a38"", ""IMG_800a767cb8b3d313"", ""IMG_4766b81119e75bcb""]","[""loose_unknown"", ""loose_unknown"", ""1_2.0"", ""loose_unknown"", ""loose_unknown""]","[0.18870338797569275, 0.18695011734962463, 0.170128732919693, 0.1539636254310608, 0.14234468340873718]",False,False
IMG_6eafb73ad6a0536d,1,loose_known,loose_unknown,01::0258_20140417_SZi_01_RAY,"[""IMG_49df9fe4de5a41f1"", ""IMG_12a3a1ac7544f67f"", ""IMG_7ddc4201f6b94ee9"", ""IMG_c1d3de3c7402ed5e"", ""IMG_fbcf071addc88ed7""]","[""loose_unknown"", ""loose_unknown"", ""loose_unknown"", ""loose_unknown"", ""loose_unknown""]","[0.29422783851623535, 0.17488335072994232, 0.17269666492938995, 0.16885486245155334, 0.16555999219417572]",False,False
IMG_2d86a9c167d87a87,1,loose_known,loose_unknown,01::0267_20140417_SZi_01_RAY,"[""IMG_f41ca6cea397862f"", ""IMG_0fda01828547a827"", ""IMG_911bee6b3260a458"", ""IMG_a1b65ba015bf8a38"", ""IMG_800a767cb8b3d313""]","[""loose_unknown"", ""1_3.0"", ""1_8.0"", ""1_2.0"", ""loose_unknown""]","[0.2368164360523224, 0.19974909722805023, 0.18023981153964996, 0.13447007536888123, 0.1343775987625122]",False,False
IMG_8aeafd80fb4b4579,1,loose_known,loose_unknown,01::0268_20140417_SZi_01_RAY,"[""IMG_63100f968ea2c375"", ""IMG_2b960e56df7cd84f"", ""IMG_31846f0fbdb9d981"", ""IMG_2cfd21942f3d9fd2"", ""IMG_bcf3d9dd1cb6b9e2""]","[""loose_unknown"", ""loose_unknown"", ""1_10.0"", ""loose_unknown"", ""1_1.0""]","[0.31228166818618774, 0.20949827134609222, 0.17946875095367432, 0.16181348264217377, 0.161043182015419]",False,False
IMG_9eb0d6d1cba0e944,1,loose_known,loose_unknown,01::0272_20140417_SZi_01_RAY,"[""IMG_d13c02982e000b6f"", ""IMG_6eafb73ad6a0536d"", ""IMG_6609262ac9b0bddd"", ""IMG_79691a75f9b33de6"", ""IMG_6a063bf13e567aa0""]","[""loose_unknown"", ""loose_unknown"", ""1_3.0"", ""1_14.0"", ""loose_unknown""]","[0.2431068867444992, 0.1605897843837738, 0.14368556439876556, 0.13483287394046783, 0.12668967247009277]",False,False
IMG_243e6ba9482ec01f,1,loose_known,loose_unknown,01::0276_20140417_SZi_01_RAY,"[""IMG_52b4836019f67bc9"", ""IMG_6609262ac9b0bddd"", ""IMG_d7d7a7c429d1f1b6"", ""IMG_cc62dbd148e58905"", ""IMG_4075ad3adad593e7""]","[""loose_unknown"", ""1_3.0"", ""loose_unknown"", ""1_2.0"", ""loose_unknown""]","[0.20360201597213745, 0.2021329700946808, 0.18465954065322876, 0.1473143845796585, 0.1421857476234436]",False,False
IMG_4766b81119e75bcb,1,loose_known,loose_unknown,01::0277_20140417_SZi_01_RAY,"[""IMG_e0758bdd04f3b9f1"", ""IMG_7801983dd0c37889"", ""IMG_bc5d6baa02e17c10"", ""IMG_0f2d3c45d4af6673"", ""IMG_52a7375fb4e90441""]","[""loose_unknown"", ""1_3.0"", ""loose_unknown"", ""loose_unknown"", ""loose_unknown""]","[0.2647221088409424, 0.1846890151500702, 0.14394095540046692, 0.14234468340873718, 0.13579948246479034]",False,False
IMG_e0758bdd04f3b9f1,1,loose_known,loose_unknown,01::0278_20140417_SZi_01_RAY,"[""IMG_4766b81119e75bcb"", ""IMG_cc62dbd148e58905"", ""IMG_7b1e718057af2ab3"", ""IMG_7801983dd0c37889"", ""IMG_c0cc2c67e4729a86""]","[""loose_unknown"", ""1_2.0"", ""1_4.0"", ""1_3.0"", ""loose_unknown""]","[0.2647221088409424, 0.15967780351638794, 0.15600907802581787, 0.1388665735721588, 0.12982244789600372]",False,False
IMG_49df9fe4de5a41f1,1,loose_known,loose_unknown,01::0279_20140417_SZi_01_RAY,"[""IMG_6eafb73ad6a0536d"", ""IMG_09628d50eb642cdd"", ""IMG_fbcf071addc88ed7"", ""IMG_bc5d6baa02e17c10"", ""IMG_a1da1cac4ed4ad16""]","[""loose_unknown"", ""loose_unknown"", ""loose_unknown"", ""loose_unknown"", ""loose_unknown""]","[0.29422783851623535, 0.23060809075832367, 0.20948445796966553, 0.1827773004770279, 0.14806807041168213]",False,False
IMG_4075ad3adad593e7,1,loose_known,loose_unknown,01::0283_20140417_SZi_01_RAY,"[""IMG_e86de629b537aa49"", ""IMG_0763a5d5fba0602b"", ""IMG_6eafb73ad6a0536d"", ""IMG_243e6ba9482ec01f"", ""IMG_a6bf15b3e23eea6f""]","[""loose_unknown"", ""loose_unknown"", ""loose_unknown"", ""loose_unknown"", ""1_2.0""]","[0.20943540334701538, 0.1784585565328598, 0.1437474638223648, 0.1421857476234436, 0.1347334235906601]",False,False
IMG_fab1e7b5ba2babde,1,loose_known,loose_unknown,01::0284_20140417_SZi_01_RAY,"[""IMG_9e6ec1d9efc2e117"", ""IMG_89787964d002fdf6"", ""IMG_c0568dea770bde95"", ""IMG_6b7a1db32dd39106"", ""IMG_4b8b5eaad810ebeb""]","[""1_3.0"", ""1_1.0"", ""loose_unknown"", ""loose_unknown"", ""loose_unknown""]","[0.16461756825447083, 0.16164885461330414, 0.15381748974323273, 0.1429305076599121, 0.13556797802448273]",False,False
IMG_7ddc4201f6b94ee9,1,loose_known,loose_unknown,01::0289_20140417_SZi_01_RAY,"[""IMG_ad671fb1d0297986"", ""IMG_6dc8f895e31c5f95"", ""IMG_c28c684416b5dbd8"", ""IMG_911bee6b3260a458"", ""IMG_990f8c2142246d90""]","[""loose_unknown"", ""1_1.0"", ""1_4.0"", ""1_8.0"", ""loose_unknown""]","[0.2344418317079544, 0.19191810488700867, 0.1849789321422577, 0.18334265053272247, 0.18298976123332977]",False,False
IMG_3d4dd0d5272bd75b,1,loose_known,loose_unknown,01::0290_20140417_SZi_01_RAY,"[""IMG_b6725f34d2b64e55"", ""IMG_d76bc77721485788"", ""IMG_291e2277785cff7b"", ""IMG_365230aff6ccf855"", ""IMG_9f9f3f6db8386b49""]","[""loose_unknown"", ""loose_unknown"", ""1_11.0"", ""1_2.0"", ""loose_unknown""]","[0.22492313385009766, 0.19525766372680664, 0.17980170249938965, 0.16417847573757172, 0.1626388281583786]",False,False
IMG_bc5d6baa02e17c10,1,loose_known,loose_unknown,01::0315_20140417_SZi_01_RAY,"[""IMG_52a7375fb4e90441"", ""IMG_2cfd21942f3d9fd2"", ""IMG_49df9fe4de5a41f1"", ""IMG_f8958678e847cf3b"", ""IMG_6be60f69715c7142""]","[""loose_unknown"", ""loose_unknown"", ""loose_unknown"", ""loose_unknown"", ""loose_unknown""]","[0.2996785044670105, 0.20977461338043213, 0.1827773004770279, 0.1810511350631714, 0.1623733937740326]",False,False
IMG_13f359862eaa5956,1,loose_known,loose_unknown,01::0329_20140417_SZi_01_RAY,"[""IMG_89164ddd518298ec"", ""IMG_a3c715cc80ef44d8"", ""IMG_6be60f69715c7142"", ""IMG_c0cc2c67e4729a86"", ""IMG_4e11a152cf6d0958""]","[""loose_unknown"", ""1_9.0"", ""loose_unknown"", ""loose_unknown"", ""1_8.0""]","[0.22336506843566895, 0.15048833191394806, 0.148554727435112, 0.14853353798389435, 0.1388750821352005]",False,False
IMG_6a063bf13e567aa0,1,loose_known,loose_unknown,01::0342_20140417_SZi_01_RAY,"[""IMG_084de06b9679c179"", ""IMG_f57b55836d4dabc0"", ""IMG_c0cc2c67e4729a86"", ""IMG_9eb0d6d1cba0e944"", ""IMG_d76bc77721485788""]","[""loose_unknown"", ""1_7.0"", ""loose_unknown"", ""loose_unknown"", ""loose_unknown""]","[0.19502601027488708, 0.17184966802597046, 0.14869149029254913, 0.12668967247009277, 0.1240268349647522]",False,False
IMG_fbcf071addc88ed7,1,loose_known,loose_unknown,01::0344_20140417_SZi_01_RAY,"[""IMG_49df9fe4de5a41f1"", ""IMG_291e2277785cff7b"", ""IMG_6eafb73ad6a0536d"", ""IMG_31846f0fbdb9d981"", ""IMG_d76bc77721485788""]","[""loose_unknown"", ""1_11.0"", ""loose_unknown"", ""1_10.0"", ""loose_unknown""]","[0.20948445796966553, 0.1814195066690445, 0.16555999219417572, 0.13743706047534943, 0.12929405272006989]",False,False
IMG_09628d50eb642cdd,1,loose_known,loose_unknown,01::0352_20140417_SZi_01_RAY,"[""IMG_49df9fe4de5a41f1"", ""IMG_6eafb73ad6a0536d"", ""IMG_63100f968ea2c375"", ""IMG_4b8b5eaad810ebeb"", ""IMG_a1da1cac4ed4ad16""]","[""loose_unknown"", ""loose_unknown"", ""loose_unknown"", ""loose_unknown"", ""loose_unknown""]","[0.23060809075832367, 0.16408424079418182, 0.162695974111557, 0.13073612749576569, 0.11872734129428864]",False,False
IMG_0763a5d5fba0602b,1,loose_known,loose_unknown,01::0369_20140417_SZi_01_RAY,"[""IMG_4075ad3adad593e7"", ""IMG_87c7629244e02709"", ""IMG_52a7375fb4e90441"", ""IMG_fab1e7b5ba2babde"", ""IMG_decbf3098bd345e5""]","[""loose_unknown"", ""1_12.0"", ""loose_unknown"", ""loose_unknown"", ""loose_unknown""]","[0.1784585565328598, 0.13451212644577026, 0.128953218460083, 0.12389367818832397, 0.11790574342012405]",False,False
IMG_c1d3de3c7402ed5e,1,loose_known,loose_unknown,01::0370_20140417_SZi_01_RAY,"[""IMG_6eafb73ad6a0536d"", ""IMG_d7d7a7c429d1f1b6"", ""IMG_9e6ec1d9efc2e117"", ""IMG_6be60f69715c7142"", ""IMG_b6725f34d2b64e55""]","[""loose_unknown"", ""loose_unknown"", ""1_3.0"", ""loose_unknown"", ""loose_unknown""]","[0.16885486245155334, 0.14910508692264557, 0.13914507627487183, 0.13677947223186493, 0.1302058845758438]",False,False
IMG_52b4836019f67bc9,1,loose_known,loose_unknown,01::0376_20140417_SZi_01_RAY,"[""IMG_243e6ba9482ec01f"", ""IMG_03b319b882be2339"", ""IMG_a6bf15b3e23eea6f"", ""IMG_0f2d3c45d4af6673"", ""IMG_31846f0fbdb9d981""]","[""loose_unknown"", ""loose_unknown"", ""1_2.0"", ""loose_unknown"", ""1_10.0""]","[0.20360201597213745, 0.158563494682312, 0.14391110837459564, 0.1402669996023178, 0.13203708827495575]",False,False
IMG_b6725f34d2b64e55,1,loose_known,loose_unknown,01::0379_20140417_SZi_01_RAY,"[""IMG_3d4dd0d5272bd75b"", ""IMG_fb33824fdf7da49c"", ""IMG_add6681025b7e34c"", ""IMG_79691a75f9b33de6"", ""IMG_c1d3de3c7402ed5e""]","[""loose_unknown"", ""loose_unknown"", ""1_2.0"", ""1_14.0"", ""loose_unknown""]","[0.22492313385009766, 0.1958574801683426, 0.1912500113248825, 0.16622835397720337, 0.1302058845758438]",False,False
IMG_63100f968ea2c375,1,loose_known,loose_unknown,01::0383_20140417_SZi_01_RAY,"[""IMG_8aeafd80fb4b4579"", ""IMG_c061217b1f39deb1"", ""IMG_800a767cb8b3d313"", ""IMG_e86de629b537aa49"", ""IMG_09628d50eb642cdd""]","[""loose_unknown"", ""1_4.0"", ""loose_unknown"", ""loose_unknown"", ""loose_unknown""]","[0.31228166818618774, 0.2249583899974823, 0.22335393726825714, 0.20302927494049072, 0.162695974111557]",False,False
IMG_990f8c2142246d90,1,loose_known,loose_unknown,01::0389_20140417_SZi_01_RAY,"[""IMG_c776ffb7f924ded1"", ""IMG_a1da1cac4ed4ad16"", ""IMG_2cfd21942f3d9fd2"", ""IMG_7ddc4201f6b94ee9"", ""IMG_52a7375fb4e90441""]","[""loose_unknown"", ""loose_unknown"", ""loose_unknown"", ""loose_unknown"", ""loose_unknown""]","[0.22674590349197388, 0.21758238971233368, 0.1878291815519333, 0.18298976123332977, 0.18042419850826263]",False,False
IMG_14d44b32906fed16,1,loose_known,loose_unknown,01::0393_20140417_SZi_01_RAY,"[""IMG_efc367ab53689fa5"", ""IMG_d7d7a7c429d1f1b6"", ""IMG_12a3a1ac7544f67f"", ""IMG_ea3c050ed8c0f117"", ""IMG_10b7d19446de45a1""]","[""1_2.0"", ""loose_unknown"", ""loose_unknown"", ""1_5.0"", ""loose_unknown""]","[0.19518262147903442, 0.18952316045761108, 0.1590760499238968, 0.14778992533683777, 0.13542301952838898]",False,False
IMG_a1da1cac4ed4ad16,1,loose_known,loose_unknown,01::0396_20140417_SZi_01_RAY,"[""IMG_7b1e718057af2ab3"", ""IMG_c061217b1f39deb1"", ""IMG_990f8c2142246d90"", ""IMG_6dc8f895e31c5f95"", ""IMG_c776ffb7f924ded1""]","[""1_4.0"", ""1_4.0"", ""loose_unknown"", ""1_1.0"", ""loose_unknown""]","[0.22938331961631775, 0.21981516480445862, 0.21758238971233368, 0.16226349771022797, 0.14829730987548828]",False,False
IMG_41a178ba11fdafae,1,loose_known,loose_unknown,01::0412_20140417_SZi_01_RAY,"[""IMG_f8958678e847cf3b"", ""IMG_57bcbc44207febf6"", ""IMG_cfd8413c8fd7adb5"", ""IMG_4e11a152cf6d0958"", ""IMG_c0cc2c67e4729a86""]","[""loose_unknown"", ""loose_unknown"", ""1_13.0"", ""1_8.0"", ""loose_unknown""]","[0.21041175723075867, 0.16899484395980835, 0.1367328017950058, 0.13436540961265564, 0.12357152998447418]",False,False
IMG_207ccd107761fc96,3,loose_known,loose_unknown,03::0144_20140417_HBi_03_RAY,"[""IMG_50a49316d3510fb4"", ""IMG_c57f9d611fd1635a"", ""IMG_102c379d7d6b4a9c"", ""IMG_fe3c6591532b3943"", ""IMG_5a1b2dae985f3055""]","[""loose_unknown"", ""3_20.0"", ""3_3.0"", ""loose_unknown"", ""3_13.0""]","[0.22874034941196442, 0.22400037944316864, 0.21253472566604614, 0.20976850390434265, 0.2040296494960785]",False,False
IMG_8faadd196775b864,3,loose_known,loose_unknown,03::0151_20140417_HBi_03_RAY,"[""IMG_c35286d04e6f978d"", ""IMG_0c67105fef9f5e61"", ""IMG_5265bd2b5f65c9e1"", ""IMG_0acba24e65b76714"", ""IMG_6093a75e3e14d5df""]","[""3_10.0"", ""3_3.0"", ""loose_unknown"", ""loose_unknown"", ""3_2.0""]","[0.2714657187461853, 0.24386797845363617, 0.24332724511623383, 0.22290734946727753, 0.22113217413425446]",False,False
IMG_c02c9fb5f50eb1e1,3,loose_known,loose_unknown,03::0152_20140417_HBi_03_RAY,"[""IMG_6093a75e3e14d5df"", ""IMG_3c1c5ee868b49ff2"", ""IMG_24134fc15ba96652"", ""IMG_fe7f2235d9b43df5"", ""IMG_366be309092a2d94""]","[""3_2.0"", ""3_3.0"", ""3_9.0"", ""3_11.0"", ""loose_unknown""]","[0.20142318308353424, 0.1902167946100235, 0.18975403904914856, 0.1864922046661377, 0.172536239027977]",False,False
IMG_4cc1fe74bc6a1575,3,loose_known,loose_unknown,03::0155_20140417_HBi_03_RAY,"[""IMG_796f42e08ecf0865"", ""IMG_c848237760038bbf"", ""IMG_9bbca884ac77ceab"", ""IMG_a5daa51e2871d9c2"", ""IMG_e8712998581bd0cf""]","[""3_23.0"", ""3_3.0"", ""loose_unknown"", ""3_8.0"", ""loose_unknown""]","[0.3093872666358948, 0.2171846628189087, 0.2140495479106903, 0.2103317826986313, 0.16087572276592255]",False,False
IMG_0f12d56ebcc2107b,3,loose_known,loose_unknown,03::0156_20140417_HBi_03_RAY,"[""IMG_aea7be43cb32a273"", ""IMG_eaf2a14e7dfe9158"", ""IMG_326e857a9f63d423"", ""IMG_8037c1a834d995e4"", ""IMG_1cd9988f9d499955""]","[""loose_unknown"", ""3_11.0"", ""loose_unknown"", ""3_21.0"", ""3_10.0""]","[0.2812185287475586, 0.2511708736419678, 0.2497972995042801, 0.24853314459323883, 0.21971343457698822]",False,False
IMG_806fb06d734b4823,3,loose_known,loose_unknown,03::0158_20140417_HBi_03_RAY,"[""IMG_ba4f15b50f74beff"", ""IMG_a8685481c997462e"", ""IMG_b741dc5a87e88d17"", ""IMG_c434e01f74dd933b"", ""IMG_aade277476cfab5c""]","[""3_16.0"", ""loose_unknown"", ""3_3.0"", ""loose_unknown"", ""3_3.0""]","[0.2326357662677765, 0.23089206218719482, 0.2073664367198944, 0.20595991611480713, 0.18664470314979553]",False,False
IMG_1160f398baf49321,3,loose_known,loose_unknown,03::0159_20140417_HBi_03_RAY,"[""IMG_d5d328f6161545bb"", ""IMG_7d1f7067d4ffb6cd"", ""IMG_2a50cbaa54e91001"", ""IMG_c57f9d611fd1635a"", ""IMG_831009435c1b2124""]","[""loose_unknown"", ""loose_unknown"", ""loose_unknown"", ""3_20.0"", ""3_3.0""]","[0.20574477314949036, 0.1931186020374298, 0.19018077850341797, 0.18483185768127441, 0.17979690432548523]",False,False
IMG_a4684869a3412760,3,loose_known,loose_unknown,03::0159_20140417_HBi_03_RAY,"[""IMG_0af90806d6f2e62a"", ""IMG_09c470048aa5a620"", ""IMG_1aa8ecf722a1755f"", ""IMG_3be4c95c39822645"", ""IMG_c3eab7f40d20dd73""]","[""loose_unknown"", ""3_6.0"", ""3_4.0"", ""3_7.0"", ""3_11.0""]","[0.32302021980285645, 0.24989928305149078, 0.2399010956287384, 0.22923028469085693, 0.21541693806648254]",False,False
IMG_627cf8ecd6785b30,3,loose_known,loose_unknown,03::0160_20140417_HBi_03_RAY,"[""IMG_88989ec7c9b90745"", ""IMG_375c9ea76abde23f"", ""IMG_8c765d8f21354fc1"", ""IMG_03e73978c624c9c0"", ""IMG_756e6442e70bbb4f""]","[""3_18.0"", ""loose_unknown"", ""loose_unknown"", ""loose_unknown"", ""3_1.0""]","[0.21481390297412872, 0.21416454017162323, 0.20506572723388672, 0.19773873686790466, 0.18874576687812805]",False,False
IMG_f9a533849e644f01,3,loose_known,loose_unknown,03::0162_20140417_HBi_03_RAY,"[""IMG_154da4f02db54fae"", ""IMG_f4b55c978d9b27ad"", ""IMG_326e857a9f63d423"", ""IMG_3cb038df98b0f641"", ""IMG_114077120d0a2d98""]","[""3_10.0"", ""3_7.0"", ""loose_unknown"", ""loose_unknown"", ""3_2.0""]","[0.20299918949604034, 0.2014179825782776, 0.19788086414337158, 0.19343970715999603, 0.19322024285793304]",False,False
IMG_2bef303a38b11c41,3,loose_known,loose_unknown,03::0163_20140417_HBi_03_RAY,"[""IMG_4106e536034ce468"", ""IMG_ba4f15b50f74beff"", ""IMG_ba7d767c8541a6b6"", ""IMG_d4d2e5164afe3e9f"", ""IMG_a2576526ef3d66cc""]","[""3_5.0"", ""3_16.0"", ""loose_unknown"", ""loose_unknown"", ""3_13.0""]","[0.24849313497543335, 0.23244382441043854, 0.23235319554805756, 0.22937625646591187, 0.22820092737674713]",False,False
IMG_d4d2e5164afe3e9f,3,loose_known,loose_unknown,03::0169_20140417_HBi_03_RAY,"[""IMG_b71f1eec8303c5b0"", ""IMG_2bef303a38b11c41"", ""IMG_ea11e68134e91dfe"", ""IMG_5a7986cc85811e59"", ""IMG_d71fa1d9962a816c""]","[""loose_unknown"", ""loose_unknown"", ""3_4.0"", ""loose_unknown"", ""3_20.0""]","[0.2338816374540329, 0.22937625646591187, 0.18654020130634308, 0.17581482231616974, 0.17269940674304962]",False,False
IMG_c45f134a64d72abe,3,loose_known,loose_unknown,03::0174_20140417_HBi_03_RAY,"[""IMG_eee72fbb9ed6c898"", ""IMG_b741dc5a87e88d17"", ""IMG_c434e01f74dd933b"", ""IMG_a709803aa29ba81a"", ""IMG_e9581439a4d2c0fb""]","[""loose_unknown"", ""3_3.0"", ""loose_unknown"", ""3_1.0"", ""3_10.0""]","[0.22210708260536194, 0.20899078249931335, 0.18467620015144348, 0.16924290359020233, 0.16899894177913666]",False,False
IMG_fa162abe2a270429,3,loose_known,loose_unknown,03::0177_20140417_HBi_03_RAY,"[""IMG_3bce13f24905ae1f"", ""IMG_a606bdc025c9a6f7"", ""IMG_964068199e5d37ad"", ""IMG_d5cd8fda05dc114c"", ""IMG_760b2dc71546a7a2""]","[""3_6.0"", ""3_27.0"", ""loose_unknown"", ""3_3.0"", ""loose_unknown""]","[0.2681209146976471, 0.2297203689813614, 0.222181499004364, 0.2159487009048462, 0.21323905885219574]",False,False
IMG_9766b82ae35cb8be,3,loose_known,loose_unknown,03::0179_20140417_HBi_03_RAY,"[""IMG_bd13d0f9777f0e45"", ""IMG_74aa811586e07cff"", ""IMG_dda0725ed8e5c4be"", ""IMG_b7b0c19504308357"", ""IMG_7d1f7067d4ffb6cd""]","[""loose_unknown"", ""3_10.0"", ""3_9.0"", ""loose_unknown"", ""loose_unknown""]","[0.23018290102481842, 0.22598958015441895, 0.2202766239643097, 0.19540990889072418, 0.18986162543296814]",False,False
IMG_aea7be43cb32a273,3,loose_known,loose_unknown,03::0185_20140417_HBi_03_RAY,"[""IMG_0f12d56ebcc2107b"", ""IMG_3cb038df98b0f641"", ""IMG_24134fc15ba96652"", ""IMG_8ffb951b1d77d552"", ""IMG_8037c1a834d995e4""]","[""loose_unknown"", ""loose_unknown"", ""3_9.0"", ""loose_unknown"", ""3_21.0""]","[0.2812185287475586, 0.24205338954925537, 0.23522479832172394, 0.21944594383239746, 0.2166389375925064]",False,False
IMG_ca663f2fd6a41811,3,loose_known,loose_unknown,03::0186_20140417_HBi_03_RAY,"[""IMG_ba43326507a4120a"", ""IMG_5a7986cc85811e59"", ""IMG_23eee2d344e472b9"", ""IMG_4f8fbfca3e35b3c0"", ""IMG_69360ff6f2281562""]","[""3_11.0"", ""loose_unknown"", ""3_14.0"", ""loose_unknown"", ""loose_unknown""]","[0.28330692648887634, 0.2395976185798645, 0.2289934903383255, 0.210089772939682, 0.2094394713640213]",False,False
IMG_b53e2fe8b19d8f38,3,loose_known,loose_unknown,03::0188_20140417_HBi_03_RAY,"[""IMG_a997a5f157a51805"", ""IMG_65f909fa289786fa"", ""IMG_be100e1748f17ad1"", ""IMG_d9d5189844371896"", ""IMG_4b86dee50375da53""]","[""3_6.0"", ""3_10.0"", ""3_10.0"", ""3_3.0"", ""3_10.0""]","[0.2711264193058014, 0.21478888392448425, 0.20078568160533905, 0.19304309785366058, 0.1881771981716156]",False,False
IMG_c240767737d4be90,3,loose_known,loose_unknown,03::0191_20140417_HBi_03_RAY,"[""IMG_59e35a6728f49f9b"", ""IMG_43f6242b9c65ab2d"", ""IMG_fe3c6591532b3943"", ""IMG_6093a75e3e14d5df"", ""IMG_a4684869a3412760""]","[""3_3.0"", ""3_16.0"", ""loose_unknown"", ""3_2.0"", ""loose_unknown""]","[0.2051188349723816, 0.20286260545253754, 0.20273292064666748, 0.20094187557697296, 0.19332939386367798]",False,False
IMG_910a155d379ca407,3,loose_known,loose_unknown,03::0203_20140417_HBi_03_RAY,"[""IMG_1d5206db18203ba7"", ""IMG_00aa346b5755c014"", ""IMG_03193f6c99f32e8b"", ""IMG_14e79d03c1704745"", ""IMG_a709803aa29ba81a""]","[""3_19.0"", ""loose_unknown"", ""3_2.0"", ""3_19.0"", ""3_1.0""]","[0.18845604360103607, 0.18218368291854858, 0.15674631297588348, 0.15640433132648468, 0.1549111157655716]",False,False
IMG_be395e652b8051c5,3,loose_known,loose_unknown,03::0211_20140417_HBi_03_RAY,"[""IMG_c57f9d611fd1635a"", ""IMG_4856b607af778a83"", ""IMG_d29ed2e78c8f6d25"", ""IMG_627cf8ecd6785b30"", ""IMG_f47da1491476fc17""]","[""3_20.0"", ""3_3.0"", ""3_5.0"", ""loose_unknown"", ""loose_unknown""]","[0.19629476964473724, 0.19594191014766693, 0.19362960755825043, 0.18840289115905762, 0.17695918679237366]",False,False
IMG_8e89b52d7cac553e,3,loose_known,loose_unknown,03::0212_20140417_HBi_03_RAY,"[""IMG_33cbcc15b479c201"", ""IMG_4c5297393cb9b46e"", ""IMG_043fc8d5cb71ffc0"", ""IMG_0e03c96e3860a20c"", ""IMG_7221598f1ce69371""]","[""3_3.0"", ""loose_unknown"", ""3_7.0"", ""3_3.0"", ""3_10.0""]","[0.22752146422863007, 0.20346902310848236, 0.20257191359996796, 0.1838480681180954, 0.18126226961612701]",False,False
IMG_9822084164dc40fc,3,loose_known,loose_unknown,03::0213_20140417_HBi_03_RAY,"[""IMG_335800c884833eed"", ""IMG_caa030f10c6db656"", ""IMG_4c5297393cb9b46e"", ""IMG_6d8299b306221213"", ""IMG_11d906242e84663a""]","[""3_10.0"", ""3_11.0"", ""loose_unknown"", ""loose_unknown"", ""loose_unknown""]","[0.26031190156936646, 0.22442978620529175, 0.22295477986335754, 0.19349680840969086, 0.18023324012756348]",False,False
IMG_5aa752038253fa2c,3,loose_known,loose_unknown,03::0220_20140417_HBi_03_RAY,"[""IMG_1636755f70f7c2a6"", ""IMG_ba7e202b5fdb2bd3"", ""IMG_3fff93b7a18937ff"", ""IMG_ef20db1b31be70e2"", ""IMG_b4918b6dda4fbd89""]","[""3_9.0"", ""loose_unknown"", ""3_10.0"", ""loose_unknown"", ""3_3.0""]","[0.2298191487789154, 0.21093730628490448, 0.19551913440227509, 0.19114753603935242, 0.17871782183647156]",False,False
IMG_69360ff6f2281562,3,loose_known,loose_unknown,03::0221_20140417_HBi_03_RAY,"[""IMG_23eee2d344e472b9"", ""IMG_cc44fcf398307c07"", ""IMG_2b06f0167eb7b587"", ""IMG_b4918b6dda4fbd89"", ""IMG_ca663f2fd6a41811""]","[""3_14.0"", ""loose_unknown"", ""3_21.0"", ""3_3.0"", ""loose_unknown""]","[0.25894895195961, 0.22222094237804413, 0.2196841835975647, 0.21202778816223145, 0.2094394713640213]",False,False
IMG_e8712998581bd0cf,3,loose_known,loose_unknown,03::0243_20140417_HBi_03_RAY,"[""IMG_c3eab7f40d20dd73"", ""IMG_c57f9d611fd1635a"", ""IMG_0acba24e65b76714"", ""IMG_964068199e5d37ad"", ""IMG_43f6242b9c65ab2d""]","[""3_11.0"", ""3_20.0"", ""loose_unknown"", ""loose_unknown"", ""3_16.0""]","[0.29616981744766235, 0.267444908618927, 0.23757031559944153, 0.23734921216964722, 0.23535902798175812]",False,False
IMG_4ccde233fd9bf8c6,3,loose_known,loose_unknown,03::0249_20140417_HBi_03_RAY,"[""IMG_ddd70b9780e4c7de"", ""IMG_2b06f0167eb7b587"", ""IMG_7d0657b4c24b8e7f"", ""IMG_b7b0c19504308357"", ""IMG_8d7da689165e661f""]","[""3_15.0"", ""3_21.0"", ""loose_unknown"", ""loose_unknown"", ""loose_unknown""]","[0.22308550775051117, 0.2049880474805832, 0.2020491659641266, 0.19493214786052704, 0.18871784210205078]",False,False
IMG_bc78053f20c916b6,3,loose_known,loose_unknown,03::0276_20140417_HBi_03_RAY,"[""IMG_a3430090c4ce7a3b"", ""IMG_e1bac6b4486a6ebe"", ""IMG_326e857a9f63d423"", ""IMG_c434e01f74dd933b"", ""IMG_89d30e56a805160a""]","[""3_2.0"", ""3_30.0"", ""loose_unknown"", ""loose_unknown"", ""loose_unknown""]","[0.2894268333911896, 0.2205696851015091, 0.21775515377521515, 0.20881223678588867, 0.1983620822429657]",False,False
IMG_5f0ae7a6ba448eb8,3,loose_known,loose_unknown,03::0277_20140417_HBi_03_RAY,"[""IMG_c618e7d7b46b8bc1"", ""IMG_aade277476cfab5c"", ""IMG_8579e0f92fd66f9d"", ""IMG_75a91ebdbf34de16"", ""IMG_032ccb6e95a73bb8""]","[""loose_unknown"", ""3_3.0"", ""3_14.0"", ""loose_unknown"", ""loose_unknown""]","[0.25180187821388245, 0.2258969247341156, 0.20532585680484772, 0.19923368096351624, 0.19218647480010986]",False,False
IMG_0af90806d6f2e62a,3,loose_known,loose_unknown,03::0283_20140417_HBi_03_RAY,"[""IMG_a4684869a3412760"", ""IMG_17bf32b84cce5414"", ""IMG_f0aadae87002129f"", ""IMG_b741dc5a87e88d17"", ""IMG_c3eab7f40d20dd73""]","[""loose_unknown"", ""loose_unknown"", ""loose_unknown"", ""3_3.0"", ""3_11.0""]","[0.32302021980285645, 0.28816378116607666, 0.2103162705898285, 0.2062712013721466, 0.20499509572982788]",False,False
IMG_89d30e56a805160a,3,loose_known,loose_unknown,03::0284_20140417_HBi_03_RAY,"[""IMG_2b06f0167eb7b587"", ""IMG_948dfb19bc559799"", ""IMG_1636755f70f7c2a6"", ""IMG_bc78053f20c916b6"", ""IMG_3a486e292583f5fd""]","[""3_21.0"", ""loose_unknown"", ""3_9.0"", ""loose_unknown"", ""3_8.0""]","[0.2536731958389282, 0.21881788969039917, 0.203420028090477, 0.1983620822429657, 0.19736091792583466]",False,False
IMG_4b92e3b48f37b7b1,3,loose_known,loose_unknown,03::0292_20140417_HBi_03_RAY,"[""IMG_11d906242e84663a"", ""IMG_74aa811586e07cff"", ""IMG_2b06f0167eb7b587"", ""IMG_3078c1d833e87643"", ""IMG_9ba2ea29ecbbafd6""]","[""loose_unknown"", ""3_10.0"", ""3_21.0"", ""loose_unknown"", ""loose_unknown""]","[0.2582368552684784, 0.19862475991249084, 0.18455074727535248, 0.1772870421409607, 0.17281794548034668]",False,False
IMG_948dfb19bc559799,3,loose_known,loose_unknown,03::0293_20140417_HBi_03_RAY,"[""IMG_47e393aa821fedbd"", ""IMG_b71f1eec8303c5b0"", ""IMG_89d30e56a805160a"", ""IMG_8ceb68df4b59d29e"", ""IMG_1c67b02ae9b59108""]","[""3_9.0"", ""loose_unknown"", ""loose_unknown"", ""3_6.0"", ""3_3.0""]","[0.2516777813434601, 0.23666608333587646, 0.21881788969039917, 0.20261721312999725, 0.20259369909763336]",False,False
IMG_713398946d263cce,3,loose_known,loose_unknown,03::0295_20140417_HBi_03_RAY,"[""IMG_7d0657b4c24b8e7f"", ""IMG_2d5a71d4a5613a7a"", ""IMG_f914119441e6fbfc"", ""IMG_97c531019a7ad5ae"", ""IMG_cc44fcf398307c07""]","[""loose_unknown"", ""3_2.0"", ""3_2.0"", ""3_20.0"", ""loose_unknown""]","[0.3286271393299103, 0.2652042508125305, 0.22074733674526215, 0.19114789366722107, 0.1851360946893692]",False,False
IMG_760b2dc71546a7a2,3,loose_known,loose_unknown,03::0296_20140417_HBi_03_RAY,"[""IMG_caa030f10c6db656"", ""IMG_59e35a6728f49f9b"", ""IMG_fa162abe2a270429"", ""IMG_2ec9b729c3047f30"", ""IMG_326e857a9f63d423""]","[""3_11.0"", ""3_3.0"", ""loose_unknown"", ""3_2.0"", ""loose_unknown""]","[0.2504518926143646, 0.21997123956680298, 0.21323905885219574, 0.21263141930103302, 0.17506052553653717]",False,False
IMG_e6671b596115ec8a,3,loose_known,loose_unknown,03::0331_20140417_HBi_03_RAY,"[""IMG_03193f6c99f32e8b"", ""IMG_831009435c1b2124"", ""IMG_e8712998581bd0cf"", ""IMG_7221598f1ce69371"", ""IMG_8e3a299e2759fd8a""]","[""3_2.0"", ""3_3.0"", ""loose_unknown"", ""3_10.0"", ""3_31.0""]","[0.24264326691627502, 0.2043461948633194, 0.19863025844097137, 0.1938808113336563, 0.1901722252368927]",False,False
IMG_1b775dad20a3f7e2,3,loose_known,loose_unknown,03::0341_20140417_HBi_03_RAY,"[""IMG_512b6c1cb132c6f7"", ""IMG_114077120d0a2d98"", ""IMG_278543fb4222163a"", ""IMG_1aa8ecf722a1755f"", ""IMG_db9875e2b237edd3""]","[""loose_unknown"", ""3_2.0"", ""loose_unknown"", ""3_4.0"", ""3_16.0""]","[0.23001447319984436, 0.2005663812160492, 0.1981838196516037, 0.19728074967861176, 0.19675596058368683]",False,False
IMG_53580f113f00f8bd,3,loose_known,loose_unknown,03::0342_20140417_HBi_03_RAY,"[""IMG_f9a706f8b0be993b"", ""IMG_b47a7d1dba914893"", ""IMG_be100e1748f17ad1"", ""IMG_85a1df455dd25f66"", ""IMG_2408579bd0486bf4""]","[""loose_unknown"", ""3_3.0"", ""3_10.0"", ""3_3.0"", ""3_4.0""]","[0.2858792841434479, 0.20824585855007172, 0.1979270726442337, 0.184435173869133, 0.18328633904457092]",False,False
IMG_d04b4442a491b9ed,3,loose_known,loose_unknown,03::0352_20140417_HBi_03_RAY,"[""IMG_71ac9ba43841298a"", ""IMG_aade277476cfab5c"", ""IMG_bc4453d9ee311912"", ""IMG_b00cc602f340f203"", ""IMG_1b5b525951012d97""]","[""loose_unknown"", ""3_3.0"", ""3_26.0"", ""3_10.0"", ""3_6.0""]","[0.26664024591445923, 0.25429096817970276, 0.22446534037590027, 0.21240007877349854, 0.20257030427455902]",False,False
IMG_0e0c8034ed2c12e5,3,loose_known,loose_unknown,03::0359_20140417_HBi_03_RAY,"[""IMG_9935b9839e10b78b"", ""IMG_f47da1491476fc17"", ""IMG_d29ed2e78c8f6d25"", ""IMG_6093a75e3e14d5df"", ""IMG_790d6b70d4e962ab""]","[""3_2.0"", ""loose_unknown"", ""3_5.0"", ""3_2.0"", ""loose_unknown""]","[0.2164279967546463, 0.20759445428848267, 0.19922855496406555, 0.1930176466703415, 0.18849116563796997]",False,False
IMG_a3108119a515030c,3,loose_known,loose_unknown,03::0365_20140417_HBi_03_RAY,"[""IMG_8faadd196775b864"", ""IMG_fd391b80928842b0"", ""IMG_3cdfe6a03943bfc3"", ""IMG_b47a7d1dba914893"", ""IMG_03d24306c61e22a9""]","[""loose_unknown"", ""3_10.0"", ""loose_unknown"", ""3_3.0"", ""3_6.0""]","[0.20525740087032318, 0.1983945369720459, 0.1940019577741623, 0.18784216046333313, 0.18345053493976593]",False,False
IMG_050b175826b179f8,3,loose_known,loose_unknown,03::0366_20140417_HBi_03_RAY,"[""IMG_1c67b02ae9b59108"", ""IMG_8b18934c9a541949"", ""IMG_93581bef499b37df"", ""IMG_3c1c5ee868b49ff2"", ""IMG_f4392a818dc22818""]","[""3_3.0"", ""3_5.0"", ""3_2.0"", ""3_3.0"", ""loose_unknown""]","[0.2722223699092865, 0.24510525166988373, 0.24085326492786407, 0.2263515740633011, 0.21220102906227112]",False,False
IMG_e6d3dd7c25f54bd6,3,loose_known,loose_unknown,03::0367_20140417_HBi_03_RAY,"[""IMG_ba7e202b5fdb2bd3"", ""IMG_ef20db1b31be70e2"", ""IMG_207ccd107761fc96"", ""IMG_964068199e5d37ad"", ""IMG_c35286d04e6f978d""]","[""loose_unknown"", ""loose_unknown"", ""loose_unknown"", ""loose_unknown"", ""3_10.0""]","[0.2201138734817505, 0.17650295794010162, 0.1725013107061386, 0.17184700071811676, 0.1701539307832718]",False,False
IMG_e07b9e0f3be5db8c,3,loose_known,loose_unknown,03::0381_20140417_HBi_03_RAY,"[""IMG_03e73978c624c9c0"", ""IMG_5f3a567c4118166f"", ""IMG_db9875e2b237edd3"", ""IMG_90448cd333a0b216"", ""IMG_74efeaeae7e7c49b""]","[""loose_unknown"", ""loose_unknown"", ""3_16.0"", ""3_3.0"", ""loose_unknown""]","[0.2642000913619995, 0.26195815205574036, 0.21168099343776703, 0.17881260812282562, 0.16823624074459076]",False,False
IMG_f0aadae87002129f,3,loose_known,loose_unknown,03::0384_20140417_HBi_03_RAY,"[""IMG_88b2524128e782f3"", ""IMG_9bbca884ac77ceab"", ""IMG_0af90806d6f2e62a"", ""IMG_f4392a818dc22818"", ""IMG_5a1b2dae985f3055""]","[""loose_unknown"", ""loose_unknown"", ""loose_unknown"", ""loose_unknown"", ""3_13.0""]","[0.3010719418525696, 0.23248763382434845, 0.2103162705898285, 0.19786061346530914, 0.19353029131889343]",False,False
IMG_9d8607824cfd0f6e,3,loose_known,loose_unknown,03::0385_20140417_HBi_03_RAY,"[""IMG_984b708f54a07f44"", ""IMG_2615c5de94cf0ab6"", ""IMG_5a7986cc85811e59"", ""IMG_a606bdc025c9a6f7"", ""IMG_5ded501d0f5b1c92""]","[""loose_unknown"", ""3_2.0"", ""loose_unknown"", ""3_27.0"", ""3_18.0""]","[0.24388918280601501, 0.22937914729118347, 0.22347475588321686, 0.1934654265642166, 0.17793801426887512]",False,False
IMG_3078c1d833e87643,3,loose_known,loose_unknown,03::0391_20140417_HBi_03_RAY,"[""IMG_f2f062b428b6acde"", ""IMG_88989ec7c9b90745"", ""IMG_4bf2e3d773f7e7d7"", ""IMG_4b92e3b48f37b7b1"", ""IMG_d5cd8fda05dc114c""]","[""3_10.0"", ""3_18.0"", ""loose_unknown"", ""loose_unknown"", ""3_3.0""]","[0.23280028998851776, 0.18210923671722412, 0.17867210507392883, 0.1772870421409607, 0.17581814527511597]",False,False
IMG_e18a64c50844387e,3,loose_known,loose_unknown,03::0392_20140417_HBi_03_RAY,"[""IMG_fd391b80928842b0"", ""IMG_90448cd333a0b216"", ""IMG_e5dfb7042f13cb9c"", ""IMG_aea7be43cb32a273"", ""IMG_20004a5ff9493615""]","[""3_10.0"", ""3_3.0"", ""loose_unknown"", ""loose_unknown"", ""3_6.0""]","[0.23930414021015167, 0.209587961435318, 0.1979273110628128, 0.19088904559612274, 0.1804398149251938]",False,False
IMG_964068199e5d37ad,3,loose_known,loose_unknown,03::0393_20140417_HBi_03_RAY,"[""IMG_4f8fbfca3e35b3c0"", ""IMG_e8712998581bd0cf"", ""IMG_8ffb951b1d77d552"", ""IMG_fa162abe2a270429"", ""IMG_2ec9b729c3047f30""]","[""loose_unknown"", ""loose_unknown"", ""loose_unknown"", ""loose_unknown"", ""3_2.0""]","[0.25908464193344116, 0.23734921216964722, 0.22896087169647217, 0.222181499004364, 0.21489045023918152]",False,False
IMG_4e307cf95c6ec646,3,loose_known,loose_unknown,03::0395_20140417_HBi_03_RAY,"[""IMG_21849abd415a990c"", ""IMG_c6d0865e3cdbacc3"", ""IMG_f0e20029fd5e8703"", ""IMG_c74253565f677089"", ""IMG_bec26851aca3f97d""]","[""3_21.0"", ""3_6.0"", ""3_14.0"", ""loose_unknown"", ""3_5.0""]","[0.2615366280078888, 0.2509675920009613, 0.2310415804386139, 0.227032870054245, 0.21100564301013947]",False,False
IMG_f9a706f8b0be993b,3,loose_known,loose_unknown,03::0396_20140417_HBi_03_RAY,"[""IMG_53580f113f00f8bd"", ""IMG_5265bd2b5f65c9e1"", ""IMG_8b9236cb98f368af"", ""IMG_c35286d04e6f978d"", ""IMG_d5cd8fda05dc114c""]","[""loose_unknown"", ""loose_unknown"", ""3_10.0"", ""3_10.0"", ""3_3.0""]","[0.2858792841434479, 0.2559339106082916, 0.20517966151237488, 0.20252662897109985, 0.1910361647605896]",False,False
IMG_4f8fbfca3e35b3c0,3,loose_known,loose_unknown,03::0399_20140417_HBi_03_RAY,"[""IMG_964068199e5d37ad"", ""IMG_b00cc602f340f203"", ""IMG_ca663f2fd6a41811"", ""IMG_2d5a71d4a5613a7a"", ""IMG_1c67b02ae9b59108""]","[""loose_unknown"", ""3_10.0"", ""loose_unknown"", ""3_2.0"", ""3_3.0""]","[0.25908464193344116, 0.2382841259241104, 0.210089772939682, 0.20011313259601593, 0.19621244072914124]",False,False
IMG_8ffb951b1d77d552,3,loose_known,loose_unknown,03::0408_20140417_HBi_03_RAY,"[""IMG_8b18934c9a541949"", ""IMG_fd391b80928842b0"", ""IMG_964068199e5d37ad"", ""IMG_aea7be43cb32a273"", ""IMG_b741dc5a87e88d17""]","[""3_5.0"", ""3_10.0"", ""loose_unknown"", ""loose_unknown"", ""3_3.0""]","[0.2717333436012268, 0.2293134331703186, 0.22896087169647217, 0.21944594383239746, 0.21750688552856445]",False,False
IMG_984b708f54a07f44,3,loose_known,loose_unknown,03::0410_20140417_HBi_03_RAY,"[""IMG_9d8607824cfd0f6e"", ""IMG_5fc2f2b7ba500dab"", ""IMG_41a15bee1ec02acd"", ""IMG_45a14ce1592796c1"", ""IMG_a36e59b7f779d2e7""]","[""loose_unknown"", ""3_3.0"", ""3_11.0"", ""loose_unknown"", ""loose_unknown""]","[0.24388918280601501, 0.21833182871341705, 0.2070024609565735, 0.20580913126468658, 0.18978488445281982]",False,False
IMG_375c9ea76abde23f,3,loose_known,loose_unknown,03::0411_20140417_HBi_03_RAY,"[""IMG_043fc8d5cb71ffc0"", ""IMG_0f0cd0e7c57181b2"", ""IMG_627cf8ecd6785b30"", ""IMG_cd0fe3ea292e90bb"", ""IMG_03e73978c624c9c0""]","[""3_7.0"", ""3_10.0"", ""loose_unknown"", ""loose_unknown"", ""loose_unknown""]","[0.23215116560459137, 0.22462435066699982, 0.21416454017162323, 0.18780162930488586, 0.18282265961170197]",False,False
IMG_67af1c759b2d5fe4,3,loose_known,loose_unknown,03::0413_20140417_HBi_03_RAY,"[""IMG_ef20db1b31be70e2"", ""IMG_e5dfb7042f13cb9c"", ""IMG_780c10bd52e16033"", ""IMG_a606bdc025c9a6f7"", ""IMG_99009147cfeb752a""]","[""loose_unknown"", ""loose_unknown"", ""loose_unknown"", ""3_27.0"", ""loose_unknown""]","[0.2601737678050995, 0.2482990324497223, 0.22827041149139404, 0.2177324891090393, 0.2005438655614853]",False,False
IMG_d5ab8a6b9f46e4c7,3,loose_known,loose_unknown,03::0417_20140417_HBi_03_RAY,"[""IMG_8c428ce6615f99f9"", ""IMG_97c531019a7ad5ae"", ""IMG_0e03c96e3860a20c"", ""IMG_8faadd196775b864"", ""IMG_17bf32b84cce5414""]","[""3_4.0"", ""3_20.0"", ""3_3.0"", ""loose_unknown"", ""loose_unknown""]","[0.261367529630661, 0.24816101789474487, 0.21751902997493744, 0.20892871916294098, 0.1905292123556137]",False,False
IMG_a726acf419f4d07e,3,loose_known,loose_unknown,03::0425_20140417_HBi_03_RAY,"[""IMG_0c67105fef9f5e61"", ""IMG_82a50ed5faf285df"", ""IMG_7d0657b4c24b8e7f"", ""IMG_4f8fbfca3e35b3c0"", ""IMG_c35286d04e6f978d""]","[""3_3.0"", ""3_3.0"", ""loose_unknown"", ""loose_unknown"", ""3_10.0""]","[0.23725712299346924, 0.21292966604232788, 0.18765467405319214, 0.175806924700737, 0.17481011152267456]",False,False
IMG_9583df4eed89d9a8,3,loose_known,loose_unknown,03::0426_20140417_HBi_03_RAY,"[""IMG_3a486e292583f5fd"", ""IMG_5171549ee9022d18"", ""IMG_e9581439a4d2c0fb"", ""IMG_45a14ce1592796c1"", ""IMG_bc4453d9ee311912""]","[""3_8.0"", ""3_2.0"", ""3_10.0"", ""loose_unknown"", ""3_26.0""]","[0.2068634331226349, 0.1852613091468811, 0.17895418405532837, 0.17568960785865784, 0.17439334094524384]",False,False
IMG_c74253565f677089,3,loose_known,loose_unknown,03::0427_20140417_HBi_03_RAY,"[""IMG_339d3c59aa65dfd3"", ""IMG_4e307cf95c6ec646"", ""IMG_91b6f41442da18f4"", ""IMG_b2b237a36b5aaa76"", ""IMG_e8712998581bd0cf""]","[""3_7.0"", ""loose_unknown"", ""3_9.0"", ""loose_unknown"", ""loose_unknown""]","[0.25244051218032837, 0.227032870054245, 0.21226473152637482, 0.21021321415901184, 0.2008337825536728]",False,False
IMG_9bbca884ac77ceab,3,loose_known,loose_unknown,03::0428_20140417_HBi_03_RAY,"[""IMG_09c470048aa5a620"", ""IMG_f0aadae87002129f"", ""IMG_3cdfe6a03943bfc3"", ""IMG_077018732a20157b"", ""IMG_4cc1fe74bc6a1575""]","[""3_6.0"", ""loose_unknown"", ""loose_unknown"", ""3_5.0"", ""loose_unknown""]","[0.2432643324136734, 0.23248763382434845, 0.22243717312812805, 0.21979254484176636, 0.2140495479106903]",False,False
IMG_3cdfe6a03943bfc3,3,loose_known,loose_unknown,03::0429_20140417_HBi_03_RAY,"[""IMG_9bbca884ac77ceab"", ""IMG_11d906242e84663a"", ""IMG_a3108119a515030c"", ""IMG_22c1d1571bf40f38"", ""IMG_43f6242b9c65ab2d""]","[""loose_unknown"", ""loose_unknown"", ""loose_unknown"", ""3_3.0"", ""3_16.0""]","[0.22243717312812805, 0.21200509369373322, 0.1940019577741623, 0.18544328212738037, 0.18055953085422516]",False,False
IMG_032ccb6e95a73bb8,3,loose_known,loose_unknown,03::0442_20140417_HBi_03_RAY,"[""IMG_2408579bd0486bf4"", ""IMG_e8712998581bd0cf"", ""IMG_5f3a567c4118166f"", ""IMG_5f0ae7a6ba448eb8"", ""IMG_dd178000d5df56dc""]","[""3_4.0"", ""loose_unknown"", ""loose_unknown"", ""loose_unknown"", ""3_2.0""]","[0.2987939119338989, 0.21526338160037994, 0.19623908400535583, 0.19218647480010986, 0.18616244196891785]",False,False
IMG_fa3ee48298ba49b2,3,loose_known,loose_unknown,03::0444_20140417_HBi_03_RAY,"[""IMG_00aa346b5755c014"", ""IMG_fa230d075481bb76"", ""IMG_d29ed2e78c8f6d25"", ""IMG_7221598f1ce69371"", ""IMG_e6671b596115ec8a""]","[""loose_unknown"", ""3_23.0"", ""3_5.0"", ""3_10.0"", ""loose_unknown""]","[0.2091766893863678, 0.2042253315448761, 0.19957907497882843, 0.18230310082435608, 0.17446674406528473]",False,False
IMG_780c10bd52e16033,3,loose_known,loose_unknown,03::0458_20140417_HBi_03_RAY,"[""IMG_2aa181adffd78ec4"", ""IMG_67af1c759b2d5fe4"", ""IMG_9ba2ea29ecbbafd6"", ""IMG_bc78053f20c916b6"", ""IMG_326e857a9f63d423""]","[""loose_unknown"", ""loose_unknown"", ""loose_unknown"", ""loose_unknown"", ""loose_unknown""]","[0.24565280973911285, 0.22827041149139404, 0.19588664174079895, 0.19508031010627747, 0.18267323076725006]",False,False
IMG_b71f1eec8303c5b0,3,loose_known,loose_unknown,03::0459_20140417_HBi_03_RAY,"[""IMG_1b5b525951012d97"", ""IMG_948dfb19bc559799"", ""IMG_d4d2e5164afe3e9f"", ""IMG_8d7da689165e661f"", ""IMG_ca663f2fd6a41811""]","[""3_6.0"", ""loose_unknown"", ""loose_unknown"", ""loose_unknown"", ""loose_unknown""]","[0.2378416657447815, 0.23666608333587646, 0.2338816374540329, 0.1976148933172226, 0.1963876634836197]",False,False
IMG_88b2524128e782f3,3,loose_known,loose_unknown,03::0460_20140417_HBi_03_RAY,"[""IMG_f0aadae87002129f"", ""IMG_a36e59b7f779d2e7"", ""IMG_a2576526ef3d66cc"", ""IMG_39f79aba2723784d"", ""IMG_fd391b80928842b0""]","[""loose_unknown"", ""loose_unknown"", ""3_13.0"", ""3_5.0"", ""3_10.0""]","[0.3010719418525696, 0.21622098982334137, 0.20309852063655853, 0.18899005651474, 0.18170619010925293]",False,False
IMG_42687578eaf87f45,3,loose_known,loose_unknown,03::0461_20140417_HBi_03_RAY,"[""IMG_fe7f2235d9b43df5"", ""IMG_c434e01f74dd933b"", ""IMG_a2990977479dc3b5"", ""IMG_ba7e202b5fdb2bd3"", ""IMG_7d0657b4c24b8e7f""]","[""3_11.0"", ""loose_unknown"", ""3_4.0"", ""loose_unknown"", ""loose_unknown""]","[0.24241916835308075, 0.22804133594036102, 0.22180874645709991, 0.19347044825553894, 0.18635740876197815]",False,False
IMG_8d7da689165e661f,3,loose_known,loose_unknown,03::0472_20140417_HBi_03_RAY,"[""IMG_2ec9b729c3047f30"", ""IMG_24134fc15ba96652"", ""IMG_d5d328f6161545bb"", ""IMG_5d56b11d4080a9ab"", ""IMG_b71f1eec8303c5b0""]","[""3_2.0"", ""3_9.0"", ""loose_unknown"", ""loose_unknown"", ""loose_unknown""]","[0.2576545178890228, 0.24668999016284943, 0.21440623700618744, 0.2069525420665741, 0.1976148933172226]",False,False
IMG_326e857a9f63d423,3,loose_known,loose_unknown,03::0473_20140417_HBi_03_RAY,"[""IMG_814ea15230cf77ff"", ""IMG_0f12d56ebcc2107b"", ""IMG_1636755f70f7c2a6"", ""IMG_5a1b2dae985f3055"", ""IMG_bc78053f20c916b6""]","[""3_10.0"", ""loose_unknown"", ""3_9.0"", ""3_13.0"", ""loose_unknown""]","[0.2808602452278137, 0.2497972995042801, 0.23146528005599976, 0.22349078953266144, 0.21775515377521515]",False,False
IMG_22c1b352d725028d,3,loose_known,loose_unknown,03::0475_20140417_HBi_03_RAY,"[""IMG_9b537b5cd55adc7e"", ""IMG_3c1c5ee868b49ff2"", ""IMG_e1bac6b4486a6ebe"", ""IMG_6093a75e3e14d5df"", ""IMG_3962a1dc6c4292b4""]","[""loose_unknown"", ""3_3.0"", ""3_30.0"", ""3_2.0"", ""3_4.0""]","[0.25535181164741516, 0.23050910234451294, 0.2060737907886505, 0.19766715168952942, 0.19147515296936035]",False,False
IMG_579f1084359889d1,3,loose_known,loose_unknown,03::0479_20140417_HBi_03_RAY,"[""IMG_4856b607af778a83"", ""IMG_2a50cbaa54e91001"", ""IMG_ea11e68134e91dfe"", ""IMG_eb1dc97cf3a61160"", ""IMG_339d3c59aa65dfd3""]","[""3_3.0"", ""loose_unknown"", ""3_4.0"", ""3_12.0"", ""3_7.0""]","[0.22733446955680847, 0.22235220670700073, 0.21178960800170898, 0.20980204641819, 0.20540344715118408]",False,False
IMG_9ba2ea29ecbbafd6,3,loose_known,loose_unknown,03::0495_20140417_HBi_03_RAY,"[""IMG_1cd9988f9d499955"", ""IMG_780c10bd52e16033"", ""IMG_a8685481c997462e"", ""IMG_5aa752038253fa2c"", ""IMG_4b92e3b48f37b7b1""]","[""3_10.0"", ""loose_unknown"", ""loose_unknown"", ""loose_unknown"", ""loose_unknown""]","[0.20915472507476807, 0.19588664174079895, 0.1952003538608551, 0.1782774031162262, 0.17281794548034668]",False,False
IMG_6d0bbc16533ee1a8,3,loose_known,loose_unknown,03::0500_20140417_HBi_03_RAY,"[""IMG_2aa181adffd78ec4"", ""IMG_2a50cbaa54e91001"", ""IMG_f914119441e6fbfc"", ""IMG_f4b55c978d9b27ad"", ""IMG_4856b607af778a83""]","[""loose_unknown"", ""loose_unknown"", ""3_2.0"", ""3_7.0"", ""3_3.0""]","[0.3251493275165558, 0.25186067819595337, 0.2123100608587265, 0.21100649237632751, 0.19935600459575653]",False,False
IMG_1644e173c86a5aea,3,loose_known,loose_unknown,03::0501_20140417_HBi_03_RAY,"[""IMG_11d906242e84663a"", ""IMG_a9a6feb7d1d4e069"", ""IMG_8d7da689165e661f"", ""IMG_d5d328f6161545bb"", ""IMG_3cdfe6a03943bfc3""]","[""loose_unknown"", ""3_7.0"", ""loose_unknown"", ""loose_unknown"", ""loose_unknown""]","[0.18838118016719818, 0.18353839218616486, 0.1772543042898178, 0.17543821036815643, 0.1586940735578537]",False,False
IMG_8e5474ca58c9c9de,3,loose_known,loose_unknown,03::0507_20140417_HBi_03_RAY,"[""IMG_71ac9ba43841298a"", ""IMG_6d8299b306221213"", ""IMG_1f30db96d135e053"", ""IMG_046691b634c118f9"", ""IMG_959dea87d88a6be9""]","[""loose_unknown"", ""loose_unknown"", ""loose_unknown"", ""loose_unknown"", ""3_2.0""]","[0.2305913120508194, 0.19268593192100525, 0.19016599655151367, 0.18886111676692963, 0.1792260706424713]",False,False
IMG_eee72fbb9ed6c898,3,loose_known,loose_unknown,03::0508_20140417_HBi_03_RAY,"[""IMG_a39ffc7a36dcd46a"", ""IMG_c434e01f74dd933b"", ""IMG_c45f134a64d72abe"", ""IMG_c29f5acfed2d0518"", ""IMG_3d7bf72908e59499""]","[""loose_unknown"", ""loose_unknown"", ""loose_unknown"", ""loose_unknown"", ""3_3.0""]","[0.27660664916038513, 0.24072588980197906, 0.22210708260536194, 0.21177791059017181, 0.1848096251487732]",False,False
IMG_d5d328f6161545bb,3,loose_known,loose_unknown,03::0513_20140417_HBi_03_RAY,"[""IMG_39f79aba2723784d"", ""IMG_8d7da689165e661f"", ""IMG_5001302b0ed35221"", ""IMG_1160f398baf49321"", ""IMG_579f1084359889d1""]","[""3_5.0"", ""loose_unknown"", ""3_9.0"", ""loose_unknown"", ""loose_unknown""]","[0.21711350977420807, 0.21440623700618744, 0.21407794952392578, 0.20574477314949036, 0.18664197623729706]",False,False
IMG_00aa346b5755c014,3,loose_known,loose_unknown,03::0514_20140417_HBi_03_RAY,"[""IMG_2aa181adffd78ec4"", ""IMG_3181ffe87aa13433"", ""IMG_fa3ee48298ba49b2"", ""IMG_7221598f1ce69371"", ""IMG_910a155d379ca407""]","[""loose_unknown"", ""3_10.0"", ""loose_unknown"", ""3_10.0"", ""loose_unknown""]","[0.23542502522468567, 0.22813713550567627, 0.2091766893863678, 0.18940648436546326, 0.18218368291854858]",False,False
IMG_50a49316d3510fb4,3,loose_known,loose_unknown,03::0520_20140417_HBi_03_RAY,"[""IMG_207ccd107761fc96"", ""IMG_eb1dc97cf3a61160"", ""IMG_c6d0865e3cdbacc3"", ""IMG_d9d5189844371896"", ""IMG_a4684869a3412760""]","[""loose_unknown"", ""3_12.0"", ""3_6.0"", ""3_3.0"", ""loose_unknown""]","[0.22874034941196442, 0.21801871061325073, 0.2070848047733307, 0.20471535623073578, 0.1926490217447281]",False,False
IMG_ab9c61016fe44508,3,loose_known,loose_unknown,03::0521_20140417_HBi_03_RAY,"[""IMG_bd13d0f9777f0e45"", ""IMG_bd146b01a5ab5e14"", ""IMG_c618e7d7b46b8bc1"", ""IMG_575f3a62fc1c8a98"", ""IMG_3a486e292583f5fd""]","[""loose_unknown"", ""3_3.0"", ""loose_unknown"", ""loose_unknown"", ""3_8.0""]","[0.21732233464717865, 0.19011640548706055, 0.18950991332530975, 0.18374842405319214, 0.18153725564479828]",False,False
IMG_05a140b3898f61a7,3,loose_known,loose_unknown,03::0526_20140417_HBi_03_RAY,"[""IMG_19fc4b72ac608282"", ""IMG_11d906242e84663a"", ""IMG_102c379d7d6b4a9c"", ""IMG_3446737f2326b631"", ""IMG_b6342a46f1941cbd""]","[""3_9.0"", ""loose_unknown"", ""3_3.0"", ""3_6.0"", ""3_11.0""]","[0.2851930260658264, 0.2748419940471649, 0.2529757022857666, 0.23538316786289215, 0.22614750266075134]",False,False
IMG_b508dde30f155b13,3,loose_known,loose_unknown,03::0530_20140417_HBi_03_RAY,"[""IMG_dda0725ed8e5c4be"", ""IMG_c29f5acfed2d0518"", ""IMG_65f909fa289786fa"", ""IMG_b4918b6dda4fbd89"", ""IMG_c434e01f74dd933b""]","[""3_9.0"", ""loose_unknown"", ""3_10.0"", ""3_3.0"", ""loose_unknown""]","[0.2360159456729889, 0.18545642495155334, 0.18516921997070312, 0.17605416476726532, 0.1708131730556488]",False,False
IMG_a3aac8fb69f3c4e3,3,loose_known,loose_unknown,03::0532_20140417_HBi_03_RAY,"[""IMG_33cbcc15b479c201"", ""IMG_3cda19cb77f73495"", ""IMG_3bce13f24905ae1f"", ""IMG_14e79d03c1704745"", ""IMG_4106e536034ce468""]","[""3_3.0"", ""3_16.0"", ""3_6.0"", ""3_19.0"", ""3_5.0""]","[0.2343047857284546, 0.23269304633140564, 0.21936620771884918, 0.20772218704223633, 0.19297334551811218]",False,False
IMG_5d8dd4d4c60ea701,3,loose_known,loose_unknown,03::0536_20140417_HBi_03_RAY,"[""IMG_5ce0980d29583409"", ""IMG_0543681d5ed37dc7"", ""IMG_278543fb4222163a"", ""IMG_22c1d1571bf40f38"", ""IMG_d04b4442a491b9ed""]","[""3_17.0"", ""3_7.0"", ""loose_unknown"", ""3_3.0"", ""loose_unknown""]","[0.21403734385967255, 0.21395756304264069, 0.21390880644321442, 0.2113594114780426, 0.20040170848369598]",False,False
IMG_790d6b70d4e962ab,3,loose_known,loose_unknown,03::0537_20140417_HBi_03_RAY,"[""IMG_a9a6feb7d1d4e069"", ""IMG_814ea15230cf77ff"", ""IMG_a709803aa29ba81a"", ""IMG_5f3a567c4118166f"", ""IMG_0e0c8034ed2c12e5""]","[""3_7.0"", ""3_10.0"", ""3_1.0"", ""loose_unknown"", ""loose_unknown""]","[0.24875959753990173, 0.2037307471036911, 0.2012138068675995, 0.19520452618598938, 0.18849116563796997]",False,False
IMG_11d906242e84663a,3,loose_known,loose_unknown,03::0541_20140417_HBi_03_RAY,"[""IMG_05a140b3898f61a7"", ""IMG_90448cd333a0b216"", ""IMG_4b92e3b48f37b7b1"", ""IMG_8579e0f92fd66f9d"", ""IMG_3cdfe6a03943bfc3""]","[""loose_unknown"", ""3_3.0"", ""loose_unknown"", ""3_14.0"", ""loose_unknown""]","[0.2748419940471649, 0.27360793948173523, 0.2582368552684784, 0.2131439447402954, 0.21200509369373322]",False,False
IMG_4c5297393cb9b46e,3,loose_known,loose_unknown,03::0542_20140417_HBi_03_RAY,"[""IMG_9822084164dc40fc"", ""IMG_20004a5ff9493615"", ""IMG_2408579bd0486bf4"", ""IMG_8e89b52d7cac553e"", ""IMG_302da20670764559""]","[""loose_unknown"", ""3_6.0"", ""3_4.0"", ""loose_unknown"", ""3_9.0""]","[0.22295477986335754, 0.21726040542125702, 0.2048720121383667, 0.20346902310848236, 0.19215315580368042]",False,False
IMG_f47da1491476fc17,3,loose_known,loose_unknown,03::0543_20140417_HBi_03_RAY,"[""IMG_0e0c8034ed2c12e5"", ""IMG_0c67105fef9f5e61"", ""IMG_21849abd415a990c"", ""IMG_d29ed2e78c8f6d25"", ""IMG_8faadd196775b864""]","[""loose_unknown"", ""3_3.0"", ""3_21.0"", ""3_5.0"", ""loose_unknown""]","[0.20759445428848267, 0.20327195525169373, 0.19852754473686218, 0.19774775207042694, 0.1972799301147461]",False,False
IMG_a39ffc7a36dcd46a,3,loose_known,loose_unknown,03::0554_20140417_HBi_03_RAY,"[""IMG_eee72fbb9ed6c898"", ""IMG_d3e98335dbe44b76"", ""IMG_a36e59b7f779d2e7"", ""IMG_8037c1a834d995e4"", ""IMG_e8712998581bd0cf""]","[""loose_unknown"", ""3_8.0"", ""loose_unknown"", ""3_21.0"", ""loose_unknown""]","[0.27660664916038513, 0.2509004771709442, 0.2351149320602417, 0.23028935492038727, 0.22237300872802734]",False,False
IMG_046691b634c118f9,3,loose_known,loose_unknown,03::0555_20140417_HBi_03_RAY,"[""IMG_cd0fe3ea292e90bb"", ""IMG_ba4f15b50f74beff"", ""IMG_45a14ce1592796c1"", ""IMG_67af1c759b2d5fe4"", ""IMG_8e5474ca58c9c9de""]","[""loose_unknown"", ""3_16.0"", ""loose_unknown"", ""loose_unknown"", ""loose_unknown""]","[0.2127218097448349, 0.20983022451400757, 0.20408324897289276, 0.19822664558887482, 0.18886111676692963]",False,False
IMG_fe3c6591532b3943,3,loose_known,loose_unknown,03::0556_20140417_HBi_03_RAY,"[""IMG_2615c5de94cf0ab6"", ""IMG_bec26851aca3f97d"", ""IMG_08faeb63ca8035ce"", ""IMG_207ccd107761fc96"", ""IMG_3e828dc68c7d0898""]","[""3_2.0"", ""3_5.0"", ""3_7.0"", ""loose_unknown"", ""3_5.0""]","[0.25764358043670654, 0.22989702224731445, 0.2126123607158661, 0.20976850390434265, 0.2087012231349945]",False,False
IMG_79e3f0ddf9e730f3,3,loose_known,loose_unknown,03::0560_20140417_HBi_03_RAY,"[""IMG_4106e536034ce468"", ""IMG_339d3c59aa65dfd3"", ""IMG_ada3c7714cd970b3"", ""IMG_5130cbc7ffaae275"", ""IMG_aade277476cfab5c""]","[""3_5.0"", ""3_7.0"", ""3_19.0"", ""3_5.0"", ""3_3.0""]","[0.20141947269439697, 0.1845257431268692, 0.1792633980512619, 0.17698881030082703, 0.1744738072156906]",False,False
IMG_c434e01f74dd933b,3,loose_known,loose_unknown,03::0561_20140417_HBi_03_RAY,"[""IMG_b00cc602f340f203"", ""IMG_eee72fbb9ed6c898"", ""IMG_39f79aba2723784d"", ""IMG_42687578eaf87f45"", ""IMG_c29f5acfed2d0518""]","[""3_10.0"", ""loose_unknown"", ""3_5.0"", ""loose_unknown"", ""loose_unknown""]","[0.24111641943454742, 0.24072588980197906, 0.2296413779258728, 0.22804133594036102, 0.21586617827415466]",False,False
IMG_512b6c1cb132c6f7,3,loose_known,loose_unknown,03::0562_20140417_HBi_03_RAY,"[""IMG_2b7e1f460614d568"", ""IMG_1b775dad20a3f7e2"", ""IMG_8faadd196775b864"", ""IMG_5265bd2b5f65c9e1"", ""IMG_6d0bbc16533ee1a8""]","[""3_3.0"", ""loose_unknown"", ""loose_unknown"", ""loose_unknown"", ""loose_unknown""]","[0.2553272545337677, 0.23001447319984436, 0.21634995937347412, 0.19456355273723602, 0.1894945502281189]",False,False
IMG_8c765d8f21354fc1,3,loose_known,loose_unknown,03::0569_20140417_HBi_03_RAY,"[""IMG_b2b237a36b5aaa76"", ""IMG_bd13d0f9777f0e45"", ""IMG_627cf8ecd6785b30"", ""IMG_35c3d34f6a3506e8"", ""IMG_335800c884833eed""]","[""loose_unknown"", ""loose_unknown"", ""loose_unknown"", ""3_3.0"", ""3_10.0""]","[0.2962873876094818, 0.2100519984960556, 0.20506572723388672, 0.20152059197425842, 0.20111115276813507]",False,False
IMG_c29f5acfed2d0518,3,loose_known,loose_unknown,03::0570_20140417_HBi_03_RAY,"[""IMG_93581bef499b37df"", ""IMG_5f1e9d8b2178b03d"", ""IMG_077018732a20157b"", ""IMG_c434e01f74dd933b"", ""IMG_eee72fbb9ed6c898""]","[""3_2.0"", ""3_5.0"", ""3_5.0"", ""loose_unknown"", ""loose_unknown""]","[0.27326953411102295, 0.24976882338523865, 0.21751150488853455, 0.21586617827415466, 0.21177791059017181]",False,False
IMG_4bf2e3d773f7e7d7,3,loose_known,loose_unknown,03::0571_20140417_HBi_03_RAY,"[""IMG_03e73978c624c9c0"", ""IMG_b6342a46f1941cbd"", ""IMG_90448cd333a0b216"", ""IMG_db9875e2b237edd3"", ""IMG_22c1b352d725028d""]","[""loose_unknown"", ""3_11.0"", ""3_3.0"", ""3_16.0"", ""loose_unknown""]","[0.2257245033979416, 0.19493430852890015, 0.19352544844150543, 0.1917240470647812, 0.18856674432754517]",False,False
IMG_45a14ce1592796c1,3,loose_known,loose_unknown,03::0572_20140417_HBi_03_RAY,"[""IMG_43f6242b9c65ab2d"", ""IMG_9935b9839e10b78b"", ""IMG_cd0fe3ea292e90bb"", ""IMG_984b708f54a07f44"", ""IMG_046691b634c118f9""]","[""3_16.0"", ""3_2.0"", ""loose_unknown"", ""loose_unknown"", ""loose_unknown""]","[0.23869192600250244, 0.22778576612472534, 0.21755634248256683, 0.20580913126468658, 0.20408324897289276]",False,False
IMG_2a50cbaa54e91001,3,loose_known,loose_unknown,03::0575_20140417_HBi_03_RAY,"[""IMG_4856b607af778a83"", ""IMG_6d0bbc16533ee1a8"", ""IMG_339d3c59aa65dfd3"", ""IMG_579f1084359889d1"", ""IMG_2b7e1f460614d568""]","[""3_3.0"", ""loose_unknown"", ""3_7.0"", ""loose_unknown"", ""3_3.0""]","[0.2534201741218567, 0.25186067819595337, 0.24202494323253632, 0.22235220670700073, 0.21746492385864258]",False,False
IMG_3cb038df98b0f641,3,loose_known,loose_unknown,03::0576_20140417_HBi_03_RAY,"[""IMG_aea7be43cb32a273"", ""IMG_899eab175cf11e80"", ""IMG_dda0725ed8e5c4be"", ""IMG_9e4ae5463339b33d"", ""IMG_f9a533849e644f01""]","[""loose_unknown"", ""3_2.0"", ""3_9.0"", ""3_9.0"", ""loose_unknown""]","[0.24205338954925537, 0.2174377143383026, 0.2112250179052353, 0.20559972524642944, 0.19343970715999603]",False,False
IMG_99009147cfeb752a,3,loose_known,loose_unknown,03::0598_20140417_HBi_03_RAY,"[""IMG_5d56b11d4080a9ab"", ""IMG_67af1c759b2d5fe4"", ""IMG_a606bdc025c9a6f7"", ""IMG_b7b0c19504308357"", ""IMG_3078c1d833e87643""]","[""loose_unknown"", ""loose_unknown"", ""3_27.0"", ""loose_unknown"", ""loose_unknown""]","[0.2469329833984375, 0.2005438655614853, 0.18732985854148865, 0.1866931915283203, 0.1718282699584961]",False,False
IMG_6d8299b306221213,3,loose_known,loose_unknown,03::0602_20140417_HBi_03_RAY,"[""IMG_3ba45ee470395152"", ""IMG_9822084164dc40fc"", ""IMG_5f1e9d8b2178b03d"", ""IMG_8e5474ca58c9c9de"", ""IMG_7d1f7067d4ffb6cd""]","[""3_27.0"", ""loose_unknown"", ""3_5.0"", ""loose_unknown"", ""loose_unknown""]","[0.21643859148025513, 0.19349680840969086, 0.1928756982088089, 0.19268593192100525, 0.19232472777366638]",False,False
IMG_ba7d767c8541a6b6,3,loose_known,loose_unknown,03::0612_20140417_HBi_03_RAY,"[""IMG_e5dfb7042f13cb9c"", ""IMG_2bef303a38b11c41"", ""IMG_043fc8d5cb71ffc0"", ""IMG_0af90806d6f2e62a"", ""IMG_cd0fe3ea292e90bb""]","[""loose_unknown"", ""loose_unknown"", ""3_7.0"", ""loose_unknown"", ""loose_unknown""]","[0.25180935859680176, 0.23235319554805756, 0.21777063608169556, 0.1992063671350479, 0.19012853503227234]",False,False
IMG_8f03aa5a4d15d1be,3,loose_known,loose_unknown,03::0621_20140417_HBi_03_RAY,"[""IMG_f860520b4e320df2"", ""IMG_fe7f2235d9b43df5"", ""IMG_97c531019a7ad5ae"", ""IMG_9d97ff2c1edcb509"", ""IMG_756e6442e70bbb4f""]","[""loose_unknown"", ""3_11.0"", ""3_20.0"", ""loose_unknown"", ""3_1.0""]","[0.2334968000650406, 0.20932042598724365, 0.1989445984363556, 0.19246457517147064, 0.1918558031320572]",False,False
IMG_366be309092a2d94,3,loose_known,loose_unknown,03::0622_20140417_HBi_03_RAY,"[""IMG_d0c72404d1934277"", ""IMG_250269a43b645325"", ""IMG_8faadd196775b864"", ""IMG_06e10ac1fb86886b"", ""IMG_2ec9b729c3047f30""]","[""loose_unknown"", ""3_11.0"", ""loose_unknown"", ""loose_unknown"", ""3_2.0""]","[0.20079822838306427, 0.20060399174690247, 0.18845731019973755, 0.18579383194446564, 0.17836101353168488]",False,False
IMG_5a7986cc85811e59,3,loose_known,loose_unknown,03::0623_20140417_HBi_03_RAY,"[""IMG_ca663f2fd6a41811"", ""IMG_65dd7a3c58c2618e"", ""IMG_9d8607824cfd0f6e"", ""IMG_5171549ee9022d18"", ""IMG_a2990977479dc3b5""]","[""loose_unknown"", ""loose_unknown"", ""loose_unknown"", ""3_2.0"", ""3_4.0""]","[0.2395976185798645, 0.2254430204629898, 0.22347475588321686, 0.2100602090358734, 0.1926267445087433]",False,False
IMG_1f30db96d135e053,3,loose_known,loose_unknown,03::0624_20140417_HBi_03_RAY,"[""IMG_03193f6c99f32e8b"", ""IMG_4346881113cb7134"", ""IMG_8e5474ca58c9c9de"", ""IMG_0acba24e65b76714"", ""IMG_2408579bd0486bf4""]","[""3_2.0"", ""3_5.0"", ""loose_unknown"", ""loose_unknown"", ""3_4.0""]","[0.2336685061454773, 0.19784271717071533, 0.19016599655151367, 0.19000649452209473, 0.18769407272338867]",False,False
IMG_17bf32b84cce5414,3,loose_known,loose_unknown,03::0627_20140417_HBi_03_RAY,"[""IMG_0af90806d6f2e62a"", ""IMG_fc68eb5adc45dcb9"", ""IMG_9bbca884ac77ceab"", ""IMG_bec26851aca3f97d"", ""IMG_b47a7d1dba914893""]","[""loose_unknown"", ""3_10.0"", ""loose_unknown"", ""3_5.0"", ""3_3.0""]","[0.28816378116607666, 0.23128661513328552, 0.20471148192882538, 0.19868960976600647, 0.19215409457683563]",False,False
IMG_ba7e202b5fdb2bd3,3,loose_known,loose_unknown,03::0629_20140417_HBi_03_RAY,"[""IMG_e6d3dd7c25f54bd6"", ""IMG_5aa752038253fa2c"", ""IMG_c3eab7f40d20dd73"", ""IMG_42687578eaf87f45"", ""IMG_a39ffc7a36dcd46a""]","[""loose_unknown"", ""loose_unknown"", ""3_11.0"", ""loose_unknown"", ""loose_unknown""]","[0.2201138734817505, 0.21093730628490448, 0.20183077454566956, 0.19347044825553894, 0.18138326704502106]",False,False
IMG_ff68675e55952cba,3,loose_known,loose_unknown,03::0630_20140417_HBi_03_RAY,"[""IMG_3cda19cb77f73495"", ""IMG_d9d5189844371896"", ""IMG_335800c884833eed"", ""IMG_3bce13f24905ae1f"", ""IMG_5171549ee9022d18""]","[""3_16.0"", ""3_3.0"", ""3_10.0"", ""3_6.0"", ""3_2.0""]","[0.26213186979293823, 0.23958632349967957, 0.23399126529693604, 0.2010314017534256, 0.19335392117500305]",False,False
IMG_71ac9ba43841298a,3,loose_known,loose_unknown,03::0648_20140417_HBi_03_RAY,"[""IMG_d04b4442a491b9ed"", ""IMG_8e5474ca58c9c9de"", ""IMG_d75db0a0fe0a29d2"", ""IMG_c35286d04e6f978d"", ""IMG_9e4ae5463339b33d""]","[""loose_unknown"", ""loose_unknown"", ""3_9.0"", ""3_10.0"", ""3_9.0""]","[0.26664024591445923, 0.2305913120508194, 0.22406825423240662, 0.22245235741138458, 0.20863205194473267]",False,False
IMG_d0c72404d1934277,3,loose_known,loose_unknown,03::0651_20140417_HBi_03_RAY,"[""IMG_f914119441e6fbfc"", ""IMG_22c1d1571bf40f38"", ""IMG_366be309092a2d94"", ""IMG_03e73978c624c9c0"", ""IMG_d04b4442a491b9ed""]","[""3_2.0"", ""3_3.0"", ""loose_unknown"", ""loose_unknown"", ""loose_unknown""]","[0.25003781914711, 0.20568035542964935, 0.20079822838306427, 0.1986543834209442, 0.1855267882347107]",False,False
IMG_7d0657b4c24b8e7f,3,loose_known,loose_unknown,03::0654_20140417_HBi_03_RAY,"[""IMG_713398946d263cce"", ""IMG_34d871e8dadbe89a"", ""IMG_06e10ac1fb86886b"", ""IMG_4ccde233fd9bf8c6"", ""IMG_7221598f1ce69371""]","[""loose_unknown"", ""3_28.0"", ""loose_unknown"", ""loose_unknown"", ""3_10.0""]","[0.3286271393299103, 0.22285300493240356, 0.218659445643425, 0.2020491659641266, 0.19969376921653748]",False,False
IMG_7d1f7067d4ffb6cd,3,loose_known,loose_unknown,03::0656_20140417_HBi_03_RAY,"[""IMG_a5daa51e2871d9c2"", ""IMG_74aa811586e07cff"", ""IMG_0acba24e65b76714"", ""IMG_34d871e8dadbe89a"", ""IMG_335800c884833eed""]","[""3_8.0"", ""3_10.0"", ""loose_unknown"", ""3_28.0"", ""3_10.0""]","[0.280117928981781, 0.2639395296573639, 0.2549533545970917, 0.24679067730903625, 0.2029838263988495]",False,False
IMG_575f3a62fc1c8a98,3,loose_known,loose_unknown,03::0704_20140417_HBi_03_RAY,"[""IMG_756e6442e70bbb4f"", ""IMG_3c1c5ee868b49ff2"", ""IMG_ab9c61016fe44508"", ""IMG_c618e7d7b46b8bc1"", ""IMG_28e2fb05225554f4""]","[""3_1.0"", ""3_3.0"", ""loose_unknown"", ""loose_unknown"", ""loose_unknown""]","[0.32885923981666565, 0.18386931717395782, 0.18374842405319214, 0.18152013421058655, 0.1806090772151947]",False,False
IMG_164cbf93c80a224e,3,loose_known,loose_unknown,03::0706_20140417_HBi_03_RAY,"[""IMG_ed8f4661bbbe6d5c"", ""IMG_ada3c7714cd970b3"", ""IMG_97c531019a7ad5ae"", ""IMG_046691b634c118f9"", ""IMG_eaf2a14e7dfe9158""]","[""3_3.0"", ""3_19.0"", ""3_20.0"", ""loose_unknown"", ""3_11.0""]","[0.22766894102096558, 0.22557510435581207, 0.20943312346935272, 0.17662332952022552, 0.16978879272937775]",False,False
IMG_f860520b4e320df2,3,loose_known,loose_unknown,03::0709_20140417_HBi_03_RAY,"[""IMG_8f03aa5a4d15d1be"", ""IMG_05a140b3898f61a7"", ""IMG_5a1b2dae985f3055"", ""IMG_5001302b0ed35221"", ""IMG_93581bef499b37df""]","[""loose_unknown"", ""loose_unknown"", ""3_13.0"", ""3_9.0"", ""3_2.0""]","[0.2334968000650406, 0.21153563261032104, 0.21032054722309113, 0.2013450413942337, 0.19278880953788757]",False,False
IMG_75a91ebdbf34de16,3,loose_known,loose_unknown,03::0710_20140417_HBi_03_RAY,"[""IMG_5171549ee9022d18"", ""IMG_5fc2f2b7ba500dab"", ""IMG_5f0ae7a6ba448eb8"", ""IMG_c618e7d7b46b8bc1"", ""IMG_b4918b6dda4fbd89""]","[""3_2.0"", ""3_3.0"", ""loose_unknown"", ""loose_unknown"", ""3_3.0""]","[0.2173292487859726, 0.2126103639602661, 0.19923368096351624, 0.19367927312850952, 0.1894228756427765]",False,False
IMG_b2b237a36b5aaa76,3,loose_known,loose_unknown,03::0721_20140417_HBi_03_RAY,"[""IMG_74aa811586e07cff"", ""IMG_8c765d8f21354fc1"", ""IMG_0e03c96e3860a20c"", ""IMG_0acba24e65b76714"", ""IMG_c74253565f677089""]","[""3_10.0"", ""loose_unknown"", ""3_3.0"", ""loose_unknown"", ""loose_unknown""]","[0.30901646614074707, 0.2962873876094818, 0.2773743271827698, 0.21524323523044586, 0.21021321415901184]",False,False
IMG_cc44fcf398307c07,3,loose_known,loose_unknown,03::0729_20140417_HBi_03_RAY,"[""IMG_69360ff6f2281562"", ""IMG_08faeb63ca8035ce"", ""IMG_5ce0980d29583409"", ""IMG_0477741c24dab835"", ""IMG_713398946d263cce""]","[""loose_unknown"", ""3_7.0"", ""3_17.0"", ""3_31.0"", ""loose_unknown""]","[0.22222094237804413, 0.1971331536769867, 0.1927667260169983, 0.18816177546977997, 0.1851360946893692]",False,False
IMG_03e73978c624c9c0,3,loose_known,loose_unknown,03::0763_20140417_HBi_03_RAY,"[""IMG_e07b9e0f3be5db8c"", ""IMG_4bf2e3d773f7e7d7"", ""IMG_0acba24e65b76714"", ""IMG_278543fb4222163a"", ""IMG_d0c72404d1934277""]","[""loose_unknown"", ""loose_unknown"", ""loose_unknown"", ""loose_unknown"", ""loose_unknown""]","[0.2642000913619995, 0.2257245033979416, 0.21545696258544922, 0.20234672725200653, 0.1986543834209442]",False,False
IMG_06e10ac1fb86886b,3,loose_known,loose_unknown,03::0764_20140417_HBi_03_RAY,"[""IMG_7d0657b4c24b8e7f"", ""IMG_1636755f70f7c2a6"", ""IMG_335800c884833eed"", ""IMG_326e857a9f63d423"", ""IMG_250269a43b645325""]","[""loose_unknown"", ""3_9.0"", ""3_10.0"", ""loose_unknown"", ""3_11.0""]","[0.218659445643425, 0.21369877457618713, 0.20595325529575348, 0.20128774642944336, 0.19537436962127686]",False,False
IMG_cd0fe3ea292e90bb,3,loose_known,loose_unknown,03::0767_20140417_HBi_03_RAY,"[""IMG_e6c01595ce3ac10f"", ""IMG_45a14ce1592796c1"", ""IMG_046691b634c118f9"", ""IMG_93581bef499b37df"", ""IMG_5130cbc7ffaae275""]","[""3_2.0"", ""loose_unknown"", ""loose_unknown"", ""3_2.0"", ""3_5.0""]","[0.2228066623210907, 0.21755634248256683, 0.2127218097448349, 0.19910623133182526, 0.193969264626503]",False,False
IMG_5f3a567c4118166f,3,loose_known,loose_unknown,03::0768_20140417_HBi_03_RAY,"[""IMG_3446737f2326b631"", ""IMG_a606bdc025c9a6f7"", ""IMG_db9875e2b237edd3"", ""IMG_e07b9e0f3be5db8c"", ""IMG_9d97ff2c1edcb509""]","[""3_6.0"", ""3_27.0"", ""3_16.0"", ""loose_unknown"", ""loose_unknown""]","[0.2877092957496643, 0.2800126075744629, 0.26599231362342834, 0.26195815205574036, 0.21441742777824402]",False,False
IMG_5d56b11d4080a9ab,3,loose_known,loose_unknown,03::0769_20140417_HBi_03_RAY,"[""IMG_99009147cfeb752a"", ""IMG_85a1df455dd25f66"", ""IMG_8d7da689165e661f"", ""IMG_74aa811586e07cff"", ""IMG_8579e0f92fd66f9d""]","[""loose_unknown"", ""3_3.0"", ""loose_unknown"", ""3_10.0"", ""3_14.0""]","[0.2469329833984375, 0.23419426381587982, 0.2069525420665741, 0.1969219595193863, 0.19682349264621735]",False,False
IMG_5265bd2b5f65c9e1,3,loose_known,loose_unknown,03::0774_20140417_HBi_03_RAY,"[""IMG_f9a706f8b0be993b"", ""IMG_8faadd196775b864"", ""IMG_5f1db9c269b003a0"", ""IMG_23eee2d344e472b9"", ""IMG_512b6c1cb132c6f7""]","[""loose_unknown"", ""loose_unknown"", ""3_7.0"", ""3_14.0"", ""loose_unknown""]","[0.2559339106082916, 0.24332724511623383, 0.21267417073249817, 0.20638884603977203, 0.19456355273723602]",False,False
IMG_f4392a818dc22818,3,loose_known,loose_unknown,03::0797_20140417_HBi_03_RAY,"[""IMG_050b175826b179f8"", ""IMG_be100e1748f17ad1"", ""IMG_d5cd8fda05dc114c"", ""IMG_69360ff6f2281562"", ""IMG_f0aadae87002129f""]","[""loose_unknown"", ""3_10.0"", ""3_3.0"", ""loose_unknown"", ""loose_unknown""]","[0.21220102906227112, 0.20546749234199524, 0.20483887195587158, 0.19811177253723145, 0.19786061346530914]",False,False
IMG_0acba24e65b76714,3,loose_known,loose_unknown,03::0799_20140417_HBi_03_RAY,"[""IMG_7d1f7067d4ffb6cd"", ""IMG_e8712998581bd0cf"", ""IMG_8faadd196775b864"", ""IMG_1d5206db18203ba7"", ""IMG_03e73978c624c9c0""]","[""loose_unknown"", ""loose_unknown"", ""loose_unknown"", ""3_19.0"", ""loose_unknown""]","[0.2549533545970917, 0.23757031559944153, 0.22290734946727753, 0.2166595607995987, 0.21545696258544922]",False,False
IMG_b7b0c19504308357,3,loose_known,loose_unknown,03::0809_20140417_HBi_03_RAY,"[""IMG_8e3a299e2759fd8a"", ""IMG_eaf2a14e7dfe9158"", ""IMG_9766b82ae35cb8be"", ""IMG_4ccde233fd9bf8c6"", ""IMG_3a486e292583f5fd""]","[""3_31.0"", ""3_11.0"", ""loose_unknown"", ""loose_unknown"", ""3_8.0""]","[0.27232852578163147, 0.23442360758781433, 0.19540990889072418, 0.19493214786052704, 0.1896243393421173]",False,False
IMG_28e2fb05225554f4,3,loose_known,loose_unknown,03::0810_20140417_HBi_03_RAY,"[""IMG_ed8f4661bbbe6d5c"", ""IMG_bd146b01a5ab5e14"", ""IMG_5f1db9c269b003a0"", ""IMG_575f3a62fc1c8a98"", ""IMG_5d8dd4d4c60ea701""]","[""3_3.0"", ""3_3.0"", ""3_7.0"", ""loose_unknown"", ""loose_unknown""]","[0.2592516541481018, 0.19918709993362427, 0.1961999386548996, 0.1806090772151947, 0.17934517562389374]",False,False
IMG_ef20db1b31be70e2,3,loose_known,loose_unknown,03::0812_20140417_HBi_03_RAY,"[""IMG_24134fc15ba96652"", ""IMG_67af1c759b2d5fe4"", ""IMG_4856b607af778a83"", ""IMG_d9d5189844371896"", ""IMG_b825df862b6e289f""]","[""3_9.0"", ""loose_unknown"", ""3_3.0"", ""3_3.0"", ""3_9.0""]","[0.34375253319740295, 0.2601737678050995, 0.23573781549930573, 0.2309638112783432, 0.20812653005123138]",False,False
IMG_e5dfb7042f13cb9c,3,loose_known,loose_unknown,03::0816_20140417_HBi_03_RAY,"[""IMG_ba7d767c8541a6b6"", ""IMG_67af1c759b2d5fe4"", ""IMG_e18a64c50844387e"", ""IMG_ef20db1b31be70e2"", ""IMG_9e047d15e1fd2ddb""]","[""loose_unknown"", ""loose_unknown"", ""loose_unknown"", ""loose_unknown"", ""3_2.0""]","[0.25180935859680176, 0.2482990324497223, 0.1979273110628128, 0.1938738375902176, 0.1889515221118927]",False,False
IMG_2aa181adffd78ec4,3,loose_known,loose_unknown,03::0822_20140417_HBi_03_RAY,"[""IMG_6d0bbc16533ee1a8"", ""IMG_5fc2f2b7ba500dab"", ""IMG_780c10bd52e16033"", ""IMG_00aa346b5755c014"", ""IMG_b00cc602f340f203""]","[""loose_unknown"", ""3_3.0"", ""loose_unknown"", ""loose_unknown"", ""3_10.0""]","[0.3251493275165558, 0.2614937126636505, 0.24565280973911285, 0.23542502522468567, 0.21245428919792175]",False,False
IMG_a36e59b7f779d2e7,3,loose_known,loose_unknown,03::0823_20140417_HBi_03_RAY,"[""IMG_a39ffc7a36dcd46a"", ""IMG_88b2524128e782f3"", ""IMG_f0e20029fd5e8703"", ""IMG_41a15bee1ec02acd"", ""IMG_984b708f54a07f44""]","[""loose_unknown"", ""loose_unknown"", ""3_14.0"", ""3_11.0"", ""loose_unknown""]","[0.2351149320602417, 0.21622098982334137, 0.20303066074848175, 0.1902676522731781, 0.18978488445281982]",False,False
IMG_65dd7a3c58c2618e,3,loose_known,loose_unknown,03::0835_20140417_HBi_03_RAY,"[""IMG_5a7986cc85811e59"", ""IMG_35c3d34f6a3506e8"", ""IMG_a997a5f157a51805"", ""IMG_2408579bd0486bf4"", ""IMG_1636755f70f7c2a6""]","[""loose_unknown"", ""3_3.0"", ""3_6.0"", ""3_4.0"", ""3_9.0""]","[0.2254430204629898, 0.21202020347118378, 0.19980785250663757, 0.19393907487392426, 0.19232246279716492]",False,False
IMG_1d78b6b04d5c0d1c,3,loose_known,loose_unknown,03::0836_20140417_HBi_03_RAY,"[""IMG_2b7e1f460614d568"", ""IMG_2bef303a38b11c41"", ""IMG_0f0cd0e7c57181b2"", ""IMG_a8685481c997462e"", ""IMG_56c52fd2b2f396b8""]","[""3_3.0"", ""loose_unknown"", ""3_10.0"", ""loose_unknown"", ""3_20.0""]","[0.22103087604045868, 0.21087123453617096, 0.19314391911029816, 0.1885949671268463, 0.18645723164081573]",False,False
IMG_75f5008797014e7d,3,loose_known,loose_unknown,03::0851_20140417_HBi_03_RAY,"[""IMG_5f0ae7a6ba448eb8"", ""IMG_5001302b0ed35221"", ""IMG_14e79d03c1704745"", ""IMG_8579e0f92fd66f9d"", ""IMG_9d97ff2c1edcb509""]","[""loose_unknown"", ""3_9.0"", ""3_19.0"", ""3_14.0"", ""loose_unknown""]","[0.19173398613929749, 0.1857365220785141, 0.185245081782341, 0.1820397526025772, 0.1727854460477829]",False,False
IMG_1d7566f01065e9b6,3,loose_known,loose_unknown,03::0852_20140417_HBi_03_RAY,"[""IMG_1f30db96d135e053"", ""IMG_b00cc602f340f203"", ""IMG_b6342a46f1941cbd"", ""IMG_6093a75e3e14d5df"", ""IMG_154da4f02db54fae""]","[""loose_unknown"", ""3_10.0"", ""3_11.0"", ""3_2.0"", ""3_10.0""]","[0.18712225556373596, 0.17903205752372742, 0.17272743582725525, 0.17197765409946442, 0.16827872395515442]",False,False
IMG_bd13d0f9777f0e45,3,loose_known,loose_unknown,03::0853_20140417_HBi_03_RAY,"[""IMG_9766b82ae35cb8be"", ""IMG_5130cbc7ffaae275"", ""IMG_ab9c61016fe44508"", ""IMG_8c765d8f21354fc1"", ""IMG_4f8fbfca3e35b3c0""]","[""loose_unknown"", ""3_5.0"", ""loose_unknown"", ""loose_unknown"", ""loose_unknown""]","[0.23018290102481842, 0.22176867723464966, 0.21732233464717865, 0.2100519984960556, 0.19569849967956543]",False,False
IMG_9d97ff2c1edcb509,3,loose_known,loose_unknown,03::0888_20140417_HBi_03_RAY,"[""IMG_bd146b01a5ab5e14"", ""IMG_5f3a567c4118166f"", ""IMG_fe7f2235d9b43df5"", ""IMG_2aa181adffd78ec4"", ""IMG_20004a5ff9493615""]","[""3_3.0"", ""loose_unknown"", ""3_11.0"", ""loose_unknown"", ""3_6.0""]","[0.2304474115371704, 0.21441742777824402, 0.20434874296188354, 0.19811108708381653, 0.19736476242542267]",False,False
IMG_90362c6bc9e02171,3,loose_known,loose_unknown,03::0889_20140417_HBi_03_RAY,"[""IMG_5f1e9d8b2178b03d"", ""IMG_f0aadae87002129f"", ""IMG_caa030f10c6db656"", ""IMG_03193f6c99f32e8b"", ""IMG_bd13d0f9777f0e45""]","[""3_5.0"", ""loose_unknown"", ""3_11.0"", ""3_2.0"", ""loose_unknown""]","[0.24668949842453003, 0.1797705441713333, 0.1785697042942047, 0.17581012845039368, 0.17255543172359467]",False,False
IMG_a8685481c997462e,3,loose_known,loose_unknown,03::0892_20140417_HBi_03_RAY,"[""IMG_aade277476cfab5c"", ""IMG_806fb06d734b4823"", ""IMG_5ded501d0f5b1c92"", ""IMG_5ce0980d29583409"", ""IMG_74aa811586e07cff""]","[""3_3.0"", ""loose_unknown"", ""3_18.0"", ""3_17.0"", ""3_10.0""]","[0.316642701625824, 0.23089206218719482, 0.22908316552639008, 0.2216724157333374, 0.21745426952838898]",False,False
IMG_278543fb4222163a,3,loose_known,loose_unknown,03::0893_20140417_HBi_03_RAY,"[""IMG_a606bdc025c9a6f7"", ""IMG_339d3c59aa65dfd3"", ""IMG_5d8dd4d4c60ea701"", ""IMG_03e73978c624c9c0"", ""IMG_1b775dad20a3f7e2""]","[""3_27.0"", ""3_7.0"", ""loose_unknown"", ""loose_unknown"", ""loose_unknown""]","[0.23922251164913177, 0.216121107339859, 0.21390880644321442, 0.20234672725200653, 0.1981838196516037]",False,False
IMG_74efeaeae7e7c49b,3,loose_known,loose_unknown,03::0894_20140417_HBi_03_RAY,"[""IMG_90abd8938b874a0c"", ""IMG_0477741c24dab835"", ""IMG_5ded501d0f5b1c92"", ""IMG_3962a1dc6c4292b4"", ""IMG_91b6f41442da18f4""]","[""3_7.0"", ""3_31.0"", ""3_18.0"", ""3_4.0"", ""3_9.0""]","[0.23875688016414642, 0.20047590136528015, 0.17593427002429962, 0.1722826063632965, 0.1708938330411911]",False,False
IMG_4581f25a8e3462b0,3,loose_known,loose_unknown,03::0899_20140417_HBi_03_RAY,"[""IMG_d9d5189844371896"", ""IMG_22c1d1571bf40f38"", ""IMG_90abd8938b874a0c"", ""IMG_91b6f41442da18f4"", ""IMG_34d871e8dadbe89a""]","[""3_3.0"", ""3_3.0"", ""3_7.0"", ""3_9.0"", ""3_28.0""]","[0.21717213094234467, 0.20746655762195587, 0.2006162852048874, 0.19975022971630096, 0.1812875121831894]",False,False
IMG_9b537b5cd55adc7e,3,loose_known,loose_unknown,03::0900_20140417_HBi_03_RAY,"[""IMG_22c1b352d725028d"", ""IMG_f4b55c978d9b27ad"", ""IMG_84f7a1d69468357d"", ""IMG_eaf2a14e7dfe9158"", ""IMG_8e89b52d7cac553e""]","[""loose_unknown"", ""3_7.0"", ""3_16.0"", ""3_11.0"", ""loose_unknown""]","[0.25535181164741516, 0.2478799968957901, 0.1960669457912445, 0.17287103831768036, 0.17238862812519073]",False,False
IMG_c618e7d7b46b8bc1,3,loose_known,loose_unknown,03::0901_20140417_HBi_03_RAY,"[""IMG_5f0ae7a6ba448eb8"", ""IMG_03d24306c61e22a9"", ""IMG_75a91ebdbf34de16"", ""IMG_ab9c61016fe44508"", ""IMG_575f3a62fc1c8a98""]","[""loose_unknown"", ""3_6.0"", ""loose_unknown"", ""loose_unknown"", ""loose_unknown""]","[0.25180187821388245, 0.20061969757080078, 0.19367927312850952, 0.18950991332530975, 0.18152013421058655]",False,False
