query_image_id,query_identity,query_split,rank,cand_image_id,cand_identity,score,hit
9600ad79499696.jpg,happywhale__19fbb960f07d,train,1,28db3f0858dafc.jpg,happywhale__48936da899c3,0.12716983258724213,0
9600ad79499696.jpg,happywhale__19fbb960f07d,train,2,12148d7eb70a3e.jpg,happywhale__07a477b6a091,0.11655163764953613,0
9600ad79499696.jpg,happywhale__19fbb960f07d,train,3,561647dbb4750a.jpg,happywhale__8fd41ec0db01,0.11448681354522705,0
9600ad79499696.jpg,happywhale__19fbb960f07d,train,4,5362f5ffcf119c.jpg,happywhale__51c1774c4f6e,0.11127502471208572,0
9600ad79499696.jpg,happywhale__19fbb960f07d,train,5,615b9ee0797a62.jpg,happywhale__f3c484809ce8,0.10539087653160095,0
9600ad79499696.jpg,happywhale__19fbb960f07d,train,6,0b74b630afba1d.jpg,happywhale__0f72263cd384,0.10017698258161545,0
9600ad79499696.jpg,happywhale__19fbb960f07d,train,7,64df9431ed21c6.jpg,happywhale__1afc82b009ea,0.09875920414924622,0
9600ad79499696.jpg,happywhale__19fbb960f07d,train,8,f2a8c48d00717c.jpg,happywhale__0d73b01c5e77,0.09666731208562851,0
9600ad79499696.jpg,happywhale__19fbb960f07d,train,9,2a30c2e0071fa3.jpg,happywhale__80d72641f44d,0.09661589562892914,0
9600ad79499696.jpg,happywhale__19fbb960f07d,train,10,ff846ec4c6314e.jpg,happywhale__ca5790ec97b4,0.09543285518884659,0
de085ed935e203.jpg,happywhale__9e89f8e28807,train,1,96cef870304030.jpg,happywhale__84a261c0e5cf,0.11173549294471741,0
de085ed935e203.jpg,happywhale__9e89f8e28807,train,2,87451adda0a8b0.jpg,happywhale__f3c484809ce8,0.10965599119663239,0
de085ed935e203.jpg,happywhale__9e89f8e28807,train,3,c65ad0c7eb22e1.jpg,happywhale__e527fa08772c,0.10535434633493423,0
de085ed935e203.jpg,happywhale__9e89f8e28807,train,4,55b1538f6d359f.jpg,happywhale__208b91b1ca2b,0.10293969511985779,0
de085ed935e203.jpg,happywhale__9e89f8e28807,train,5,4dd3be4d73b23a.jpg,happywhale__7a58308da755,0.0969296544790268,0
de085ed935e203.jpg,happywhale__9e89f8e28807,train,6,f37bf6ed206850.jpg,happywhale__7362d7a01d00,0.09467439353466034,0
de085ed935e203.jpg,happywhale__9e89f8e28807,train,7,416c0eec4aa038.jpg,happywhale__4b234d0d53c1,0.08961328864097595,0
de085ed935e203.jpg,happywhale__9e89f8e28807,train,8,fee11f772350d9.jpg,happywhale__8bc942512479,0.08915428817272186,0
de085ed935e203.jpg,happywhale__9e89f8e28807,train,9,a05aad267c22b8.jpg,happywhale__bf7e1e0738f5,0.08730913698673248,0
de085ed935e203.jpg,happywhale__9e89f8e28807,train,10,522672cc4358b6.jpg,happywhale__19fbb960f07d,0.08722453564405441,0
de3ff2bbeb55de.jpg,happywhale__778419da2957,train,1,1a58dce81de5e6.jpg,happywhale__5fc809d9e819,0.10262484848499298,0
de3ff2bbeb55de.jpg,happywhale__778419da2957,train,2,e2bc30dd559b75.jpg,happywhale__812be36c2aef,0.09346591681241989,0
de3ff2bbeb55de.jpg,happywhale__778419da2957,train,3,b53d5c73706080.jpg,happywhale__be2aa86d0e5b,0.09118691086769104,0
de3ff2bbeb55de.jpg,happywhale__778419da2957,train,4,40f834fe646a30.jpg,happywhale__9a6b86f7bb3e,0.08971685916185379,0
de3ff2bbeb55de.jpg,happywhale__778419da2957,train,5,6a7992bbdc1463.jpg,happywhale__aeae6f5bf5cd,0.08785443007946014,0
de3ff2bbeb55de.jpg,happywhale__778419da2957,train,6,08d0a05f6da262.jpg,happywhale__1ac5332483ae,0.08694776892662048,0
de3ff2bbeb55de.jpg,happywhale__778419da2957,train,7,8ff84a8933671e.jpg,happywhale__8b712d2a5313,0.08200276643037796,0
de3ff2bbeb55de.jpg,happywhale__778419da2957,train,8,f63bf9fdda99a1.jpg,happywhale__02ac4e3ca497,0.081033855676651,0
de3ff2bbeb55de.jpg,happywhale__778419da2957,train,9,593e4c1d710485.jpg,happywhale__4b8534134eb8,0.08048803359270096,0
de3ff2bbeb55de.jpg,happywhale__778419da2957,train,10,651584f2b407af.jpg,happywhale__06ef73efe924,0.08003228157758713,0
f3a788d110e953.jpg,happywhale__4b234d0d53c1,train,1,f2e26d40aa2123.jpg,happywhale__18efa8d0b472,0.14561375975608826,0
f3a788d110e953.jpg,happywhale__4b234d0d53c1,train,2,64df9431ed21c6.jpg,happywhale__1afc82b009ea,0.10624778270721436,0
f3a788d110e953.jpg,happywhale__4b234d0d53c1,train,3,cf93f3887be017.jpg,happywhale__64c398234574,0.10200968384742737,0
f3a788d110e953.jpg,happywhale__4b234d0d53c1,train,4,ab04210d8db3d6.jpg,happywhale__97589576e678,0.0970272347331047,0
f3a788d110e953.jpg,happywhale__4b234d0d53c1,train,5,75587081cf2cc5.jpg,happywhale__06ef73efe924,0.0882340669631958,0
f3a788d110e953.jpg,happywhale__4b234d0d53c1,train,6,561647dbb4750a.jpg,happywhale__8fd41ec0db01,0.08784926682710648,0
f3a788d110e953.jpg,happywhale__4b234d0d53c1,train,7,da7a6ac1e71661.jpg,happywhale__bcedd4d866c6,0.08711172640323639,0
f3a788d110e953.jpg,happywhale__4b234d0d53c1,train,8,a6aaf9de9a751e.jpg,happywhale__290f46e5130c,0.08250726759433746,0
f3a788d110e953.jpg,happywhale__4b234d0d53c1,train,9,e4be30257dd09a.jpg,happywhale__c995c043c353,0.0824238657951355,0
f3a788d110e953.jpg,happywhale__4b234d0d53c1,train,10,cbdafddca3003d.jpg,happywhale__e8ac23241df5,0.08107901364564896,0
55df529762fea5.jpg,happywhale__366200ff5b49,train,1,fe5d4d5ab0502a.jpg,happywhale__a43daee90cbc,0.11306381970643997,0
55df529762fea5.jpg,happywhale__366200ff5b49,train,2,29349b0c48828b.jpg,happywhale__07a477b6a091,0.11026966571807861,0
55df529762fea5.jpg,happywhale__366200ff5b49,train,3,21b3fb39769af9.jpg,happywhale__b9907151f66e,0.08799766004085541,0
55df529762fea5.jpg,happywhale__366200ff5b49,train,4,514407a43622e6.jpg,happywhale__f0aa1422b26f,0.08680305629968643,0
55df529762fea5.jpg,happywhale__366200ff5b49,train,5,287f766c9c379f.jpg,happywhale__9e89f8e28807,0.08525201678276062,0
55df529762fea5.jpg,happywhale__366200ff5b49,train,6,a8c7df3d9467fa.jpg,happywhale__48936da899c3,0.08333167433738708,0
55df529762fea5.jpg,happywhale__366200ff5b49,train,7,c0b804aaa17c62.jpg,happywhale__9e89f8e28807,0.08326180279254913,0
55df529762fea5.jpg,happywhale__366200ff5b49,train,8,53b37ebbd453ae.jpg,happywhale__73e13d5e4ada,0.07560670375823975,0
55df529762fea5.jpg,happywhale__366200ff5b49,train,9,b35c5b9568f270.jpg,happywhale__dabe818f41de,0.07491809129714966,0
55df529762fea5.jpg,happywhale__366200ff5b49,train,10,3d1608a8f3a245.jpg,happywhale__b2a4a87ffb86,0.07401885092258453,0
64641455cfd888.jpg,happywhale__1ae5c5a035b5,train,1,7c3a64382c9680.jpg,happywhale__06ef73efe924,0.1287430077791214,0
64641455cfd888.jpg,happywhale__1ae5c5a035b5,train,2,aed691e7005984.jpg,happywhale__ecd7bda11e61,0.11422452330589294,0
64641455cfd888.jpg,happywhale__1ae5c5a035b5,train,3,73ddf0079e4b70.jpg,happywhale__ef0ddd083fbe,0.10460978746414185,0
64641455cfd888.jpg,happywhale__1ae5c5a035b5,train,4,93229ecb3173d8.jpg,happywhale__58a420d1d892,0.10448241978883743,0
64641455cfd888.jpg,happywhale__1ae5c5a035b5,train,5,f63bf9fdda99a1.jpg,happywhale__02ac4e3ca497,0.09002258628606796,0
64641455cfd888.jpg,happywhale__1ae5c5a035b5,train,6,3e25ba76db4d49.jpg,happywhale__5f48c2296a0e,0.08876779675483704,0
64641455cfd888.jpg,happywhale__1ae5c5a035b5,train,7,42927acb49e83d.jpg,happywhale__19c2bfaa0819,0.08707151561975479,0
64641455cfd888.jpg,happywhale__1ae5c5a035b5,train,8,1133539886157f.jpg,happywhale__a8c9dfb8ac6f,0.08626453578472137,0
64641455cfd888.jpg,happywhale__1ae5c5a035b5,train,9,d71a6c412f2325.jpg,happywhale__1492507238d8,0.08168935775756836,0
64641455cfd888.jpg,happywhale__1ae5c5a035b5,train,10,b9797d783ff96c.jpg,happywhale__90e2a0133e28,0.0811946839094162,0
f0a3d900e99ada.jpg,happywhale__82af241cd012,train,1,3af460d293cddb.jpg,happywhale__e839ee7d8cf0,0.11966516077518463,0
f0a3d900e99ada.jpg,happywhale__82af241cd012,train,2,0421e91fd8eca0.jpg,happywhale__84a261c0e5cf,0.10841167718172073,0
f0a3d900e99ada.jpg,happywhale__82af241cd012,train,3,3c74e6e93121f7.jpg,happywhale__281504409737,0.10284724086523056,0
f0a3d900e99ada.jpg,happywhale__82af241cd012,train,4,cae5d2592924e8.jpg,happywhale__208b91b1ca2b,0.10272026062011719,0
f0a3d900e99ada.jpg,happywhale__82af241cd012,train,5,54e09e2ba75f9a.jpg,happywhale__1191a41ee0f4,0.10136473178863525,0
f0a3d900e99ada.jpg,happywhale__82af241cd012,train,6,1d8e7f6076c294.jpg,happywhale__4b8534134eb8,0.09663690626621246,0
f0a3d900e99ada.jpg,happywhale__82af241cd012,train,7,20c32abfcb05aa.jpg,happywhale__7e147a96ad00,0.09587603807449341,0
f0a3d900e99ada.jpg,happywhale__82af241cd012,train,8,f644adfcd26b60.jpg,happywhale__366200ff5b49,0.09058594703674316,0
f0a3d900e99ada.jpg,happywhale__82af241cd012,train,9,071b32281bf64a.jpg,happywhale__51c1774c4f6e,0.09033092856407166,0
f0a3d900e99ada.jpg,happywhale__82af241cd012,train,10,7dff5ae41a28b9.jpg,happywhale__19fbb960f07d,0.08884550631046295,0
bb18b6b4de64e9.jpg,happywhale__cd720f8127f5,train,1,fee11f772350d9.jpg,happywhale__8bc942512479,0.11017781496047974,0
bb18b6b4de64e9.jpg,happywhale__cd720f8127f5,train,2,b9797d783ff96c.jpg,happywhale__90e2a0133e28,0.10272827744483948,0
bb18b6b4de64e9.jpg,happywhale__cd720f8127f5,train,3,4792be2c50bd7a.jpg,happywhale__077a5cc373ed,0.09947152435779572,0
bb18b6b4de64e9.jpg,happywhale__cd720f8127f5,train,4,2e2c1b80b2cbfa.jpg,happywhale__19fbb960f07d,0.09815702587366104,0
bb18b6b4de64e9.jpg,happywhale__cd720f8127f5,train,5,75587081cf2cc5.jpg,happywhale__06ef73efe924,0.09446447342634201,0
bb18b6b4de64e9.jpg,happywhale__cd720f8127f5,train,6,948b8a7bd8ed9d.jpg,happywhale__1ff6d285b427,0.08894917368888855,0
bb18b6b4de64e9.jpg,happywhale__cd720f8127f5,train,7,d103e502f24bbc.jpg,happywhale__70cd1a7d97a7,0.08699671924114227,0
bb18b6b4de64e9.jpg,happywhale__cd720f8127f5,train,8,86de787f5fcf05.jpg,happywhale__600ab1de92d9,0.08390592038631439,0
bb18b6b4de64e9.jpg,happywhale__cd720f8127f5,train,9,5bd3b18caf3d7c.jpg,happywhale__6ce472444934,0.081610307097435,0
bb18b6b4de64e9.jpg,happywhale__cd720f8127f5,train,10,dcab5c93c5fa98.jpg,happywhale__bf412253bbc2,0.08122776448726654,0
6b400a21bfa8a4.jpg,happywhale__4a94b1849f80,train,1,3c54d7eff41749.jpg,happywhale__c995c043c353,0.10229642689228058,0
6b400a21bfa8a4.jpg,happywhale__4a94b1849f80,train,2,a6aaf9de9a751e.jpg,happywhale__290f46e5130c,0.10161939263343811,0
6b400a21bfa8a4.jpg,happywhale__4a94b1849f80,train,3,00f0f055d749fa.jpg,happywhale__208b91b1ca2b,0.10102396458387375,0
6b400a21bfa8a4.jpg,happywhale__4a94b1849f80,train,4,5becc02d35f5ec.jpg,happywhale__600ab1de92d9,0.0922326073050499,0
6b400a21bfa8a4.jpg,happywhale__4a94b1849f80,train,5,b7d620f2a97ee1.jpg,happywhale__600ab1de92d9,0.08960792422294617,0
6b400a21bfa8a4.jpg,happywhale__4a94b1849f80,train,6,4d7d79ca5eb367.jpg,happywhale__322a18725969,0.08905681222677231,0
6b400a21bfa8a4.jpg,happywhale__4a94b1849f80,train,7,bf38dbef206cad.jpg,happywhale__19fbb960f07d,0.08630773425102234,0
6b400a21bfa8a4.jpg,happywhale__4a94b1849f80,train,8,689e9ce185c8a6.jpg,happywhale__c2705f9e75c8,0.08494135737419128,0
6b400a21bfa8a4.jpg,happywhale__4a94b1849f80,train,9,467b7ea606163d.jpg,happywhale__e53d52e33e81,0.08422676473855972,0
6b400a21bfa8a4.jpg,happywhale__4a94b1849f80,train,10,96cef870304030.jpg,happywhale__84a261c0e5cf,0.08042499423027039,0
318ac50ae73d15.jpg,happywhale__dba4e482f0ad,train,1,e677ab132c2c91.jpg,happywhale__f46973e895f7,0.10020811855792999,0
318ac50ae73d15.jpg,happywhale__dba4e482f0ad,train,2,cef37343bf4c6c.jpg,happywhale__19fbb960f07d,0.09871312230825424,0
318ac50ae73d15.jpg,happywhale__dba4e482f0ad,train,3,bc0c36797c5e2f.jpg,happywhale__5f48c2296a0e,0.09574533998966217,0
318ac50ae73d15.jpg,happywhale__dba4e482f0ad,train,4,cfbd60e8088c6f.jpg,happywhale__5bf17305f073,0.09346627444028854,0
318ac50ae73d15.jpg,happywhale__dba4e482f0ad,train,5,4edd8f0d64019c.jpg,happywhale__9e89f8e28807,0.09114639461040497,0
318ac50ae73d15.jpg,happywhale__dba4e482f0ad,train,6,5e8cf56c19c699.jpg,happywhale__ce873781a2c4,0.0886954814195633,0
318ac50ae73d15.jpg,happywhale__dba4e482f0ad,train,7,db5abd2820d671.jpg,happywhale__aeae6f5bf5cd,0.08801538497209549,0
318ac50ae73d15.jpg,happywhale__dba4e482f0ad,train,8,12287d194b827b.jpg,happywhale__d7f28b82d740,0.08769957721233368,0
318ac50ae73d15.jpg,happywhale__dba4e482f0ad,train,9,60a9d4e6c82547.jpg,happywhale__77410a623426,0.08656558394432068,0
318ac50ae73d15.jpg,happywhale__dba4e482f0ad,train,10,5005284b3a7e0d.jpg,happywhale__73e13d5e4ada,0.08554218709468842,0
f9f78e491079bb.jpg,happywhale__3a055fad1478,train,1,8f7d8c6114879c.jpg,happywhale__84d91f8c1f99,0.12456775456666946,0
f9f78e491079bb.jpg,happywhale__3a055fad1478,train,2,03140e5948e848.jpg,happywhale__337a339b042b,0.10488187521696091,0
f9f78e491079bb.jpg,happywhale__3a055fad1478,train,3,76f9812673738d.jpg,happywhale__180c0ab04dcd,0.09819979220628738,0
f9f78e491079bb.jpg,happywhale__3a055fad1478,train,4,3928722b03eab5.jpg,happywhale__d655c1ba5181,0.0903603583574295,0
f9f78e491079bb.jpg,happywhale__3a055fad1478,train,5,21b3fb39769af9.jpg,happywhale__b9907151f66e,0.08426786214113235,0
f9f78e491079bb.jpg,happywhale__3a055fad1478,train,6,af0fa946c301f2.jpg,happywhale__281504409737,0.08374901115894318,0
f9f78e491079bb.jpg,happywhale__3a055fad1478,train,7,74e9ba35bd9677.jpg,happywhale__445270d9ad52,0.08170673251152039,0
f9f78e491079bb.jpg,happywhale__3a055fad1478,train,8,5becc02d35f5ec.jpg,happywhale__600ab1de92d9,0.081074558198452,0
f9f78e491079bb.jpg,happywhale__3a055fad1478,train,9,20c32abfcb05aa.jpg,happywhale__7e147a96ad00,0.08027833700180054,0
f9f78e491079bb.jpg,happywhale__3a055fad1478,train,10,ec843e312e997b.jpg,happywhale__ffd38c0d37ad,0.07958751916885376,0
8fad35280500ec.jpg,happywhale__46414154efbc,train,1,74618af559c8aa.jpg,happywhale__32d3b30b473f,0.11605201661586761,0
8fad35280500ec.jpg,happywhale__46414154efbc,train,2,f63bf9fdda99a1.jpg,happywhale__02ac4e3ca497,0.0961156040430069,0
8fad35280500ec.jpg,happywhale__46414154efbc,train,3,122875102048a9.jpg,happywhale__1a20c92ffe68,0.09328438341617584,0
8fad35280500ec.jpg,happywhale__46414154efbc,train,4,75a216ccefe835.jpg,happywhale__f195c38bcf17,0.09258352965116501,0
8fad35280500ec.jpg,happywhale__46414154efbc,train,5,2135a9e4bb2f05.jpg,happywhale__a752a6a6f645,0.09231430292129517,0
8fad35280500ec.jpg,happywhale__46414154efbc,train,6,ffe6940bd23980.jpg,happywhale__a8a663f9f7f0,0.08664537966251373,0
8fad35280500ec.jpg,happywhale__46414154efbc,train,7,3a1e8f7cf6cd1d.jpg,happywhale__114207cab555,0.08469711244106293,0
8fad35280500ec.jpg,happywhale__46414154efbc,train,8,1c7b0a1e07855f.jpg,happywhale__938b7e931166,0.08204812556505203,0
8fad35280500ec.jpg,happywhale__46414154efbc,train,9,8cc6a6222a89f5.jpg,happywhale__04cc97bc74f0,0.08141618967056274,0
8fad35280500ec.jpg,happywhale__46414154efbc,train,10,f57fc78aec8e23.jpg,happywhale__32eeef0dc892,0.08127972483634949,0
22fa64d39e557b.jpg,happywhale__39c50bb4cb13,train,1,b47f6068788fbe.jpg,happywhale__0c7efa8795f5,0.12141844630241394,0
22fa64d39e557b.jpg,happywhale__39c50bb4cb13,train,2,92c3842fa86fcb.jpg,happywhale__be330f0c495c,0.11770568042993546,0
22fa64d39e557b.jpg,happywhale__39c50bb4cb13,train,3,751efeca48ae8b.jpg,happywhale__3fd298d255d7,0.11168403923511505,0
22fa64d39e557b.jpg,happywhale__39c50bb4cb13,train,4,e34807da4c5860.jpg,happywhale__59bb4b4ec9e0,0.10716292262077332,0
22fa64d39e557b.jpg,happywhale__39c50bb4cb13,train,5,b3500da8409f96.jpg,happywhale__6e8b8fed87af,0.10127593576908112,0
22fa64d39e557b.jpg,happywhale__39c50bb4cb13,train,6,f46399ab5c7482.jpg,happywhale__84d91f8c1f99,0.08745082467794418,0
22fa64d39e557b.jpg,happywhale__39c50bb4cb13,train,7,69a7715b985459.jpg,happywhale__6f632b846891,0.0856279581785202,0
22fa64d39e557b.jpg,happywhale__39c50bb4cb13,train,8,37b7ef237bed4e.jpg,happywhale__ce6e37904aa4,0.08529563993215561,0
22fa64d39e557b.jpg,happywhale__39c50bb4cb13,train,9,018490eafcf301.jpg,happywhale__2ca0b9b39092,0.08451008051633835,0
22fa64d39e557b.jpg,happywhale__39c50bb4cb13,train,10,2f641bea9de909.jpg,happywhale__fdb532d9bc78,0.08252976834774017,0
c6a36b6999ae04.jpg,happywhale__8bc942512479,train,1,3e02207102ed92.jpg,happywhale__626fc1a305f3,0.10739955306053162,0
c6a36b6999ae04.jpg,happywhale__8bc942512479,train,2,89a023cddc64f7.jpg,happywhale__5eb72a46aa6c,0.10390496253967285,0
c6a36b6999ae04.jpg,happywhale__8bc942512479,train,3,862bc0cce7abf2.jpg,happywhale__982224d06f8c,0.10352756083011627,0
c6a36b6999ae04.jpg,happywhale__8bc942512479,train,4,a60a28722e2caa.jpg,happywhale__fbe2b15b5481,0.10290812700986862,0
c6a36b6999ae04.jpg,happywhale__8bc942512479,train,5,00f0f055d749fa.jpg,happywhale__208b91b1ca2b,0.10057239234447479,0
c6a36b6999ae04.jpg,happywhale__8bc942512479,train,6,e85a2d2e604c79.jpg,happywhale__37c7aba965a5,0.09923432767391205,0
c6a36b6999ae04.jpg,happywhale__8bc942512479,train,7,3f02ab0a275c45.jpg,happywhale__812be36c2aef,0.0937543660402298,0
c6a36b6999ae04.jpg,happywhale__8bc942512479,train,8,0bf8587c8a5c5e.jpg,happywhale__b9907151f66e,0.09372348338365555,0
c6a36b6999ae04.jpg,happywhale__8bc942512479,train,9,2282c1672ebcc0.jpg,happywhale__ef0ddd083fbe,0.09180358052253723,0
c6a36b6999ae04.jpg,happywhale__8bc942512479,train,10,567d6d0ddd0bb4.jpg,happywhale__8bc942512479,0.0893322080373764,1
bc49179baff223.jpg,happywhale__7ace4d166c97,train,1,1442bb433d5943.jpg,happywhale__60008f293a2b,0.11631062626838684,0
bc49179baff223.jpg,happywhale__7ace4d166c97,train,2,4698c6c7a40860.jpg,happywhale__f4a45e49df72,0.11031113564968109,0
bc49179baff223.jpg,happywhale__7ace4d166c97,train,3,48f925f74de847.jpg,happywhale__3a608b68bde4,0.09847993403673172,0
bc49179baff223.jpg,happywhale__7ace4d166c97,train,4,df3dabf50919b4.jpg,happywhale__387f17f0676e,0.09129006415605545,0
bc49179baff223.jpg,happywhale__7ace4d166c97,train,5,e2bc30dd559b75.jpg,happywhale__812be36c2aef,0.0910981297492981,0
bc49179baff223.jpg,happywhale__7ace4d166c97,train,6,99caa6a3d8146d.jpg,happywhale__73e13d5e4ada,0.0891583263874054,0
bc49179baff223.jpg,happywhale__7ace4d166c97,train,7,b24da1d67a5022.jpg,happywhale__403dfea4e4bb,0.07811228185892105,0
bc49179baff223.jpg,happywhale__7ace4d166c97,train,8,343ae34b44410d.jpg,happywhale__7845337998d6,0.0770282968878746,0
bc49179baff223.jpg,happywhale__7ace4d166c97,train,9,65fe551281f25d.jpg,happywhale__a3e8d208c6a4,0.07636640965938568,0
bc49179baff223.jpg,happywhale__7ace4d166c97,train,10,7e8849e3ff8fa3.jpg,happywhale__783f357cf2f9,0.0740201324224472,0
efc9bf4041275c.jpg,happywhale__322a18725969,train,1,04181f5f077438.jpg,happywhale__403dfea4e4bb,0.10902424156665802,0
efc9bf4041275c.jpg,happywhale__322a18725969,train,2,5d15cc3210d031.jpg,happywhale__fbc05967e28f,0.10255494713783264,0
efc9bf4041275c.jpg,happywhale__322a18725969,train,3,d103e502f24bbc.jpg,happywhale__70cd1a7d97a7,0.09612532705068588,0
efc9bf4041275c.jpg,happywhale__322a18725969,train,4,c2726cebbfa424.jpg,happywhale__208b91b1ca2b,0.09333906322717667,0
efc9bf4041275c.jpg,happywhale__322a18725969,train,5,bf38dbef206cad.jpg,happywhale__19fbb960f07d,0.0919952541589737,0
efc9bf4041275c.jpg,happywhale__322a18725969,train,6,4fbb04a4a5b506.jpg,happywhale__735496dc7e64,0.09185744822025299,0
efc9bf4041275c.jpg,happywhale__322a18725969,train,7,de1cce0ca1ab02.jpg,happywhale__0dbe0c61bb2f,0.09149901568889618,0
efc9bf4041275c.jpg,happywhale__322a18725969,train,8,2a4c5e1615c27b.jpg,happywhale__a7310896653d,0.08568283915519714,0
efc9bf4041275c.jpg,happywhale__322a18725969,train,9,fdd4e528edb02b.jpg,happywhale__2280b5fcc6c2,0.08421918749809265,0
efc9bf4041275c.jpg,happywhale__322a18725969,train,10,45ecd8d5191fe4.jpg,happywhale__644db6f31843,0.0838642567396164,0
67ddcec53b0ab8.jpg,happywhale__bf412253bbc2,train,1,24ce33978a67d8.jpg,happywhale__2fdb3a09dc9c,0.12750722467899323,0
67ddcec53b0ab8.jpg,happywhale__bf412253bbc2,train,2,9bed4c25356adf.jpg,happywhale__b90d49ab0905,0.10560734570026398,0
67ddcec53b0ab8.jpg,happywhale__bf412253bbc2,train,3,0b74b630afba1d.jpg,happywhale__0f72263cd384,0.10478255152702332,0
67ddcec53b0ab8.jpg,happywhale__bf412253bbc2,train,4,fe5d4d5ab0502a.jpg,happywhale__a43daee90cbc,0.09783856570720673,0
67ddcec53b0ab8.jpg,happywhale__bf412253bbc2,train,5,0279db92dfe672.jpg,happywhale__bf7e1e0738f5,0.09701043367385864,0
67ddcec53b0ab8.jpg,happywhale__bf412253bbc2,train,6,914eb9d0010fc1.jpg,happywhale__02ac4e3ca497,0.09249810874462128,0
67ddcec53b0ab8.jpg,happywhale__bf412253bbc2,train,7,675217bbc28d92.jpg,happywhale__a6e325d8e924,0.08872148394584656,0
67ddcec53b0ab8.jpg,happywhale__bf412253bbc2,train,8,b929d47e8d148a.jpg,happywhale__06ef73efe924,0.08442004770040512,0
67ddcec53b0ab8.jpg,happywhale__bf412253bbc2,train,9,0ad8e0ea1fc11d.jpg,happywhale__124534ac8131,0.08114873617887497,0
67ddcec53b0ab8.jpg,happywhale__bf412253bbc2,train,10,dcab5c93c5fa98.jpg,happywhale__bf412253bbc2,0.0801500529050827,1
6d4c43d5554eca.jpg,happywhale__15f06fdf57fa,train,1,891463b2c1b9dd.jpg,happywhale__f3d9d1f9eece,0.16122695803642273,0
6d4c43d5554eca.jpg,happywhale__15f06fdf57fa,train,2,814ab90b1291b3.jpg,happywhale__c4376121779e,0.10036319494247437,0
6d4c43d5554eca.jpg,happywhale__15f06fdf57fa,train,3,5bd3b18caf3d7c.jpg,happywhale__6ce472444934,0.09158208966255188,0
6d4c43d5554eca.jpg,happywhale__15f06fdf57fa,train,4,920089b10c2930.jpg,happywhale__18f270f6ca16,0.09055697917938232,0
6d4c43d5554eca.jpg,happywhale__15f06fdf57fa,train,5,f0a1a69a001eff.jpg,happywhale__ea8160d46f8f,0.0891202837228775,0
6d4c43d5554eca.jpg,happywhale__15f06fdf57fa,train,6,cd0cde53a7ce30.jpg,happywhale__7053d3c812b5,0.08801686763763428,0
6d4c43d5554eca.jpg,happywhale__15f06fdf57fa,train,7,e9672f2b694bf5.jpg,happywhale__bc1eb2241633,0.0871630385518074,0
6d4c43d5554eca.jpg,happywhale__15f06fdf57fa,train,8,b36106cb083f06.jpg,happywhale__938b7e931166,0.08612672239542007,0
6d4c43d5554eca.jpg,happywhale__15f06fdf57fa,train,9,9924f277e14cf5.jpg,happywhale__0e6d73fc0d60,0.08334265649318695,0
6d4c43d5554eca.jpg,happywhale__15f06fdf57fa,train,10,7a675f3eb7704c.jpg,happywhale__caee7717cf57,0.08062443137168884,0
e2f97e4446c183.jpg,happywhale__90cfd1801b72,train,1,ccc30187552769.jpg,happywhale__cdf6abe97eb5,0.11838556826114655,0
e2f97e4446c183.jpg,happywhale__90cfd1801b72,train,2,7ca8b5566c659d.jpg,happywhale__ca88903ae96e,0.09866674244403839,0
e2f97e4446c183.jpg,happywhale__90cfd1801b72,train,3,9938a332d2400a.jpg,happywhale__8f76b84bec12,0.09693138301372528,0
e2f97e4446c183.jpg,happywhale__90cfd1801b72,train,4,1442bb433d5943.jpg,happywhale__60008f293a2b,0.09673181176185608,0
e2f97e4446c183.jpg,happywhale__90cfd1801b72,train,5,02b64041dc2a40.jpg,happywhale__ec1469b7e368,0.0947847068309784,0
e2f97e4446c183.jpg,happywhale__90cfd1801b72,train,6,a12f4e65d2f49f.jpg,happywhale__84a261c0e5cf,0.09227600693702698,0
e2f97e4446c183.jpg,happywhale__90cfd1801b72,train,7,3359d54b47c981.jpg,happywhale__b61c15e89c3c,0.09049899131059647,0
e2f97e4446c183.jpg,happywhale__90cfd1801b72,train,8,b36106cb083f06.jpg,happywhale__938b7e931166,0.0896410346031189,0
e2f97e4446c183.jpg,happywhale__90cfd1801b72,train,9,cef37343bf4c6c.jpg,happywhale__19fbb960f07d,0.08834964781999588,0
e2f97e4446c183.jpg,happywhale__90cfd1801b72,train,10,8c9e93d6bae93c.jpg,happywhale__abbeba14a290,0.08750974386930466,0
c927d9ffb8f1dc.jpg,happywhale__d655c1ba5181,train,1,327e5c89f63f1b.jpg,happywhale__b9907151f66e,0.11732084304094315,0
c927d9ffb8f1dc.jpg,happywhale__d655c1ba5181,train,2,c1da6380b9b8af.jpg,happywhale__423cd19d6b7e,0.08933885395526886,0
c927d9ffb8f1dc.jpg,happywhale__d655c1ba5181,train,3,fee11f772350d9.jpg,happywhale__8bc942512479,0.08891678601503372,0
c927d9ffb8f1dc.jpg,happywhale__d655c1ba5181,train,4,c2726cebbfa424.jpg,happywhale__208b91b1ca2b,0.08579400181770325,0
c927d9ffb8f1dc.jpg,happywhale__d655c1ba5181,train,5,b98acef0d45bcd.jpg,happywhale__c80653b9edd0,0.08451417833566666,0
c927d9ffb8f1dc.jpg,happywhale__d655c1ba5181,train,6,4b36c907b56e12.jpg,happywhale__9e89f8e28807,0.08198907971382141,0
c927d9ffb8f1dc.jpg,happywhale__d655c1ba5181,train,7,5a1515007782c2.jpg,happywhale__c995c043c353,0.07905109226703644,0
c927d9ffb8f1dc.jpg,happywhale__d655c1ba5181,train,8,7ba5dce13f1a0c.jpg,happywhale__c27db73f0e3b,0.07891799509525299,0
c927d9ffb8f1dc.jpg,happywhale__d655c1ba5181,train,9,87bd4d01a68d45.jpg,happywhale__695bb814ce56,0.07692954689264297,0
c927d9ffb8f1dc.jpg,happywhale__d655c1ba5181,train,10,f66e07feed2801.jpg,happywhale__6a6fa3ec3810,0.07603774219751358,0
774f718f7d14e1.jpg,happywhale__7593d2aee842,train,1,dc5c4a515c1290.jpg,happywhale__b9907151f66e,0.11969294399023056,0
774f718f7d14e1.jpg,happywhale__7593d2aee842,train,2,89a023cddc64f7.jpg,happywhale__5eb72a46aa6c,0.10566241294145584,0
774f718f7d14e1.jpg,happywhale__7593d2aee842,train,3,566b5cdce0ce5e.jpg,happywhale__208b91b1ca2b,0.10235273092985153,0
774f718f7d14e1.jpg,happywhale__7593d2aee842,train,4,fc8b905cd4ce4a.jpg,happywhale__0e4660baf3f1,0.09969136118888855,0
774f718f7d14e1.jpg,happywhale__7593d2aee842,train,5,e7b748c1658dd4.jpg,happywhale__19fbb960f07d,0.09781856834888458,0
774f718f7d14e1.jpg,happywhale__7593d2aee842,train,6,60a9d4e6c82547.jpg,happywhale__77410a623426,0.09730096161365509,0
774f718f7d14e1.jpg,happywhale__7593d2aee842,train,7,0557489599cb0a.jpg,happywhale__8390b7d8ab6f,0.09304264932870865,0
774f718f7d14e1.jpg,happywhale__7593d2aee842,train,8,d5a27120a009d8.jpg,happywhale__9f3613b5c45b,0.08976387977600098,0
774f718f7d14e1.jpg,happywhale__7593d2aee842,train,9,49b3fb1b6b5ee6.jpg,happywhale__90cfd1801b72,0.08974866569042206,0
774f718f7d14e1.jpg,happywhale__7593d2aee842,train,10,8cb14fda1a1d19.jpg,happywhale__07a477b6a091,0.08922772854566574,0
aa14be7ba677c5.jpg,happywhale__f0aa1422b26f,train,1,ed2e3020640aba.jpg,happywhale__a22f9b1c9bc5,0.09837202727794647,0
aa14be7ba677c5.jpg,happywhale__f0aa1422b26f,train,2,e70ade645a9396.jpg,happywhale__37c7aba965a5,0.09242723882198334,0
aa14be7ba677c5.jpg,happywhale__f0aa1422b26f,train,3,1c291674cec281.jpg,happywhale__9a6b86f7bb3e,0.08838905394077301,0
aa14be7ba677c5.jpg,happywhale__f0aa1422b26f,train,4,c1a6d89e54e9fa.jpg,happywhale__ce6e37904aa4,0.08556924760341644,0
aa14be7ba677c5.jpg,happywhale__f0aa1422b26f,train,5,aec6cd7f2272b4.jpg,happywhale__a90eb0d80cd8,0.0854002982378006,0
aa14be7ba677c5.jpg,happywhale__f0aa1422b26f,train,6,78f13e1a682b2f.jpg,happywhale__778419da2957,0.08531484752893448,0
aa14be7ba677c5.jpg,happywhale__f0aa1422b26f,train,7,35a9716cf70e4b.jpg,happywhale__4b00fe572063,0.08296838402748108,0
aa14be7ba677c5.jpg,happywhale__f0aa1422b26f,train,8,a7c99a8e962fbb.jpg,happywhale__df109f6bede4,0.08237387239933014,0
aa14be7ba677c5.jpg,happywhale__f0aa1422b26f,train,9,6a291534f34061.jpg,happywhale__17ae98f695f2,0.08119191974401474,0
aa14be7ba677c5.jpg,happywhale__f0aa1422b26f,train,10,2d956287a8cf74.jpg,happywhale__1191a41ee0f4,0.08042871952056885,0
a59258b56b2c32.jpg,happywhale__1f131241029a,train,1,f78d18a00faaa4.jpg,happywhale__4a67e64bd3b7,0.10646393895149231,0
a59258b56b2c32.jpg,happywhale__1f131241029a,train,2,802fc46a882ea9.jpg,happywhale__4905c4399fdf,0.10471998900175095,0
a59258b56b2c32.jpg,happywhale__1f131241029a,train,3,5517b0d5889e08.jpg,happywhale__6f632b846891,0.10049086064100266,0
a59258b56b2c32.jpg,happywhale__1f131241029a,train,4,368fb92c8fae5b.jpg,happywhale__cca9869bbd74,0.09272561967372894,0
a59258b56b2c32.jpg,happywhale__1f131241029a,train,5,878865e1d00941.jpg,happywhale__19fbb960f07d,0.09235920757055283,0
a59258b56b2c32.jpg,happywhale__1f131241029a,train,6,074d06d5eba5c5.jpg,happywhale__2c45eacc8a8f,0.09202903509140015,0
a59258b56b2c32.jpg,happywhale__1f131241029a,train,7,c182cc0a0ae4e8.jpg,happywhale__9f3613b5c45b,0.08912058174610138,0
a59258b56b2c32.jpg,happywhale__1f131241029a,train,8,c1a6d89e54e9fa.jpg,happywhale__ce6e37904aa4,0.08732558786869049,0
a59258b56b2c32.jpg,happywhale__1f131241029a,train,9,9ee9a80c5e91a8.jpg,happywhale__8f76b84bec12,0.08592604100704193,0
a59258b56b2c32.jpg,happywhale__1f131241029a,train,10,d718212fc7d98a.jpg,happywhale__938b7e931166,0.0854833647608757,0
7e6fa1c45332e2.jpg,happywhale__a7310896653d,train,1,8abb41f76334bf.jpg,happywhale__4b00fe572063,0.1240696832537651,0
7e6fa1c45332e2.jpg,happywhale__a7310896653d,train,2,abd5c384b61fb4.jpg,happywhale__956562ff2888,0.11477147042751312,0
7e6fa1c45332e2.jpg,happywhale__a7310896653d,train,3,aa183bcfdcc624.jpg,happywhale__c995c043c353,0.11015720665454865,0
7e6fa1c45332e2.jpg,happywhale__a7310896653d,train,4,128f627ccaeeaf.jpg,happywhale__7593d2aee842,0.10709648579359055,0
7e6fa1c45332e2.jpg,happywhale__a7310896653d,train,5,55e59fd7c2a41c.jpg,happywhale__03c879f7c6d5,0.09983310848474503,0
7e6fa1c45332e2.jpg,happywhale__a7310896653d,train,6,da2fce2547fd52.jpg,happywhale__ce6e37904aa4,0.09677585959434509,0
7e6fa1c45332e2.jpg,happywhale__a7310896653d,train,7,02b64041dc2a40.jpg,happywhale__ec1469b7e368,0.09277720004320145,0
7e6fa1c45332e2.jpg,happywhale__a7310896653d,train,8,0585da7add64aa.jpg,happywhale__bf412253bbc2,0.09156641364097595,0
7e6fa1c45332e2.jpg,happywhale__a7310896653d,train,9,f644adfcd26b60.jpg,happywhale__366200ff5b49,0.0875602662563324,0
7e6fa1c45332e2.jpg,happywhale__a7310896653d,train,10,2dc5ca63b6a1a9.jpg,happywhale__4d18b20adff3,0.08404944092035294,0
1df12284855948.jpg,happywhale__6da7ae3c5d54,train,1,6a291534f34061.jpg,happywhale__17ae98f695f2,0.10932663083076477,0
1df12284855948.jpg,happywhale__6da7ae3c5d54,train,2,343ae34b44410d.jpg,happywhale__7845337998d6,0.10548718273639679,0
1df12284855948.jpg,happywhale__6da7ae3c5d54,train,3,fe5d4d5ab0502a.jpg,happywhale__a43daee90cbc,0.10037277638912201,0
1df12284855948.jpg,happywhale__6da7ae3c5d54,train,4,c6376534c7d1c3.jpg,happywhale__322a18725969,0.09234835207462311,0
1df12284855948.jpg,happywhale__6da7ae3c5d54,train,5,40f834fe646a30.jpg,happywhale__9a6b86f7bb3e,0.09010320901870728,0
1df12284855948.jpg,happywhale__6da7ae3c5d54,train,6,d84cbbca2ed330.jpg,happywhale__6ad3713dda3a,0.08603189140558243,0
1df12284855948.jpg,happywhale__6da7ae3c5d54,train,7,9123befc9462ef.jpg,happywhale__03c879f7c6d5,0.08553914725780487,0
1df12284855948.jpg,happywhale__6da7ae3c5d54,train,8,02372cb6daae83.jpg,happywhale__babd014300b7,0.08381293714046478,0
1df12284855948.jpg,happywhale__6da7ae3c5d54,train,9,b39c0a9c9a0448.jpg,happywhale__1afc82b009ea,0.08219607174396515,0
1df12284855948.jpg,happywhale__6da7ae3c5d54,train,10,85e364d616c2fb.jpg,happywhale__51db5a85aaf7,0.07972995191812515,0
19121b34d84de9.jpg,happywhale__b90d49ab0905,train,1,b28509af468427.jpg,happywhale__322a18725969,0.11675301939249039,0
19121b34d84de9.jpg,happywhale__b90d49ab0905,train,2,e4164cb20e6273.jpg,happywhale__a265c977dc30,0.11163442581892014,0
19121b34d84de9.jpg,happywhale__b90d49ab0905,train,3,5e67ca22c753fe.jpg,happywhale__19fbb960f07d,0.10272150486707687,0
19121b34d84de9.jpg,happywhale__b90d49ab0905,train,4,284fb6913bc975.jpg,happywhale__7bedeacdc4d2,0.09419062733650208,0
19121b34d84de9.jpg,happywhale__b90d49ab0905,train,5,1a58dce81de5e6.jpg,happywhale__5fc809d9e819,0.09285297244787216,0
19121b34d84de9.jpg,happywhale__b90d49ab0905,train,6,43ddf5754f6588.jpg,happywhale__98995caaa0d3,0.08900237083435059,0
19121b34d84de9.jpg,happywhale__b90d49ab0905,train,7,f95d3db97fd286.jpg,happywhale__6cbfecf203a5,0.08762137591838837,0
19121b34d84de9.jpg,happywhale__b90d49ab0905,train,8,e05c18c0c7dc51.jpg,happywhale__4b8534134eb8,0.08725158870220184,0
19121b34d84de9.jpg,happywhale__b90d49ab0905,train,9,e82ffacc3f24ee.jpg,happywhale__387f17f0676e,0.0871354192495346,0
19121b34d84de9.jpg,happywhale__b90d49ab0905,train,10,e3759d92d52249.jpg,happywhale__c171b020c8c7,0.08699934929609299,0
cf36e7983fd811.jpg,happywhale__3cbfd98eea8f,train,1,adb893cdd5b1e9.jpg,happywhale__15d96d5d42c2,0.1219114363193512,0
cf36e7983fd811.jpg,happywhale__3cbfd98eea8f,train,2,cee3f41c5b8b57.jpg,happywhale__ea8160d46f8f,0.10908655822277069,0
cf36e7983fd811.jpg,happywhale__3cbfd98eea8f,train,3,3c54d7eff41749.jpg,happywhale__c995c043c353,0.10622455179691315,0
cf36e7983fd811.jpg,happywhale__3cbfd98eea8f,train,4,da7a6ac1e71661.jpg,happywhale__bcedd4d866c6,0.10236301273107529,0
cf36e7983fd811.jpg,happywhale__3cbfd98eea8f,train,5,604972f7e592d1.jpg,happywhale__077a5cc373ed,0.1005745679140091,0
cf36e7983fd811.jpg,happywhale__3cbfd98eea8f,train,6,cfbd60e8088c6f.jpg,happywhale__5bf17305f073,0.09688675403594971,0
cf36e7983fd811.jpg,happywhale__3cbfd98eea8f,train,7,da6e4b3f090235.jpg,happywhale__4b9bc905af99,0.09405437111854553,0
cf36e7983fd811.jpg,happywhale__3cbfd98eea8f,train,8,12c4eb0809bfca.jpg,happywhale__abbeba14a290,0.08975530415773392,0
cf36e7983fd811.jpg,happywhale__3cbfd98eea8f,train,9,47ccb831e14cc5.jpg,happywhale__9e89f8e28807,0.08375907689332962,0
cf36e7983fd811.jpg,happywhale__3cbfd98eea8f,train,10,25c0c79132b835.jpg,happywhale__1191a41ee0f4,0.0823659896850586,0
c260a9c1757649.jpg,happywhale__0b2973489685,train,1,5e9dbaf67afc64.jpg,happywhale__0611c23e6914,0.12702378630638123,0
c260a9c1757649.jpg,happywhale__0b2973489685,train,2,d84cbbca2ed330.jpg,happywhale__6ad3713dda3a,0.10266370326280594,0
c260a9c1757649.jpg,happywhale__0b2973489685,train,3,1442bb433d5943.jpg,happywhale__60008f293a2b,0.09789307415485382,0
c260a9c1757649.jpg,happywhale__0b2973489685,train,4,a66ccc192840f9.jpg,happywhale__a7310896653d,0.09192237257957458,0
c260a9c1757649.jpg,happywhale__0b2973489685,train,5,21b3fb39769af9.jpg,happywhale__b9907151f66e,0.0916125476360321,0
c260a9c1757649.jpg,happywhale__0b2973489685,train,6,9baf954c3cfcca.jpg,happywhale__4ddb2eeb5efb,0.08702615648508072,0
c260a9c1757649.jpg,happywhale__0b2973489685,train,7,881699068277b0.jpg,happywhale__f195c38bcf17,0.08672317117452621,0
c260a9c1757649.jpg,happywhale__0b2973489685,train,8,27519cfd8b1004.jpg,happywhale__a7310896653d,0.08550074696540833,0
c260a9c1757649.jpg,happywhale__0b2973489685,train,9,c1da6380b9b8af.jpg,happywhale__423cd19d6b7e,0.08290041983127594,0
c260a9c1757649.jpg,happywhale__0b2973489685,train,10,e60f9575fe2951.jpg,happywhale__695bb814ce56,0.08173282444477081,0
38a55208a57984.jpg,happywhale__60008f293a2b,train,1,ec843e312e997b.jpg,happywhale__ffd38c0d37ad,0.13660535216331482,0
38a55208a57984.jpg,happywhale__60008f293a2b,train,2,467b7ea606163d.jpg,happywhale__e53d52e33e81,0.12508855760097504,0
38a55208a57984.jpg,happywhale__60008f293a2b,train,3,d72f64c3f38fc2.jpg,happywhale__03c879f7c6d5,0.09823267161846161,0
38a55208a57984.jpg,happywhale__60008f293a2b,train,4,d11260642ef9ed.jpg,happywhale__e86ef4ff89c6,0.09622740745544434,0
38a55208a57984.jpg,happywhale__60008f293a2b,train,5,284fb6913bc975.jpg,happywhale__7bedeacdc4d2,0.09230110049247742,0
38a55208a57984.jpg,happywhale__60008f293a2b,train,6,b31e0abdee438e.jpg,happywhale__18dbd44823c7,0.08639471232891083,0
38a55208a57984.jpg,happywhale__60008f293a2b,train,7,97887c22222f0b.jpg,happywhale__180c0ab04dcd,0.0841408297419548,0
38a55208a57984.jpg,happywhale__60008f293a2b,train,8,4dd3be4d73b23a.jpg,happywhale__7a58308da755,0.0823693796992302,0
38a55208a57984.jpg,happywhale__60008f293a2b,train,9,d90dfc8c64b954.jpg,happywhale__e53d52e33e81,0.0818987712264061,0
38a55208a57984.jpg,happywhale__60008f293a2b,train,10,eb089f8368b9e8.jpg,happywhale__1a65772df6a9,0.08168590068817139,0
3851ac00f35164.jpg,happywhale__9582cc692d85,train,1,ad121c157de8c5.jpg,happywhale__83c78c79004e,0.10883751511573792,0
3851ac00f35164.jpg,happywhale__9582cc692d85,train,2,12c4eb0809bfca.jpg,happywhale__abbeba14a290,0.09699919074773788,0
3851ac00f35164.jpg,happywhale__9582cc692d85,train,3,99753bb3a5aabc.jpg,happywhale__d15c6ea7adf0,0.09202420711517334,0
3851ac00f35164.jpg,happywhale__9582cc692d85,train,4,b46fcb93da39c3.jpg,happywhale__ef0ddd083fbe,0.08952876925468445,0
3851ac00f35164.jpg,happywhale__9582cc692d85,train,5,82376ac284c581.jpg,happywhale__6f632b846891,0.08784675598144531,0
3851ac00f35164.jpg,happywhale__9582cc692d85,train,6,f644adfcd26b60.jpg,happywhale__366200ff5b49,0.08693769574165344,0
3851ac00f35164.jpg,happywhale__9582cc692d85,train,7,e3a3ee4bcdfb0b.jpg,happywhale__9582cc692d85,0.08531643450260162,1
3851ac00f35164.jpg,happywhale__9582cc692d85,train,8,3af460d293cddb.jpg,happywhale__e839ee7d8cf0,0.08398450911045074,0
3851ac00f35164.jpg,happywhale__9582cc692d85,train,9,27519cfd8b1004.jpg,happywhale__a7310896653d,0.08201736211776733,0
3851ac00f35164.jpg,happywhale__9582cc692d85,train,10,27b1d7f3c850b0.jpg,happywhale__6f47542558a1,0.0806635245680809,0
42761905019985.jpg,happywhale__31f748b822f4,train,1,65c7f699788ec9.jpg,happywhale__9e89f8e28807,0.09757262468338013,0
42761905019985.jpg,happywhale__31f748b822f4,train,2,b772190981e160.jpg,happywhale__ffbb4e585ff2,0.09350216388702393,0
42761905019985.jpg,happywhale__31f748b822f4,train,3,7c3a64382c9680.jpg,happywhale__06ef73efe924,0.09037452191114426,0
42761905019985.jpg,happywhale__31f748b822f4,train,4,2cc66d92c347d3.jpg,happywhale__8b712d2a5313,0.0811251550912857,0
42761905019985.jpg,happywhale__31f748b822f4,train,5,c6376534c7d1c3.jpg,happywhale__322a18725969,0.07817026972770691,0
42761905019985.jpg,happywhale__31f748b822f4,train,6,b07cf30c22adc9.jpg,happywhale__58c43f7cc15d,0.07725647836923599,0
42761905019985.jpg,happywhale__31f748b822f4,train,7,d5a27120a009d8.jpg,happywhale__9f3613b5c45b,0.0720973014831543,0
42761905019985.jpg,happywhale__31f748b822f4,train,8,608db08db94aca.jpg,happywhale__a49ae5521315,0.07190808653831482,0
42761905019985.jpg,happywhale__31f748b822f4,train,9,9a0c0c2b08c6c6.jpg,happywhale__956562ff2888,0.06928941607475281,0
42761905019985.jpg,happywhale__31f748b822f4,train,10,cc192d2b6548b7.jpg,happywhale__322a18725969,0.06750041246414185,0
869a208c2b4458.jpg,happywhale__8f76b84bec12,train,1,0557489599cb0a.jpg,happywhale__8390b7d8ab6f,0.12831704318523407,0
869a208c2b4458.jpg,happywhale__8f76b84bec12,train,2,c5bd0f6a30117f.jpg,happywhale__8f332df12364,0.12072504311800003,0
869a208c2b4458.jpg,happywhale__8f76b84bec12,train,3,3ff1873e584816.jpg,happywhale__a49ae5521315,0.11103354394435883,0
869a208c2b4458.jpg,happywhale__8f76b84bec12,train,4,6de42412f2b142.jpg,happywhale__445270d9ad52,0.10477010160684586,0
869a208c2b4458.jpg,happywhale__8f76b84bec12,train,5,b07cf30c22adc9.jpg,happywhale__58c43f7cc15d,0.10248269140720367,0
869a208c2b4458.jpg,happywhale__8f76b84bec12,train,6,fc8b905cd4ce4a.jpg,happywhale__0e4660baf3f1,0.10209596157073975,0
869a208c2b4458.jpg,happywhale__8f76b84bec12,train,7,aed691e7005984.jpg,happywhale__ecd7bda11e61,0.09965268522500992,0
869a208c2b4458.jpg,happywhale__8f76b84bec12,train,8,604972f7e592d1.jpg,happywhale__077a5cc373ed,0.09764379262924194,0
869a208c2b4458.jpg,happywhale__8f76b84bec12,train,9,c4a4c75f3ba74c.jpg,happywhale__a6e325d8e924,0.09668423980474472,0
869a208c2b4458.jpg,happywhale__8f76b84bec12,train,10,9aa2a4beb39ec3.jpg,happywhale__589bc50dee58,0.09464146941900253,0
7cda73d0e94fa4.jpg,happywhale__ca5790ec97b4,train,1,c65ad0c7eb22e1.jpg,happywhale__e527fa08772c,0.10956621170043945,0
7cda73d0e94fa4.jpg,happywhale__ca5790ec97b4,train,2,de23f4037f32b6.jpg,happywhale__37c7aba965a5,0.08726059645414352,0
7cda73d0e94fa4.jpg,happywhale__ca5790ec97b4,train,3,abd6a4fe625599.jpg,happywhale__19c2bfaa0819,0.08686557412147522,0
7cda73d0e94fa4.jpg,happywhale__ca5790ec97b4,train,4,bd3f8db3fc443c.jpg,happywhale__37c7aba965a5,0.08565439283847809,0
7cda73d0e94fa4.jpg,happywhale__ca5790ec97b4,train,5,95ba31addb464a.jpg,happywhale__52a2c490b25a,0.08388057351112366,0
7cda73d0e94fa4.jpg,happywhale__ca5790ec97b4,train,6,0421e91fd8eca0.jpg,happywhale__84a261c0e5cf,0.0822233110666275,0
7cda73d0e94fa4.jpg,happywhale__ca5790ec97b4,train,7,cd0cde53a7ce30.jpg,happywhale__7053d3c812b5,0.08084888756275177,0
7cda73d0e94fa4.jpg,happywhale__ca5790ec97b4,train,8,2c4340102bae47.jpg,happywhale__7362d7a01d00,0.07989183068275452,0
7cda73d0e94fa4.jpg,happywhale__ca5790ec97b4,train,9,183f5654ceab1a.jpg,happywhale__5b8a39979dc2,0.07874767482280731,0
7cda73d0e94fa4.jpg,happywhale__ca5790ec97b4,train,10,10fb087a526abe.jpg,happywhale__480677e8cf20,0.07860729098320007,0
e952fdb0cabf9b.jpg,happywhale__5bf17305f073,train,1,08d0a05f6da262.jpg,happywhale__1ac5332483ae,0.121863953769207,0
e952fdb0cabf9b.jpg,happywhale__5bf17305f073,train,2,5cdc99e062770e.jpg,happywhale__f195c38bcf17,0.10432939976453781,0
e952fdb0cabf9b.jpg,happywhale__5bf17305f073,train,3,af0fa946c301f2.jpg,happywhale__281504409737,0.10275442898273468,0
e952fdb0cabf9b.jpg,happywhale__5bf17305f073,train,4,bfd762079a4861.jpg,happywhale__7593d2aee842,0.101203054189682,0
e952fdb0cabf9b.jpg,happywhale__5bf17305f073,train,5,7451df9d85b339.jpg,happywhale__1a20c92ffe68,0.09487612545490265,0
e952fdb0cabf9b.jpg,happywhale__5bf17305f073,train,6,675217bbc28d92.jpg,happywhale__a6e325d8e924,0.09191315621137619,0
e952fdb0cabf9b.jpg,happywhale__5bf17305f073,train,7,ecd184cab529f9.jpg,happywhale__cb0fed574200,0.08711978793144226,0
e952fdb0cabf9b.jpg,happywhale__5bf17305f073,train,8,e82ffacc3f24ee.jpg,happywhale__387f17f0676e,0.08675365895032883,0
e952fdb0cabf9b.jpg,happywhale__5bf17305f073,train,9,277da638fb884c.jpg,happywhale__bf412253bbc2,0.08465204387903214,0
e952fdb0cabf9b.jpg,happywhale__5bf17305f073,train,10,7e67d8b3e7901b.jpg,happywhale__ffbb4e585ff2,0.08131488412618637,0
a7f84e15164bef.jpg,happywhale__3028ee318e75,train,1,c0b804aaa17c62.jpg,happywhale__9e89f8e28807,0.11436375975608826,0
a7f84e15164bef.jpg,happywhale__3028ee318e75,train,2,056a23a731a1d2.jpg,happywhale__6c431160f03b,0.10749150067567825,0
a7f84e15164bef.jpg,happywhale__3028ee318e75,train,3,0d03aa62b737d4.jpg,happywhale__4b8534134eb8,0.10625249892473221,0
a7f84e15164bef.jpg,happywhale__3028ee318e75,train,4,51a076ba6f6a4d.jpg,happywhale__76b5aad6b790,0.1016436517238617,0
a7f84e15164bef.jpg,happywhale__3028ee318e75,train,5,bab8d85ad5869f.jpg,happywhale__c54c8b3b9cad,0.0941796749830246,0
a7f84e15164bef.jpg,happywhale__3028ee318e75,train,6,68933a399b3cfd.jpg,happywhale__10e758eb503a,0.08539524674415588,0
a7f84e15164bef.jpg,happywhale__3028ee318e75,train,7,c59c184d57505b.jpg,happywhale__47e591d9b820,0.08374734222888947,0
a7f84e15164bef.jpg,happywhale__3028ee318e75,train,8,e677ab132c2c91.jpg,happywhale__f46973e895f7,0.0820758193731308,0
a7f84e15164bef.jpg,happywhale__3028ee318e75,train,9,73ddfd15fac7f5.jpg,happywhale__180c0ab04dcd,0.08146727085113525,0
a7f84e15164bef.jpg,happywhale__3028ee318e75,train,10,018490eafcf301.jpg,happywhale__2ca0b9b39092,0.07991597056388855,0
ed0d783cd17fc4.jpg,happywhale__64c398234574,train,1,5b987c84f20402.jpg,happywhale__10e758eb503a,0.12818686664104462,0
ed0d783cd17fc4.jpg,happywhale__64c398234574,train,2,da6e4b3f090235.jpg,happywhale__4b9bc905af99,0.11581574380397797,0
ed0d783cd17fc4.jpg,happywhale__64c398234574,train,3,307f012be0b64e.jpg,happywhale__7362d7a01d00,0.11092272400856018,0
ed0d783cd17fc4.jpg,happywhale__64c398234574,train,4,4a907287c82c29.jpg,happywhale__79eceab9ebee,0.10826702415943146,0
ed0d783cd17fc4.jpg,happywhale__64c398234574,train,5,593e4c1d710485.jpg,happywhale__4b8534134eb8,0.10436026006937027,0
ed0d783cd17fc4.jpg,happywhale__64c398234574,train,6,46b660c88e5dec.jpg,happywhale__b701a645a567,0.10304427891969681,0
ed0d783cd17fc4.jpg,happywhale__64c398234574,train,7,bb1d1ff2efd90f.jpg,happywhale__5b8a39979dc2,0.09505823999643326,0
ed0d783cd17fc4.jpg,happywhale__64c398234574,train,8,0644f2806a7dec.jpg,happywhale__6398f8680938,0.09232838451862335,0
ed0d783cd17fc4.jpg,happywhale__64c398234574,train,9,522672cc4358b6.jpg,happywhale__19fbb960f07d,0.08799200505018234,0
ed0d783cd17fc4.jpg,happywhale__64c398234574,train,10,467b7ea606163d.jpg,happywhale__e53d52e33e81,0.0858132541179657,0
9d189b07696300.jpg,happywhale__6ad3713dda3a,train,1,cfc29ed0b4ac03.jpg,happywhale__3c346fc4a109,0.10916942358016968,0
9d189b07696300.jpg,happywhale__6ad3713dda3a,train,2,49b3fb1b6b5ee6.jpg,happywhale__90cfd1801b72,0.10894744843244553,0
9d189b07696300.jpg,happywhale__6ad3713dda3a,train,3,0c20fa17107d28.jpg,happywhale__586ef16f4536,0.10831736028194427,0
9d189b07696300.jpg,happywhale__6ad3713dda3a,train,4,2282c1672ebcc0.jpg,happywhale__ef0ddd083fbe,0.10040027648210526,0
9d189b07696300.jpg,happywhale__6ad3713dda3a,train,5,d718212fc7d98a.jpg,happywhale__938b7e931166,0.09336227178573608,0
9d189b07696300.jpg,happywhale__6ad3713dda3a,train,6,a81342485651c1.jpg,happywhale__162420404da3,0.08869048207998276,0
9d189b07696300.jpg,happywhale__6ad3713dda3a,train,7,7542bac9c187dc.jpg,happywhale__740ce589ff2b,0.08860443532466888,0
9d189b07696300.jpg,happywhale__6ad3713dda3a,train,8,67a725bd025cce.jpg,happywhale__600ab1de92d9,0.084272101521492,0
9d189b07696300.jpg,happywhale__6ad3713dda3a,train,9,b24da1d67a5022.jpg,happywhale__403dfea4e4bb,0.08281607925891876,0
9d189b07696300.jpg,happywhale__6ad3713dda3a,train,10,e419a6f078c95a.jpg,happywhale__be2aa86d0e5b,0.07806707173585892,0
cbdbd19e700f81.jpg,happywhale__79385e461dd1,train,1,0d80230956e1da.jpg,happywhale__a43daee90cbc,0.11101329326629639,0
cbdbd19e700f81.jpg,happywhale__79385e461dd1,train,2,b36106cb083f06.jpg,happywhale__938b7e931166,0.0998350977897644,0
cbdbd19e700f81.jpg,happywhale__79385e461dd1,train,3,1c7b0a1e07855f.jpg,happywhale__938b7e931166,0.09903333336114883,0
cbdbd19e700f81.jpg,happywhale__79385e461dd1,train,4,3dbdca7a244cfa.jpg,happywhale__ef0ddd083fbe,0.0919162705540657,0
cbdbd19e700f81.jpg,happywhale__79385e461dd1,train,5,c324b34ca91695.jpg,happywhale__6a3af6e0c55c,0.08616874366998672,0
cbdbd19e700f81.jpg,happywhale__79385e461dd1,train,6,477242315bddbc.jpg,happywhale__a59972315f7d,0.0848950669169426,0
cbdbd19e700f81.jpg,happywhale__79385e461dd1,train,7,1cc8b823cfee11.jpg,happywhale__d939e819e989,0.08462229371070862,0
cbdbd19e700f81.jpg,happywhale__79385e461dd1,train,8,cef37343bf4c6c.jpg,happywhale__19fbb960f07d,0.08389297127723694,0
cbdbd19e700f81.jpg,happywhale__79385e461dd1,train,9,a8ed5673f7f600.jpg,happywhale__15b7d08184ca,0.08323701471090317,0
cbdbd19e700f81.jpg,happywhale__79385e461dd1,train,10,c4a4c75f3ba74c.jpg,happywhale__a6e325d8e924,0.08317841589450836,0
2f7688b5efab62.jpg,happywhale__fbc05967e28f,train,1,fc1450edd0a630.jpg,happywhale__18efa8d0b472,0.09430728852748871,0
2f7688b5efab62.jpg,happywhale__fbc05967e28f,train,2,c1dd6d4ba611e2.jpg,happywhale__f7bb4f9a9d1a,0.09413718432188034,0
2f7688b5efab62.jpg,happywhale__fbc05967e28f,train,3,6277c7bf76e2a3.jpg,happywhale__be3543fc7c74,0.0932265892624855,0
2f7688b5efab62.jpg,happywhale__fbc05967e28f,train,4,eac396b91bd170.jpg,happywhale__180c0ab04dcd,0.08952948451042175,0
2f7688b5efab62.jpg,happywhale__fbc05967e28f,train,5,7e92e0462c9d25.jpg,happywhale__c9ab1ba25eb8,0.0885542780160904,0
2f7688b5efab62.jpg,happywhale__fbc05967e28f,train,6,e677ab132c2c91.jpg,happywhale__f46973e895f7,0.08778823167085648,0
2f7688b5efab62.jpg,happywhale__fbc05967e28f,train,7,fc8b905cd4ce4a.jpg,happywhale__0e4660baf3f1,0.08659231662750244,0
2f7688b5efab62.jpg,happywhale__fbc05967e28f,train,8,48f925f74de847.jpg,happywhale__3a608b68bde4,0.08611825853586197,0
2f7688b5efab62.jpg,happywhale__fbc05967e28f,train,9,4edd8f0d64019c.jpg,happywhale__9e89f8e28807,0.08361521363258362,0
2f7688b5efab62.jpg,happywhale__fbc05967e28f,train,10,f8d4cf5125cdd1.jpg,happywhale__ca88903ae96e,0.08155957609415054,0
bde1f6d9df66a0.jpg,happywhale__6f47542558a1,train,1,0d0825b2d22330.jpg,happywhale__a6e325d8e924,0.11812341213226318,0
bde1f6d9df66a0.jpg,happywhale__6f47542558a1,train,2,3a5e86b47b79bb.jpg,happywhale__a59972315f7d,0.10669727623462677,0
bde1f6d9df66a0.jpg,happywhale__6f47542558a1,train,3,908d7802777cf8.jpg,happywhale__ca88903ae96e,0.09939894080162048,0
bde1f6d9df66a0.jpg,happywhale__6f47542558a1,train,4,b347f93af4be5b.jpg,happywhale__fa45ba34134c,0.097020223736763,0
bde1f6d9df66a0.jpg,happywhale__6f47542558a1,train,5,ae22005f04ca5a.jpg,happywhale__edf59f267081,0.09296272695064545,0
bde1f6d9df66a0.jpg,happywhale__6f47542558a1,train,6,b874752b2b6030.jpg,happywhale__0f72263cd384,0.09011387825012207,0
bde1f6d9df66a0.jpg,happywhale__6f47542558a1,train,7,3928722b03eab5.jpg,happywhale__d655c1ba5181,0.08905655890703201,0
bde1f6d9df66a0.jpg,happywhale__6f47542558a1,train,8,8103c91ca5279c.jpg,happywhale__03c879f7c6d5,0.08755789697170258,0
bde1f6d9df66a0.jpg,happywhale__6f47542558a1,train,9,a63fae79fefcb0.jpg,happywhale__a7310896653d,0.08583484590053558,0
bde1f6d9df66a0.jpg,happywhale__6f47542558a1,train,10,7bc2adc88ec27a.jpg,happywhale__7355eee87d75,0.08391596376895905,0
1383b67feb4577.jpg,happywhale__d939e819e989,train,1,3c54d7eff41749.jpg,happywhale__c995c043c353,0.09684319794178009,0
1383b67feb4577.jpg,happywhale__d939e819e989,train,2,b6826988d34d0b.jpg,happywhale__b11b2404c7e3,0.09386678040027618,0
1383b67feb4577.jpg,happywhale__d939e819e989,train,3,eb1d5b701cc3a9.jpg,happywhale__114207cab555,0.08695773780345917,0
1383b67feb4577.jpg,happywhale__d939e819e989,train,4,e4164cb20e6273.jpg,happywhale__a265c977dc30,0.08377860486507416,0
1383b67feb4577.jpg,happywhale__d939e819e989,train,5,0667b46ad0eb2b.jpg,happywhale__54e54ab37a82,0.08369631320238113,0
1383b67feb4577.jpg,happywhale__d939e819e989,train,6,3f8bb023c45b5d.jpg,happywhale__f195c38bcf17,0.08364500105381012,0
1383b67feb4577.jpg,happywhale__d939e819e989,train,7,aec6cd7f2272b4.jpg,happywhale__a90eb0d80cd8,0.08168651163578033,0
1383b67feb4577.jpg,happywhale__d939e819e989,train,8,0bf8587c8a5c5e.jpg,happywhale__b9907151f66e,0.08116189390420914,0
1383b67feb4577.jpg,happywhale__d939e819e989,train,9,962ed20c01442d.jpg,happywhale__c2705f9e75c8,0.07896684855222702,0
1383b67feb4577.jpg,happywhale__d939e819e989,train,10,8a35ae995424f9.jpg,happywhale__bf412253bbc2,0.07880271971225739,0
6039380401a32d.jpg,happywhale__97589576e678,train,1,cfb9786f70765a.jpg,happywhale__48936da899c3,0.11454528570175171,0
6039380401a32d.jpg,happywhale__97589576e678,train,2,284fb6913bc975.jpg,happywhale__7bedeacdc4d2,0.10861786454916,0
6039380401a32d.jpg,happywhale__97589576e678,train,3,d139f40ca8e88f.jpg,happywhale__956562ff2888,0.10575859248638153,0
6039380401a32d.jpg,happywhale__97589576e678,train,4,f644adfcd26b60.jpg,happywhale__366200ff5b49,0.10369052737951279,0
6039380401a32d.jpg,happywhale__97589576e678,train,5,86de787f5fcf05.jpg,happywhale__600ab1de92d9,0.09197036921977997,0
6039380401a32d.jpg,happywhale__97589576e678,train,6,8231be9c41e55e.jpg,happywhale__32f6cc779cd7,0.08560600876808167,0
6039380401a32d.jpg,happywhale__97589576e678,train,7,b86c66c5bb8ef6.jpg,happywhale__9e89f8e28807,0.08480113744735718,0
6039380401a32d.jpg,happywhale__97589576e678,train,8,cc192d2b6548b7.jpg,happywhale__322a18725969,0.08244361728429794,0
6039380401a32d.jpg,happywhale__97589576e678,train,9,6a8e002d46dd21.jpg,happywhale__80d282ac5d45,0.08026205003261566,0
6039380401a32d.jpg,happywhale__97589576e678,train,10,4b36c907b56e12.jpg,happywhale__9e89f8e28807,0.07996467500925064,0
96eee90e2e4ff1.jpg,happywhale__ec2cb0e78ae0,train,1,24ce33978a67d8.jpg,happywhale__2fdb3a09dc9c,0.10523435473442078,0
96eee90e2e4ff1.jpg,happywhale__ec2cb0e78ae0,train,2,1c291674cec281.jpg,happywhale__9a6b86f7bb3e,0.0927695780992508,0
96eee90e2e4ff1.jpg,happywhale__ec2cb0e78ae0,train,3,1c2d28c404c9fc.jpg,happywhale__fdbf93575292,0.09179716557264328,0
96eee90e2e4ff1.jpg,happywhale__ec2cb0e78ae0,train,4,fe5d4d5ab0502a.jpg,happywhale__a43daee90cbc,0.08795128762722015,0
96eee90e2e4ff1.jpg,happywhale__ec2cb0e78ae0,train,5,f44fae53058124.jpg,happywhale__886086dd8462,0.08714325726032257,0
96eee90e2e4ff1.jpg,happywhale__ec2cb0e78ae0,train,6,6e3fdf51464d2c.jpg,happywhale__a265c977dc30,0.08657407760620117,0
96eee90e2e4ff1.jpg,happywhale__ec2cb0e78ae0,train,7,73ddfd15fac7f5.jpg,happywhale__180c0ab04dcd,0.0858631283044815,0
96eee90e2e4ff1.jpg,happywhale__ec2cb0e78ae0,train,8,ac287c8971c430.jpg,happywhale__9e89f8e28807,0.08141142874956131,0
96eee90e2e4ff1.jpg,happywhale__ec2cb0e78ae0,train,9,3cdbcf7dd053a6.jpg,happywhale__58555c55b575,0.08102009445428848,0
96eee90e2e4ff1.jpg,happywhale__ec2cb0e78ae0,train,10,77d933643a94e7.jpg,happywhale__ef74a2642e89,0.07978174090385437,0
50d41912dddeb8.jpg,happywhale__03c879f7c6d5,train,1,8ff84a8933671e.jpg,happywhale__8b712d2a5313,0.13841409981250763,0
50d41912dddeb8.jpg,happywhale__03c879f7c6d5,train,2,9e41da3f113abb.jpg,happywhale__2c45eacc8a8f,0.10743977129459381,0
50d41912dddeb8.jpg,happywhale__03c879f7c6d5,train,3,654519c53a0298.jpg,happywhale__22df13dec9ef,0.10189151763916016,0
50d41912dddeb8.jpg,happywhale__03c879f7c6d5,train,4,78f13e1a682b2f.jpg,happywhale__778419da2957,0.10015203803777695,0
50d41912dddeb8.jpg,happywhale__03c879f7c6d5,train,5,4c72d187f40d3d.jpg,happywhale__9e4564b3556f,0.0897015631198883,0
50d41912dddeb8.jpg,happywhale__03c879f7c6d5,train,6,51f4e2ab45fee3.jpg,happywhale__dd8c756c9cb7,0.08173742890357971,0
50d41912dddeb8.jpg,happywhale__03c879f7c6d5,train,7,6bc7a817d92d49.jpg,happywhale__d218dff09dab,0.08107709139585495,0
50d41912dddeb8.jpg,happywhale__03c879f7c6d5,train,8,1dfaac985793f0.jpg,happywhale__b54c1f8df53f,0.08014283329248428,0
50d41912dddeb8.jpg,happywhale__03c879f7c6d5,train,9,ff00c0bbad4a77.jpg,happywhale__18f270f6ca16,0.07899759709835052,0
50d41912dddeb8.jpg,happywhale__03c879f7c6d5,train,10,a535d30394dc4d.jpg,happywhale__82e7f8ecd781,0.07875174283981323,0
43e78c3f3ad7b8.jpg,happywhale__59bb4b4ec9e0,train,1,08a9873eefecdd.jpg,happywhale__1f2ec9f8f1c9,0.10453416407108307,0
43e78c3f3ad7b8.jpg,happywhale__59bb4b4ec9e0,train,2,9c50ba3db40b1c.jpg,happywhale__e839ee7d8cf0,0.09402616322040558,0
43e78c3f3ad7b8.jpg,happywhale__59bb4b4ec9e0,train,3,689e9ce185c8a6.jpg,happywhale__c2705f9e75c8,0.08785530924797058,0
43e78c3f3ad7b8.jpg,happywhale__59bb4b4ec9e0,train,4,064a58e26d8b34.jpg,happywhale__be2aa86d0e5b,0.0877724438905716,0
43e78c3f3ad7b8.jpg,happywhale__59bb4b4ec9e0,train,5,b36106cb083f06.jpg,happywhale__938b7e931166,0.07899459451436996,0
43e78c3f3ad7b8.jpg,happywhale__59bb4b4ec9e0,train,6,3fec3ca369738d.jpg,happywhale__02da0e68dccd,0.07694563269615173,0
43e78c3f3ad7b8.jpg,happywhale__59bb4b4ec9e0,train,7,04ce80680480d6.jpg,happywhale__f3c484809ce8,0.07678394764661789,0
43e78c3f3ad7b8.jpg,happywhale__59bb4b4ec9e0,train,8,6bc7a817d92d49.jpg,happywhale__d218dff09dab,0.07676757127046585,0
43e78c3f3ad7b8.jpg,happywhale__59bb4b4ec9e0,train,9,604972f7e592d1.jpg,happywhale__077a5cc373ed,0.0759962946176529,0
43e78c3f3ad7b8.jpg,happywhale__59bb4b4ec9e0,train,10,1cc8b823cfee11.jpg,happywhale__d939e819e989,0.07302016019821167,0
aa55bc7638f3bc.jpg,happywhale__423cd19d6b7e,train,1,096ec11c48ea3d.jpg,happywhale__ec2cb0e78ae0,0.09899534285068512,0
aa55bc7638f3bc.jpg,happywhale__423cd19d6b7e,train,2,eacb43d7af25e4.jpg,happywhale__37c7aba965a5,0.09142473340034485,0
aa55bc7638f3bc.jpg,happywhale__423cd19d6b7e,train,3,8cb14fda1a1d19.jpg,happywhale__07a477b6a091,0.08943407237529755,0
aa55bc7638f3bc.jpg,happywhale__423cd19d6b7e,train,4,48f925f74de847.jpg,happywhale__3a608b68bde4,0.08732742071151733,0
aa55bc7638f3bc.jpg,happywhale__423cd19d6b7e,train,5,a1067dc939af3c.jpg,happywhale__4d18b20adff3,0.08336358517408371,0
aa55bc7638f3bc.jpg,happywhale__423cd19d6b7e,train,6,89d1d660ff44b3.jpg,happywhale__9f750b3dd09d,0.08024311065673828,0
aa55bc7638f3bc.jpg,happywhale__423cd19d6b7e,train,7,f4dc639b841709.jpg,happywhale__366200ff5b49,0.07910378277301788,0
aa55bc7638f3bc.jpg,happywhale__423cd19d6b7e,train,8,064a58e26d8b34.jpg,happywhale__be2aa86d0e5b,0.07766561210155487,0
aa55bc7638f3bc.jpg,happywhale__423cd19d6b7e,train,9,c917acef84528b.jpg,happywhale__37c7aba965a5,0.0774402990937233,0
aa55bc7638f3bc.jpg,happywhale__423cd19d6b7e,train,10,940ce6d0e7656e.jpg,happywhale__f195c38bcf17,0.07722857594490051,0
1375d1021cce8e.jpg,happywhale__4b00fe572063,train,1,8ac244ce76b969.jpg,happywhale__5f48c2296a0e,0.10640013217926025,0
1375d1021cce8e.jpg,happywhale__4b00fe572063,train,2,a8a0ba63daa5fa.jpg,happywhale__04c451d68284,0.10242253541946411,0
1375d1021cce8e.jpg,happywhale__4b00fe572063,train,3,b3d94b309a4472.jpg,happywhale__956562ff2888,0.09979657828807831,0
1375d1021cce8e.jpg,happywhale__4b00fe572063,train,4,8cc6a6222a89f5.jpg,happywhale__04cc97bc74f0,0.09737157821655273,0
1375d1021cce8e.jpg,happywhale__4b00fe572063,train,5,c86eb7d20ec473.jpg,happywhale__7bdf83ff6076,0.09694692492485046,0
1375d1021cce8e.jpg,happywhale__4b00fe572063,train,6,5e9dbaf67afc64.jpg,happywhale__0611c23e6914,0.09264472872018814,0
1375d1021cce8e.jpg,happywhale__4b00fe572063,train,7,d9c4b90a6d9ac2.jpg,happywhale__19fbb960f07d,0.0852118581533432,0
1375d1021cce8e.jpg,happywhale__4b00fe572063,train,8,b28509af468427.jpg,happywhale__322a18725969,0.08246135711669922,0
1375d1021cce8e.jpg,happywhale__4b00fe572063,train,9,948b8a7bd8ed9d.jpg,happywhale__1ff6d285b427,0.08098946511745453,0
1375d1021cce8e.jpg,happywhale__4b00fe572063,train,10,a1822ebec8998f.jpg,happywhale__8bc942512479,0.07911153882741928,0
620b4904d34223.jpg,happywhale__018aaba90625,train,1,c59c184d57505b.jpg,happywhale__47e591d9b820,0.11321335285902023,0
620b4904d34223.jpg,happywhale__018aaba90625,train,2,b36106cb083f06.jpg,happywhale__938b7e931166,0.09991725534200668,0
620b4904d34223.jpg,happywhale__018aaba90625,train,3,7c5872d98edef6.jpg,happywhale__626fc1a305f3,0.08990326523780823,0
620b4904d34223.jpg,happywhale__018aaba90625,train,4,6be9cca6c64aff.jpg,happywhale__1191a41ee0f4,0.089734748005867,0
620b4904d34223.jpg,happywhale__018aaba90625,train,5,d2223f21b5474c.jpg,happywhale__00ccfc1f8b06,0.08773694187402725,0
620b4904d34223.jpg,happywhale__018aaba90625,train,6,0bf8587c8a5c5e.jpg,happywhale__b9907151f66e,0.08666971325874329,0
620b4904d34223.jpg,happywhale__018aaba90625,train,7,6de42412f2b142.jpg,happywhale__445270d9ad52,0.08293754607439041,0
620b4904d34223.jpg,happywhale__018aaba90625,train,8,360f294366b6e6.jpg,happywhale__208b91b1ca2b,0.08159090578556061,0
620b4904d34223.jpg,happywhale__018aaba90625,train,9,97422bc1877708.jpg,happywhale__9b97e5d240c9,0.08067740499973297,0
620b4904d34223.jpg,happywhale__018aaba90625,train,10,ae22005f04ca5a.jpg,happywhale__edf59f267081,0.08053670823574066,0
b69217e91a69fc.jpg,happywhale__938b7e931166,train,1,d4f471754d2739.jpg,happywhale__695bb814ce56,0.1070772260427475,0
b69217e91a69fc.jpg,happywhale__938b7e931166,train,2,343ae34b44410d.jpg,happywhale__7845337998d6,0.1069527342915535,0
b69217e91a69fc.jpg,happywhale__938b7e931166,train,3,ae22005f04ca5a.jpg,happywhale__edf59f267081,0.10154606401920319,0
b69217e91a69fc.jpg,happywhale__938b7e931166,train,4,e7b748c1658dd4.jpg,happywhale__19fbb960f07d,0.09740353375673294,0
b69217e91a69fc.jpg,happywhale__938b7e931166,train,5,940ce6d0e7656e.jpg,happywhale__f195c38bcf17,0.09584391117095947,0
b69217e91a69fc.jpg,happywhale__938b7e931166,train,6,7bc2adc88ec27a.jpg,happywhale__7355eee87d75,0.09151527285575867,0
b69217e91a69fc.jpg,happywhale__938b7e931166,train,7,1b6f707bdf48fb.jpg,happywhale__938b7e931166,0.09035824239253998,1
b69217e91a69fc.jpg,happywhale__938b7e931166,train,8,253f5043822c12.jpg,happywhale__77410a623426,0.08605395257472992,0
b69217e91a69fc.jpg,happywhale__938b7e931166,train,9,5e3f95bbd6b3a2.jpg,happywhale__93fbdbf1feb6,0.0790112316608429,0
b69217e91a69fc.jpg,happywhale__938b7e931166,train,10,12287d194b827b.jpg,happywhale__d7f28b82d740,0.07703875005245209,0
345af76d58bfaa.jpg,happywhale__cccdade6dad1,train,1,8a35ae995424f9.jpg,happywhale__bf412253bbc2,0.11704954504966736,0
345af76d58bfaa.jpg,happywhale__cccdade6dad1,train,2,3a1e8f7cf6cd1d.jpg,happywhale__114207cab555,0.11039460450410843,0
345af76d58bfaa.jpg,happywhale__cccdade6dad1,train,3,f9be911ac673ea.jpg,happywhale__d04d847eb995,0.1073077917098999,0
345af76d58bfaa.jpg,happywhale__cccdade6dad1,train,4,0c9c6cfb9f2014.jpg,happywhale__6e8b8fed87af,0.09565754979848862,0
345af76d58bfaa.jpg,happywhale__cccdade6dad1,train,5,1c22d0aeac13f9.jpg,happywhale__d5e0b1aa6132,0.09317224472761154,0
345af76d58bfaa.jpg,happywhale__cccdade6dad1,train,6,08afcc9a51485c.jpg,happywhale__8690c5185efc,0.09232180565595627,0
345af76d58bfaa.jpg,happywhale__cccdade6dad1,train,7,5517b0d5889e08.jpg,happywhale__6f632b846891,0.09225831925868988,0
345af76d58bfaa.jpg,happywhale__cccdade6dad1,train,8,69e87bce810369.jpg,happywhale__e53d52e33e81,0.09181778132915497,0
345af76d58bfaa.jpg,happywhale__cccdade6dad1,train,9,60a9d4e6c82547.jpg,happywhale__77410a623426,0.0906422808766365,0
345af76d58bfaa.jpg,happywhale__cccdade6dad1,train,10,ff7fecdb220021.jpg,happywhale__ee53c5575e67,0.0872412696480751,0
2aefa8a802e262.jpg,happywhale__e44e4b2ceed9,train,1,fe5d4d5ab0502a.jpg,happywhale__a43daee90cbc,0.09072853624820709,0
2aefa8a802e262.jpg,happywhale__e44e4b2ceed9,train,2,b347f93af4be5b.jpg,happywhale__fa45ba34134c,0.08774639666080475,0
2aefa8a802e262.jpg,happywhale__e44e4b2ceed9,train,3,77513bbcd32885.jpg,happywhale__18f270f6ca16,0.08669198304414749,0
2aefa8a802e262.jpg,happywhale__e44e4b2ceed9,train,4,a05aad267c22b8.jpg,happywhale__bf7e1e0738f5,0.08370181918144226,0
2aefa8a802e262.jpg,happywhale__e44e4b2ceed9,train,5,b47f6068788fbe.jpg,happywhale__0c7efa8795f5,0.08364106714725494,0
2aefa8a802e262.jpg,happywhale__e44e4b2ceed9,train,6,73ddfd15fac7f5.jpg,happywhale__180c0ab04dcd,0.08293988555669785,0
2aefa8a802e262.jpg,happywhale__e44e4b2ceed9,train,7,0d80230956e1da.jpg,happywhale__a43daee90cbc,0.08238919824361801,0
2aefa8a802e262.jpg,happywhale__e44e4b2ceed9,train,8,a7c99a8e962fbb.jpg,happywhale__df109f6bede4,0.07924729585647583,0
2aefa8a802e262.jpg,happywhale__e44e4b2ceed9,train,9,00f0f055d749fa.jpg,happywhale__208b91b1ca2b,0.07900844514369965,0
2aefa8a802e262.jpg,happywhale__e44e4b2ceed9,train,10,b555be3ae663c7.jpg,happywhale__5bf17305f073,0.07749930024147034,0
f9f3d06f8fff90.jpg,happywhale__37c7aba965a5,train,1,623f90b86cd4a6.jpg,happywhale__8274ddd12a43,0.12119085341691971,0
f9f3d06f8fff90.jpg,happywhale__37c7aba965a5,train,2,c280549b447973.jpg,happywhale__281504409737,0.08946125209331512,0
f9f3d06f8fff90.jpg,happywhale__37c7aba965a5,train,3,ae22005f04ca5a.jpg,happywhale__edf59f267081,0.08793828636407852,0
f9f3d06f8fff90.jpg,happywhale__37c7aba965a5,train,4,3f01bc94f640ec.jpg,happywhale__37c7aba965a5,0.08587934076786041,1
f9f3d06f8fff90.jpg,happywhale__37c7aba965a5,train,5,c324b34ca91695.jpg,happywhale__6a3af6e0c55c,0.08214999735355377,0
f9f3d06f8fff90.jpg,happywhale__37c7aba965a5,train,6,3fd92b27446cdc.jpg,happywhale__b9907151f66e,0.08203545957803726,0
f9f3d06f8fff90.jpg,happywhale__37c7aba965a5,train,7,219cf35eac247b.jpg,happywhale__fa633c922517,0.08074778318405151,0
f9f3d06f8fff90.jpg,happywhale__37c7aba965a5,train,8,c6a39dc44fa850.jpg,happywhale__c0fcaa257f91,0.07698440551757812,0
f9f3d06f8fff90.jpg,happywhale__37c7aba965a5,train,9,5cdc99e062770e.jpg,happywhale__f195c38bcf17,0.07669150829315186,0
f9f3d06f8fff90.jpg,happywhale__37c7aba965a5,train,10,ff7fecdb220021.jpg,happywhale__ee53c5575e67,0.07494179159402847,0
6c4fc4812acee9.jpg,happywhale__c0fcaa257f91,train,1,55a198ebbd493b.jpg,happywhale__37c7aba965a5,0.14182962477207184,0
6c4fc4812acee9.jpg,happywhale__c0fcaa257f91,train,2,284fb6913bc975.jpg,happywhale__7bedeacdc4d2,0.12654785811901093,0
6c4fc4812acee9.jpg,happywhale__c0fcaa257f91,train,3,fced98184eb34c.jpg,happywhale__938b7e931166,0.10603047162294388,0
6c4fc4812acee9.jpg,happywhale__c0fcaa257f91,train,4,aed691e7005984.jpg,happywhale__ecd7bda11e61,0.0905979573726654,0
6c4fc4812acee9.jpg,happywhale__c0fcaa257f91,train,5,f78d18a00faaa4.jpg,happywhale__4a67e64bd3b7,0.08832057565450668,0
6c4fc4812acee9.jpg,happywhale__c0fcaa257f91,train,6,a47c5050ec16c8.jpg,happywhale__9f750b3dd09d,0.08735180646181107,0
6c4fc4812acee9.jpg,happywhale__c0fcaa257f91,train,7,49eb5543456d28.jpg,happywhale__abbeba14a290,0.08642170578241348,0
6c4fc4812acee9.jpg,happywhale__c0fcaa257f91,train,8,8ef6d11022cbd5.jpg,happywhale__7a58308da755,0.08528618514537811,0
6c4fc4812acee9.jpg,happywhale__c0fcaa257f91,train,9,13e0d6a464f1c8.jpg,happywhale__ffbb4e585ff2,0.08269590884447098,0
6c4fc4812acee9.jpg,happywhale__c0fcaa257f91,train,10,afc27d59392f54.jpg,happywhale__f17a28521e9d,0.08268103003501892,0
53b64af3e67d19.jpg,happywhale__2aa3e856e46e,train,1,08afcc9a51485c.jpg,happywhale__8690c5185efc,0.12178173661231995,0
53b64af3e67d19.jpg,happywhale__2aa3e856e46e,train,2,1abe4a08e90e36.jpg,happywhale__67355c25f841,0.10504455864429474,0
53b64af3e67d19.jpg,happywhale__2aa3e856e46e,train,3,69e87bce810369.jpg,happywhale__e53d52e33e81,0.10486896336078644,0
53b64af3e67d19.jpg,happywhale__2aa3e856e46e,train,4,f17562e0d7b43e.jpg,happywhale__0f72263cd384,0.09340064972639084,0
53b64af3e67d19.jpg,happywhale__2aa3e856e46e,train,5,a9e2b824086a7e.jpg,happywhale__64c398234574,0.09230344742536545,0
53b64af3e67d19.jpg,happywhale__2aa3e856e46e,train,6,69c14ffa8abb76.jpg,happywhale__a8c9dfb8ac6f,0.09222240746021271,0
53b64af3e67d19.jpg,happywhale__2aa3e856e46e,train,7,db5abd2820d671.jpg,happywhale__aeae6f5bf5cd,0.09042373299598694,0
53b64af3e67d19.jpg,happywhale__2aa3e856e46e,train,8,c182cc0a0ae4e8.jpg,happywhale__9f3613b5c45b,0.09005975723266602,0
53b64af3e67d19.jpg,happywhale__2aa3e856e46e,train,9,8bc9e703955361.jpg,happywhale__a52e4ad2dbb3,0.08928484469652176,0
53b64af3e67d19.jpg,happywhale__2aa3e856e46e,train,10,24ce33978a67d8.jpg,happywhale__2fdb3a09dc9c,0.08582325279712677,0
4e1e3cd9acb4bd.jpg,happywhale__ffd38c0d37ad,train,1,62ef031f8a437f.jpg,happywhale__7362d7a01d00,0.1224362850189209,0
4e1e3cd9acb4bd.jpg,happywhale__ffd38c0d37ad,train,2,e2aff076642b23.jpg,happywhale__59bb4b4ec9e0,0.1007298082113266,0
4e1e3cd9acb4bd.jpg,happywhale__ffd38c0d37ad,train,3,dbb87967fc4e9e.jpg,happywhale__82af241cd012,0.09859198331832886,0
4e1e3cd9acb4bd.jpg,happywhale__ffd38c0d37ad,train,4,e34807da4c5860.jpg,happywhale__59bb4b4ec9e0,0.09638763219118118,0
4e1e3cd9acb4bd.jpg,happywhale__ffd38c0d37ad,train,5,90cd5f1c37fbdf.jpg,happywhale__b61c15e89c3c,0.08415312319993973,0
4e1e3cd9acb4bd.jpg,happywhale__ffd38c0d37ad,train,6,b8d41c967a740e.jpg,happywhale__82156b30e667,0.08412116020917892,0
4e1e3cd9acb4bd.jpg,happywhale__ffd38c0d37ad,train,7,89d1d660ff44b3.jpg,happywhale__9f750b3dd09d,0.08066418021917343,0
4e1e3cd9acb4bd.jpg,happywhale__ffd38c0d37ad,train,8,b3500da8409f96.jpg,happywhale__6e8b8fed87af,0.07996252179145813,0
4e1e3cd9acb4bd.jpg,happywhale__ffd38c0d37ad,train,9,242b9417b81b67.jpg,happywhale__daa006a682c7,0.07890605926513672,0
4e1e3cd9acb4bd.jpg,happywhale__ffd38c0d37ad,train,10,a1067dc939af3c.jpg,happywhale__4d18b20adff3,0.07888559997081757,0
18df6b81cbc132.jpg,happywhale__46988583261a,train,1,f1e4c988841a54.jpg,happywhale__c27db73f0e3b,0.10778771340847015,0
18df6b81cbc132.jpg,happywhale__46988583261a,train,2,de775a1aedbb3f.jpg,happywhale__bc1eb2241633,0.1057763546705246,0
18df6b81cbc132.jpg,happywhale__46988583261a,train,3,1944b232bf7ce9.jpg,happywhale__46414154efbc,0.0923343226313591,0
18df6b81cbc132.jpg,happywhale__46988583261a,train,4,b60939357c0b45.jpg,happywhale__ed3416e01fe2,0.09031039476394653,0
18df6b81cbc132.jpg,happywhale__46988583261a,train,5,f9bfc76d25afcb.jpg,happywhale__a22f9b1c9bc5,0.08781395852565765,0
18df6b81cbc132.jpg,happywhale__46988583261a,train,6,d139f40ca8e88f.jpg,happywhale__956562ff2888,0.08694882690906525,0
18df6b81cbc132.jpg,happywhale__46988583261a,train,7,54c6d0a43337cc.jpg,happywhale__76b5aad6b790,0.08643848448991776,0
18df6b81cbc132.jpg,happywhale__46988583261a,train,8,3c54d7eff41749.jpg,happywhale__c995c043c353,0.08470433205366135,0
18df6b81cbc132.jpg,happywhale__46988583261a,train,9,eac396b91bd170.jpg,happywhale__180c0ab04dcd,0.08348522335290909,0
18df6b81cbc132.jpg,happywhale__46988583261a,train,10,aa183bcfdcc624.jpg,happywhale__c995c043c353,0.08334608376026154,0
1de0b81f40104a.jpg,happywhale__1e802c3294cc,train,1,46b660c88e5dec.jpg,happywhale__b701a645a567,0.12310723960399628,0
1de0b81f40104a.jpg,happywhale__1e802c3294cc,train,2,5cd5cbda9eb4d2.jpg,happywhale__4a67e64bd3b7,0.10817008465528488,0
1de0b81f40104a.jpg,happywhale__1e802c3294cc,train,3,fc8b905cd4ce4a.jpg,happywhale__0e4660baf3f1,0.10763897746801376,0
1de0b81f40104a.jpg,happywhale__1e802c3294cc,train,4,90cd5f1c37fbdf.jpg,happywhale__b61c15e89c3c,0.09924492239952087,0
1de0b81f40104a.jpg,happywhale__1e802c3294cc,train,5,287f766c9c379f.jpg,happywhale__9e89f8e28807,0.0933104082942009,0
1de0b81f40104a.jpg,happywhale__1e802c3294cc,train,6,ae22005f04ca5a.jpg,happywhale__edf59f267081,0.0923534631729126,0
1de0b81f40104a.jpg,happywhale__1e802c3294cc,train,7,b7a44346363e7b.jpg,happywhale__e8791b2a80da,0.09064757078886032,0
1de0b81f40104a.jpg,happywhale__1e802c3294cc,train,8,071b32281bf64a.jpg,happywhale__51c1774c4f6e,0.0886436402797699,0
1de0b81f40104a.jpg,happywhale__1e802c3294cc,train,9,802fc46a882ea9.jpg,happywhale__4905c4399fdf,0.08522318303585052,0
1de0b81f40104a.jpg,happywhale__1e802c3294cc,train,10,7e67d8b3e7901b.jpg,happywhale__ffbb4e585ff2,0.08507516980171204,0
5abbd7d235f5a0.jpg,happywhale__956562ff2888,train,1,1dfaac985793f0.jpg,happywhale__b54c1f8df53f,0.09617248177528381,0
5abbd7d235f5a0.jpg,happywhale__956562ff2888,train,2,6dc8674d839472.jpg,happywhale__37c7aba965a5,0.0888672024011612,0
5abbd7d235f5a0.jpg,happywhale__956562ff2888,train,3,74e9ba35bd9677.jpg,happywhale__445270d9ad52,0.08337665349245071,0
5abbd7d235f5a0.jpg,happywhale__956562ff2888,train,4,2f6158c21077bb.jpg,happywhale__02da0e68dccd,0.08290047943592072,0
5abbd7d235f5a0.jpg,happywhale__956562ff2888,train,5,9ce37dff58d0f0.jpg,happywhale__37c7aba965a5,0.08241385221481323,0
5abbd7d235f5a0.jpg,happywhale__956562ff2888,train,6,074d06d5eba5c5.jpg,happywhale__2c45eacc8a8f,0.08091452717781067,0
5abbd7d235f5a0.jpg,happywhale__956562ff2888,train,7,94b441d82224d6.jpg,happywhale__5bf17305f073,0.08014829456806183,0
5abbd7d235f5a0.jpg,happywhale__956562ff2888,train,8,0b2022cc914783.jpg,happywhale__02ac4e3ca497,0.07905206829309464,0
5abbd7d235f5a0.jpg,happywhale__956562ff2888,train,9,62ef031f8a437f.jpg,happywhale__7362d7a01d00,0.07898879796266556,0
5abbd7d235f5a0.jpg,happywhale__956562ff2888,train,10,2282c1672ebcc0.jpg,happywhale__ef0ddd083fbe,0.07392536103725433,0
e541913b24e2ea.jpg,happywhale__538554bfc6ca,train,1,245113f3c61ae8.jpg,happywhale__ca88903ae96e,0.12483341246843338,0
e541913b24e2ea.jpg,happywhale__538554bfc6ca,train,2,c0b804aaa17c62.jpg,happywhale__9e89f8e28807,0.11579392850399017,0
e541913b24e2ea.jpg,happywhale__538554bfc6ca,train,3,df309b8ead2b6e.jpg,happywhale__dd8c756c9cb7,0.11339230835437775,0
e541913b24e2ea.jpg,happywhale__538554bfc6ca,train,4,e5b6da95447939.jpg,happywhale__37c7aba965a5,0.10567447543144226,0
e541913b24e2ea.jpg,happywhale__538554bfc6ca,train,5,689e9ce185c8a6.jpg,happywhale__c2705f9e75c8,0.08545481413602829,0
e541913b24e2ea.jpg,happywhale__538554bfc6ca,train,6,eacb43d7af25e4.jpg,happywhale__37c7aba965a5,0.08527758717536926,0
e541913b24e2ea.jpg,happywhale__538554bfc6ca,train,7,b8d41c967a740e.jpg,happywhale__82156b30e667,0.08390649408102036,0
e541913b24e2ea.jpg,happywhale__538554bfc6ca,train,8,65fe551281f25d.jpg,happywhale__a3e8d208c6a4,0.0838257297873497,0
e541913b24e2ea.jpg,happywhale__538554bfc6ca,train,9,da9c4ba68c6be6.jpg,happywhale__c27db73f0e3b,0.08218564838171005,0
e541913b24e2ea.jpg,happywhale__538554bfc6ca,train,10,90cd5f1c37fbdf.jpg,happywhale__b61c15e89c3c,0.08134138584136963,0
71ea3e1ffa7747.jpg,happywhale__e839ee7d8cf0,train,1,0bf8587c8a5c5e.jpg,happywhale__b9907151f66e,0.11064058542251587,0
71ea3e1ffa7747.jpg,happywhale__e839ee7d8cf0,train,2,c80e284d60c7a8.jpg,happywhale__a22f9b1c9bc5,0.10054911673069,0
71ea3e1ffa7747.jpg,happywhale__e839ee7d8cf0,train,3,8ac244ce76b969.jpg,happywhale__5f48c2296a0e,0.09672337025403976,0
71ea3e1ffa7747.jpg,happywhale__e839ee7d8cf0,train,4,e70ade645a9396.jpg,happywhale__37c7aba965a5,0.09286268055438995,0
71ea3e1ffa7747.jpg,happywhale__e839ee7d8cf0,train,5,962ed20c01442d.jpg,happywhale__c2705f9e75c8,0.0912356898188591,0
71ea3e1ffa7747.jpg,happywhale__e839ee7d8cf0,train,6,3928722b03eab5.jpg,happywhale__d655c1ba5181,0.08746076375246048,0
71ea3e1ffa7747.jpg,happywhale__e839ee7d8cf0,train,7,2169a83e915fee.jpg,happywhale__37c7aba965a5,0.08698096126317978,0
71ea3e1ffa7747.jpg,happywhale__e839ee7d8cf0,train,8,74e9ba35bd9677.jpg,happywhale__445270d9ad52,0.08142196387052536,0
71ea3e1ffa7747.jpg,happywhale__e839ee7d8cf0,train,9,9454c39e9b0ea6.jpg,happywhale__10e758eb503a,0.08099834620952606,0
71ea3e1ffa7747.jpg,happywhale__e839ee7d8cf0,train,10,024598d552aff1.jpg,happywhale__7ace4d166c97,0.08094243705272675,0
ea619fb7c10424.jpg,happywhale__ca88903ae96e,train,1,996f81c60c47b7.jpg,happywhale__7362d7a01d00,0.11086945235729218,0
ea619fb7c10424.jpg,happywhale__ca88903ae96e,train,2,d71a6c412f2325.jpg,happywhale__1492507238d8,0.11070333421230316,0
ea619fb7c10424.jpg,happywhale__ca88903ae96e,train,3,ac287c8971c430.jpg,happywhale__9e89f8e28807,0.096253901720047,0
ea619fb7c10424.jpg,happywhale__ca88903ae96e,train,4,5005284b3a7e0d.jpg,happywhale__73e13d5e4ada,0.09511345624923706,0
ea619fb7c10424.jpg,happywhale__ca88903ae96e,train,5,acdbfde9f7b21d.jpg,happywhale__938b7e931166,0.09206841886043549,0
ea619fb7c10424.jpg,happywhale__ca88903ae96e,train,6,6f786d196df3f0.jpg,happywhale__f46395452c26,0.09182754158973694,0
ea619fb7c10424.jpg,happywhale__ca88903ae96e,train,7,9d20b0aeef4d70.jpg,happywhale__ce873781a2c4,0.09086047112941742,0
ea619fb7c10424.jpg,happywhale__ca88903ae96e,train,8,66561365eaae79.jpg,happywhale__35f898e6595e,0.08940264582633972,0
ea619fb7c10424.jpg,happywhale__ca88903ae96e,train,9,816e99bc344c04.jpg,happywhale__7053d3c812b5,0.08662940561771393,0
ea619fb7c10424.jpg,happywhale__ca88903ae96e,train,10,52a08ec6ba9298.jpg,happywhale__2e268c8dbd31,0.08580771088600159,0
72bba60e8f479c.jpg,happywhale__589bc50dee58,train,1,19776eeb8e4c70.jpg,happywhale__2372d0d26c20,0.09691672027111053,0
72bba60e8f479c.jpg,happywhale__589bc50dee58,train,2,3ec0ca8fae665f.jpg,happywhale__3028ee318e75,0.09460096061229706,0
72bba60e8f479c.jpg,happywhale__589bc50dee58,train,3,89e13f314ccb70.jpg,happywhale__1a818ec2ac9e,0.08680427074432373,0
72bba60e8f479c.jpg,happywhale__589bc50dee58,train,4,48f925f74de847.jpg,happywhale__3a608b68bde4,0.08457642048597336,0
72bba60e8f479c.jpg,happywhale__589bc50dee58,train,5,5a0fc41d18a742.jpg,happywhale__cccdade6dad1,0.08429266512393951,0
72bba60e8f479c.jpg,happywhale__589bc50dee58,train,6,f46399ab5c7482.jpg,happywhale__84d91f8c1f99,0.08346374332904816,0
72bba60e8f479c.jpg,happywhale__589bc50dee58,train,7,37593fc9e87073.jpg,happywhale__a3c2b1f0ddc4,0.08235882967710495,0
72bba60e8f479c.jpg,happywhale__589bc50dee58,train,8,e5d56ad10c4626.jpg,happywhale__ec2cb0e78ae0,0.08194386959075928,0
72bba60e8f479c.jpg,happywhale__589bc50dee58,train,9,08a9873eefecdd.jpg,happywhale__1f2ec9f8f1c9,0.08182106167078018,0
72bba60e8f479c.jpg,happywhale__589bc50dee58,train,10,1cc8b823cfee11.jpg,happywhale__d939e819e989,0.08077193051576614,0
d6128f8f7c4418.jpg,happywhale__ee0ca4cf0faf,train,1,c5e5bb3770dbdc.jpg,happywhale__a43daee90cbc,0.12772877514362335,0
d6128f8f7c4418.jpg,happywhale__ee0ca4cf0faf,train,2,34d61112e99d6b.jpg,happywhale__8bc942512479,0.09623012691736221,0
d6128f8f7c4418.jpg,happywhale__ee0ca4cf0faf,train,3,99caa6a3d8146d.jpg,happywhale__73e13d5e4ada,0.09410730004310608,0
d6128f8f7c4418.jpg,happywhale__ee0ca4cf0faf,train,4,9d20b0aeef4d70.jpg,happywhale__ce873781a2c4,0.09314091503620148,0
d6128f8f7c4418.jpg,happywhale__ee0ca4cf0faf,train,5,3bdf76bf93a008.jpg,happywhale__ffd38c0d37ad,0.09205106645822525,0
d6128f8f7c4418.jpg,happywhale__ee0ca4cf0faf,train,6,82376ac284c581.jpg,happywhale__6f632b846891,0.09005117416381836,0
d6128f8f7c4418.jpg,happywhale__ee0ca4cf0faf,train,7,10fb087a526abe.jpg,happywhale__480677e8cf20,0.08857031911611557,0
d6128f8f7c4418.jpg,happywhale__ee0ca4cf0faf,train,8,5af9b2038fd526.jpg,happywhale__4b8534134eb8,0.08017082512378693,0
d6128f8f7c4418.jpg,happywhale__ee0ca4cf0faf,train,9,7e028f5242a7d5.jpg,happywhale__ad981a124bbd,0.07917999476194382,0
d6128f8f7c4418.jpg,happywhale__ee0ca4cf0faf,train,10,5bbffc16d1fd16.jpg,happywhale__02da0e68dccd,0.07912494987249374,0
ef4fc088e8c75b.jpg,happywhale__c27db73f0e3b,train,1,881699068277b0.jpg,happywhale__f195c38bcf17,0.12477772682905197,0
ef4fc088e8c75b.jpg,happywhale__c27db73f0e3b,train,2,be3c49a3168f24.jpg,happywhale__322a18725969,0.11601445078849792,0
ef4fc088e8c75b.jpg,happywhale__c27db73f0e3b,train,3,96f5e794e16543.jpg,happywhale__6a6fa3ec3810,0.1147485300898552,0
ef4fc088e8c75b.jpg,happywhale__c27db73f0e3b,train,4,75a216ccefe835.jpg,happywhale__f195c38bcf17,0.0933590978384018,0
ef4fc088e8c75b.jpg,happywhale__c27db73f0e3b,train,5,d958a629c25c4f.jpg,happywhale__4d18b20adff3,0.09258159250020981,0
ef4fc088e8c75b.jpg,happywhale__c27db73f0e3b,train,6,f0a2ba2b619c7a.jpg,happywhale__445270d9ad52,0.09251774847507477,0
ef4fc088e8c75b.jpg,happywhale__c27db73f0e3b,train,7,40f834fe646a30.jpg,happywhale__9a6b86f7bb3e,0.09238973259925842,0
ef4fc088e8c75b.jpg,happywhale__c27db73f0e3b,train,8,c5e5bb3770dbdc.jpg,happywhale__a43daee90cbc,0.09032349288463593,0
ef4fc088e8c75b.jpg,happywhale__c27db73f0e3b,train,9,e85a2d2e604c79.jpg,happywhale__37c7aba965a5,0.09024077653884888,0
ef4fc088e8c75b.jpg,happywhale__c27db73f0e3b,train,10,37593fc9e87073.jpg,happywhale__a3c2b1f0ddc4,0.09015142172574997,0
aa098bbc2dfb7b.jpg,happywhale__cca9869bbd74,train,1,2f641bea9de909.jpg,happywhale__fdb532d9bc78,0.1451573669910431,0
aa098bbc2dfb7b.jpg,happywhale__cca9869bbd74,train,2,307f012be0b64e.jpg,happywhale__7362d7a01d00,0.09563884884119034,0
aa098bbc2dfb7b.jpg,happywhale__cca9869bbd74,train,3,3359d54b47c981.jpg,happywhale__b61c15e89c3c,0.0937495082616806,0
aa098bbc2dfb7b.jpg,happywhale__cca9869bbd74,train,4,c60ebb0e56ad39.jpg,happywhale__86c20ead4674,0.09330690652132034,0
aa098bbc2dfb7b.jpg,happywhale__cca9869bbd74,train,5,ec487f28770d84.jpg,happywhale__f0aa1422b26f,0.09131892770528793,0
aa098bbc2dfb7b.jpg,happywhale__cca9869bbd74,train,6,02ec334dd4940e.jpg,happywhale__ad981a124bbd,0.09047535061836243,0
aa098bbc2dfb7b.jpg,happywhale__cca9869bbd74,train,7,18ed53b1d002e2.jpg,happywhale__a6e325d8e924,0.08996087312698364,0
aa098bbc2dfb7b.jpg,happywhale__cca9869bbd74,train,8,e82ffacc3f24ee.jpg,happywhale__387f17f0676e,0.08939249813556671,0
aa098bbc2dfb7b.jpg,happywhale__cca9869bbd74,train,9,4a515403b4a158.jpg,happywhale__1ae5c5a035b5,0.08681951463222504,0
aa098bbc2dfb7b.jpg,happywhale__cca9869bbd74,train,10,b39f4c99137a30.jpg,happywhale__9f3613b5c45b,0.08472570776939392,0
fb7b1ee66e7f79.jpg,happywhale__e527fa08772c,train,1,c3bd9bf3aab3f2.jpg,happywhale__37c7aba965a5,0.11683659255504608,0
fb7b1ee66e7f79.jpg,happywhale__e527fa08772c,train,2,82376ac284c581.jpg,happywhale__6f632b846891,0.10369554162025452,0
fb7b1ee66e7f79.jpg,happywhale__e527fa08772c,train,3,bdd554e6155a44.jpg,happywhale__538554bfc6ca,0.08804196119308472,0
fb7b1ee66e7f79.jpg,happywhale__e527fa08772c,train,4,55b1538f6d359f.jpg,happywhale__208b91b1ca2b,0.08640953153371811,0
fb7b1ee66e7f79.jpg,happywhale__e527fa08772c,train,5,4f238f872751a4.jpg,happywhale__cc0e0b020a90,0.0837295651435852,0
fb7b1ee66e7f79.jpg,happywhale__e527fa08772c,train,6,e05c18c0c7dc51.jpg,happywhale__4b8534134eb8,0.08370302617549896,0
fb7b1ee66e7f79.jpg,happywhale__e527fa08772c,train,7,cf3a07c98ea494.jpg,happywhale__aff93d9d3356,0.08323585242033005,0
fb7b1ee66e7f79.jpg,happywhale__e527fa08772c,train,8,3e2ce7632eae48.jpg,happywhale__2c45eacc8a8f,0.07731862366199493,0
fb7b1ee66e7f79.jpg,happywhale__e527fa08772c,train,9,c65ad0c7eb22e1.jpg,happywhale__e527fa08772c,0.07720654457807541,1
fb7b1ee66e7f79.jpg,happywhale__e527fa08772c,train,10,a87eee3a5efa5d.jpg,happywhale__f195c38bcf17,0.07677901536226273,0
705d1a335c3a68.jpg,happywhale__003fd9e237f5,train,1,2e2c1b80b2cbfa.jpg,happywhale__19fbb960f07d,0.11895322799682617,0
705d1a335c3a68.jpg,happywhale__003fd9e237f5,train,2,df37a0401576d5.jpg,happywhale__3cbc20a1fbfb,0.11667840927839279,0
705d1a335c3a68.jpg,happywhale__003fd9e237f5,train,3,285eafa076b72e.jpg,happywhale__480677e8cf20,0.11158404499292374,0
705d1a335c3a68.jpg,happywhale__003fd9e237f5,train,4,ec4823d823f2ed.jpg,happywhale__9f3613b5c45b,0.10353967547416687,0
705d1a335c3a68.jpg,happywhale__003fd9e237f5,train,5,ce52fcf98435e4.jpg,happywhale__ca886e0b34a3,0.10229052603244781,0
705d1a335c3a68.jpg,happywhale__003fd9e237f5,train,6,1d8673c10542dc.jpg,happywhale__6da7ae3c5d54,0.09123378992080688,0
705d1a335c3a68.jpg,happywhale__003fd9e237f5,train,7,fd4947bf60c177.jpg,happywhale__de44e7d9d16e,0.09038873761892319,0
705d1a335c3a68.jpg,happywhale__003fd9e237f5,train,8,6468bf6599dfc9.jpg,happywhale__7362d7a01d00,0.07997897267341614,0
705d1a335c3a68.jpg,happywhale__003fd9e237f5,train,9,7ca8b5566c659d.jpg,happywhale__ca88903ae96e,0.07992194592952728,0
705d1a335c3a68.jpg,happywhale__003fd9e237f5,train,10,42927acb49e83d.jpg,happywhale__19c2bfaa0819,0.07982680946588516,0
d614a35d038fdc.jpg,happywhale__cc0e0b020a90,train,1,6277c7bf76e2a3.jpg,happywhale__be3543fc7c74,0.10606379061937332,0
d614a35d038fdc.jpg,happywhale__cc0e0b020a90,train,2,4cfa50f4794827.jpg,happywhale__a59972315f7d,0.10228901356458664,0
d614a35d038fdc.jpg,happywhale__cc0e0b020a90,train,3,abd6a4fe625599.jpg,happywhale__19c2bfaa0819,0.09995067119598389,0
d614a35d038fdc.jpg,happywhale__cc0e0b020a90,train,4,416c0eec4aa038.jpg,happywhale__4b234d0d53c1,0.09916913509368896,0
d614a35d038fdc.jpg,happywhale__cc0e0b020a90,train,5,13c3f0bb7afed5.jpg,happywhale__886086dd8462,0.09717834740877151,0
d614a35d038fdc.jpg,happywhale__cc0e0b020a90,train,6,daa079ca7366c5.jpg,happywhale__20312a4e3881,0.0931985154747963,0
d614a35d038fdc.jpg,happywhale__cc0e0b020a90,train,7,3f8bb023c45b5d.jpg,happywhale__f195c38bcf17,0.08922290802001953,0
d614a35d038fdc.jpg,happywhale__cc0e0b020a90,train,8,b772190981e160.jpg,happywhale__ffbb4e585ff2,0.08562910556793213,0
d614a35d038fdc.jpg,happywhale__cc0e0b020a90,train,9,2f6158c21077bb.jpg,happywhale__02da0e68dccd,0.08070526272058487,0
d614a35d038fdc.jpg,happywhale__cc0e0b020a90,train,10,7b557bda3a3505.jpg,happywhale__4b8534134eb8,0.08068998157978058,0
b3f9e2e859d998.jpg,happywhale__32eeef0dc892,train,1,ff1890dffe03c6.jpg,happywhale__a3c2b1f0ddc4,0.11753800511360168,0
b3f9e2e859d998.jpg,happywhale__32eeef0dc892,train,2,3a5b5db84f6268.jpg,happywhale__ce6e37904aa4,0.11674826592206955,0
b3f9e2e859d998.jpg,happywhale__32eeef0dc892,train,3,fdb2ccfd932325.jpg,happywhale__f3e4073c3ab0,0.10723689198493958,0
b3f9e2e859d998.jpg,happywhale__32eeef0dc892,train,4,a8560db555e1bf.jpg,happywhale__7d07bf29721f,0.10064036399126053,0
b3f9e2e859d998.jpg,happywhale__32eeef0dc892,train,5,1c7b0a1e07855f.jpg,happywhale__938b7e931166,0.09349344670772552,0
b3f9e2e859d998.jpg,happywhale__32eeef0dc892,train,6,0c9c6cfb9f2014.jpg,happywhale__6e8b8fed87af,0.09219209849834442,0
b3f9e2e859d998.jpg,happywhale__32eeef0dc892,train,7,7451df9d85b339.jpg,happywhale__1a20c92ffe68,0.0903775691986084,0
b3f9e2e859d998.jpg,happywhale__32eeef0dc892,train,8,f2a8c48d00717c.jpg,happywhale__0d73b01c5e77,0.08957728743553162,0
b3f9e2e859d998.jpg,happywhale__32eeef0dc892,train,9,cc1e3a6bcfea79.jpg,happywhale__735496dc7e64,0.08957647532224655,0
b3f9e2e859d998.jpg,happywhale__32eeef0dc892,train,10,5d0d11a4f79106.jpg,happywhale__dba4e482f0ad,0.08952228724956512,0
bb32ea713e26a7.jpg,happywhale__67355c25f841,train,1,df37a0401576d5.jpg,happywhale__3cbc20a1fbfb,0.12079787254333496,0
bb32ea713e26a7.jpg,happywhale__67355c25f841,train,2,7ef69637f21888.jpg,happywhale__0f72263cd384,0.11048287153244019,0
bb32ea713e26a7.jpg,happywhale__67355c25f841,train,3,c5b721b7069d9a.jpg,happywhale__d97fe0753099,0.10541708767414093,0
bb32ea713e26a7.jpg,happywhale__67355c25f841,train,4,c917acef84528b.jpg,happywhale__37c7aba965a5,0.1037893295288086,0
bb32ea713e26a7.jpg,happywhale__67355c25f841,train,5,514407a43622e6.jpg,happywhale__f0aa1422b26f,0.10076778382062912,0
bb32ea713e26a7.jpg,happywhale__67355c25f841,train,6,f1e4c988841a54.jpg,happywhale__c27db73f0e3b,0.10015888512134552,0
bb32ea713e26a7.jpg,happywhale__67355c25f841,train,7,0b75b75a443ca9.jpg,happywhale__86257eaa613b,0.09147565066814423,0
bb32ea713e26a7.jpg,happywhale__67355c25f841,train,8,396d6b9d0afdea.jpg,happywhale__3d8ae153f3d7,0.09055192768573761,0
bb32ea713e26a7.jpg,happywhale__67355c25f841,train,9,7428500626f798.jpg,happywhale__e44e4b2ceed9,0.09027370810508728,0
bb32ea713e26a7.jpg,happywhale__67355c25f841,train,10,e3759d92d52249.jpg,happywhale__c171b020c8c7,0.0885370522737503,0
05c8a742adeb62.jpg,happywhale__114207cab555,train,1,42927acb49e83d.jpg,happywhale__19c2bfaa0819,0.108585424721241,0
05c8a742adeb62.jpg,happywhale__114207cab555,train,2,1746dac91890b5.jpg,happywhale__37c7aba965a5,0.10541169345378876,0
05c8a742adeb62.jpg,happywhale__114207cab555,train,3,e82ffacc3f24ee.jpg,happywhale__387f17f0676e,0.10064332187175751,0
05c8a742adeb62.jpg,happywhale__114207cab555,train,4,b3925237a5ce44.jpg,happywhale__0b3fdeb134d3,0.09857926517724991,0
05c8a742adeb62.jpg,happywhale__114207cab555,train,5,7bd3272cbc5756.jpg,happywhale__0611c23e6914,0.09543022513389587,0
05c8a742adeb62.jpg,happywhale__114207cab555,train,6,77513bbcd32885.jpg,happywhale__18f270f6ca16,0.08681150525808334,0
05c8a742adeb62.jpg,happywhale__114207cab555,train,7,afd8699d2c2672.jpg,happywhale__03c879f7c6d5,0.08230137825012207,0
05c8a742adeb62.jpg,happywhale__114207cab555,train,8,ecd184cab529f9.jpg,happywhale__cb0fed574200,0.07955896854400635,0
05c8a742adeb62.jpg,happywhale__114207cab555,train,9,8821472b84f2e6.jpg,happywhale__4b8534134eb8,0.07942259311676025,0
05c8a742adeb62.jpg,happywhale__114207cab555,train,10,e0f42ed04b6c9d.jpg,happywhale__abbeba14a290,0.07905861735343933,0
a44a88d57b3f21.jpg,happywhale__1ac5332483ae,train,1,ff7fecdb220021.jpg,happywhale__ee53c5575e67,0.11549417674541473,0
a44a88d57b3f21.jpg,happywhale__1ac5332483ae,train,2,f0a2ba2b619c7a.jpg,happywhale__445270d9ad52,0.10868531465530396,0
a44a88d57b3f21.jpg,happywhale__1ac5332483ae,train,3,40ae920715dea9.jpg,happywhale__aa17186c38fe,0.09972092509269714,0
a44a88d57b3f21.jpg,happywhale__1ac5332483ae,train,4,0d03aa62b737d4.jpg,happywhale__4b8534134eb8,0.09960024803876877,0
a44a88d57b3f21.jpg,happywhale__1ac5332483ae,train,5,904b0972f24ec4.jpg,happywhale__2fdb3a09dc9c,0.09880773723125458,0
a44a88d57b3f21.jpg,happywhale__1ac5332483ae,train,6,f44fae53058124.jpg,happywhale__886086dd8462,0.09749098122119904,0
a44a88d57b3f21.jpg,happywhale__1ac5332483ae,train,7,55b1538f6d359f.jpg,happywhale__208b91b1ca2b,0.09313681721687317,0
a44a88d57b3f21.jpg,happywhale__1ac5332483ae,train,8,343ae34b44410d.jpg,happywhale__7845337998d6,0.0863725021481514,0
a44a88d57b3f21.jpg,happywhale__1ac5332483ae,train,9,abd6a4fe625599.jpg,happywhale__19c2bfaa0819,0.08539507538080215,0
a44a88d57b3f21.jpg,happywhale__1ac5332483ae,train,10,eaf961a385965b.jpg,happywhale__79bb59a9ddc8,0.08463427424430847,0
fcd9b155a0b7f5.jpg,happywhale__1191a41ee0f4,train,1,aed691e7005984.jpg,happywhale__ecd7bda11e61,0.10948055982589722,0
fcd9b155a0b7f5.jpg,happywhale__1191a41ee0f4,train,2,2e2c1b80b2cbfa.jpg,happywhale__19fbb960f07d,0.09254397451877594,0
fcd9b155a0b7f5.jpg,happywhale__1191a41ee0f4,train,3,878865e1d00941.jpg,happywhale__19fbb960f07d,0.08673475682735443,0
fcd9b155a0b7f5.jpg,happywhale__1191a41ee0f4,train,4,e2aff076642b23.jpg,happywhale__59bb4b4ec9e0,0.08583421260118484,0
fcd9b155a0b7f5.jpg,happywhale__1191a41ee0f4,train,5,da9c4ba68c6be6.jpg,happywhale__c27db73f0e3b,0.08536720275878906,0
fcd9b155a0b7f5.jpg,happywhale__1191a41ee0f4,train,6,cabf72f76b7608.jpg,happywhale__2280b5fcc6c2,0.08458946645259857,0
fcd9b155a0b7f5.jpg,happywhale__1191a41ee0f4,train,7,42698379a4c001.jpg,happywhale__2e0b381d3467,0.0816778838634491,0
fcd9b155a0b7f5.jpg,happywhale__1191a41ee0f4,train,8,7051638c63cd23.jpg,happywhale__b9907151f66e,0.08092308789491653,0
fcd9b155a0b7f5.jpg,happywhale__1191a41ee0f4,train,9,adb893cdd5b1e9.jpg,happywhale__15d96d5d42c2,0.08069529384374619,0
fcd9b155a0b7f5.jpg,happywhale__1191a41ee0f4,train,10,d1a65ffbdde747.jpg,happywhale__35f898e6595e,0.07740581780672073,0
fa31ab0eb7c3d3.jpg,happywhale__6f632b846891,train,1,df37a0401576d5.jpg,happywhale__3cbc20a1fbfb,0.10738130658864975,0
fa31ab0eb7c3d3.jpg,happywhale__6f632b846891,train,2,eb6bcda7325bda.jpg,happywhale__a7310896653d,0.0938437208533287,0
fa31ab0eb7c3d3.jpg,happywhale__6f632b846891,train,3,636ff2ad01b68a.jpg,happywhale__f1e6c5118903,0.08581956475973129,0
fa31ab0eb7c3d3.jpg,happywhale__6f632b846891,train,4,8bc9e703955361.jpg,happywhale__a52e4ad2dbb3,0.08246855437755585,0
fa31ab0eb7c3d3.jpg,happywhale__6f632b846891,train,5,7e8849e3ff8fa3.jpg,happywhale__783f357cf2f9,0.08005936443805695,0
fa31ab0eb7c3d3.jpg,happywhale__6f632b846891,train,6,be3c49a3168f24.jpg,happywhale__322a18725969,0.07755593210458755,0
fa31ab0eb7c3d3.jpg,happywhale__6f632b846891,train,7,86158a8e4d6c61.jpg,happywhale__a59972315f7d,0.07443667203187943,0
fa31ab0eb7c3d3.jpg,happywhale__6f632b846891,train,8,5a038679bbf30e.jpg,happywhale__cf2824c9c7bc,0.07393676042556763,0
fa31ab0eb7c3d3.jpg,happywhale__6f632b846891,train,9,287f766c9c379f.jpg,happywhale__9e89f8e28807,0.07357283681631088,0
fa31ab0eb7c3d3.jpg,happywhale__6f632b846891,train,10,cce547cf402ab8.jpg,happywhale__778419da2957,0.07298051565885544,0
abcddcc1bd4999.jpg,happywhale__180c0ab04dcd,train,1,7fd5afe28a4901.jpg,happywhale__281504409737,0.11037523299455643,0
abcddcc1bd4999.jpg,happywhale__180c0ab04dcd,train,2,c5617181a4a786.jpg,happywhale__989563596678,0.09489654749631882,0
abcddcc1bd4999.jpg,happywhale__180c0ab04dcd,train,3,8b9d638a8d9f7b.jpg,happywhale__02da0e68dccd,0.0880887359380722,0
abcddcc1bd4999.jpg,happywhale__180c0ab04dcd,train,4,d2223f21b5474c.jpg,happywhale__00ccfc1f8b06,0.08660276234149933,0
abcddcc1bd4999.jpg,happywhale__180c0ab04dcd,train,5,364b557e88ef07.jpg,happywhale__66423582531a,0.08517175912857056,0
abcddcc1bd4999.jpg,happywhale__180c0ab04dcd,train,6,b6156edf4b82bb.jpg,happywhale__8690c5185efc,0.08397917449474335,0
abcddcc1bd4999.jpg,happywhale__180c0ab04dcd,train,7,5b3091824fa477.jpg,happywhale__122dc7f46c24,0.08280165493488312,0
abcddcc1bd4999.jpg,happywhale__180c0ab04dcd,train,8,a9f427013c2eb3.jpg,happywhale__75d677cef7a7,0.08077594637870789,0
abcddcc1bd4999.jpg,happywhale__180c0ab04dcd,train,9,99caa6a3d8146d.jpg,happywhale__73e13d5e4ada,0.07923021912574768,0
abcddcc1bd4999.jpg,happywhale__180c0ab04dcd,train,10,2886e5346729e9.jpg,happywhale__a6e325d8e924,0.07901379466056824,0
0ac85e6a19ab4c.jpg,happywhale__6a3af6e0c55c,train,1,eb1d5b701cc3a9.jpg,happywhale__114207cab555,0.11800216138362885,0
0ac85e6a19ab4c.jpg,happywhale__6a3af6e0c55c,train,2,cae5d2592924e8.jpg,happywhale__208b91b1ca2b,0.1066066175699234,0
0ac85e6a19ab4c.jpg,happywhale__6a3af6e0c55c,train,3,19776eeb8e4c70.jpg,happywhale__2372d0d26c20,0.09798316657543182,0
0ac85e6a19ab4c.jpg,happywhale__6a3af6e0c55c,train,4,c324b34ca91695.jpg,happywhale__6a3af6e0c55c,0.09518453478813171,1
0ac85e6a19ab4c.jpg,happywhale__6a3af6e0c55c,train,5,8cc6a6222a89f5.jpg,happywhale__04cc97bc74f0,0.08706976473331451,0
0ac85e6a19ab4c.jpg,happywhale__6a3af6e0c55c,train,6,611d855b379986.jpg,happywhale__366200ff5b49,0.08438528329133987,0
0ac85e6a19ab4c.jpg,happywhale__6a3af6e0c55c,train,7,4795f8942befae.jpg,happywhale__7a8863eb9227,0.08391616493463516,0
0ac85e6a19ab4c.jpg,happywhale__6a3af6e0c55c,train,8,8d3b7f45231855.jpg,happywhale__a43daee90cbc,0.08251916617155075,0
0ac85e6a19ab4c.jpg,happywhale__6a3af6e0c55c,train,9,c6a39dc44fa850.jpg,happywhale__c0fcaa257f91,0.08219985663890839,0
0ac85e6a19ab4c.jpg,happywhale__6a3af6e0c55c,train,10,e4be30257dd09a.jpg,happywhale__c995c043c353,0.08173529803752899,0
bae7fd53521874.jpg,happywhale__83afdba5e8e5,train,1,561647dbb4750a.jpg,happywhale__8fd41ec0db01,0.12433065474033356,0
bae7fd53521874.jpg,happywhale__83afdba5e8e5,train,2,e2bc30dd559b75.jpg,happywhale__812be36c2aef,0.10845685005187988,0
bae7fd53521874.jpg,happywhale__83afdba5e8e5,train,3,d139f40ca8e88f.jpg,happywhale__956562ff2888,0.09909062087535858,0
bae7fd53521874.jpg,happywhale__83afdba5e8e5,train,4,c0deaf35e4db63.jpg,happywhale__fc0f7c162cc0,0.09523943811655045,0
bae7fd53521874.jpg,happywhale__83afdba5e8e5,train,5,1c22d0aeac13f9.jpg,happywhale__d5e0b1aa6132,0.09263239055871964,0
bae7fd53521874.jpg,happywhale__83afdba5e8e5,train,6,57dcae17caf60e.jpg,happywhale__4b234d0d53c1,0.09222758561372757,0
bae7fd53521874.jpg,happywhale__83afdba5e8e5,train,7,58e95869d96178.jpg,happywhale__be330f0c495c,0.09104683250188828,0
bae7fd53521874.jpg,happywhale__83afdba5e8e5,train,8,67dc1e7937b886.jpg,happywhale__a8040569f5e3,0.08996568620204926,0
bae7fd53521874.jpg,happywhale__83afdba5e8e5,train,9,af0fa946c301f2.jpg,happywhale__281504409737,0.08876580744981766,0
bae7fd53521874.jpg,happywhale__83afdba5e8e5,train,10,daa079ca7366c5.jpg,happywhale__20312a4e3881,0.08844733238220215,0
b26d44a0b049e0.jpg,happywhale__43946ac5a865,train,1,f8fe2101271f95.jpg,happywhale__938b7e931166,0.08838362246751785,0
b26d44a0b049e0.jpg,happywhale__43946ac5a865,train,2,4895e2b46aa757.jpg,happywhale__bfbe09c06683,0.08023738861083984,0
b26d44a0b049e0.jpg,happywhale__43946ac5a865,train,3,8ac244ce76b969.jpg,happywhale__5f48c2296a0e,0.08018951117992401,0
b26d44a0b049e0.jpg,happywhale__43946ac5a865,train,4,b41a3cabcd21e9.jpg,happywhale__0611c23e6914,0.07888303697109222,0
b26d44a0b049e0.jpg,happywhale__43946ac5a865,train,5,49eb5543456d28.jpg,happywhale__abbeba14a290,0.07850254327058792,0
b26d44a0b049e0.jpg,happywhale__43946ac5a865,train,6,4cd0d37d9425ae.jpg,happywhale__37c7aba965a5,0.07550597935914993,0
b26d44a0b049e0.jpg,happywhale__43946ac5a865,train,7,eb558bd96c3e0e.jpg,happywhale__bf412253bbc2,0.07481153309345245,0
b26d44a0b049e0.jpg,happywhale__43946ac5a865,train,8,03140e5948e848.jpg,happywhale__337a339b042b,0.07337664067745209,0
b26d44a0b049e0.jpg,happywhale__43946ac5a865,train,9,fe5d4d5ab0502a.jpg,happywhale__a43daee90cbc,0.07218080759048462,0
b26d44a0b049e0.jpg,happywhale__43946ac5a865,train,10,8f7d8c6114879c.jpg,happywhale__84d91f8c1f99,0.07183514535427094,0
98c5a079f7b375.jpg,happywhale__ce873781a2c4,train,1,d958a629c25c4f.jpg,happywhale__4d18b20adff3,0.14939671754837036,0
98c5a079f7b375.jpg,happywhale__ce873781a2c4,train,2,ac7eb3b3abcfb7.jpg,happywhale__812be36c2aef,0.10975784063339233,0
98c5a079f7b375.jpg,happywhale__ce873781a2c4,train,3,51dfde55ca4c3d.jpg,happywhale__4b8534134eb8,0.10973045974969864,0
98c5a079f7b375.jpg,happywhale__ce873781a2c4,train,4,95ba31addb464a.jpg,happywhale__52a2c490b25a,0.09123291820287704,0
98c5a079f7b375.jpg,happywhale__ce873781a2c4,train,5,d89fb30cf6776e.jpg,happywhale__cc797677fcf4,0.0902383029460907,0
98c5a079f7b375.jpg,happywhale__ce873781a2c4,train,6,45ecd8d5191fe4.jpg,happywhale__644db6f31843,0.08487963676452637,0
98c5a079f7b375.jpg,happywhale__ce873781a2c4,train,7,f8fe2101271f95.jpg,happywhale__938b7e931166,0.08321505784988403,0
98c5a079f7b375.jpg,happywhale__ce873781a2c4,train,8,86a0b80f273ea1.jpg,happywhale__600ab1de92d9,0.08168882131576538,0
98c5a079f7b375.jpg,happywhale__ce873781a2c4,train,9,40e8f83611211d.jpg,happywhale__778419da2957,0.08128970116376877,0
98c5a079f7b375.jpg,happywhale__ce873781a2c4,train,10,b47f6068788fbe.jpg,happywhale__0c7efa8795f5,0.08101288974285126,0
cd0dd0bbf3c3e2.jpg,happywhale__4b8534134eb8,train,1,fd2490573c7d29.jpg,happywhale__812be36c2aef,0.10806883871555328,0
cd0dd0bbf3c3e2.jpg,happywhale__4b8534134eb8,train,2,a64ada9fd97069.jpg,happywhale__a6e325d8e924,0.10562829673290253,0
cd0dd0bbf3c3e2.jpg,happywhale__4b8534134eb8,train,3,ccc30187552769.jpg,happywhale__cdf6abe97eb5,0.09575777500867844,0
cd0dd0bbf3c3e2.jpg,happywhale__4b8534134eb8,train,4,0b75b75a443ca9.jpg,happywhale__86257eaa613b,0.08622132986783981,0
cd0dd0bbf3c3e2.jpg,happywhale__4b8534134eb8,train,5,1c291674cec281.jpg,happywhale__9a6b86f7bb3e,0.08298756182193756,0
cd0dd0bbf3c3e2.jpg,happywhale__4b8534134eb8,train,6,b874752b2b6030.jpg,happywhale__0f72263cd384,0.08243310451507568,0
cd0dd0bbf3c3e2.jpg,happywhale__4b8534134eb8,train,7,53b37ebbd453ae.jpg,happywhale__73e13d5e4ada,0.07875309139490128,0
cd0dd0bbf3c3e2.jpg,happywhale__4b8534134eb8,train,8,794170aa9d68ae.jpg,happywhale__314a574f87c9,0.07772669196128845,0
cd0dd0bbf3c3e2.jpg,happywhale__4b8534134eb8,train,9,c85b57269356e7.jpg,happywhale__35f898e6595e,0.07718755304813385,0
cd0dd0bbf3c3e2.jpg,happywhale__4b8534134eb8,train,10,3a5b5db84f6268.jpg,happywhale__ce6e37904aa4,0.07534849643707275,0
a15a5eea313f61.jpg,happywhale__8b712d2a5313,train,1,d86cfb63ecafaf.jpg,happywhale__bc1eb2241633,0.0977693647146225,0
a15a5eea313f61.jpg,happywhale__8b712d2a5313,train,2,f17562e0d7b43e.jpg,happywhale__0f72263cd384,0.09691961109638214,0
a15a5eea313f61.jpg,happywhale__8b712d2a5313,train,3,2d286d978c7229.jpg,happywhale__a7310896653d,0.09372423589229584,0
a15a5eea313f61.jpg,happywhale__8b712d2a5313,train,4,99753bb3a5aabc.jpg,happywhale__d15c6ea7adf0,0.0905071422457695,0
a15a5eea313f61.jpg,happywhale__8b712d2a5313,train,5,31f7cfa75c36d1.jpg,happywhale__f195c38bcf17,0.08573891222476959,0
a15a5eea313f61.jpg,happywhale__8b712d2a5313,train,6,21b3fb39769af9.jpg,happywhale__b9907151f66e,0.08556818217039108,0
a15a5eea313f61.jpg,happywhale__8b712d2a5313,train,7,fe08055e972446.jpg,happywhale__46988583261a,0.08501001447439194,0
a15a5eea313f61.jpg,happywhale__8b712d2a5313,train,8,efe910bcd12e9a.jpg,happywhale__51c1774c4f6e,0.0848715677857399,0
a15a5eea313f61.jpg,happywhale__8b712d2a5313,train,9,477242315bddbc.jpg,happywhale__a59972315f7d,0.08455842733383179,0
a15a5eea313f61.jpg,happywhale__8b712d2a5313,train,10,da6e4b3f090235.jpg,happywhale__4b9bc905af99,0.08209433406591415,0
a802905891c3e6.jpg,happywhale__dd8c756c9cb7,train,1,51a076ba6f6a4d.jpg,happywhale__76b5aad6b790,0.09580489993095398,0
a802905891c3e6.jpg,happywhale__dd8c756c9cb7,train,2,2a4c5e1615c27b.jpg,happywhale__a7310896653d,0.09463382512331009,0
a802905891c3e6.jpg,happywhale__dd8c756c9cb7,train,3,1a58dce81de5e6.jpg,happywhale__5fc809d9e819,0.09181796759366989,0
a802905891c3e6.jpg,happywhale__dd8c756c9cb7,train,4,86de787f5fcf05.jpg,happywhale__600ab1de92d9,0.08933839201927185,0
a802905891c3e6.jpg,happywhale__dd8c756c9cb7,train,5,4390f15cf8aa98.jpg,happywhale__4b8534134eb8,0.08877268433570862,0
a802905891c3e6.jpg,happywhale__dd8c756c9cb7,train,6,03140e5948e848.jpg,happywhale__337a339b042b,0.08386482298374176,0
a802905891c3e6.jpg,happywhale__dd8c756c9cb7,train,7,611d855b379986.jpg,happywhale__366200ff5b49,0.0815797746181488,0
a802905891c3e6.jpg,happywhale__dd8c756c9cb7,train,8,daa079ca7366c5.jpg,happywhale__20312a4e3881,0.08016541600227356,0
a802905891c3e6.jpg,happywhale__dd8c756c9cb7,train,9,3a62a52a2e7cef.jpg,happywhale__9f3613b5c45b,0.07907974720001221,0
a802905891c3e6.jpg,happywhale__dd8c756c9cb7,train,10,23d8b7f0303961.jpg,happywhale__76b5aad6b790,0.07907178997993469,0
7774ac70c3c71a.jpg,happywhale__3fd298d255d7,train,1,0974ef2d248685.jpg,happywhale__7ace4d166c97,0.1191786527633667,0
7774ac70c3c71a.jpg,happywhale__3fd298d255d7,train,2,654519c53a0298.jpg,happywhale__22df13dec9ef,0.11804961413145065,0
7774ac70c3c71a.jpg,happywhale__3fd298d255d7,train,3,fd2490573c7d29.jpg,happywhale__812be36c2aef,0.11652092635631561,0
7774ac70c3c71a.jpg,happywhale__3fd298d255d7,train,4,3067af3714aa6b.jpg,happywhale__89edacf95765,0.10767423361539841,0
7774ac70c3c71a.jpg,happywhale__3fd298d255d7,train,5,1746dac91890b5.jpg,happywhale__37c7aba965a5,0.09600526094436646,0
7774ac70c3c71a.jpg,happywhale__3fd298d255d7,train,6,8abb41f76334bf.jpg,happywhale__4b00fe572063,0.09165333956480026,0
7774ac70c3c71a.jpg,happywhale__3fd298d255d7,train,7,c42d347a362218.jpg,happywhale__e527fa08772c,0.08972130715847015,0
7774ac70c3c71a.jpg,happywhale__3fd298d255d7,train,8,d0915e1a69af05.jpg,happywhale__60008f293a2b,0.08742136508226395,0
7774ac70c3c71a.jpg,happywhale__3fd298d255d7,train,9,467b7ea606163d.jpg,happywhale__e53d52e33e81,0.085333451628685,0
7774ac70c3c71a.jpg,happywhale__3fd298d255d7,train,10,54f4ced5c87ef0.jpg,happywhale__ed207aa81bd0,0.08397991955280304,0
492ea62f32b1db.jpg,happywhale__b9907151f66e,train,1,a8a0ba63daa5fa.jpg,happywhale__04c451d68284,0.11212854087352753,0
492ea62f32b1db.jpg,happywhale__b9907151f66e,train,2,cd0a018101b621.jpg,happywhale__c27db73f0e3b,0.10727622359991074,0
492ea62f32b1db.jpg,happywhale__b9907151f66e,train,3,85e364d616c2fb.jpg,happywhale__51db5a85aaf7,0.10124485194683075,0
492ea62f32b1db.jpg,happywhale__b9907151f66e,train,4,3f01bc94f640ec.jpg,happywhale__37c7aba965a5,0.09895499050617218,0
492ea62f32b1db.jpg,happywhale__b9907151f66e,train,5,edf725ab1d3298.jpg,happywhale__4b3320581310,0.09819810092449188,0
492ea62f32b1db.jpg,happywhale__b9907151f66e,train,6,7e028f5242a7d5.jpg,happywhale__ad981a124bbd,0.09148499369621277,0
492ea62f32b1db.jpg,happywhale__b9907151f66e,train,7,da2fce2547fd52.jpg,happywhale__ce6e37904aa4,0.08524258434772491,0
492ea62f32b1db.jpg,happywhale__b9907151f66e,train,8,4895e2b46aa757.jpg,happywhale__bfbe09c06683,0.08515623211860657,0
492ea62f32b1db.jpg,happywhale__b9907151f66e,train,9,c2509fce7d7d73.jpg,happywhale__938b7e931166,0.08482656627893448,0
492ea62f32b1db.jpg,happywhale__b9907151f66e,train,10,0c9c6cfb9f2014.jpg,happywhale__6e8b8fed87af,0.08271318674087524,0
f35e2dc95b129e.jpg,happywhale__83c78c79004e,train,1,f37bf6ed206850.jpg,happywhale__7362d7a01d00,0.12090841680765152,0
f35e2dc95b129e.jpg,happywhale__83c78c79004e,train,2,13e0d6a464f1c8.jpg,happywhale__ffbb4e585ff2,0.12029688060283661,0
f35e2dc95b129e.jpg,happywhale__83c78c79004e,train,3,aed691e7005984.jpg,happywhale__ecd7bda11e61,0.10405978560447693,0
f35e2dc95b129e.jpg,happywhale__83c78c79004e,train,4,a96299a5afafc7.jpg,happywhale__abbeba14a290,0.10197477787733078,0
f35e2dc95b129e.jpg,happywhale__83c78c79004e,train,5,6a291534f34061.jpg,happywhale__17ae98f695f2,0.09870679676532745,0
f35e2dc95b129e.jpg,happywhale__83c78c79004e,train,6,cce547cf402ab8.jpg,happywhale__778419da2957,0.09498079866170883,0
f35e2dc95b129e.jpg,happywhale__83c78c79004e,train,7,1d8673c10542dc.jpg,happywhale__6da7ae3c5d54,0.09174220263957977,0
f35e2dc95b129e.jpg,happywhale__83c78c79004e,train,8,ed2e3020640aba.jpg,happywhale__a22f9b1c9bc5,0.08900570124387741,0
f35e2dc95b129e.jpg,happywhale__83c78c79004e,train,9,e82ffacc3f24ee.jpg,happywhale__387f17f0676e,0.08869858086109161,0
f35e2dc95b129e.jpg,happywhale__83c78c79004e,train,10,9c50ba3db40b1c.jpg,happywhale__e839ee7d8cf0,0.08826499432325363,0
e7bdb883f8c192.jpg,happywhale__a59972315f7d,train,1,5af9b2038fd526.jpg,happywhale__4b8534134eb8,0.1147446483373642,0
e7bdb883f8c192.jpg,happywhale__a59972315f7d,train,2,364b557e88ef07.jpg,happywhale__66423582531a,0.11051544547080994,0
e7bdb883f8c192.jpg,happywhale__a59972315f7d,train,3,d84cbbca2ed330.jpg,happywhale__6ad3713dda3a,0.09375247359275818,0
e7bdb883f8c192.jpg,happywhale__a59972315f7d,train,4,1dfaac985793f0.jpg,happywhale__b54c1f8df53f,0.08741417527198792,0
e7bdb883f8c192.jpg,happywhale__a59972315f7d,train,5,3a62a52a2e7cef.jpg,happywhale__9f3613b5c45b,0.08178085833787918,0
e7bdb883f8c192.jpg,happywhale__a59972315f7d,train,6,ec843e312e997b.jpg,happywhale__ffd38c0d37ad,0.08155053853988647,0
e7bdb883f8c192.jpg,happywhale__a59972315f7d,train,7,40e8f83611211d.jpg,happywhale__778419da2957,0.08079230785369873,0
e7bdb883f8c192.jpg,happywhale__a59972315f7d,train,8,cfc29ed0b4ac03.jpg,happywhale__3c346fc4a109,0.07968433946371078,0
e7bdb883f8c192.jpg,happywhale__a59972315f7d,train,9,ff846ec4c6314e.jpg,happywhale__ca5790ec97b4,0.07789252698421478,0
e7bdb883f8c192.jpg,happywhale__a59972315f7d,train,10,9ee9a80c5e91a8.jpg,happywhale__8f76b84bec12,0.07645934820175171,0
6fa26585060e4f.jpg,happywhale__ef74a2642e89,train,1,c80e284d60c7a8.jpg,happywhale__a22f9b1c9bc5,0.09077984094619751,0
6fa26585060e4f.jpg,happywhale__ef74a2642e89,train,2,b3500da8409f96.jpg,happywhale__6e8b8fed87af,0.08960427343845367,0
6fa26585060e4f.jpg,happywhale__ef74a2642e89,train,3,87bd4d01a68d45.jpg,happywhale__695bb814ce56,0.08941885828971863,0
6fa26585060e4f.jpg,happywhale__ef74a2642e89,train,4,71a509bdec372e.jpg,happywhale__fd92aac78676,0.08732281625270844,0
6fa26585060e4f.jpg,happywhale__ef74a2642e89,train,5,3a62a52a2e7cef.jpg,happywhale__9f3613b5c45b,0.08625466376543045,0
6fa26585060e4f.jpg,happywhale__ef74a2642e89,train,6,c732fef22a0cdb.jpg,happywhale__4b234d0d53c1,0.08471175283193588,0
6fa26585060e4f.jpg,happywhale__ef74a2642e89,train,7,ac287c8971c430.jpg,happywhale__9e89f8e28807,0.08241095393896103,0
6fa26585060e4f.jpg,happywhale__ef74a2642e89,train,8,7bc2adc88ec27a.jpg,happywhale__7355eee87d75,0.08231791853904724,0
6fa26585060e4f.jpg,happywhale__ef74a2642e89,train,9,efd441710bdbf5.jpg,happywhale__6f632b846891,0.08167894184589386,0
6fa26585060e4f.jpg,happywhale__ef74a2642e89,train,10,b163f800b9df44.jpg,happywhale__cc0e0b020a90,0.07701171189546585,0
c2419e55ced298.jpg,happywhale__fdb532d9bc78,train,1,e677ab132c2c91.jpg,happywhale__f46973e895f7,0.11843737214803696,0
c2419e55ced298.jpg,happywhale__fdb532d9bc78,train,2,fbfa4981645993.jpg,happywhale__7845337998d6,0.1094130277633667,0
c2419e55ced298.jpg,happywhale__fdb532d9bc78,train,3,f2e26d40aa2123.jpg,happywhale__18efa8d0b472,0.10184133797883987,0
c2419e55ced298.jpg,happywhale__fdb532d9bc78,train,4,a66ccc192840f9.jpg,happywhale__a7310896653d,0.09724253416061401,0
c2419e55ced298.jpg,happywhale__fdb532d9bc78,train,5,d7db986f354253.jpg,happywhale__bf2e0d964354,0.09644035995006561,0
c2419e55ced298.jpg,happywhale__fdb532d9bc78,train,6,7b557bda3a3505.jpg,happywhale__4b8534134eb8,0.0869586169719696,0
c2419e55ced298.jpg,happywhale__fdb532d9bc78,train,7,e5162f5e1f43cb.jpg,happywhale__ce873781a2c4,0.08519469946622849,0
c2419e55ced298.jpg,happywhale__fdb532d9bc78,train,8,4833e9d8ed3ddf.jpg,happywhale__322a18725969,0.08306898921728134,0
c2419e55ced298.jpg,happywhale__fdb532d9bc78,train,9,a7cb5f3da7b444.jpg,happywhale__f46b5831d9cd,0.08230862021446228,0
c2419e55ced298.jpg,happywhale__fdb532d9bc78,train,10,c2509fce7d7d73.jpg,happywhale__938b7e931166,0.07952982932329178,0
9d5fb712e2ad99.jpg,happywhale__f46973e895f7,train,1,f17562e0d7b43e.jpg,happywhale__0f72263cd384,0.11004436016082764,0
9d5fb712e2ad99.jpg,happywhale__f46973e895f7,train,2,8821472b84f2e6.jpg,happywhale__4b8534134eb8,0.10917802155017853,0
9d5fb712e2ad99.jpg,happywhale__f46973e895f7,train,3,d103e502f24bbc.jpg,happywhale__70cd1a7d97a7,0.10614989697933197,0
9d5fb712e2ad99.jpg,happywhale__f46973e895f7,train,4,eacb43d7af25e4.jpg,happywhale__37c7aba965a5,0.09972687810659409,0
9d5fb712e2ad99.jpg,happywhale__f46973e895f7,train,5,54e09e2ba75f9a.jpg,happywhale__1191a41ee0f4,0.09884883463382721,0
9d5fb712e2ad99.jpg,happywhale__f46973e895f7,train,6,2cc66d92c347d3.jpg,happywhale__8b712d2a5313,0.0940665751695633,0
9d5fb712e2ad99.jpg,happywhale__f46973e895f7,train,7,aeaf63d99fca37.jpg,happywhale__7fdeba948ee8,0.08606305718421936,0
9d5fb712e2ad99.jpg,happywhale__f46973e895f7,train,8,7c3a64382c9680.jpg,happywhale__06ef73efe924,0.08559207618236542,0
9d5fb712e2ad99.jpg,happywhale__f46973e895f7,train,9,b772190981e160.jpg,happywhale__ffbb4e585ff2,0.08520203828811646,0
9d5fb712e2ad99.jpg,happywhale__f46973e895f7,train,10,7c1ef9998a957b.jpg,happywhale__bf7e1e0738f5,0.08514578640460968,0
06a724da736941.jpg,happywhale__0e4660baf3f1,train,1,1294f046fbe3e3.jpg,happywhale__bc1eb2241633,0.12479832768440247,0
06a724da736941.jpg,happywhale__0e4660baf3f1,train,2,a60a28722e2caa.jpg,happywhale__fbe2b15b5481,0.1135595440864563,0
06a724da736941.jpg,happywhale__0e4660baf3f1,train,3,1c22d0aeac13f9.jpg,happywhale__d5e0b1aa6132,0.10830628871917725,0
06a724da736941.jpg,happywhale__0e4660baf3f1,train,4,a3c518d19bdf8d.jpg,happywhale__c2705f9e75c8,0.10194337368011475,0
06a724da736941.jpg,happywhale__0e4660baf3f1,train,5,fd3882d943a531.jpg,happywhale__6a6fa3ec3810,0.09442909061908722,0
06a724da736941.jpg,happywhale__0e4660baf3f1,train,6,0c20fa17107d28.jpg,happywhale__586ef16f4536,0.08933433890342712,0
06a724da736941.jpg,happywhale__0e4660baf3f1,train,7,77513bbcd32885.jpg,happywhale__18f270f6ca16,0.08702514320611954,0
06a724da736941.jpg,happywhale__0e4660baf3f1,train,8,12c4eb0809bfca.jpg,happywhale__abbeba14a290,0.08690139651298523,0
06a724da736941.jpg,happywhale__0e4660baf3f1,train,9,bb73e86e263f91.jpg,happywhale__32eeef0dc892,0.07976291328668594,0
06a724da736941.jpg,happywhale__0e4660baf3f1,train,10,8bc9e703955361.jpg,happywhale__a52e4ad2dbb3,0.07889974862337112,0
dbc7eea072e94d.jpg,happywhale__cdf6abe97eb5,train,1,7e67d8b3e7901b.jpg,happywhale__ffbb4e585ff2,0.10593420267105103,0
dbc7eea072e94d.jpg,happywhale__cdf6abe97eb5,train,2,edfb0d412c5a23.jpg,happywhale__ee0ca4cf0faf,0.09717381000518799,0
dbc7eea072e94d.jpg,happywhale__cdf6abe97eb5,train,3,254466ca685bed.jpg,happywhale__19c2bfaa0819,0.09453641623258591,0
dbc7eea072e94d.jpg,happywhale__cdf6abe97eb5,train,4,3a083983bdcac2.jpg,happywhale__38c2a8e40437,0.08857964724302292,0
dbc7eea072e94d.jpg,happywhale__cdf6abe97eb5,train,5,6973691dbdbb05.jpg,happywhale__dbc18c7c5856,0.08720497041940689,0
dbc7eea072e94d.jpg,happywhale__cdf6abe97eb5,train,6,c86eb7d20ec473.jpg,happywhale__7bdf83ff6076,0.0870092362165451,0
dbc7eea072e94d.jpg,happywhale__cdf6abe97eb5,train,7,2e2c1b80b2cbfa.jpg,happywhale__19fbb960f07d,0.08516302704811096,0
dbc7eea072e94d.jpg,happywhale__cdf6abe97eb5,train,8,5005284b3a7e0d.jpg,happywhale__73e13d5e4ada,0.08419370651245117,0
dbc7eea072e94d.jpg,happywhale__cdf6abe97eb5,train,9,8103c91ca5279c.jpg,happywhale__03c879f7c6d5,0.08363890647888184,0
dbc7eea072e94d.jpg,happywhale__cdf6abe97eb5,train,10,66561365eaae79.jpg,happywhale__35f898e6595e,0.08183585107326508,0
169a85e4066b0a.jpg,happywhale__efda8f368763,train,1,71a509bdec372e.jpg,happywhale__fd92aac78676,0.10212190449237823,0
169a85e4066b0a.jpg,happywhale__efda8f368763,train,2,f9be911ac673ea.jpg,happywhale__d04d847eb995,0.10177555680274963,0
169a85e4066b0a.jpg,happywhale__efda8f368763,train,3,0d80230956e1da.jpg,happywhale__a43daee90cbc,0.09612810611724854,0
169a85e4066b0a.jpg,happywhale__efda8f368763,train,4,2e2c1b80b2cbfa.jpg,happywhale__19fbb960f07d,0.09504014998674393,0
169a85e4066b0a.jpg,happywhale__efda8f368763,train,5,18ed53b1d002e2.jpg,happywhale__a6e325d8e924,0.09161539375782013,0
169a85e4066b0a.jpg,happywhale__efda8f368763,train,6,a7c99a8e962fbb.jpg,happywhale__df109f6bede4,0.08830457925796509,0
169a85e4066b0a.jpg,happywhale__efda8f368763,train,7,76f9812673738d.jpg,happywhale__180c0ab04dcd,0.08134450763463974,0
169a85e4066b0a.jpg,happywhale__efda8f368763,train,8,e0f42ed04b6c9d.jpg,happywhale__abbeba14a290,0.07819686084985733,0
169a85e4066b0a.jpg,happywhale__efda8f368763,train,9,cee3f41c5b8b57.jpg,happywhale__ea8160d46f8f,0.0769595354795456,0
169a85e4066b0a.jpg,happywhale__efda8f368763,train,10,948b8a7bd8ed9d.jpg,happywhale__1ff6d285b427,0.076210618019104,0
ec19419837a1fd.jpg,happywhale__695bb814ce56,train,1,ef35bca56aaa33.jpg,happywhale__2aa3e856e46e,0.11560100317001343,0
ec19419837a1fd.jpg,happywhale__695bb814ce56,train,2,76f9812673738d.jpg,happywhale__180c0ab04dcd,0.10684239864349365,0
ec19419837a1fd.jpg,happywhale__695bb814ce56,train,3,6c6d15274229e7.jpg,happywhale__9e89f8e28807,0.09712106734514236,0
ec19419837a1fd.jpg,happywhale__695bb814ce56,train,4,368fb92c8fae5b.jpg,happywhale__cca9869bbd74,0.09335948526859283,0
ec19419837a1fd.jpg,happywhale__695bb814ce56,train,5,c83ee0cedf922e.jpg,happywhale__efda8f368763,0.09005078673362732,0
ec19419837a1fd.jpg,happywhale__695bb814ce56,train,6,4d90c0710008b2.jpg,happywhale__73e13d5e4ada,0.08953699469566345,0
ec19419837a1fd.jpg,happywhale__695bb814ce56,train,7,fee11f772350d9.jpg,happywhale__8bc942512479,0.08594696968793869,0
ec19419837a1fd.jpg,happywhale__695bb814ce56,train,8,ff00c0bbad4a77.jpg,happywhale__18f270f6ca16,0.08505633473396301,0
ec19419837a1fd.jpg,happywhale__695bb814ce56,train,9,9ee9a80c5e91a8.jpg,happywhale__8f76b84bec12,0.08436523377895355,0
ec19419837a1fd.jpg,happywhale__695bb814ce56,train,10,327e5c89f63f1b.jpg,happywhale__b9907151f66e,0.08421141654253006,0
9e0d5e333be95b.jpg,happywhale__84d91f8c1f99,train,1,a7cb5f3da7b444.jpg,happywhale__f46b5831d9cd,0.1273108422756195,0
9e0d5e333be95b.jpg,happywhale__84d91f8c1f99,train,2,bb59b4118b2913.jpg,happywhale__1c49644ca9b3,0.11537772417068481,0
9e0d5e333be95b.jpg,happywhale__84d91f8c1f99,train,3,f2ef1faba3d624.jpg,happywhale__989563596678,0.10582992434501648,0
9e0d5e333be95b.jpg,happywhale__84d91f8c1f99,train,4,d958a629c25c4f.jpg,happywhale__4d18b20adff3,0.09241128712892532,0
9e0d5e333be95b.jpg,happywhale__84d91f8c1f99,train,5,c59c184d57505b.jpg,happywhale__47e591d9b820,0.09060302376747131,0
9e0d5e333be95b.jpg,happywhale__84d91f8c1f99,train,6,1964cf33f5fb76.jpg,happywhale__956562ff2888,0.09013359993696213,0
9e0d5e333be95b.jpg,happywhale__84d91f8c1f99,train,7,b347f93af4be5b.jpg,happywhale__fa45ba34134c,0.08757156133651733,0
9e0d5e333be95b.jpg,happywhale__84d91f8c1f99,train,8,3af460d293cddb.jpg,happywhale__e839ee7d8cf0,0.08729550242424011,0
9e0d5e333be95b.jpg,happywhale__84d91f8c1f99,train,9,a60a28722e2caa.jpg,happywhale__fbe2b15b5481,0.08543054014444351,0
9e0d5e333be95b.jpg,happywhale__84d91f8c1f99,train,10,46b660c88e5dec.jpg,happywhale__b701a645a567,0.08395891636610031,0
6c5647d6821610.jpg,happywhale__e86ef4ff89c6,train,1,1c37701dfd7411.jpg,happywhale__ac48977c0215,0.09567728638648987,0
6c5647d6821610.jpg,happywhale__e86ef4ff89c6,train,2,ed8dd97f016929.jpg,happywhale__6f632b846891,0.0885428935289383,0
6c5647d6821610.jpg,happywhale__e86ef4ff89c6,train,3,611d855b379986.jpg,happywhale__366200ff5b49,0.08626700192689896,0
6c5647d6821610.jpg,happywhale__e86ef4ff89c6,train,4,7e67d8b3e7901b.jpg,happywhale__ffbb4e585ff2,0.08399844914674759,0
6c5647d6821610.jpg,happywhale__e86ef4ff89c6,train,5,c83ee0cedf922e.jpg,happywhale__efda8f368763,0.08242446184158325,0
6c5647d6821610.jpg,happywhale__e86ef4ff89c6,train,6,ed2e3020640aba.jpg,happywhale__a22f9b1c9bc5,0.07930362224578857,0
6c5647d6821610.jpg,happywhale__e86ef4ff89c6,train,7,d4f471754d2739.jpg,happywhale__695bb814ce56,0.07664546370506287,0
6c5647d6821610.jpg,happywhale__e86ef4ff89c6,train,8,afd8699d2c2672.jpg,happywhale__03c879f7c6d5,0.07530532777309418,0
6c5647d6821610.jpg,happywhale__e86ef4ff89c6,train,9,5e67ca22c753fe.jpg,happywhale__19fbb960f07d,0.07409586757421494,0
6c5647d6821610.jpg,happywhale__e86ef4ff89c6,train,10,2f6158c21077bb.jpg,happywhale__02da0e68dccd,0.07392259687185287,0
92b59fb2080874.jpg,happywhale__6fe44e67461d,train,1,396d6b9d0afdea.jpg,happywhale__3d8ae153f3d7,0.1177896037697792,0
92b59fb2080874.jpg,happywhale__6fe44e67461d,train,2,3af460d293cddb.jpg,happywhale__e839ee7d8cf0,0.10706467181444168,0
92b59fb2080874.jpg,happywhale__6fe44e67461d,train,3,4895e2b46aa757.jpg,happywhale__bfbe09c06683,0.09787702560424805,0
92b59fb2080874.jpg,happywhale__6fe44e67461d,train,4,7bd3272cbc5756.jpg,happywhale__0611c23e6914,0.08829443156719208,0
92b59fb2080874.jpg,happywhale__6fe44e67461d,train,5,ea112c4cef4e56.jpg,happywhale__617368452785,0.08727841079235077,0
92b59fb2080874.jpg,happywhale__6fe44e67461d,train,6,9e41da3f113abb.jpg,happywhale__2c45eacc8a8f,0.08716857433319092,0
92b59fb2080874.jpg,happywhale__6fe44e67461d,train,7,2ac46dd28e3df8.jpg,happywhale__ca886e0b34a3,0.08537235856056213,0
92b59fb2080874.jpg,happywhale__6fe44e67461d,train,8,7c1ef9998a957b.jpg,happywhale__bf7e1e0738f5,0.0842185989022255,0
92b59fb2080874.jpg,happywhale__6fe44e67461d,train,9,c80e284d60c7a8.jpg,happywhale__a22f9b1c9bc5,0.08303985744714737,0
92b59fb2080874.jpg,happywhale__6fe44e67461d,train,10,3fec3ca369738d.jpg,happywhale__02da0e68dccd,0.0829089879989624,0
ad58e871964595.jpg,happywhale__89edacf95765,train,1,4795f8942befae.jpg,happywhale__7a8863eb9227,0.12910646200180054,0
ad58e871964595.jpg,happywhale__89edacf95765,train,2,f17562e0d7b43e.jpg,happywhale__0f72263cd384,0.12039059400558472,0
ad58e871964595.jpg,happywhale__89edacf95765,train,3,4cfa50f4794827.jpg,happywhale__a59972315f7d,0.10195499658584595,0
ad58e871964595.jpg,happywhale__89edacf95765,train,4,72688062aea539.jpg,happywhale__20916df9f20d,0.09855929017066956,0
ad58e871964595.jpg,happywhale__89edacf95765,train,5,54f4ced5c87ef0.jpg,happywhale__ed207aa81bd0,0.09492618590593338,0
ad58e871964595.jpg,happywhale__89edacf95765,train,6,4cd0d37d9425ae.jpg,happywhale__37c7aba965a5,0.08803300559520721,0
ad58e871964595.jpg,happywhale__89edacf95765,train,7,d0915e1a69af05.jpg,happywhale__60008f293a2b,0.08467724919319153,0
ad58e871964595.jpg,happywhale__89edacf95765,train,8,327e5c89f63f1b.jpg,happywhale__b9907151f66e,0.08391554653644562,0
ad58e871964595.jpg,happywhale__89edacf95765,train,9,c0deaf35e4db63.jpg,happywhale__fc0f7c162cc0,0.08108296990394592,0
ad58e871964595.jpg,happywhale__89edacf95765,train,10,99753bb3a5aabc.jpg,happywhale__d15c6ea7adf0,0.08006315678358078,0
640af8a8a0166c.jpg,happywhale__fdbf93575292,train,1,e7b1d0126d2463.jpg,happywhale__f5187b86f2b0,0.09904691576957703,0
640af8a8a0166c.jpg,happywhale__fdbf93575292,train,2,ff846ec4c6314e.jpg,happywhale__ca5790ec97b4,0.09738478809595108,0
640af8a8a0166c.jpg,happywhale__fdbf93575292,train,3,611d855b379986.jpg,happywhale__366200ff5b49,0.09655395150184631,0
640af8a8a0166c.jpg,happywhale__fdbf93575292,train,4,c2509fce7d7d73.jpg,happywhale__938b7e931166,0.09035024791955948,0
640af8a8a0166c.jpg,happywhale__fdbf93575292,train,5,25f579cbc4565f.jpg,happywhale__e9525f5abf43,0.08909353613853455,0
640af8a8a0166c.jpg,happywhale__fdbf93575292,train,6,87451adda0a8b0.jpg,happywhale__f3c484809ce8,0.0857621356844902,0
640af8a8a0166c.jpg,happywhale__fdbf93575292,train,7,55a198ebbd493b.jpg,happywhale__37c7aba965a5,0.08516131341457367,0
640af8a8a0166c.jpg,happywhale__fdbf93575292,train,8,00f0f055d749fa.jpg,happywhale__208b91b1ca2b,0.08472397178411484,0
640af8a8a0166c.jpg,happywhale__fdbf93575292,train,9,c60e7c03d35f98.jpg,happywhale__262f464ee602,0.08458589017391205,0
640af8a8a0166c.jpg,happywhale__fdbf93575292,train,10,996f81c60c47b7.jpg,happywhale__7362d7a01d00,0.07719781994819641,0
70407135ae79a9.jpg,happywhale__3cbc20a1fbfb,train,1,25c0c79132b835.jpg,happywhale__1191a41ee0f4,0.12943105399608612,0
70407135ae79a9.jpg,happywhale__3cbc20a1fbfb,train,2,de775a1aedbb3f.jpg,happywhale__bc1eb2241633,0.12843742966651917,0
70407135ae79a9.jpg,happywhale__3cbc20a1fbfb,train,3,7eeace66ef28d4.jpg,happywhale__19c2bfaa0819,0.12734505534172058,0
70407135ae79a9.jpg,happywhale__3cbc20a1fbfb,train,4,0644f2806a7dec.jpg,happywhale__6398f8680938,0.11195266246795654,0
70407135ae79a9.jpg,happywhale__3cbc20a1fbfb,train,5,e82ffacc3f24ee.jpg,happywhale__387f17f0676e,0.10538321733474731,0
70407135ae79a9.jpg,happywhale__3cbc20a1fbfb,train,6,b929d47e8d148a.jpg,happywhale__06ef73efe924,0.10290364921092987,0
70407135ae79a9.jpg,happywhale__3cbc20a1fbfb,train,7,e5d56ad10c4626.jpg,happywhale__ec2cb0e78ae0,0.09950636327266693,0
70407135ae79a9.jpg,happywhale__3cbc20a1fbfb,train,8,e9672f2b694bf5.jpg,happywhale__bc1eb2241633,0.09178087115287781,0
70407135ae79a9.jpg,happywhale__3cbc20a1fbfb,train,9,cccab7bd53461e.jpg,happywhale__10e758eb503a,0.09082064032554626,0
70407135ae79a9.jpg,happywhale__3cbc20a1fbfb,train,10,9ce37dff58d0f0.jpg,happywhale__37c7aba965a5,0.08958477526903152,0
3a66a1a9c29805.jpg,happywhale__10e758eb503a,train,1,b24da1d67a5022.jpg,happywhale__403dfea4e4bb,0.10572172701358795,0
3a66a1a9c29805.jpg,happywhale__10e758eb503a,train,2,ecfd7f297fe8a6.jpg,happywhale__54912b16ef72,0.10497399419546127,0
3a66a1a9c29805.jpg,happywhale__10e758eb503a,train,3,f2b95ab0f7f89b.jpg,happywhale__9f3613b5c45b,0.09637697041034698,0
3a66a1a9c29805.jpg,happywhale__10e758eb503a,train,4,248b21125dd262.jpg,happywhale__bf412253bbc2,0.08754073083400726,0
3a66a1a9c29805.jpg,happywhale__10e758eb503a,train,5,e418708a15e2e9.jpg,happywhale__bb2f812de2fd,0.08593983948230743,0
3a66a1a9c29805.jpg,happywhale__10e758eb503a,train,6,afd8699d2c2672.jpg,happywhale__03c879f7c6d5,0.08477537333965302,0
3a66a1a9c29805.jpg,happywhale__10e758eb503a,train,7,3a083983bdcac2.jpg,happywhale__38c2a8e40437,0.08384169638156891,0
3a66a1a9c29805.jpg,happywhale__10e758eb503a,train,8,3dbdca7a244cfa.jpg,happywhale__ef0ddd083fbe,0.08185675740242004,0
3a66a1a9c29805.jpg,happywhale__10e758eb503a,train,9,5005284b3a7e0d.jpg,happywhale__73e13d5e4ada,0.08113016933202744,0
3a66a1a9c29805.jpg,happywhale__10e758eb503a,train,10,da6e4b3f090235.jpg,happywhale__4b9bc905af99,0.0795791894197464,0
d00b8fb1427622.jpg,happywhale__cb0fed574200,train,1,056a23a731a1d2.jpg,happywhale__6c431160f03b,0.0979834720492363,0
d00b8fb1427622.jpg,happywhale__cb0fed574200,train,2,35a9716cf70e4b.jpg,happywhale__4b00fe572063,0.09431514889001846,0
d00b8fb1427622.jpg,happywhale__cb0fed574200,train,3,1cc8b823cfee11.jpg,happywhale__d939e819e989,0.08468587696552277,0
d00b8fb1427622.jpg,happywhale__cb0fed574200,train,4,4833e9d8ed3ddf.jpg,happywhale__322a18725969,0.0841582641005516,0
d00b8fb1427622.jpg,happywhale__cb0fed574200,train,5,f085e0ed6f20ba.jpg,happywhale__b8f01df3dadd,0.08243442326784134,0
d00b8fb1427622.jpg,happywhale__cb0fed574200,train,6,5e9dbaf67afc64.jpg,happywhale__0611c23e6914,0.08027876168489456,0
d00b8fb1427622.jpg,happywhale__cb0fed574200,train,7,b2a9ec0b82f654.jpg,happywhale__2fdb3a09dc9c,0.08009251952171326,0
d00b8fb1427622.jpg,happywhale__cb0fed574200,train,8,a535d30394dc4d.jpg,happywhale__82e7f8ecd781,0.07939355820417404,0
d00b8fb1427622.jpg,happywhale__cb0fed574200,train,9,e34807da4c5860.jpg,happywhale__59bb4b4ec9e0,0.0786353349685669,0
d00b8fb1427622.jpg,happywhale__cb0fed574200,train,10,73ddf0079e4b70.jpg,happywhale__ef0ddd083fbe,0.07854880392551422,0
0389262b2ceda0.jpg,happywhale__1f2ec9f8f1c9,train,1,ffe6940bd23980.jpg,happywhale__a8a663f9f7f0,0.12557736039161682,0
0389262b2ceda0.jpg,happywhale__1f2ec9f8f1c9,train,2,e34807da4c5860.jpg,happywhale__59bb4b4ec9e0,0.09556809812784195,0
0389262b2ceda0.jpg,happywhale__1f2ec9f8f1c9,train,3,b3925237a5ce44.jpg,happywhale__0b3fdeb134d3,0.09266455471515656,0
0389262b2ceda0.jpg,happywhale__1f2ec9f8f1c9,train,4,2d956287a8cf74.jpg,happywhale__1191a41ee0f4,0.09020508080720901,0
0389262b2ceda0.jpg,happywhale__1f2ec9f8f1c9,train,5,63acd6e70d7c88.jpg,happywhale__83afdba5e8e5,0.08612292259931564,0
0389262b2ceda0.jpg,happywhale__1f2ec9f8f1c9,train,6,cabf72f76b7608.jpg,happywhale__2280b5fcc6c2,0.08495164662599564,0
0389262b2ceda0.jpg,happywhale__1f2ec9f8f1c9,train,7,891463b2c1b9dd.jpg,happywhale__f3d9d1f9eece,0.08419572561979294,0
0389262b2ceda0.jpg,happywhale__1f2ec9f8f1c9,train,8,63c1457a0c63ee.jpg,happywhale__37c7aba965a5,0.08374444395303726,0
0389262b2ceda0.jpg,happywhale__1f2ec9f8f1c9,train,9,47432842973ac2.jpg,happywhale__bc1eb2241633,0.08015722036361694,0
0389262b2ceda0.jpg,happywhale__1f2ec9f8f1c9,train,10,6bc7a817d92d49.jpg,happywhale__d218dff09dab,0.07986317574977875,0
1cc489245c7ded.jpg,happywhale__b123e4a7c182,train,1,a66ccc192840f9.jpg,happywhale__a7310896653d,0.12742000818252563,0
1cc489245c7ded.jpg,happywhale__b123e4a7c182,train,2,0db4ac7082d586.jpg,happywhale__b38a72898f67,0.11172868311405182,0
1cc489245c7ded.jpg,happywhale__b123e4a7c182,train,3,1f704a778ec537.jpg,happywhale__956562ff2888,0.10416492819786072,0
1cc489245c7ded.jpg,happywhale__b123e4a7c182,train,4,1a58dce81de5e6.jpg,happywhale__5fc809d9e819,0.09329845011234283,0
1cc489245c7ded.jpg,happywhale__b123e4a7c182,train,5,1c22d0aeac13f9.jpg,happywhale__d5e0b1aa6132,0.09323598444461823,0
1cc489245c7ded.jpg,happywhale__b123e4a7c182,train,6,b1a6942ecb136a.jpg,happywhale__8274ddd12a43,0.0926380306482315,0
1cc489245c7ded.jpg,happywhale__b123e4a7c182,train,7,47fe3e9c6a29dd.jpg,happywhale__e69d5f9f8d1e,0.0914871096611023,0
1cc489245c7ded.jpg,happywhale__b123e4a7c182,train,8,3dbdca7a244cfa.jpg,happywhale__ef0ddd083fbe,0.0887489840388298,0
1cc489245c7ded.jpg,happywhale__b123e4a7c182,train,9,6c6d15274229e7.jpg,happywhale__9e89f8e28807,0.08858150988817215,0
1cc489245c7ded.jpg,happywhale__b123e4a7c182,train,10,8f8d2ae4c17234.jpg,happywhale__5bf17305f073,0.08851104974746704,0
e23756c492d850.jpg,happywhale__02da0e68dccd,train,1,6a291534f34061.jpg,happywhale__17ae98f695f2,0.09648214280605316,0
e23756c492d850.jpg,happywhale__02da0e68dccd,train,2,73ddf0079e4b70.jpg,happywhale__ef0ddd083fbe,0.09614772349596024,0
e23756c492d850.jpg,happywhale__02da0e68dccd,train,3,416c0eec4aa038.jpg,happywhale__4b234d0d53c1,0.09560073912143707,0
e23756c492d850.jpg,happywhale__02da0e68dccd,train,4,b53d5c73706080.jpg,happywhale__be2aa86d0e5b,0.09228189289569855,0
e23756c492d850.jpg,happywhale__02da0e68dccd,train,5,b07cf30c22adc9.jpg,happywhale__58c43f7cc15d,0.09183179587125778,0
e23756c492d850.jpg,happywhale__02da0e68dccd,train,6,ab04210d8db3d6.jpg,happywhale__97589576e678,0.08322913944721222,0
e23756c492d850.jpg,happywhale__02da0e68dccd,train,7,e5b6da95447939.jpg,happywhale__37c7aba965a5,0.08075832575559616,0
e23756c492d850.jpg,happywhale__02da0e68dccd,train,8,95ba31addb464a.jpg,happywhale__52a2c490b25a,0.0794614851474762,0
e23756c492d850.jpg,happywhale__02da0e68dccd,train,9,12287d194b827b.jpg,happywhale__d7f28b82d740,0.07744911313056946,0
e23756c492d850.jpg,happywhale__02da0e68dccd,train,10,e8c98b8f99ce4e.jpg,happywhale__910b942f8c3a,0.07555843889713287,0
5b53ff2474280c.jpg,happywhale__5ac053677ed1,train,1,754f9b78d92797.jpg,happywhale__7aa5641e5acc,0.0979406088590622,0
5b53ff2474280c.jpg,happywhale__5ac053677ed1,train,2,1f12268e428757.jpg,happywhale__aeae6f5bf5cd,0.0979098528623581,0
5b53ff2474280c.jpg,happywhale__5ac053677ed1,train,3,0b2022cc914783.jpg,happywhale__02ac4e3ca497,0.09770862013101578,0
5b53ff2474280c.jpg,happywhale__5ac053677ed1,train,4,816e99bc344c04.jpg,happywhale__7053d3c812b5,0.09612512588500977,0
5b53ff2474280c.jpg,happywhale__5ac053677ed1,train,5,e9672f2b694bf5.jpg,happywhale__bc1eb2241633,0.09523625671863556,0
5b53ff2474280c.jpg,happywhale__5ac053677ed1,train,6,57b59169cbef43.jpg,happywhale__7661d208bc83,0.0854211375117302,0
5b53ff2474280c.jpg,happywhale__5ac053677ed1,train,7,d84cbbca2ed330.jpg,happywhale__6ad3713dda3a,0.08193802088499069,0
5b53ff2474280c.jpg,happywhale__5ac053677ed1,train,8,b014dcf12e7125.jpg,happywhale__136b6c84830f,0.08157892525196075,0
5b53ff2474280c.jpg,happywhale__5ac053677ed1,train,9,cfc29ed0b4ac03.jpg,happywhale__3c346fc4a109,0.08088883012533188,0
5b53ff2474280c.jpg,happywhale__5ac053677ed1,train,10,4cd0d37d9425ae.jpg,happywhale__37c7aba965a5,0.08054476231336594,0
00958b624f455c.jpg,happywhale__3a608b68bde4,train,1,10d6f35234641f.jpg,happywhale__837712d84254,0.12507739663124084,0
00958b624f455c.jpg,happywhale__3a608b68bde4,train,2,1b6f707bdf48fb.jpg,happywhale__938b7e931166,0.10856204479932785,0
00958b624f455c.jpg,happywhale__3a608b68bde4,train,3,2261bccecbbe90.jpg,happywhale__3a055fad1478,0.10486495494842529,0
00958b624f455c.jpg,happywhale__3a608b68bde4,train,4,73ddfd15fac7f5.jpg,happywhale__180c0ab04dcd,0.09825854748487473,0
00958b624f455c.jpg,happywhale__3a608b68bde4,train,5,ecbc4eb2a96905.jpg,happywhale__03c879f7c6d5,0.08882133662700653,0
00958b624f455c.jpg,happywhale__3a608b68bde4,train,6,f78d18a00faaa4.jpg,happywhale__4a67e64bd3b7,0.08592493832111359,0
00958b624f455c.jpg,happywhale__3a608b68bde4,train,7,0585da7add64aa.jpg,happywhale__bf412253bbc2,0.08296279609203339,0
00958b624f455c.jpg,happywhale__3a608b68bde4,train,8,071b32281bf64a.jpg,happywhale__51c1774c4f6e,0.08241496235132217,0
00958b624f455c.jpg,happywhale__3a608b68bde4,train,9,2a30c2e0071fa3.jpg,happywhale__80d72641f44d,0.08232748508453369,0
00958b624f455c.jpg,happywhale__3a608b68bde4,train,10,d89fb30cf6776e.jpg,happywhale__cc797677fcf4,0.08159571886062622,0
a28d9236b4f68e.jpg,happywhale__9f3613b5c45b,train,1,d3916ce31e202a.jpg,happywhale__5217e9a77c76,0.12691041827201843,0
a28d9236b4f68e.jpg,happywhale__9f3613b5c45b,train,2,71a509bdec372e.jpg,happywhale__fd92aac78676,0.09994618594646454,0
a28d9236b4f68e.jpg,happywhale__9f3613b5c45b,train,3,4f727df23a5ada.jpg,happywhale__8274ddd12a43,0.09329104423522949,0
a28d9236b4f68e.jpg,happywhale__9f3613b5c45b,train,4,7bc2adc88ec27a.jpg,happywhale__7355eee87d75,0.09314556419849396,0
a28d9236b4f68e.jpg,happywhale__9f3613b5c45b,train,5,6bc7a817d92d49.jpg,happywhale__d218dff09dab,0.08916105329990387,0
a28d9236b4f68e.jpg,happywhale__9f3613b5c45b,train,6,cee3f41c5b8b57.jpg,happywhale__ea8160d46f8f,0.08751969784498215,0
a28d9236b4f68e.jpg,happywhale__9f3613b5c45b,train,7,dcb76fcbb00fe9.jpg,happywhale__d05b5f372c0b,0.08725852519273758,0
a28d9236b4f68e.jpg,happywhale__9f3613b5c45b,train,8,285eafa076b72e.jpg,happywhale__480677e8cf20,0.08688795566558838,0
a28d9236b4f68e.jpg,happywhale__9f3613b5c45b,train,9,b35c5b9568f270.jpg,happywhale__dabe818f41de,0.08555012941360474,0
a28d9236b4f68e.jpg,happywhale__9f3613b5c45b,train,10,cfc72d97ff74e2.jpg,happywhale__37c7aba965a5,0.08298265188932419,0
3ada00556dddc7.jpg,happywhale__22df13dec9ef,train,1,1964cf33f5fb76.jpg,happywhale__956562ff2888,0.12342306971549988,0
3ada00556dddc7.jpg,happywhale__22df13dec9ef,train,2,87451adda0a8b0.jpg,happywhale__f3c484809ce8,0.11548719555139542,0
3ada00556dddc7.jpg,happywhale__22df13dec9ef,train,3,33e61f84531314.jpg,happywhale__dbc18c7c5856,0.1061665415763855,0
3ada00556dddc7.jpg,happywhale__22df13dec9ef,train,4,1c291674cec281.jpg,happywhale__9a6b86f7bb3e,0.10364287346601486,0
3ada00556dddc7.jpg,happywhale__22df13dec9ef,train,5,da7a6ac1e71661.jpg,happywhale__bcedd4d866c6,0.09997425973415375,0
3ada00556dddc7.jpg,happywhale__22df13dec9ef,train,6,96cef870304030.jpg,happywhale__84a261c0e5cf,0.09375467151403427,0
3ada00556dddc7.jpg,happywhale__22df13dec9ef,train,7,567d6d0ddd0bb4.jpg,happywhale__8bc942512479,0.09309756010770798,0
3ada00556dddc7.jpg,happywhale__22df13dec9ef,train,8,68933a399b3cfd.jpg,happywhale__10e758eb503a,0.09171053767204285,0
3ada00556dddc7.jpg,happywhale__22df13dec9ef,train,9,245113f3c61ae8.jpg,happywhale__ca88903ae96e,0.0894332081079483,0
3ada00556dddc7.jpg,happywhale__22df13dec9ef,train,10,3f01bc94f640ec.jpg,happywhale__37c7aba965a5,0.08853219449520111,0
8d0de474a9597f.jpg,happywhale__5b8a39979dc2,train,1,54e5b1668bf49b.jpg,happywhale__cdf6abe97eb5,0.13330160081386566,0
8d0de474a9597f.jpg,happywhale__5b8a39979dc2,train,2,abd5c384b61fb4.jpg,happywhale__956562ff2888,0.1036543995141983,0
8d0de474a9597f.jpg,happywhale__5b8a39979dc2,train,3,ad121c157de8c5.jpg,happywhale__83c78c79004e,0.08370814472436905,0
8d0de474a9597f.jpg,happywhale__5b8a39979dc2,train,4,604972f7e592d1.jpg,happywhale__077a5cc373ed,0.08171204477548599,0
8d0de474a9597f.jpg,happywhale__5b8a39979dc2,train,5,63fe4b92bdb7fc.jpg,happywhale__281504409737,0.08104851841926575,0
8d0de474a9597f.jpg,happywhale__5b8a39979dc2,train,6,689e9ce185c8a6.jpg,happywhale__c2705f9e75c8,0.08080694079399109,0
8d0de474a9597f.jpg,happywhale__5b8a39979dc2,train,7,46e14af47d8ee5.jpg,happywhale__10e758eb503a,0.0794505923986435,0
8d0de474a9597f.jpg,happywhale__5b8a39979dc2,train,8,b31e0abdee438e.jpg,happywhale__18dbd44823c7,0.07755408436059952,0
8d0de474a9597f.jpg,happywhale__5b8a39979dc2,train,9,9852fc2314d013.jpg,happywhale__37c7aba965a5,0.07503809034824371,0
8d0de474a9597f.jpg,happywhale__5b8a39979dc2,train,10,7ba5dce13f1a0c.jpg,happywhale__c27db73f0e3b,0.07419135421514511,0
954d9fee0043c3.jpg,happywhale__2ca0b9b39092,train,1,ffa7afc9e440b1.jpg,happywhale__6a3af6e0c55c,0.11142940819263458,0
954d9fee0043c3.jpg,happywhale__2ca0b9b39092,train,2,285eafa076b72e.jpg,happywhale__480677e8cf20,0.1112021803855896,0
954d9fee0043c3.jpg,happywhale__2ca0b9b39092,train,3,9baf954c3cfcca.jpg,happywhale__4ddb2eeb5efb,0.10600194334983826,0
954d9fee0043c3.jpg,happywhale__2ca0b9b39092,train,4,ed2e3020640aba.jpg,happywhale__a22f9b1c9bc5,0.10430347174406052,0
954d9fee0043c3.jpg,happywhale__2ca0b9b39092,train,5,7ef69637f21888.jpg,happywhale__0f72263cd384,0.0993080586194992,0
954d9fee0043c3.jpg,happywhale__2ca0b9b39092,train,6,f085e0ed6f20ba.jpg,happywhale__b8f01df3dadd,0.09881719946861267,0
954d9fee0043c3.jpg,happywhale__2ca0b9b39092,train,7,57dcae17caf60e.jpg,happywhale__4b234d0d53c1,0.09866176545619965,0
954d9fee0043c3.jpg,happywhale__2ca0b9b39092,train,8,37b7ef237bed4e.jpg,happywhale__ce6e37904aa4,0.09631258994340897,0
954d9fee0043c3.jpg,happywhale__2ca0b9b39092,train,9,59d645f2a2f052.jpg,happywhale__1f131241029a,0.09219735115766525,0
954d9fee0043c3.jpg,happywhale__2ca0b9b39092,train,10,611d855b379986.jpg,happywhale__366200ff5b49,0.0880119800567627,0
5510de9f7eebf8.jpg,happywhale__208b91b1ca2b,train,1,3c54d7eff41749.jpg,happywhale__c995c043c353,0.11619074642658234,0
5510de9f7eebf8.jpg,happywhale__208b91b1ca2b,train,2,25c0c79132b835.jpg,happywhale__1191a41ee0f4,0.112502820789814,0
5510de9f7eebf8.jpg,happywhale__208b91b1ca2b,train,3,1abe4a08e90e36.jpg,happywhale__67355c25f841,0.10856516659259796,0
5510de9f7eebf8.jpg,happywhale__208b91b1ca2b,train,4,08d0a05f6da262.jpg,happywhale__1ac5332483ae,0.10568611323833466,0
5510de9f7eebf8.jpg,happywhale__208b91b1ca2b,train,5,2169a83e915fee.jpg,happywhale__37c7aba965a5,0.10412979125976562,0
5510de9f7eebf8.jpg,happywhale__208b91b1ca2b,train,6,a63fae79fefcb0.jpg,happywhale__a7310896653d,0.10266968607902527,0
5510de9f7eebf8.jpg,happywhale__208b91b1ca2b,train,7,615b9ee0797a62.jpg,happywhale__f3c484809ce8,0.09642627835273743,0
5510de9f7eebf8.jpg,happywhale__208b91b1ca2b,train,8,6be9cca6c64aff.jpg,happywhale__1191a41ee0f4,0.09582295268774033,0
5510de9f7eebf8.jpg,happywhale__208b91b1ca2b,train,9,f9be911ac673ea.jpg,happywhale__d04d847eb995,0.09506195038557053,0
5510de9f7eebf8.jpg,happywhale__208b91b1ca2b,train,10,47fe3e9c6a29dd.jpg,happywhale__e69d5f9f8d1e,0.09430152922868729,0
3ad3256886fb2e.jpg,happywhale__ca886e0b34a3,train,1,f57fc78aec8e23.jpg,happywhale__32eeef0dc892,0.11927365511655807,0
3ad3256886fb2e.jpg,happywhale__ca886e0b34a3,train,2,9baf954c3cfcca.jpg,happywhale__4ddb2eeb5efb,0.0897553414106369,0
3ad3256886fb2e.jpg,happywhale__ca886e0b34a3,train,3,a8c7df3d9467fa.jpg,happywhale__48936da899c3,0.08894312381744385,0
3ad3256886fb2e.jpg,happywhale__ca886e0b34a3,train,4,88fa84eb778902.jpg,happywhale__600ab1de92d9,0.0879470556974411,0
3ad3256886fb2e.jpg,happywhale__ca886e0b34a3,train,5,a60a28722e2caa.jpg,happywhale__fbe2b15b5481,0.08476333320140839,0
3ad3256886fb2e.jpg,happywhale__ca886e0b34a3,train,6,b9797d783ff96c.jpg,happywhale__90e2a0133e28,0.08107981830835342,0
3ad3256886fb2e.jpg,happywhale__ca886e0b34a3,train,7,d5a27120a009d8.jpg,happywhale__9f3613b5c45b,0.07978884130716324,0
3ad3256886fb2e.jpg,happywhale__ca886e0b34a3,train,8,82376ac284c581.jpg,happywhale__6f632b846891,0.07867708802223206,0
3ad3256886fb2e.jpg,happywhale__ca886e0b34a3,train,9,364b557e88ef07.jpg,happywhale__66423582531a,0.07848630845546722,0
3ad3256886fb2e.jpg,happywhale__ca886e0b34a3,train,10,0d0825b2d22330.jpg,happywhale__a6e325d8e924,0.0766165554523468,0
0f5e1ee0f04380.jpg,happywhale__d5e0b1aa6132,train,1,b1a6942ecb136a.jpg,happywhale__8274ddd12a43,0.11397038400173187,0
0f5e1ee0f04380.jpg,happywhale__d5e0b1aa6132,train,2,21b3fb39769af9.jpg,happywhale__b9907151f66e,0.11086928099393845,0
0f5e1ee0f04380.jpg,happywhale__d5e0b1aa6132,train,3,b555be3ae663c7.jpg,happywhale__5bf17305f073,0.1080709844827652,0
0f5e1ee0f04380.jpg,happywhale__d5e0b1aa6132,train,4,82376ac284c581.jpg,happywhale__6f632b846891,0.10520222038030624,0
0f5e1ee0f04380.jpg,happywhale__d5e0b1aa6132,train,5,fe5d4d5ab0502a.jpg,happywhale__a43daee90cbc,0.0945538580417633,0
0f5e1ee0f04380.jpg,happywhale__d5e0b1aa6132,train,6,1964cf33f5fb76.jpg,happywhale__956562ff2888,0.09073929488658905,0
0f5e1ee0f04380.jpg,happywhale__d5e0b1aa6132,train,7,5cd0ad36937c97.jpg,happywhale__fdbf93575292,0.08864434063434601,0
0f5e1ee0f04380.jpg,happywhale__d5e0b1aa6132,train,8,814ab90b1291b3.jpg,happywhale__c4376121779e,0.08837869763374329,0
0f5e1ee0f04380.jpg,happywhale__d5e0b1aa6132,train,9,7fd5afe28a4901.jpg,happywhale__281504409737,0.0862332209944725,0
0f5e1ee0f04380.jpg,happywhale__d5e0b1aa6132,train,10,ac287c8971c430.jpg,happywhale__9e89f8e28807,0.08584441244602203,0
d683e46efb0f87.jpg,happywhale__124534ac8131,train,1,71a509bdec372e.jpg,happywhale__fd92aac78676,0.1317397952079773,0
d683e46efb0f87.jpg,happywhale__124534ac8131,train,2,1a58dce81de5e6.jpg,happywhale__5fc809d9e819,0.12272785604000092,0
d683e46efb0f87.jpg,happywhale__124534ac8131,train,3,08d0a05f6da262.jpg,happywhale__1ac5332483ae,0.10902341455221176,0
d683e46efb0f87.jpg,happywhale__124534ac8131,train,4,82376ac284c581.jpg,happywhale__6f632b846891,0.10122214257717133,0
d683e46efb0f87.jpg,happywhale__124534ac8131,train,5,89e697bcacc325.jpg,happywhale__ae4343270756,0.0971827432513237,0
d683e46efb0f87.jpg,happywhale__124534ac8131,train,6,e2ed3dcd47cd2b.jpg,happywhale__136b6c84830f,0.08690783381462097,0
d683e46efb0f87.jpg,happywhale__124534ac8131,train,7,b47f6068788fbe.jpg,happywhale__0c7efa8795f5,0.08660563081502914,0
d683e46efb0f87.jpg,happywhale__124534ac8131,train,8,03140e5948e848.jpg,happywhale__337a339b042b,0.08588922023773193,0
d683e46efb0f87.jpg,happywhale__124534ac8131,train,9,f2a8c48d00717c.jpg,happywhale__0d73b01c5e77,0.08391407132148743,0
d683e46efb0f87.jpg,happywhale__124534ac8131,train,10,797be10819c12d.jpg,happywhale__be3543fc7c74,0.08243556320667267,0
c7dd793ec4395f.jpg,happywhale__7a8863eb9227,train,1,e8c98b8f99ce4e.jpg,happywhale__910b942f8c3a,0.10695426166057587,0
c7dd793ec4395f.jpg,happywhale__7a8863eb9227,train,2,0db4ac7082d586.jpg,happywhale__b38a72898f67,0.10069417953491211,0
c7dd793ec4395f.jpg,happywhale__7a8863eb9227,train,3,2cc66d92c347d3.jpg,happywhale__8b712d2a5313,0.09379999339580536,0
c7dd793ec4395f.jpg,happywhale__7a8863eb9227,train,4,d85422d51bb3f5.jpg,happywhale__8deb2171580e,0.09230293333530426,0
c7dd793ec4395f.jpg,happywhale__7a8863eb9227,train,5,cbdafddca3003d.jpg,happywhale__e8ac23241df5,0.08727030456066132,0
c7dd793ec4395f.jpg,happywhale__7a8863eb9227,train,6,59d645f2a2f052.jpg,happywhale__1f131241029a,0.08608140051364899,0
c7dd793ec4395f.jpg,happywhale__7a8863eb9227,train,7,6dc8674d839472.jpg,happywhale__37c7aba965a5,0.08492445945739746,0
c7dd793ec4395f.jpg,happywhale__7a8863eb9227,train,8,b53d5c73706080.jpg,happywhale__be2aa86d0e5b,0.08435021340847015,0
c7dd793ec4395f.jpg,happywhale__7a8863eb9227,train,9,0fc326131c1853.jpg,happywhale__ad981a124bbd,0.08390772342681885,0
c7dd793ec4395f.jpg,happywhale__7a8863eb9227,train,10,4cd0d37d9425ae.jpg,happywhale__37c7aba965a5,0.08343329280614853,0
79c1d50f4e0fbf.jpg,happywhale__f5187b86f2b0,train,1,615b9ee0797a62.jpg,happywhale__f3c484809ce8,0.11753078550100327,0
79c1d50f4e0fbf.jpg,happywhale__f5187b86f2b0,train,2,0b74b630afba1d.jpg,happywhale__0f72263cd384,0.09986255317926407,0
79c1d50f4e0fbf.jpg,happywhale__f5187b86f2b0,train,3,502c7c02c3aa3a.jpg,happywhale__37c7aba965a5,0.08855782449245453,0
79c1d50f4e0fbf.jpg,happywhale__f5187b86f2b0,train,4,87977dec0e04e3.jpg,happywhale__cb0fed574200,0.0876665860414505,0
79c1d50f4e0fbf.jpg,happywhale__f5187b86f2b0,train,5,7c3a64382c9680.jpg,happywhale__06ef73efe924,0.08760356158018112,0
79c1d50f4e0fbf.jpg,happywhale__f5187b86f2b0,train,6,82376ac284c581.jpg,happywhale__6f632b846891,0.08598099648952484,0
79c1d50f4e0fbf.jpg,happywhale__f5187b86f2b0,train,7,b98acef0d45bcd.jpg,happywhale__c80653b9edd0,0.0853738784790039,0
79c1d50f4e0fbf.jpg,happywhale__f5187b86f2b0,train,8,6bc7cdc7ce6793.jpg,happywhale__bf7e1e0738f5,0.08480199426412582,0
79c1d50f4e0fbf.jpg,happywhale__f5187b86f2b0,train,9,623f90b86cd4a6.jpg,happywhale__8274ddd12a43,0.07972303032875061,0
79c1d50f4e0fbf.jpg,happywhale__f5187b86f2b0,train,10,9123befc9462ef.jpg,happywhale__03c879f7c6d5,0.07963420450687408,0
c88667bffd0d50.jpg,happywhale__abbeba14a290,train,1,a8ec6e7d4b9c0b.jpg,happywhale__7593d2aee842,0.09483521431684494,0
c88667bffd0d50.jpg,happywhale__abbeba14a290,train,2,89d1d660ff44b3.jpg,happywhale__9f750b3dd09d,0.09350845217704773,0
c88667bffd0d50.jpg,happywhale__abbeba14a290,train,3,4cfa50f4794827.jpg,happywhale__a59972315f7d,0.09011420607566833,0
c88667bffd0d50.jpg,happywhale__abbeba14a290,train,4,d11260642ef9ed.jpg,happywhale__e86ef4ff89c6,0.08927717804908752,0
c88667bffd0d50.jpg,happywhale__abbeba14a290,train,5,63acd6e70d7c88.jpg,happywhale__83afdba5e8e5,0.0887891948223114,0
c88667bffd0d50.jpg,happywhale__abbeba14a290,train,6,862bc0cce7abf2.jpg,happywhale__982224d06f8c,0.08844267576932907,0
c88667bffd0d50.jpg,happywhale__abbeba14a290,train,7,4125d03fd5c357.jpg,happywhale__31f748b822f4,0.08731709420681,0
c88667bffd0d50.jpg,happywhale__abbeba14a290,train,8,8bb0ccee254114.jpg,happywhale__3028ee318e75,0.0868426263332367,0
c88667bffd0d50.jpg,happywhale__abbeba14a290,train,9,20c32abfcb05aa.jpg,happywhale__7e147a96ad00,0.08529266715049744,0
c88667bffd0d50.jpg,happywhale__abbeba14a290,train,10,52c057a1e0645b.jpg,happywhale__ea6eccb47a48,0.08464177697896957,0
6eb434472db03e.jpg,happywhale__22c1eb2c8af4,train,1,b31e0abdee438e.jpg,happywhale__18dbd44823c7,0.09797531366348267,0
6eb434472db03e.jpg,happywhale__22c1eb2c8af4,train,2,f452f4af8a42dd.jpg,happywhale__9582cc692d85,0.09048203378915787,0
6eb434472db03e.jpg,happywhale__22c1eb2c8af4,train,3,cee3f41c5b8b57.jpg,happywhale__ea8160d46f8f,0.0849396213889122,0
6eb434472db03e.jpg,happywhale__22c1eb2c8af4,train,4,07d4d07aa31141.jpg,happywhale__2aa3e856e46e,0.08319899439811707,0
6eb434472db03e.jpg,happywhale__22c1eb2c8af4,train,5,de30c654ed88fc.jpg,happywhale__f0aa1422b26f,0.0812993273139,0
6eb434472db03e.jpg,happywhale__22c1eb2c8af4,train,6,58e95869d96178.jpg,happywhale__be330f0c495c,0.07876111567020416,0
6eb434472db03e.jpg,happywhale__22c1eb2c8af4,train,7,33e61f84531314.jpg,happywhale__dbc18c7c5856,0.07801797240972519,0
6eb434472db03e.jpg,happywhale__22c1eb2c8af4,train,8,3829cf97506980.jpg,happywhale__1ac5332483ae,0.07680928707122803,0
6eb434472db03e.jpg,happywhale__22c1eb2c8af4,train,9,d0915e1a69af05.jpg,happywhale__60008f293a2b,0.07644181698560715,0
6eb434472db03e.jpg,happywhale__22c1eb2c8af4,train,10,40e8f83611211d.jpg,happywhale__778419da2957,0.07424139231443405,0
7c2d4caf9b2231.jpg,happywhale__da65f819073c,train,1,13c3f0bb7afed5.jpg,happywhale__886086dd8462,0.09211628884077072,0
7c2d4caf9b2231.jpg,happywhale__da65f819073c,train,2,f8fe2101271f95.jpg,happywhale__938b7e931166,0.09072663635015488,0
7c2d4caf9b2231.jpg,happywhale__da65f819073c,train,3,f37bf6ed206850.jpg,happywhale__7362d7a01d00,0.08593234419822693,0
7c2d4caf9b2231.jpg,happywhale__da65f819073c,train,4,b41a3cabcd21e9.jpg,happywhale__0611c23e6914,0.08572745323181152,0
7c2d4caf9b2231.jpg,happywhale__da65f819073c,train,5,2cee41feca24bf.jpg,happywhale__985e7d6a8052,0.0852530375123024,0
7c2d4caf9b2231.jpg,happywhale__da65f819073c,train,6,1d8e7f6076c294.jpg,happywhale__4b8534134eb8,0.08504687249660492,0
7c2d4caf9b2231.jpg,happywhale__da65f819073c,train,7,49eb5543456d28.jpg,happywhale__abbeba14a290,0.08352155238389969,0
7c2d4caf9b2231.jpg,happywhale__da65f819073c,train,8,e7b748c1658dd4.jpg,happywhale__19fbb960f07d,0.08228828012943268,0
7c2d4caf9b2231.jpg,happywhale__da65f819073c,train,9,71a509bdec372e.jpg,happywhale__fd92aac78676,0.08165793120861053,0
7c2d4caf9b2231.jpg,happywhale__da65f819073c,train,10,5e9dbaf67afc64.jpg,happywhale__0611c23e6914,0.07837984710931778,0
0c0f725ce9e000.jpg,happywhale__82723a73169a,train,1,2dc5ca63b6a1a9.jpg,happywhale__4d18b20adff3,0.11242739856243134,0
0c0f725ce9e000.jpg,happywhale__82723a73169a,train,2,20c32abfcb05aa.jpg,happywhale__7e147a96ad00,0.10777828097343445,0
0c0f725ce9e000.jpg,happywhale__82723a73169a,train,3,a689e154c8fa67.jpg,happywhale__4051086ed105,0.106935515999794,0
0c0f725ce9e000.jpg,happywhale__82723a73169a,train,4,f17562e0d7b43e.jpg,happywhale__0f72263cd384,0.10543882846832275,0
0c0f725ce9e000.jpg,happywhale__82723a73169a,train,5,6a8e002d46dd21.jpg,happywhale__80d282ac5d45,0.09706345200538635,0
0c0f725ce9e000.jpg,happywhale__82723a73169a,train,6,bb1d1ff2efd90f.jpg,happywhale__5b8a39979dc2,0.09321863204240799,0
0c0f725ce9e000.jpg,happywhale__82723a73169a,train,7,5af9b2038fd526.jpg,happywhale__4b8534134eb8,0.09057002514600754,0
0c0f725ce9e000.jpg,happywhale__82723a73169a,train,8,27f328c4488fee.jpg,happywhale__0b2973489685,0.08975905179977417,0
0c0f725ce9e000.jpg,happywhale__82723a73169a,train,9,0b2022cc914783.jpg,happywhale__02ac4e3ca497,0.08729158341884613,0
0c0f725ce9e000.jpg,happywhale__82723a73169a,train,10,f2e26d40aa2123.jpg,happywhale__18efa8d0b472,0.08426447212696075,0
c5ba83ed69a4e4.jpg,happywhale__cf2824c9c7bc,train,1,5c775ecbbb18f3.jpg,happywhale__ea6eccb47a48,0.14476941525936127,0
c5ba83ed69a4e4.jpg,happywhale__cf2824c9c7bc,train,2,21b3fb39769af9.jpg,happywhale__b9907151f66e,0.11673801392316818,0
c5ba83ed69a4e4.jpg,happywhale__cf2824c9c7bc,train,3,bb59b4118b2913.jpg,happywhale__1c49644ca9b3,0.10429893434047699,0
c5ba83ed69a4e4.jpg,happywhale__cf2824c9c7bc,train,4,996f81c60c47b7.jpg,happywhale__7362d7a01d00,0.10373625159263611,0
c5ba83ed69a4e4.jpg,happywhale__cf2824c9c7bc,train,5,914eb9d0010fc1.jpg,happywhale__02ac4e3ca497,0.08921056985855103,0
c5ba83ed69a4e4.jpg,happywhale__cf2824c9c7bc,train,6,9bed4c25356adf.jpg,happywhale__b90d49ab0905,0.08826451003551483,0
c5ba83ed69a4e4.jpg,happywhale__cf2824c9c7bc,train,7,ed64dc9e7907b6.jpg,happywhale__35f898e6595e,0.08689829707145691,0
c5ba83ed69a4e4.jpg,happywhale__cf2824c9c7bc,train,8,ffe6940bd23980.jpg,happywhale__a8a663f9f7f0,0.08413409441709518,0
c5ba83ed69a4e4.jpg,happywhale__cf2824c9c7bc,train,9,e7b1d0126d2463.jpg,happywhale__f5187b86f2b0,0.08292564749717712,0
c5ba83ed69a4e4.jpg,happywhale__cf2824c9c7bc,train,10,69a7715b985459.jpg,happywhale__6f632b846891,0.08240599930286407,0
9fbcc6df51e573.jpg,happywhale__ac48977c0215,train,1,eac396b91bd170.jpg,happywhale__180c0ab04dcd,0.14272882044315338,0
9fbcc6df51e573.jpg,happywhale__ac48977c0215,train,2,ac7eb3b3abcfb7.jpg,happywhale__812be36c2aef,0.10549043118953705,0
9fbcc6df51e573.jpg,happywhale__ac48977c0215,train,3,c1a6d89e54e9fa.jpg,happywhale__ce6e37904aa4,0.10507286339998245,0
9fbcc6df51e573.jpg,happywhale__ac48977c0215,train,4,654519c53a0298.jpg,happywhale__22df13dec9ef,0.10184188187122345,0
9fbcc6df51e573.jpg,happywhale__ac48977c0215,train,5,ffa7afc9e440b1.jpg,happywhale__6a3af6e0c55c,0.09499429166316986,0
9fbcc6df51e573.jpg,happywhale__ac48977c0215,train,6,a12f4e65d2f49f.jpg,happywhale__84a261c0e5cf,0.0914742648601532,0
9fbcc6df51e573.jpg,happywhale__ac48977c0215,train,7,4d90c0710008b2.jpg,happywhale__73e13d5e4ada,0.08504534512758255,0
9fbcc6df51e573.jpg,happywhale__ac48977c0215,train,8,0c20fa17107d28.jpg,happywhale__586ef16f4536,0.08118785917758942,0
9fbcc6df51e573.jpg,happywhale__ac48977c0215,train,9,ec4823d823f2ed.jpg,happywhale__9f3613b5c45b,0.08002083748579025,0
9fbcc6df51e573.jpg,happywhale__ac48977c0215,train,10,3c1cd4e6385d94.jpg,happywhale__5bf17305f073,0.07923056185245514,0
150fb8606c800a.jpg,happywhale__a8c9dfb8ac6f,train,1,4b3bc32f1863ac.jpg,happywhale__52a2c490b25a,0.12563304603099823,0
150fb8606c800a.jpg,happywhale__a8c9dfb8ac6f,train,2,5996cfa3fcd10f.jpg,happywhale__2e0b381d3467,0.10675010085105896,0
150fb8606c800a.jpg,happywhale__a8c9dfb8ac6f,train,3,29349b0c48828b.jpg,happywhale__07a477b6a091,0.1033046543598175,0
150fb8606c800a.jpg,happywhale__a8c9dfb8ac6f,train,4,0b74b630afba1d.jpg,happywhale__0f72263cd384,0.09399819374084473,0
150fb8606c800a.jpg,happywhale__a8c9dfb8ac6f,train,5,9ce37dff58d0f0.jpg,happywhale__37c7aba965a5,0.09393145143985748,0
150fb8606c800a.jpg,happywhale__a8c9dfb8ac6f,train,6,3b6f9fb71a986e.jpg,happywhale__8beb43dfa67e,0.09130214154720306,0
150fb8606c800a.jpg,happywhale__a8c9dfb8ac6f,train,7,3ac8ff5145b027.jpg,happywhale__ffbb4e585ff2,0.08974846452474594,0
150fb8606c800a.jpg,happywhale__a8c9dfb8ac6f,train,8,daa079ca7366c5.jpg,happywhale__20312a4e3881,0.08844141662120819,0
150fb8606c800a.jpg,happywhale__a8c9dfb8ac6f,train,9,fa172b7a5dd3b6.jpg,happywhale__938b7e931166,0.08702686429023743,0
150fb8606c800a.jpg,happywhale__a8c9dfb8ac6f,train,10,63c1457a0c63ee.jpg,happywhale__37c7aba965a5,0.08569664508104324,0
e1de3b5f608f0b.jpg,happywhale__35f898e6595e,train,1,4dd3be4d73b23a.jpg,happywhale__7a58308da755,0.1152537390589714,0
e1de3b5f608f0b.jpg,happywhale__35f898e6595e,train,2,df37a0401576d5.jpg,happywhale__3cbc20a1fbfb,0.1051163375377655,0
e1de3b5f608f0b.jpg,happywhale__35f898e6595e,train,3,e9672f2b694bf5.jpg,happywhale__bc1eb2241633,0.10213106870651245,0
e1de3b5f608f0b.jpg,happywhale__35f898e6595e,train,4,45ecd8d5191fe4.jpg,happywhale__644db6f31843,0.10140081495046616,0
e1de3b5f608f0b.jpg,happywhale__35f898e6595e,train,5,0b75b75a443ca9.jpg,happywhale__86257eaa613b,0.10070361942052841,0
e1de3b5f608f0b.jpg,happywhale__35f898e6595e,train,6,862bc0cce7abf2.jpg,happywhale__982224d06f8c,0.0997266173362732,0
e1de3b5f608f0b.jpg,happywhale__35f898e6595e,train,7,48f925f74de847.jpg,happywhale__3a608b68bde4,0.09323611855506897,0
e1de3b5f608f0b.jpg,happywhale__35f898e6595e,train,8,b24da1d67a5022.jpg,happywhale__403dfea4e4bb,0.09040329605340958,0
e1de3b5f608f0b.jpg,happywhale__35f898e6595e,train,9,68933a399b3cfd.jpg,happywhale__10e758eb503a,0.08987182378768921,0
e1de3b5f608f0b.jpg,happywhale__35f898e6595e,train,10,307d5856ff6030.jpg,happywhale__122dc7f46c24,0.0865093320608139,0
f89a96929fc5b4.jpg,happywhale__dbc18c7c5856,train,1,5e3f95bbd6b3a2.jpg,happywhale__93fbdbf1feb6,0.13739539682865143,0
f89a96929fc5b4.jpg,happywhale__dbc18c7c5856,train,2,e60f9575fe2951.jpg,happywhale__695bb814ce56,0.09304060786962509,0
f89a96929fc5b4.jpg,happywhale__dbc18c7c5856,train,3,a6771f46f97f66.jpg,happywhale__5f48c2296a0e,0.08917716890573502,0
f89a96929fc5b4.jpg,happywhale__dbc18c7c5856,train,4,69c14ffa8abb76.jpg,happywhale__a8c9dfb8ac6f,0.08732114732265472,0
f89a96929fc5b4.jpg,happywhale__dbc18c7c5856,train,5,675217bbc28d92.jpg,happywhale__a6e325d8e924,0.08708568662405014,0
f89a96929fc5b4.jpg,happywhale__dbc18c7c5856,train,6,522672cc4358b6.jpg,happywhale__19fbb960f07d,0.08487255126237869,0
f89a96929fc5b4.jpg,happywhale__dbc18c7c5856,train,7,4834d0d58bf1b0.jpg,happywhale__735496dc7e64,0.08410900831222534,0
f89a96929fc5b4.jpg,happywhale__dbc18c7c5856,train,8,de30c654ed88fc.jpg,happywhale__f0aa1422b26f,0.08263181149959564,0
f89a96929fc5b4.jpg,happywhale__dbc18c7c5856,train,9,bd3f8db3fc443c.jpg,happywhale__37c7aba965a5,0.08149170130491257,0
f89a96929fc5b4.jpg,happywhale__dbc18c7c5856,train,10,8af9eb2fcae91b.jpg,happywhale__ae4343270756,0.08133835345506668,0
bdb25d51f5e6dc.jpg,happywhale__02947a94c3fc,train,1,193884a8d2cbbc.jpg,happywhale__32eeef0dc892,0.12140996754169464,0
bdb25d51f5e6dc.jpg,happywhale__02947a94c3fc,train,2,fdb2ccfd932325.jpg,happywhale__f3e4073c3ab0,0.11593873798847198,0
bdb25d51f5e6dc.jpg,happywhale__02947a94c3fc,train,3,daa079ca7366c5.jpg,happywhale__20312a4e3881,0.09185755997896194,0
bdb25d51f5e6dc.jpg,happywhale__02947a94c3fc,train,4,bdca0a5088a600.jpg,happywhale__0bcb911c63d1,0.0901293233036995,0
bdb25d51f5e6dc.jpg,happywhale__02947a94c3fc,train,5,6387e3554f9b71.jpg,happywhale__1191a41ee0f4,0.09008131921291351,0
bdb25d51f5e6dc.jpg,happywhale__02947a94c3fc,train,6,c917acef84528b.jpg,happywhale__37c7aba965a5,0.0891871228814125,0
bdb25d51f5e6dc.jpg,happywhale__02947a94c3fc,train,7,8821472b84f2e6.jpg,happywhale__4b8534134eb8,0.08912057429552078,0
bdb25d51f5e6dc.jpg,happywhale__02947a94c3fc,train,8,aeaf63d99fca37.jpg,happywhale__7fdeba948ee8,0.08759793639183044,0
bdb25d51f5e6dc.jpg,happywhale__02947a94c3fc,train,9,4c72d187f40d3d.jpg,happywhale__9e4564b3556f,0.08708804845809937,0
bdb25d51f5e6dc.jpg,happywhale__02947a94c3fc,train,10,5af9b2038fd526.jpg,happywhale__4b8534134eb8,0.08653168380260468,0
587880237777a3.jpg,happywhale__2c45eacc8a8f,train,1,6c6d15274229e7.jpg,happywhale__9e89f8e28807,0.1169075071811676,0
587880237777a3.jpg,happywhale__2c45eacc8a8f,train,2,8642e1d1f3d4cb.jpg,happywhale__0e4660baf3f1,0.10419544577598572,0
587880237777a3.jpg,happywhale__2c45eacc8a8f,train,3,8555ad50cfa9f5.jpg,happywhale__48936da899c3,0.09911318123340607,0
587880237777a3.jpg,happywhale__2c45eacc8a8f,train,4,bb59b4118b2913.jpg,happywhale__1c49644ca9b3,0.09872211515903473,0
587880237777a3.jpg,happywhale__2c45eacc8a8f,train,5,daa079ca7366c5.jpg,happywhale__20312a4e3881,0.0984281599521637,0
587880237777a3.jpg,happywhale__2c45eacc8a8f,train,6,8abb41f76334bf.jpg,happywhale__4b00fe572063,0.09188108146190643,0
587880237777a3.jpg,happywhale__2c45eacc8a8f,train,7,074d06d5eba5c5.jpg,happywhale__2c45eacc8a8f,0.08941270411014557,1
587880237777a3.jpg,happywhale__2c45eacc8a8f,train,8,96cef870304030.jpg,happywhale__84a261c0e5cf,0.08472037315368652,0
587880237777a3.jpg,happywhale__2c45eacc8a8f,train,9,b28509af468427.jpg,happywhale__322a18725969,0.08330875635147095,0
587880237777a3.jpg,happywhale__2c45eacc8a8f,train,10,55e59fd7c2a41c.jpg,happywhale__03c879f7c6d5,0.08280786871910095,0
ce9df89823a4b9.jpg,happywhale__281504409737,train,1,f63bf9fdda99a1.jpg,happywhale__02ac4e3ca497,0.13212954998016357,0
ce9df89823a4b9.jpg,happywhale__281504409737,train,2,2d956287a8cf74.jpg,happywhale__1191a41ee0f4,0.10288270562887192,0
ce9df89823a4b9.jpg,happywhale__281504409737,train,3,4834d0d58bf1b0.jpg,happywhale__735496dc7e64,0.09770214557647705,0
ce9df89823a4b9.jpg,happywhale__281504409737,train,4,99a7be2a06bb6d.jpg,happywhale__15f06fdf57fa,0.09453676640987396,0
ce9df89823a4b9.jpg,happywhale__281504409737,train,5,b53d5c73706080.jpg,happywhale__be2aa86d0e5b,0.09442427009344101,0
ce9df89823a4b9.jpg,happywhale__281504409737,train,6,e82ffacc3f24ee.jpg,happywhale__387f17f0676e,0.08630825579166412,0
ce9df89823a4b9.jpg,happywhale__281504409737,train,7,2886e5346729e9.jpg,happywhale__a6e325d8e924,0.08584407716989517,0
ce9df89823a4b9.jpg,happywhale__281504409737,train,8,ecd184cab529f9.jpg,happywhale__cb0fed574200,0.08475750684738159,0
ce9df89823a4b9.jpg,happywhale__281504409737,train,9,4b5e31f0034c9a.jpg,happywhale__56ae9c69c443,0.08321864902973175,0
ce9df89823a4b9.jpg,happywhale__281504409737,train,10,b929d47e8d148a.jpg,happywhale__06ef73efe924,0.08033253997564316,0
a86d257d39466f.jpg,happywhale__7355eee87d75,train,1,89a023cddc64f7.jpg,happywhale__5eb72a46aa6c,0.11636991798877716,0
a86d257d39466f.jpg,happywhale__7355eee87d75,train,2,d85422d51bb3f5.jpg,happywhale__8deb2171580e,0.11189091205596924,0
a86d257d39466f.jpg,happywhale__7355eee87d75,train,3,fdd4e528edb02b.jpg,happywhale__2280b5fcc6c2,0.10237877070903778,0
a86d257d39466f.jpg,happywhale__7355eee87d75,train,4,6bc7a817d92d49.jpg,happywhale__d218dff09dab,0.10074300318956375,0
a86d257d39466f.jpg,happywhale__7355eee87d75,train,5,fc1450edd0a630.jpg,happywhale__18efa8d0b472,0.0969311073422432,0
a86d257d39466f.jpg,happywhale__7355eee87d75,train,6,ddea3571c2684d.jpg,happywhale__9f750b3dd09d,0.09367969632148743,0
a86d257d39466f.jpg,happywhale__7355eee87d75,train,7,f0a1a69a001eff.jpg,happywhale__ea8160d46f8f,0.09299209713935852,0
a86d257d39466f.jpg,happywhale__7355eee87d75,train,8,e9672f2b694bf5.jpg,happywhale__bc1eb2241633,0.09126445651054382,0
a86d257d39466f.jpg,happywhale__7355eee87d75,train,9,bb59b4118b2913.jpg,happywhale__1c49644ca9b3,0.09100361913442612,0
a86d257d39466f.jpg,happywhale__7355eee87d75,train,10,12c4eb0809bfca.jpg,happywhale__abbeba14a290,0.08943282067775726,0
e0203922443511.jpg,happywhale__735496dc7e64,train,1,49e401ac97a431.jpg,happywhale__9f750b3dd09d,0.10772401094436646,0
e0203922443511.jpg,happywhale__735496dc7e64,train,2,4fbb04a4a5b506.jpg,happywhale__735496dc7e64,0.10672183334827423,1
e0203922443511.jpg,happywhale__735496dc7e64,train,3,74618af559c8aa.jpg,happywhale__32d3b30b473f,0.09985212981700897,0
e0203922443511.jpg,happywhale__735496dc7e64,train,4,8f8d2ae4c17234.jpg,happywhale__5bf17305f073,0.09329435974359512,0
e0203922443511.jpg,happywhale__735496dc7e64,train,5,a96299a5afafc7.jpg,happywhale__abbeba14a290,0.09246295690536499,0
e0203922443511.jpg,happywhale__735496dc7e64,train,6,3a62a52a2e7cef.jpg,happywhale__9f3613b5c45b,0.08857309818267822,0
e0203922443511.jpg,happywhale__735496dc7e64,train,7,d958a629c25c4f.jpg,happywhale__4d18b20adff3,0.08734942972660065,0
e0203922443511.jpg,happywhale__735496dc7e64,train,8,996f81c60c47b7.jpg,happywhale__7362d7a01d00,0.08364719897508621,0
e0203922443511.jpg,happywhale__735496dc7e64,train,9,006fc52f81ab7d.jpg,happywhale__73e13d5e4ada,0.08343370258808136,0
e0203922443511.jpg,happywhale__735496dc7e64,train,10,c917acef84528b.jpg,happywhale__37c7aba965a5,0.08308329433202744,0
198d00a5c97f40.jpg,happywhale__aeae6f5bf5cd,train,1,2ac46dd28e3df8.jpg,happywhale__ca886e0b34a3,0.11315704882144928,0
198d00a5c97f40.jpg,happywhale__aeae6f5bf5cd,train,2,4795f8942befae.jpg,happywhale__7a8863eb9227,0.10716897249221802,0
198d00a5c97f40.jpg,happywhale__aeae6f5bf5cd,train,3,43ddf5754f6588.jpg,happywhale__98995caaa0d3,0.09638654440641403,0
198d00a5c97f40.jpg,happywhale__aeae6f5bf5cd,train,4,a64ada9fd97069.jpg,happywhale__a6e325d8e924,0.09589754790067673,0
198d00a5c97f40.jpg,happywhale__aeae6f5bf5cd,train,5,96cef870304030.jpg,happywhale__84a261c0e5cf,0.0894850566983223,0
198d00a5c97f40.jpg,happywhale__aeae6f5bf5cd,train,6,d4f471754d2739.jpg,happywhale__695bb814ce56,0.08590444177389145,0
198d00a5c97f40.jpg,happywhale__aeae6f5bf5cd,train,7,c0b804aaa17c62.jpg,happywhale__9e89f8e28807,0.08558980375528336,0
198d00a5c97f40.jpg,happywhale__aeae6f5bf5cd,train,8,e4be30257dd09a.jpg,happywhale__c995c043c353,0.08342306315898895,0
198d00a5c97f40.jpg,happywhale__aeae6f5bf5cd,train,9,de775a1aedbb3f.jpg,happywhale__bc1eb2241633,0.08302031457424164,0
198d00a5c97f40.jpg,happywhale__aeae6f5bf5cd,train,10,cc1e3a6bcfea79.jpg,happywhale__735496dc7e64,0.08148854225873947,0
51db7b2f80d046.jpg,happywhale__0611c23e6914,train,1,d4f471754d2739.jpg,happywhale__695bb814ce56,0.10947513580322266,0
51db7b2f80d046.jpg,happywhale__0611c23e6914,train,2,cce547cf402ab8.jpg,happywhale__778419da2957,0.10130498558282852,0
51db7b2f80d046.jpg,happywhale__0611c23e6914,train,3,e3759d92d52249.jpg,happywhale__c171b020c8c7,0.09238950163125992,0
51db7b2f80d046.jpg,happywhale__0611c23e6914,train,4,862bc0cce7abf2.jpg,happywhale__982224d06f8c,0.09045296907424927,0
51db7b2f80d046.jpg,happywhale__0611c23e6914,train,5,689e9ce185c8a6.jpg,happywhale__c2705f9e75c8,0.08829200267791748,0
51db7b2f80d046.jpg,happywhale__0611c23e6914,train,6,d9c4b90a6d9ac2.jpg,happywhale__19fbb960f07d,0.08358228206634521,0
51db7b2f80d046.jpg,happywhale__0611c23e6914,train,7,74e9ba35bd9677.jpg,happywhale__445270d9ad52,0.07934345304965973,0
51db7b2f80d046.jpg,happywhale__0611c23e6914,train,8,4a907287c82c29.jpg,happywhale__79eceab9ebee,0.07866942882537842,0
51db7b2f80d046.jpg,happywhale__0611c23e6914,train,9,878865e1d00941.jpg,happywhale__19fbb960f07d,0.0780373215675354,0
51db7b2f80d046.jpg,happywhale__0611c23e6914,train,10,8f7d8c6114879c.jpg,happywhale__84d91f8c1f99,0.07760445773601532,0
84e6cc053a12e6.jpg,happywhale__f3d9d1f9eece,train,1,5e3f95bbd6b3a2.jpg,happywhale__93fbdbf1feb6,0.12199069559574127,0
84e6cc053a12e6.jpg,happywhale__f3d9d1f9eece,train,2,19776eeb8e4c70.jpg,happywhale__2372d0d26c20,0.11242307722568512,0
84e6cc053a12e6.jpg,happywhale__f3d9d1f9eece,train,3,948b8a7bd8ed9d.jpg,happywhale__1ff6d285b427,0.11107587814331055,0
84e6cc053a12e6.jpg,happywhale__f3d9d1f9eece,train,4,192265b91aff18.jpg,happywhale__7362d7a01d00,0.09513254463672638,0
84e6cc053a12e6.jpg,happywhale__f3d9d1f9eece,train,5,5b6d7df9aaeb3f.jpg,happywhale__be3543fc7c74,0.09304731339216232,0
84e6cc053a12e6.jpg,happywhale__f3d9d1f9eece,train,6,eb6bcda7325bda.jpg,happywhale__a7310896653d,0.08578943461179733,0
84e6cc053a12e6.jpg,happywhale__f3d9d1f9eece,train,7,b6826988d34d0b.jpg,happywhale__b11b2404c7e3,0.08496426045894623,0
84e6cc053a12e6.jpg,happywhale__f3d9d1f9eece,train,8,9f3c60ff3f2a7c.jpg,happywhale__cd720f8127f5,0.08483213186264038,0
84e6cc053a12e6.jpg,happywhale__f3d9d1f9eece,train,9,416c0eec4aa038.jpg,happywhale__4b234d0d53c1,0.08078861981630325,0
84e6cc053a12e6.jpg,happywhale__f3d9d1f9eece,train,10,aed691e7005984.jpg,happywhale__ecd7bda11e61,0.0768401250243187,0
4ebc49763cbb68.jpg,happywhale__6cbfecf203a5,train,1,de775a1aedbb3f.jpg,happywhale__bc1eb2241633,0.09804151207208633,0
4ebc49763cbb68.jpg,happywhale__6cbfecf203a5,train,2,d644521e677c18.jpg,happywhale__208b91b1ca2b,0.09437322616577148,0
4ebc49763cbb68.jpg,happywhale__6cbfecf203a5,train,3,edf725ab1d3298.jpg,happywhale__4b3320581310,0.08872995525598526,0
4ebc49763cbb68.jpg,happywhale__6cbfecf203a5,train,4,96f5e794e16543.jpg,happywhale__6a6fa3ec3810,0.08855719119310379,0
4ebc49763cbb68.jpg,happywhale__6cbfecf203a5,train,5,94722f88403840.jpg,happywhale__82723a73169a,0.08646562695503235,0
4ebc49763cbb68.jpg,happywhale__6cbfecf203a5,train,6,f0a1a69a001eff.jpg,happywhale__ea8160d46f8f,0.0832555741071701,0
4ebc49763cbb68.jpg,happywhale__6cbfecf203a5,train,7,615b9ee0797a62.jpg,happywhale__f3c484809ce8,0.08004091680049896,0
4ebc49763cbb68.jpg,happywhale__6cbfecf203a5,train,8,02b64041dc2a40.jpg,happywhale__ec1469b7e368,0.07993506640195847,0
4ebc49763cbb68.jpg,happywhale__6cbfecf203a5,train,9,1c7834421996f1.jpg,happywhale__0b180ad0afa2,0.07897263765335083,0
4ebc49763cbb68.jpg,happywhale__6cbfecf203a5,train,10,58eaeaedeb6309.jpg,happywhale__02da0e68dccd,0.07749640196561813,0
b7656ae57a826d.jpg,happywhale__7362d7a01d00,train,1,31f7cfa75c36d1.jpg,happywhale__f195c38bcf17,0.10642745345830917,0
b7656ae57a826d.jpg,happywhale__7362d7a01d00,train,2,cce547cf402ab8.jpg,happywhale__778419da2957,0.10228057205677032,0
b7656ae57a826d.jpg,happywhale__7362d7a01d00,train,3,a96299a5afafc7.jpg,happywhale__abbeba14a290,0.0950944572687149,0
b7656ae57a826d.jpg,happywhale__7362d7a01d00,train,4,d139f40ca8e88f.jpg,happywhale__956562ff2888,0.0897824838757515,0
b7656ae57a826d.jpg,happywhale__7362d7a01d00,train,5,3f01bc94f640ec.jpg,happywhale__37c7aba965a5,0.08939076960086823,0
b7656ae57a826d.jpg,happywhale__7362d7a01d00,train,6,b39f4c99137a30.jpg,happywhale__9f3613b5c45b,0.08878505229949951,0
b7656ae57a826d.jpg,happywhale__7362d7a01d00,train,7,d3916ce31e202a.jpg,happywhale__5217e9a77c76,0.08856017887592316,0
b7656ae57a826d.jpg,happywhale__7362d7a01d00,train,8,55a198ebbd493b.jpg,happywhale__37c7aba965a5,0.0873054638504982,0
b7656ae57a826d.jpg,happywhale__7362d7a01d00,train,9,51f4e2ab45fee3.jpg,happywhale__dd8c756c9cb7,0.0869668573141098,0
b7656ae57a826d.jpg,happywhale__7362d7a01d00,train,10,0fc326131c1853.jpg,happywhale__ad981a124bbd,0.08340403437614441,0
17b7d4a0700460.jpg,happywhale__a19b3b964ac1,train,1,c59c184d57505b.jpg,happywhale__47e591d9b820,0.11625826358795166,0
17b7d4a0700460.jpg,happywhale__a19b3b964ac1,train,2,f4dc639b841709.jpg,happywhale__366200ff5b49,0.10680718719959259,0
17b7d4a0700460.jpg,happywhale__a19b3b964ac1,train,3,327e5c89f63f1b.jpg,happywhale__b9907151f66e,0.09873373806476593,0
17b7d4a0700460.jpg,happywhale__a19b3b964ac1,train,4,6468bf6599dfc9.jpg,happywhale__7362d7a01d00,0.09707042574882507,0
17b7d4a0700460.jpg,happywhale__a19b3b964ac1,train,5,006fc52f81ab7d.jpg,happywhale__73e13d5e4ada,0.09491349756717682,0
17b7d4a0700460.jpg,happywhale__a19b3b964ac1,train,6,a7cb5f3da7b444.jpg,happywhale__f46b5831d9cd,0.09483227133750916,0
17b7d4a0700460.jpg,happywhale__a19b3b964ac1,train,7,4c719a6b45bbb4.jpg,happywhale__46988583261a,0.08810196816921234,0
17b7d4a0700460.jpg,happywhale__a19b3b964ac1,train,8,72688062aea539.jpg,happywhale__20916df9f20d,0.08740964531898499,0
17b7d4a0700460.jpg,happywhale__a19b3b964ac1,train,9,4b36c907b56e12.jpg,happywhale__9e89f8e28807,0.08203635364770889,0
17b7d4a0700460.jpg,happywhale__a19b3b964ac1,train,10,a12f4e65d2f49f.jpg,happywhale__84a261c0e5cf,0.07880962640047073,0
65c8212b6c991f.jpg,happywhale__be330f0c495c,train,1,49eb5543456d28.jpg,happywhale__abbeba14a290,0.10669323801994324,0
65c8212b6c991f.jpg,happywhale__be330f0c495c,train,2,9d395af524c325.jpg,happywhale__f2c8760fbfc2,0.09975598007440567,0
65c8212b6c991f.jpg,happywhale__be330f0c495c,train,3,f0a2ba2b619c7a.jpg,happywhale__445270d9ad52,0.09678983688354492,0
65c8212b6c991f.jpg,happywhale__be330f0c495c,train,4,fd2b54d44b060b.jpg,happywhale__fdb532d9bc78,0.09536519646644592,0
65c8212b6c991f.jpg,happywhale__be330f0c495c,train,5,a60a28722e2caa.jpg,happywhale__fbe2b15b5481,0.09241648018360138,0
65c8212b6c991f.jpg,happywhale__be330f0c495c,train,6,88f12e7a6547a8.jpg,happywhale__208b91b1ca2b,0.09023444354534149,0
65c8212b6c991f.jpg,happywhale__be330f0c495c,train,7,cfc29ed0b4ac03.jpg,happywhale__3c346fc4a109,0.08135557174682617,0
65c8212b6c991f.jpg,happywhale__be330f0c495c,train,8,40c97c14da3308.jpg,happywhale__018aaba90625,0.08132075518369675,0
65c8212b6c991f.jpg,happywhale__be330f0c495c,train,9,7451df9d85b339.jpg,happywhale__1a20c92ffe68,0.08130817860364914,0
65c8212b6c991f.jpg,happywhale__be330f0c495c,train,10,aedf6d9ed9359b.jpg,happywhale__003fd9e237f5,0.07942990958690643,0
e81ae107617da4.jpg,happywhale__985e7d6a8052,train,1,2dc5ca63b6a1a9.jpg,happywhale__4d18b20adff3,0.11232049763202667,0
e81ae107617da4.jpg,happywhale__985e7d6a8052,train,2,b07cf30c22adc9.jpg,happywhale__58c43f7cc15d,0.10609661042690277,0
e81ae107617da4.jpg,happywhale__985e7d6a8052,train,3,e70ade645a9396.jpg,happywhale__37c7aba965a5,0.09851939976215363,0
e81ae107617da4.jpg,happywhale__985e7d6a8052,train,4,eea381b7cd1781.jpg,happywhale__5f48c2296a0e,0.09761849045753479,0
e81ae107617da4.jpg,happywhale__985e7d6a8052,train,5,668cb7345cff6d.jpg,happywhale__e839ee7d8cf0,0.09736829996109009,0
e81ae107617da4.jpg,happywhale__985e7d6a8052,train,6,75bd2ed881e950.jpg,happywhale__2ca0b9b39092,0.09651809930801392,0
e81ae107617da4.jpg,happywhale__985e7d6a8052,train,7,13f37b16ceedec.jpg,happywhale__20916df9f20d,0.09134300798177719,0
e81ae107617da4.jpg,happywhale__985e7d6a8052,train,8,2ac46dd28e3df8.jpg,happywhale__ca886e0b34a3,0.0894928127527237,0
e81ae107617da4.jpg,happywhale__985e7d6a8052,train,9,b20f973527dfed.jpg,happywhale__5bf17305f073,0.0849854052066803,0
e81ae107617da4.jpg,happywhale__985e7d6a8052,train,10,40f834fe646a30.jpg,happywhale__9a6b86f7bb3e,0.08371763676404953,0
3265e220257eca.jpg,happywhale__7fdeba948ee8,train,1,f95d3db97fd286.jpg,happywhale__6cbfecf203a5,0.10952611267566681,0
3265e220257eca.jpg,happywhale__7fdeba948ee8,train,2,e7b748c1658dd4.jpg,happywhale__19fbb960f07d,0.1033589243888855,0
3265e220257eca.jpg,happywhale__7fdeba948ee8,train,3,d103e502f24bbc.jpg,happywhale__70cd1a7d97a7,0.10029711574316025,0
3265e220257eca.jpg,happywhale__7fdeba948ee8,train,4,f8d4cf5125cdd1.jpg,happywhale__ca88903ae96e,0.0881137102842331,0
3265e220257eca.jpg,happywhale__7fdeba948ee8,train,5,0c20fa17107d28.jpg,happywhale__586ef16f4536,0.08439651131629944,0
3265e220257eca.jpg,happywhale__7fdeba948ee8,train,6,e3a3ee4bcdfb0b.jpg,happywhale__9582cc692d85,0.08309977501630783,0
3265e220257eca.jpg,happywhale__7fdeba948ee8,train,7,1a0f7a71686a64.jpg,happywhale__bf412253bbc2,0.08141019940376282,0
3265e220257eca.jpg,happywhale__7fdeba948ee8,train,8,8f8d2ae4c17234.jpg,happywhale__5bf17305f073,0.08077478408813477,0
3265e220257eca.jpg,happywhale__7fdeba948ee8,train,9,2cee41feca24bf.jpg,happywhale__985e7d6a8052,0.07941198348999023,0
3265e220257eca.jpg,happywhale__7fdeba948ee8,train,10,dc2855da160761.jpg,happywhale__02da0e68dccd,0.07761901617050171,0
a5a8fa3f178f17.jpg,happywhale__d218dff09dab,train,1,6dc8674d839472.jpg,happywhale__37c7aba965a5,0.12234774976968765,0
a5a8fa3f178f17.jpg,happywhale__d218dff09dab,train,2,24ce33978a67d8.jpg,happywhale__2fdb3a09dc9c,0.11697874218225479,0
a5a8fa3f178f17.jpg,happywhale__d218dff09dab,train,3,02ec334dd4940e.jpg,happywhale__ad981a124bbd,0.11676803231239319,0
a5a8fa3f178f17.jpg,happywhale__d218dff09dab,train,4,183f5654ceab1a.jpg,happywhale__5b8a39979dc2,0.10466187447309494,0
a5a8fa3f178f17.jpg,happywhale__d218dff09dab,train,5,47432842973ac2.jpg,happywhale__bc1eb2241633,0.10268169641494751,0
a5a8fa3f178f17.jpg,happywhale__d218dff09dab,train,6,e8c98b8f99ce4e.jpg,happywhale__910b942f8c3a,0.09345892071723938,0
a5a8fa3f178f17.jpg,happywhale__d218dff09dab,train,7,7f1aca47dbb859.jpg,happywhale__4a94b1849f80,0.09254670143127441,0
a5a8fa3f178f17.jpg,happywhale__d218dff09dab,train,8,abd6a4fe625599.jpg,happywhale__19c2bfaa0819,0.08778021484613419,0
a5a8fa3f178f17.jpg,happywhale__d218dff09dab,train,9,c42d347a362218.jpg,happywhale__e527fa08772c,0.08532483130693436,0
a5a8fa3f178f17.jpg,happywhale__d218dff09dab,train,10,13f37b16ceedec.jpg,happywhale__20916df9f20d,0.08475226908922195,0
cf90ba7d05fe36.jpg,happywhale__de69dc1d1cad,train,1,7e67d8b3e7901b.jpg,happywhale__ffbb4e585ff2,0.12804929912090302,0
cf90ba7d05fe36.jpg,happywhale__de69dc1d1cad,train,2,cabf72f76b7608.jpg,happywhale__2280b5fcc6c2,0.12198249995708466,0
cf90ba7d05fe36.jpg,happywhale__de69dc1d1cad,train,3,8d3b7f45231855.jpg,happywhale__a43daee90cbc,0.11285416036844254,0
cf90ba7d05fe36.jpg,happywhale__de69dc1d1cad,train,4,3a083983bdcac2.jpg,happywhale__38c2a8e40437,0.09849297255277634,0
cf90ba7d05fe36.jpg,happywhale__de69dc1d1cad,train,5,54e09e2ba75f9a.jpg,happywhale__1191a41ee0f4,0.08851968497037888,0
cf90ba7d05fe36.jpg,happywhale__de69dc1d1cad,train,6,25f579cbc4565f.jpg,happywhale__e9525f5abf43,0.08832410722970963,0
cf90ba7d05fe36.jpg,happywhale__de69dc1d1cad,train,7,2dc5ca63b6a1a9.jpg,happywhale__4d18b20adff3,0.08475281298160553,0
cf90ba7d05fe36.jpg,happywhale__de69dc1d1cad,train,8,ae0ea83f686f45.jpg,happywhale__171aa23102f3,0.08439547568559647,0
cf90ba7d05fe36.jpg,happywhale__de69dc1d1cad,train,9,69a7715b985459.jpg,happywhale__6f632b846891,0.08400104939937592,0
cf90ba7d05fe36.jpg,happywhale__de69dc1d1cad,train,10,7c3a64382c9680.jpg,happywhale__06ef73efe924,0.08317945152521133,0
1e8e72e48f9c30.jpg,happywhale__c2705f9e75c8,train,1,77513bbcd32885.jpg,happywhale__18f270f6ca16,0.10530015826225281,0
1e8e72e48f9c30.jpg,happywhale__c2705f9e75c8,train,2,c2726cebbfa424.jpg,happywhale__208b91b1ca2b,0.10202325880527496,0
1e8e72e48f9c30.jpg,happywhale__c2705f9e75c8,train,3,0974ef2d248685.jpg,happywhale__7ace4d166c97,0.10140477865934372,0
1e8e72e48f9c30.jpg,happywhale__c2705f9e75c8,train,4,51dfde55ca4c3d.jpg,happywhale__4b8534134eb8,0.10132253170013428,0
1e8e72e48f9c30.jpg,happywhale__c2705f9e75c8,train,5,e3759d92d52249.jpg,happywhale__c171b020c8c7,0.09490811079740524,0
1e8e72e48f9c30.jpg,happywhale__c2705f9e75c8,train,6,7ca8b5566c659d.jpg,happywhale__ca88903ae96e,0.08960536122322083,0
1e8e72e48f9c30.jpg,happywhale__c2705f9e75c8,train,7,bde8eb6c289dba.jpg,happywhale__51081e431bca,0.08785484731197357,0
1e8e72e48f9c30.jpg,happywhale__c2705f9e75c8,train,8,567d6d0ddd0bb4.jpg,happywhale__8bc942512479,0.08553777635097504,0
1e8e72e48f9c30.jpg,happywhale__c2705f9e75c8,train,9,ae0ea83f686f45.jpg,happywhale__171aa23102f3,0.08534596860408783,0
1e8e72e48f9c30.jpg,happywhale__c2705f9e75c8,train,10,21b3fb39769af9.jpg,happywhale__b9907151f66e,0.08490905165672302,0
f2e741f6d9be74.jpg,happywhale__b2a4a87ffb86,train,1,3a1e8f7cf6cd1d.jpg,happywhale__114207cab555,0.11391601711511612,0
f2e741f6d9be74.jpg,happywhale__b2a4a87ffb86,train,2,51dfde55ca4c3d.jpg,happywhale__4b8534134eb8,0.10879623144865036,0
f2e741f6d9be74.jpg,happywhale__b2a4a87ffb86,train,3,88f12e7a6547a8.jpg,happywhale__208b91b1ca2b,0.10825967788696289,0
f2e741f6d9be74.jpg,happywhale__b2a4a87ffb86,train,4,edfb0d412c5a23.jpg,happywhale__ee0ca4cf0faf,0.10774267464876175,0
f2e741f6d9be74.jpg,happywhale__b2a4a87ffb86,train,5,e7b748c1658dd4.jpg,happywhale__19fbb960f07d,0.1002618819475174,0
f2e741f6d9be74.jpg,happywhale__b2a4a87ffb86,train,6,4492af8d29e76c.jpg,happywhale__8deb2171580e,0.09597261995077133,0
f2e741f6d9be74.jpg,happywhale__b2a4a87ffb86,train,7,f9b1d4b66a753d.jpg,happywhale__6a3af6e0c55c,0.08797229826450348,0
f2e741f6d9be74.jpg,happywhale__b2a4a87ffb86,train,8,8a35ae995424f9.jpg,happywhale__bf412253bbc2,0.08577500283718109,0
f2e741f6d9be74.jpg,happywhale__b2a4a87ffb86,train,9,58eaeaedeb6309.jpg,happywhale__02da0e68dccd,0.08526776731014252,0
f2e741f6d9be74.jpg,happywhale__b2a4a87ffb86,train,10,b46fcb93da39c3.jpg,happywhale__ef0ddd083fbe,0.0830276682972908,0
1264282f4a4d51.jpg,happywhale__0b3fdeb134d3,train,1,f2b95ab0f7f89b.jpg,happywhale__9f3613b5c45b,0.09480471909046173,0
1264282f4a4d51.jpg,happywhale__0b3fdeb134d3,train,2,acdbfde9f7b21d.jpg,happywhale__938b7e931166,0.09336302429437637,0
1264282f4a4d51.jpg,happywhale__0b3fdeb134d3,train,3,edb744ea92bdf5.jpg,happywhale__dba4e482f0ad,0.09286989271640778,0
1264282f4a4d51.jpg,happywhale__0b3fdeb134d3,train,4,19776eeb8e4c70.jpg,happywhale__2372d0d26c20,0.08856293559074402,0
1264282f4a4d51.jpg,happywhale__0b3fdeb134d3,train,5,27b1d7f3c850b0.jpg,happywhale__6f47542558a1,0.08835320174694061,0
1264282f4a4d51.jpg,happywhale__0b3fdeb134d3,train,6,287f766c9c379f.jpg,happywhale__9e89f8e28807,0.08450464904308319,0
1264282f4a4d51.jpg,happywhale__0b3fdeb134d3,train,7,654519c53a0298.jpg,happywhale__22df13dec9ef,0.08405762910842896,0
1264282f4a4d51.jpg,happywhale__0b3fdeb134d3,train,8,1db86a2efe52f8.jpg,happywhale__19fbb960f07d,0.08277247846126556,0
1264282f4a4d51.jpg,happywhale__0b3fdeb134d3,train,9,85e364d616c2fb.jpg,happywhale__51db5a85aaf7,0.082757867872715,0
1264282f4a4d51.jpg,happywhale__0b3fdeb134d3,train,10,47432842973ac2.jpg,happywhale__bc1eb2241633,0.08142651617527008,0
816d20a97ad30a.jpg,happywhale__06ef73efe924,train,1,02b64041dc2a40.jpg,happywhale__ec1469b7e368,0.1198665201663971,0
816d20a97ad30a.jpg,happywhale__06ef73efe924,train,2,9a0a00d81fe205.jpg,happywhale__5f48c2296a0e,0.10001321136951447,0
816d20a97ad30a.jpg,happywhale__06ef73efe924,train,3,adb893cdd5b1e9.jpg,happywhale__15d96d5d42c2,0.0955301970243454,0
816d20a97ad30a.jpg,happywhale__06ef73efe924,train,4,cc762236e5610f.jpg,happywhale__bc1eb2241633,0.0935676246881485,0
816d20a97ad30a.jpg,happywhale__06ef73efe924,train,5,bdd554e6155a44.jpg,happywhale__538554bfc6ca,0.09074045717716217,0
816d20a97ad30a.jpg,happywhale__06ef73efe924,train,6,1db86a2efe52f8.jpg,happywhale__19fbb960f07d,0.08628855645656586,0
816d20a97ad30a.jpg,happywhale__06ef73efe924,train,7,a9e2b824086a7e.jpg,happywhale__64c398234574,0.08461146056652069,0
816d20a97ad30a.jpg,happywhale__06ef73efe924,train,8,fcedf79a50b34a.jpg,happywhale__20916df9f20d,0.08425427973270416,0
816d20a97ad30a.jpg,happywhale__06ef73efe924,train,9,193884a8d2cbbc.jpg,happywhale__32eeef0dc892,0.08424634486436844,0
816d20a97ad30a.jpg,happywhale__06ef73efe924,train,10,ac7eb3b3abcfb7.jpg,happywhale__812be36c2aef,0.08421912789344788,0
703c9231940d92.jpg,happywhale__66423582531a,train,1,5b4fadc305e295.jpg,happywhale__5bf17305f073,0.11043266952037811,0
703c9231940d92.jpg,happywhale__66423582531a,train,2,396d6b9d0afdea.jpg,happywhale__3d8ae153f3d7,0.10863044857978821,0
703c9231940d92.jpg,happywhale__66423582531a,train,3,d4f471754d2739.jpg,happywhale__695bb814ce56,0.10491341352462769,0
703c9231940d92.jpg,happywhale__66423582531a,train,4,615b9ee0797a62.jpg,happywhale__f3c484809ce8,0.10013777017593384,0
703c9231940d92.jpg,happywhale__66423582531a,train,5,1f704a778ec537.jpg,happywhale__956562ff2888,0.09725457429885864,0
703c9231940d92.jpg,happywhale__66423582531a,train,6,3f8bb023c45b5d.jpg,happywhale__f195c38bcf17,0.0958009883761406,0
703c9231940d92.jpg,happywhale__66423582531a,train,7,2886e5346729e9.jpg,happywhale__a6e325d8e924,0.09418720752000809,0
703c9231940d92.jpg,happywhale__66423582531a,train,8,78f13e1a682b2f.jpg,happywhale__778419da2957,0.08965235948562622,0
703c9231940d92.jpg,happywhale__66423582531a,train,9,3d1608a8f3a245.jpg,happywhale__b2a4a87ffb86,0.08674833178520203,0
703c9231940d92.jpg,happywhale__66423582531a,train,10,acdbfde9f7b21d.jpg,happywhale__938b7e931166,0.08538176119327545,0
ba7942fd0b4e85.jpg,happywhale__7aa5641e5acc,train,1,914eb9d0010fc1.jpg,happywhale__02ac4e3ca497,0.12637543678283691,0
ba7942fd0b4e85.jpg,happywhale__7aa5641e5acc,train,2,63fe4b92bdb7fc.jpg,happywhale__281504409737,0.10374945402145386,0
ba7942fd0b4e85.jpg,happywhale__7aa5641e5acc,train,3,55b1538f6d359f.jpg,happywhale__208b91b1ca2b,0.1018262505531311,0
ba7942fd0b4e85.jpg,happywhale__7aa5641e5acc,train,4,a27d8c35127023.jpg,happywhale__bc48b7c97463,0.09688476473093033,0
ba7942fd0b4e85.jpg,happywhale__7aa5641e5acc,train,5,b463545e9050ee.jpg,happywhale__6f632b846891,0.09681938588619232,0
ba7942fd0b4e85.jpg,happywhale__7aa5641e5acc,train,6,b7d620f2a97ee1.jpg,happywhale__600ab1de92d9,0.0922025740146637,0
ba7942fd0b4e85.jpg,happywhale__7aa5641e5acc,train,7,27f328c4488fee.jpg,happywhale__0b2973489685,0.08957032859325409,0
ba7942fd0b4e85.jpg,happywhale__7aa5641e5acc,train,8,52c057a1e0645b.jpg,happywhale__ea6eccb47a48,0.0856512114405632,0
ba7942fd0b4e85.jpg,happywhale__7aa5641e5acc,train,9,7542bac9c187dc.jpg,happywhale__740ce589ff2b,0.08417099714279175,0
ba7942fd0b4e85.jpg,happywhale__7aa5641e5acc,train,10,028071fe4f5b34.jpg,happywhale__a86b9a0c8b35,0.08415202051401138,0
ce71f85b7f3441.jpg,happywhale__e53d52e33e81,train,1,c60ebb0e56ad39.jpg,happywhale__86c20ead4674,0.10203705728054047,0
ce71f85b7f3441.jpg,happywhale__e53d52e33e81,train,2,5b6d7df9aaeb3f.jpg,happywhale__be3543fc7c74,0.1008068174123764,0
ce71f85b7f3441.jpg,happywhale__e53d52e33e81,train,3,6be9cca6c64aff.jpg,happywhale__1191a41ee0f4,0.09899071604013443,0
ce71f85b7f3441.jpg,happywhale__e53d52e33e81,train,4,b6826988d34d0b.jpg,happywhale__b11b2404c7e3,0.09622001647949219,0
ce71f85b7f3441.jpg,happywhale__e53d52e33e81,train,5,2cc66d92c347d3.jpg,happywhale__8b712d2a5313,0.09541723132133484,0
ce71f85b7f3441.jpg,happywhale__e53d52e33e81,train,6,891463b2c1b9dd.jpg,happywhale__f3d9d1f9eece,0.09264438599348068,0
ce71f85b7f3441.jpg,happywhale__e53d52e33e81,train,7,0974ef2d248685.jpg,happywhale__7ace4d166c97,0.0910542830824852,0
ce71f85b7f3441.jpg,happywhale__e53d52e33e81,train,8,254466ca685bed.jpg,happywhale__19c2bfaa0819,0.089951291680336,0
ce71f85b7f3441.jpg,happywhale__e53d52e33e81,train,9,837175f77e84b4.jpg,happywhale__1e802c3294cc,0.08599768579006195,0
ce71f85b7f3441.jpg,happywhale__e53d52e33e81,train,10,1c291674cec281.jpg,happywhale__9a6b86f7bb3e,0.08049403131008148,0
486bb4097fae4f.jpg,happywhale__19c2bfaa0819,train,1,bdff81b3eb15d7.jpg,happywhale__6bf9810d3632,0.09750571846961975,0
486bb4097fae4f.jpg,happywhale__19c2bfaa0819,train,2,1b6f707bdf48fb.jpg,happywhale__938b7e931166,0.09395633637905121,0
486bb4097fae4f.jpg,happywhale__19c2bfaa0819,train,3,9ee9a80c5e91a8.jpg,happywhale__8f76b84bec12,0.09305336326360703,0
486bb4097fae4f.jpg,happywhale__19c2bfaa0819,train,4,66561365eaae79.jpg,happywhale__35f898e6595e,0.08979864418506622,0
486bb4097fae4f.jpg,happywhale__19c2bfaa0819,train,5,3d1608a8f3a245.jpg,happywhale__b2a4a87ffb86,0.08899135887622833,0
486bb4097fae4f.jpg,happywhale__19c2bfaa0819,train,6,fdb2ccfd932325.jpg,happywhale__f3e4073c3ab0,0.08788113296031952,0
486bb4097fae4f.jpg,happywhale__19c2bfaa0819,train,7,891463b2c1b9dd.jpg,happywhale__f3d9d1f9eece,0.0872533842921257,0
486bb4097fae4f.jpg,happywhale__19c2bfaa0819,train,8,5bd3b18caf3d7c.jpg,happywhale__6ce472444934,0.0837392807006836,0
486bb4097fae4f.jpg,happywhale__19c2bfaa0819,train,9,07d4d07aa31141.jpg,happywhale__2aa3e856e46e,0.0818035751581192,0
486bb4097fae4f.jpg,happywhale__19c2bfaa0819,train,10,3af460d293cddb.jpg,happywhale__e839ee7d8cf0,0.08023884147405624,0
ee55957c6d13ca.jpg,happywhale__586ef16f4536,train,1,962ed20c01442d.jpg,happywhale__c2705f9e75c8,0.1088283509016037,0
ee55957c6d13ca.jpg,happywhale__586ef16f4536,train,2,ad121c157de8c5.jpg,happywhale__83c78c79004e,0.10464957356452942,0
ee55957c6d13ca.jpg,happywhale__586ef16f4536,train,3,1a58dce81de5e6.jpg,happywhale__5fc809d9e819,0.10420893877744675,0
ee55957c6d13ca.jpg,happywhale__586ef16f4536,train,4,cc762236e5610f.jpg,happywhale__bc1eb2241633,0.10112925618886948,0
ee55957c6d13ca.jpg,happywhale__586ef16f4536,train,5,bfd762079a4861.jpg,happywhale__7593d2aee842,0.1002546027302742,0
ee55957c6d13ca.jpg,happywhale__586ef16f4536,train,6,f452f4af8a42dd.jpg,happywhale__9582cc692d85,0.09261400252580643,0
ee55957c6d13ca.jpg,happywhale__586ef16f4536,train,7,4895e2b46aa757.jpg,happywhale__bfbe09c06683,0.08792813867330551,0
ee55957c6d13ca.jpg,happywhale__586ef16f4536,train,8,efe910bcd12e9a.jpg,happywhale__51c1774c4f6e,0.0878911092877388,0
ee55957c6d13ca.jpg,happywhale__586ef16f4536,train,9,8231be9c41e55e.jpg,happywhale__32f6cc779cd7,0.08295398205518723,0
ee55957c6d13ca.jpg,happywhale__586ef16f4536,train,10,aaba75063333cd.jpg,happywhale__938b7e931166,0.08232977241277695,0
83c7c19c184981.jpg,happywhale__0b180ad0afa2,train,1,c60ebb0e56ad39.jpg,happywhale__86c20ead4674,0.12145588546991348,0
83c7c19c184981.jpg,happywhale__0b180ad0afa2,train,2,bdca0a5088a600.jpg,happywhale__0bcb911c63d1,0.10250619053840637,0
83c7c19c184981.jpg,happywhale__0b180ad0afa2,train,3,55212672db0a9a.jpg,happywhale__ae4343270756,0.10236144065856934,0
83c7c19c184981.jpg,happywhale__0b180ad0afa2,train,4,fc8b905cd4ce4a.jpg,happywhale__0e4660baf3f1,0.10068544745445251,0
83c7c19c184981.jpg,happywhale__0b180ad0afa2,train,5,2135a9e4bb2f05.jpg,happywhale__a752a6a6f645,0.10065826773643494,0
83c7c19c184981.jpg,happywhale__0b180ad0afa2,train,6,2169a83e915fee.jpg,happywhale__37c7aba965a5,0.09789513796567917,0
83c7c19c184981.jpg,happywhale__0b180ad0afa2,train,7,71a509bdec372e.jpg,happywhale__fd92aac78676,0.09423874318599701,0
83c7c19c184981.jpg,happywhale__0b180ad0afa2,train,8,802fc46a882ea9.jpg,happywhale__4905c4399fdf,0.09015857428312302,0
83c7c19c184981.jpg,happywhale__0b180ad0afa2,train,9,f9b1d4b66a753d.jpg,happywhale__6a3af6e0c55c,0.0876883789896965,0
83c7c19c184981.jpg,happywhale__0b180ad0afa2,train,10,f66e07feed2801.jpg,happywhale__6a6fa3ec3810,0.08613118529319763,0
cf15f59a718808.jpg,happywhale__ae4343270756,train,1,71a509bdec372e.jpg,happywhale__fd92aac78676,0.10892654955387115,0
cf15f59a718808.jpg,happywhale__ae4343270756,train,2,92d296d61955b4.jpg,happywhale__a6e325d8e924,0.10601544380187988,0
cf15f59a718808.jpg,happywhale__ae4343270756,train,3,cae5d2592924e8.jpg,happywhale__208b91b1ca2b,0.10492612421512604,0
cf15f59a718808.jpg,happywhale__ae4343270756,train,4,5af9b2038fd526.jpg,happywhale__4b8534134eb8,0.09425590932369232,0
cf15f59a718808.jpg,happywhale__ae4343270756,train,5,55a198ebbd493b.jpg,happywhale__37c7aba965a5,0.09194441884756088,0
cf15f59a718808.jpg,happywhale__ae4343270756,train,6,c42d347a362218.jpg,happywhale__e527fa08772c,0.08993726223707199,0
cf15f59a718808.jpg,happywhale__ae4343270756,train,7,c60e7c03d35f98.jpg,happywhale__262f464ee602,0.08684921264648438,0
cf15f59a718808.jpg,happywhale__ae4343270756,train,8,fd4947bf60c177.jpg,happywhale__de44e7d9d16e,0.08630610257387161,0
cf15f59a718808.jpg,happywhale__ae4343270756,train,9,c4a4c75f3ba74c.jpg,happywhale__a6e325d8e924,0.08432579785585403,0
cf15f59a718808.jpg,happywhale__ae4343270756,train,10,f46399ab5c7482.jpg,happywhale__84d91f8c1f99,0.08107920736074448,0
90e13b02b39b39.jpg,happywhale__caee7717cf57,train,1,66561365eaae79.jpg,happywhale__35f898e6595e,0.10557933896780014,0
90e13b02b39b39.jpg,happywhale__caee7717cf57,train,2,92c3842fa86fcb.jpg,happywhale__be330f0c495c,0.09446270763874054,0
90e13b02b39b39.jpg,happywhale__caee7717cf57,train,3,5996cfa3fcd10f.jpg,happywhale__2e0b381d3467,0.09402656555175781,0
90e13b02b39b39.jpg,happywhale__caee7717cf57,train,4,d9c4b90a6d9ac2.jpg,happywhale__19fbb960f07d,0.09205067902803421,0
90e13b02b39b39.jpg,happywhale__caee7717cf57,train,5,4b3bc32f1863ac.jpg,happywhale__52a2c490b25a,0.08996528387069702,0
90e13b02b39b39.jpg,happywhale__caee7717cf57,train,6,89d1d660ff44b3.jpg,happywhale__9f750b3dd09d,0.08654293417930603,0
90e13b02b39b39.jpg,happywhale__caee7717cf57,train,7,a8a0ba63daa5fa.jpg,happywhale__04c451d68284,0.08214179426431656,0
90e13b02b39b39.jpg,happywhale__caee7717cf57,train,8,cce547cf402ab8.jpg,happywhale__778419da2957,0.08131936192512512,0
90e13b02b39b39.jpg,happywhale__caee7717cf57,train,9,bb1d1ff2efd90f.jpg,happywhale__5b8a39979dc2,0.07692296802997589,0
90e13b02b39b39.jpg,happywhale__caee7717cf57,train,10,dc5c4a515c1290.jpg,happywhale__b9907151f66e,0.07672587782144547,0
f2f0b5fff4a28f.jpg,happywhale__04c451d68284,train,1,ae22005f04ca5a.jpg,happywhale__edf59f267081,0.1133195161819458,0
f2f0b5fff4a28f.jpg,happywhale__04c451d68284,train,2,ac287c8971c430.jpg,happywhale__9e89f8e28807,0.09495522826910019,0
f2f0b5fff4a28f.jpg,happywhale__04c451d68284,train,3,f0a2ba2b619c7a.jpg,happywhale__445270d9ad52,0.09411441534757614,0
f2f0b5fff4a28f.jpg,happywhale__04c451d68284,train,4,61b56431a94591.jpg,happywhale__8690c5185efc,0.09142498672008514,0
f2f0b5fff4a28f.jpg,happywhale__04c451d68284,train,5,f2b95ab0f7f89b.jpg,happywhale__9f3613b5c45b,0.08287549018859863,0
f2f0b5fff4a28f.jpg,happywhale__04c451d68284,train,6,0a7a8f558c14a1.jpg,happywhale__ffbb4e585ff2,0.08259563148021698,0
f2f0b5fff4a28f.jpg,happywhale__04c451d68284,train,7,01e45c25dfafde.jpg,happywhale__f0aa1422b26f,0.08214198052883148,0
f2f0b5fff4a28f.jpg,happywhale__04c451d68284,train,8,52a08ec6ba9298.jpg,happywhale__2e268c8dbd31,0.0798444002866745,0
f2f0b5fff4a28f.jpg,happywhale__04c451d68284,train,9,72688062aea539.jpg,happywhale__20916df9f20d,0.0798180103302002,0
f2f0b5fff4a28f.jpg,happywhale__04c451d68284,train,10,4f238f872751a4.jpg,happywhale__cc0e0b020a90,0.0793815553188324,0
c0a51aa8a70afb.jpg,happywhale__58a420d1d892,train,1,f2ef1faba3d624.jpg,happywhale__989563596678,0.11918063461780548,0
c0a51aa8a70afb.jpg,happywhale__58a420d1d892,train,2,e70ade645a9396.jpg,happywhale__37c7aba965a5,0.11408735811710358,0
c0a51aa8a70afb.jpg,happywhale__58a420d1d892,train,3,67a725bd025cce.jpg,happywhale__600ab1de92d9,0.10377496480941772,0
c0a51aa8a70afb.jpg,happywhale__58a420d1d892,train,4,940ce6d0e7656e.jpg,happywhale__f195c38bcf17,0.09756001830101013,0
c0a51aa8a70afb.jpg,happywhale__58a420d1d892,train,5,bdff81b3eb15d7.jpg,happywhale__6bf9810d3632,0.09655485302209854,0
c0a51aa8a70afb.jpg,happywhale__58a420d1d892,train,6,a96299a5afafc7.jpg,happywhale__abbeba14a290,0.09455982595682144,0
c0a51aa8a70afb.jpg,happywhale__58a420d1d892,train,7,0421e91fd8eca0.jpg,happywhale__84a261c0e5cf,0.09080073237419128,0
c0a51aa8a70afb.jpg,happywhale__58a420d1d892,train,8,ff7fecdb220021.jpg,happywhale__ee53c5575e67,0.08949010074138641,0
c0a51aa8a70afb.jpg,happywhale__58a420d1d892,train,9,7bc2adc88ec27a.jpg,happywhale__7355eee87d75,0.08649332076311111,0
c0a51aa8a70afb.jpg,happywhale__58a420d1d892,train,10,6be9cca6c64aff.jpg,happywhale__1191a41ee0f4,0.08557630330324173,0
825ff2b9f67f2c.jpg,happywhale__600ab1de92d9,train,1,c85b57269356e7.jpg,happywhale__35f898e6595e,0.11266697943210602,0
825ff2b9f67f2c.jpg,happywhale__600ab1de92d9,train,2,c3bd9bf3aab3f2.jpg,happywhale__37c7aba965a5,0.10267505049705505,0
825ff2b9f67f2c.jpg,happywhale__600ab1de92d9,train,3,0db4ac7082d586.jpg,happywhale__b38a72898f67,0.10015552490949631,0
825ff2b9f67f2c.jpg,happywhale__600ab1de92d9,train,4,bab8d85ad5869f.jpg,happywhale__c54c8b3b9cad,0.098936527967453,0
825ff2b9f67f2c.jpg,happywhale__600ab1de92d9,train,5,c65ad0c7eb22e1.jpg,happywhale__e527fa08772c,0.09154556691646576,0
825ff2b9f67f2c.jpg,happywhale__600ab1de92d9,train,6,66561365eaae79.jpg,happywhale__35f898e6595e,0.08742664754390717,0
825ff2b9f67f2c.jpg,happywhale__600ab1de92d9,train,7,f8d4cf5125cdd1.jpg,happywhale__ca88903ae96e,0.08650396019220352,0
825ff2b9f67f2c.jpg,happywhale__600ab1de92d9,train,8,0bf8587c8a5c5e.jpg,happywhale__b9907151f66e,0.08606040477752686,0
825ff2b9f67f2c.jpg,happywhale__600ab1de92d9,train,9,64df9431ed21c6.jpg,happywhale__1afc82b009ea,0.08576078712940216,0
825ff2b9f67f2c.jpg,happywhale__600ab1de92d9,train,10,08d0a05f6da262.jpg,happywhale__1ac5332483ae,0.08432736247777939,0
d5de682eec867c.jpg,happywhale__d05b5f372c0b,train,1,7b557bda3a3505.jpg,happywhale__4b8534134eb8,0.10883690416812897,0
d5de682eec867c.jpg,happywhale__d05b5f372c0b,train,2,51dfde55ca4c3d.jpg,happywhale__4b8534134eb8,0.108768992125988,0
d5de682eec867c.jpg,happywhale__d05b5f372c0b,train,3,c65ad0c7eb22e1.jpg,happywhale__e527fa08772c,0.10263973474502563,0
d5de682eec867c.jpg,happywhale__d05b5f372c0b,train,4,24ce33978a67d8.jpg,happywhale__2fdb3a09dc9c,0.09323003143072128,0
d5de682eec867c.jpg,happywhale__d05b5f372c0b,train,5,5bd3b18caf3d7c.jpg,happywhale__6ce472444934,0.09247440099716187,0
d5de682eec867c.jpg,happywhale__d05b5f372c0b,train,6,8e7b8086d084f6.jpg,happywhale__4d18b20adff3,0.09202022105455399,0
d5de682eec867c.jpg,happywhale__d05b5f372c0b,train,7,5b987c84f20402.jpg,happywhale__10e758eb503a,0.08893033862113953,0
d5de682eec867c.jpg,happywhale__d05b5f372c0b,train,8,4cd0d37d9425ae.jpg,happywhale__37c7aba965a5,0.08719351142644882,0
d5de682eec867c.jpg,happywhale__d05b5f372c0b,train,9,3359d54b47c981.jpg,happywhale__b61c15e89c3c,0.08674871921539307,0
d5de682eec867c.jpg,happywhale__d05b5f372c0b,train,10,dcab5c93c5fa98.jpg,happywhale__bf412253bbc2,0.08277219533920288,0
98449a9b823c35.jpg,happywhale__783f357cf2f9,train,1,b014dcf12e7125.jpg,happywhale__136b6c84830f,0.09457571804523468,0
98449a9b823c35.jpg,happywhale__783f357cf2f9,train,2,c5e38478e875fa.jpg,happywhale__136b6c84830f,0.0923922136425972,0
98449a9b823c35.jpg,happywhale__783f357cf2f9,train,3,8fe3192794c29b.jpg,happywhale__dd8c756c9cb7,0.08911161869764328,0
98449a9b823c35.jpg,happywhale__783f357cf2f9,train,4,7fd5afe28a4901.jpg,happywhale__281504409737,0.08855189383029938,0
98449a9b823c35.jpg,happywhale__783f357cf2f9,train,5,8cb14fda1a1d19.jpg,happywhale__07a477b6a091,0.08640679717063904,0
98449a9b823c35.jpg,happywhale__783f357cf2f9,train,6,5d15cc3210d031.jpg,happywhale__fbc05967e28f,0.08502570539712906,0
98449a9b823c35.jpg,happywhale__783f357cf2f9,train,7,0585da7add64aa.jpg,happywhale__bf412253bbc2,0.08429889380931854,0
98449a9b823c35.jpg,happywhale__783f357cf2f9,train,8,128f627ccaeeaf.jpg,happywhale__7593d2aee842,0.0833069235086441,0
98449a9b823c35.jpg,happywhale__783f357cf2f9,train,9,5b4fadc305e295.jpg,happywhale__5bf17305f073,0.08301372826099396,0
98449a9b823c35.jpg,happywhale__783f357cf2f9,train,10,10d6f35234641f.jpg,happywhale__837712d84254,0.08171412348747253,0
c7d242ebd3a105.jpg,happywhale__df109f6bede4,train,1,c1dd6d4ba611e2.jpg,happywhale__f7bb4f9a9d1a,0.12550553679466248,0
c7d242ebd3a105.jpg,happywhale__df109f6bede4,train,2,fc1450edd0a630.jpg,happywhale__18efa8d0b472,0.10927879810333252,0
c7d242ebd3a105.jpg,happywhale__df109f6bede4,train,3,fdb2ccfd932325.jpg,happywhale__f3e4073c3ab0,0.09444199502468109,0
c7d242ebd3a105.jpg,happywhale__df109f6bede4,train,4,66561365eaae79.jpg,happywhale__35f898e6595e,0.09441876411437988,0
c7d242ebd3a105.jpg,happywhale__df109f6bede4,train,5,df37a0401576d5.jpg,happywhale__3cbc20a1fbfb,0.09191140532493591,0
c7d242ebd3a105.jpg,happywhale__df109f6bede4,train,6,e7b748c1658dd4.jpg,happywhale__19fbb960f07d,0.09155383706092834,0
c7d242ebd3a105.jpg,happywhale__df109f6bede4,train,7,b555be3ae663c7.jpg,happywhale__5bf17305f073,0.09071383625268936,0
c7d242ebd3a105.jpg,happywhale__df109f6bede4,train,8,0c9c6cfb9f2014.jpg,happywhale__6e8b8fed87af,0.08550003916025162,0
c7d242ebd3a105.jpg,happywhale__df109f6bede4,train,9,34d61112e99d6b.jpg,happywhale__8bc942512479,0.08208878338336945,0
c7d242ebd3a105.jpg,happywhale__df109f6bede4,train,10,d5a27120a009d8.jpg,happywhale__9f3613b5c45b,0.08204463124275208,0
88107283cf061d.jpg,happywhale__70cd1a7d97a7,train,1,6de42412f2b142.jpg,happywhale__445270d9ad52,0.12489190697669983,0
88107283cf061d.jpg,happywhale__70cd1a7d97a7,train,2,b63dfc32e875e7.jpg,happywhale__956562ff2888,0.11219478398561478,0
88107283cf061d.jpg,happywhale__70cd1a7d97a7,train,3,eb089f8368b9e8.jpg,happywhale__1a65772df6a9,0.10163203626871109,0
88107283cf061d.jpg,happywhale__70cd1a7d97a7,train,4,bdca0a5088a600.jpg,happywhale__0bcb911c63d1,0.09973008930683136,0
88107283cf061d.jpg,happywhale__70cd1a7d97a7,train,5,0c20fa17107d28.jpg,happywhale__586ef16f4536,0.0953570082783699,0
88107283cf061d.jpg,happywhale__70cd1a7d97a7,train,6,e5162f5e1f43cb.jpg,happywhale__ce873781a2c4,0.0933481752872467,0
88107283cf061d.jpg,happywhale__70cd1a7d97a7,train,7,285eafa076b72e.jpg,happywhale__480677e8cf20,0.0879899114370346,0
88107283cf061d.jpg,happywhale__70cd1a7d97a7,train,8,afd8699d2c2672.jpg,happywhale__03c879f7c6d5,0.08672542124986649,0
88107283cf061d.jpg,happywhale__70cd1a7d97a7,train,9,16b6ccd0e9f482.jpg,happywhale__84d91f8c1f99,0.08422613143920898,0
88107283cf061d.jpg,happywhale__70cd1a7d97a7,train,10,1c22d0aeac13f9.jpg,happywhale__d5e0b1aa6132,0.0840444415807724,0
16604e1617d744.jpg,happywhale__1ff6d285b427,train,1,08a9873eefecdd.jpg,happywhale__1f2ec9f8f1c9,0.11586855351924896,0
16604e1617d744.jpg,happywhale__1ff6d285b427,train,2,8ac244ce76b969.jpg,happywhale__5f48c2296a0e,0.10893777012825012,0
16604e1617d744.jpg,happywhale__1ff6d285b427,train,3,4390f15cf8aa98.jpg,happywhale__4b8534134eb8,0.09732920676469803,0
16604e1617d744.jpg,happywhale__1ff6d285b427,train,4,307f012be0b64e.jpg,happywhale__7362d7a01d00,0.0948183685541153,0
16604e1617d744.jpg,happywhale__1ff6d285b427,train,5,90cd5f1c37fbdf.jpg,happywhale__b61c15e89c3c,0.0893888920545578,0
16604e1617d744.jpg,happywhale__1ff6d285b427,train,6,57b59169cbef43.jpg,happywhale__7661d208bc83,0.08781413733959198,0
16604e1617d744.jpg,happywhale__1ff6d285b427,train,7,00f0f055d749fa.jpg,happywhale__208b91b1ca2b,0.07723335921764374,0
16604e1617d744.jpg,happywhale__1ff6d285b427,train,8,3ff1873e584816.jpg,happywhale__a49ae5521315,0.07592282444238663,0
16604e1617d744.jpg,happywhale__1ff6d285b427,train,9,c5e38478e875fa.jpg,happywhale__136b6c84830f,0.07317566871643066,0
16604e1617d744.jpg,happywhale__1ff6d285b427,train,10,49eb5543456d28.jpg,happywhale__abbeba14a290,0.07251901179552078,0
45c780e53c2a7c.jpg,happywhale__ad981a124bbd,train,1,c0deaf35e4db63.jpg,happywhale__fc0f7c162cc0,0.11347361654043198,0
45c780e53c2a7c.jpg,happywhale__ad981a124bbd,train,2,5bd3b18caf3d7c.jpg,happywhale__6ce472444934,0.10057583451271057,0
45c780e53c2a7c.jpg,happywhale__ad981a124bbd,train,3,35a9716cf70e4b.jpg,happywhale__4b00fe572063,0.09873472154140472,0
45c780e53c2a7c.jpg,happywhale__ad981a124bbd,train,4,7cfb77bf4697b3.jpg,happywhale__bf2e0d964354,0.09490735828876495,0
45c780e53c2a7c.jpg,happywhale__ad981a124bbd,train,5,c91d6b445839cc.jpg,happywhale__da65f819073c,0.09468559920787811,0
45c780e53c2a7c.jpg,happywhale__ad981a124bbd,train,6,4cd0d37d9425ae.jpg,happywhale__37c7aba965a5,0.09163817018270493,0
45c780e53c2a7c.jpg,happywhale__ad981a124bbd,train,7,49e401ac97a431.jpg,happywhale__9f750b3dd09d,0.0908234640955925,0
45c780e53c2a7c.jpg,happywhale__ad981a124bbd,train,8,74e2e274e07a37.jpg,happywhale__b123e4a7c182,0.08412046730518341,0
45c780e53c2a7c.jpg,happywhale__ad981a124bbd,train,9,666b53bc0b5c1a.jpg,happywhale__babd014300b7,0.08353638648986816,0
45c780e53c2a7c.jpg,happywhale__ad981a124bbd,train,10,75a216ccefe835.jpg,happywhale__f195c38bcf17,0.08169874548912048,0
d2fb79352be66e.jpg,happywhale__ed3416e01fe2,train,1,0421e91fd8eca0.jpg,happywhale__84a261c0e5cf,0.1079852506518364,0
d2fb79352be66e.jpg,happywhale__ed3416e01fe2,train,2,3dbdca7a244cfa.jpg,happywhale__ef0ddd083fbe,0.10748797655105591,0
d2fb79352be66e.jpg,happywhale__ed3416e01fe2,train,3,86de787f5fcf05.jpg,happywhale__600ab1de92d9,0.10696478188037872,0
d2fb79352be66e.jpg,happywhale__ed3416e01fe2,train,4,a36503142a51d4.jpg,happywhale__fc0f7c162cc0,0.10301925241947174,0
d2fb79352be66e.jpg,happywhale__ed3416e01fe2,train,5,63acd6e70d7c88.jpg,happywhale__83afdba5e8e5,0.09867513924837112,0
d2fb79352be66e.jpg,happywhale__ed3416e01fe2,train,6,33e61f84531314.jpg,happywhale__dbc18c7c5856,0.09633611887693405,0
d2fb79352be66e.jpg,happywhale__ed3416e01fe2,train,7,ae5c2c46f79866.jpg,happywhale__6a3af6e0c55c,0.09577212482690811,0
d2fb79352be66e.jpg,happywhale__ed3416e01fe2,train,8,9454c39e9b0ea6.jpg,happywhale__10e758eb503a,0.08773274719715118,0
d2fb79352be66e.jpg,happywhale__ed3416e01fe2,train,9,a8c7df3d9467fa.jpg,happywhale__48936da899c3,0.0871887132525444,0
d2fb79352be66e.jpg,happywhale__ed3416e01fe2,train,10,128f627ccaeeaf.jpg,happywhale__7593d2aee842,0.08640089631080627,0
e2638716e4b081.jpg,happywhale__18efa8d0b472,train,1,608db08db94aca.jpg,happywhale__a49ae5521315,0.11220576614141464,0
e2638716e4b081.jpg,happywhale__18efa8d0b472,train,2,dcab5c93c5fa98.jpg,happywhale__bf412253bbc2,0.08783216029405594,0
e2638716e4b081.jpg,happywhale__18efa8d0b472,train,3,85ffd08759073b.jpg,happywhale__90cfd1801b72,0.08745227754116058,0
e2638716e4b081.jpg,happywhale__18efa8d0b472,train,4,e85a2d2e604c79.jpg,happywhale__37c7aba965a5,0.08676314353942871,0
e2638716e4b081.jpg,happywhale__18efa8d0b472,train,5,3f01bc94f640ec.jpg,happywhale__37c7aba965a5,0.08612596988677979,0
e2638716e4b081.jpg,happywhale__18efa8d0b472,train,6,d2c38037227101.jpg,happywhale__956562ff2888,0.08589188754558563,0
e2638716e4b081.jpg,happywhale__18efa8d0b472,train,7,edcf7213bd70b5.jpg,happywhale__02947a94c3fc,0.08546659350395203,0
e2638716e4b081.jpg,happywhale__18efa8d0b472,train,8,4698c6c7a40860.jpg,happywhale__f4a45e49df72,0.0843207985162735,0
e2638716e4b081.jpg,happywhale__18efa8d0b472,train,9,86de5347b2ce2b.jpg,happywhale__208b91b1ca2b,0.08315542340278625,0
e2638716e4b081.jpg,happywhale__18efa8d0b472,train,10,2886e5346729e9.jpg,happywhale__a6e325d8e924,0.07929081469774246,0
a761c140dc3687.jpg,happywhale__aff93d9d3356,train,1,b3d94b309a4472.jpg,happywhale__956562ff2888,0.11470970511436462,0
a761c140dc3687.jpg,happywhale__aff93d9d3356,train,2,c86eb7d20ec473.jpg,happywhale__7bdf83ff6076,0.10878482460975647,0
a761c140dc3687.jpg,happywhale__aff93d9d3356,train,3,7ef69637f21888.jpg,happywhale__0f72263cd384,0.09239917993545532,0
a761c140dc3687.jpg,happywhale__aff93d9d3356,train,4,67a725bd025cce.jpg,happywhale__600ab1de92d9,0.09213350713253021,0
a761c140dc3687.jpg,happywhale__aff93d9d3356,train,5,92c3842fa86fcb.jpg,happywhale__be330f0c495c,0.08873280882835388,0
a761c140dc3687.jpg,happywhale__aff93d9d3356,train,6,3a5e86b47b79bb.jpg,happywhale__a59972315f7d,0.08374433219432831,0
a761c140dc3687.jpg,happywhale__aff93d9d3356,train,7,40e8f83611211d.jpg,happywhale__778419da2957,0.0821046382188797,0
a761c140dc3687.jpg,happywhale__aff93d9d3356,train,8,996f81c60c47b7.jpg,happywhale__7362d7a01d00,0.08047047257423401,0
a761c140dc3687.jpg,happywhale__aff93d9d3356,train,9,3f01bc94f640ec.jpg,happywhale__37c7aba965a5,0.08034741878509521,0
a761c140dc3687.jpg,happywhale__aff93d9d3356,train,10,bf38dbef206cad.jpg,happywhale__19fbb960f07d,0.07803689688444138,0
00b773df4a863d.jpg,happywhale__be3543fc7c74,train,1,e82ffacc3f24ee.jpg,happywhale__387f17f0676e,0.11189880967140198,0
00b773df4a863d.jpg,happywhale__be3543fc7c74,train,2,ce52fcf98435e4.jpg,happywhale__ca886e0b34a3,0.1048632338643074,0
00b773df4a863d.jpg,happywhale__be3543fc7c74,train,3,77d933643a94e7.jpg,happywhale__ef74a2642e89,0.10460634529590607,0
00b773df4a863d.jpg,happywhale__be3543fc7c74,train,4,514407a43622e6.jpg,happywhale__f0aa1422b26f,0.09690883755683899,0
00b773df4a863d.jpg,happywhale__be3543fc7c74,train,5,8f8d2ae4c17234.jpg,happywhale__5bf17305f073,0.0947033166885376,0
00b773df4a863d.jpg,happywhale__be3543fc7c74,train,6,0a7a8f558c14a1.jpg,happywhale__ffbb4e585ff2,0.09380454570055008,0
00b773df4a863d.jpg,happywhale__be3543fc7c74,train,7,8231be9c41e55e.jpg,happywhale__32f6cc779cd7,0.09353278577327728,0
00b773df4a863d.jpg,happywhale__be3543fc7c74,train,8,ac7eb3b3abcfb7.jpg,happywhale__812be36c2aef,0.09095717966556549,0
00b773df4a863d.jpg,happywhale__be3543fc7c74,train,9,27519cfd8b1004.jpg,happywhale__a7310896653d,0.08843567222356796,0
00b773df4a863d.jpg,happywhale__be3543fc7c74,train,10,a05aad267c22b8.jpg,happywhale__bf7e1e0738f5,0.08669093251228333,0
ddb4039c932a6f.jpg,happywhale__337a339b042b,train,1,f78d18a00faaa4.jpg,happywhale__4a67e64bd3b7,0.12553086876869202,0
ddb4039c932a6f.jpg,happywhale__337a339b042b,train,2,9ce37dff58d0f0.jpg,happywhale__37c7aba965a5,0.10565955191850662,0
ddb4039c932a6f.jpg,happywhale__337a339b042b,train,3,7e92e0462c9d25.jpg,happywhale__c9ab1ba25eb8,0.09334706515073776,0
ddb4039c932a6f.jpg,happywhale__337a339b042b,train,4,73ddf0079e4b70.jpg,happywhale__ef0ddd083fbe,0.09238773584365845,0
ddb4039c932a6f.jpg,happywhale__337a339b042b,train,5,246c7ad9faa7d5.jpg,happywhale__10e758eb503a,0.09032492339611053,0
ddb4039c932a6f.jpg,happywhale__337a339b042b,train,6,25f579cbc4565f.jpg,happywhale__e9525f5abf43,0.08552558720111847,0
ddb4039c932a6f.jpg,happywhale__337a339b042b,train,7,69e87bce810369.jpg,happywhale__e53d52e33e81,0.08526412397623062,0
ddb4039c932a6f.jpg,happywhale__337a339b042b,train,8,0421e91fd8eca0.jpg,happywhale__84a261c0e5cf,0.08405640721321106,0
ddb4039c932a6f.jpg,happywhale__337a339b042b,train,9,6a8e002d46dd21.jpg,happywhale__80d282ac5d45,0.08405238389968872,0
ddb4039c932a6f.jpg,happywhale__337a339b042b,train,10,c0a070de64ad8c.jpg,happywhale__8bc942512479,0.08334827423095703,0
3fececf795e26d.jpg,happywhale__cc797677fcf4,train,1,75a216ccefe835.jpg,happywhale__f195c38bcf17,0.11809641122817993,0
3fececf795e26d.jpg,happywhale__cc797677fcf4,train,2,4cfa50f4794827.jpg,happywhale__a59972315f7d,0.11642199754714966,0
3fececf795e26d.jpg,happywhale__cc797677fcf4,train,3,12789fd384a3d1.jpg,happywhale__812be36c2aef,0.10881660878658295,0
3fececf795e26d.jpg,happywhale__cc797677fcf4,train,4,914eb9d0010fc1.jpg,happywhale__02ac4e3ca497,0.0857754498720169,0
3fececf795e26d.jpg,happywhale__cc797677fcf4,train,5,477242315bddbc.jpg,happywhale__a59972315f7d,0.0838208794593811,0
3fececf795e26d.jpg,happywhale__cc797677fcf4,train,6,86158a8e4d6c61.jpg,happywhale__a59972315f7d,0.08063434809446335,0
3fececf795e26d.jpg,happywhale__cc797677fcf4,train,7,cc762236e5610f.jpg,happywhale__bc1eb2241633,0.07682565599679947,0
3fececf795e26d.jpg,happywhale__cc797677fcf4,train,8,6bc7cdc7ce6793.jpg,happywhale__bf7e1e0738f5,0.07634905725717545,0
3fececf795e26d.jpg,happywhale__cc797677fcf4,train,9,aeaf63d99fca37.jpg,happywhale__7fdeba948ee8,0.07558688521385193,0
3fececf795e26d.jpg,happywhale__cc797677fcf4,train,10,cf93f3887be017.jpg,happywhale__64c398234574,0.07473141700029373,0
c110f547768dff.jpg,happywhale__80d72641f44d,train,1,d2223f21b5474c.jpg,happywhale__00ccfc1f8b06,0.09184934198856354,0
c110f547768dff.jpg,happywhale__80d72641f44d,train,2,52c057a1e0645b.jpg,happywhale__ea6eccb47a48,0.08964904397726059,0
c110f547768dff.jpg,happywhale__80d72641f44d,train,3,797be10819c12d.jpg,happywhale__be3543fc7c74,0.08456303179264069,0
c110f547768dff.jpg,happywhale__80d72641f44d,train,4,d718212fc7d98a.jpg,happywhale__938b7e931166,0.08263634890317917,0
c110f547768dff.jpg,happywhale__80d72641f44d,train,5,623f90b86cd4a6.jpg,happywhale__8274ddd12a43,0.08216837793588638,0
c110f547768dff.jpg,happywhale__80d72641f44d,train,6,b6826988d34d0b.jpg,happywhale__b11b2404c7e3,0.08136795461177826,0
c110f547768dff.jpg,happywhale__80d72641f44d,train,7,7051638c63cd23.jpg,happywhale__b9907151f66e,0.08073866367340088,0
c110f547768dff.jpg,happywhale__80d72641f44d,train,8,b163f800b9df44.jpg,happywhale__cc0e0b020a90,0.07962661981582642,0
c110f547768dff.jpg,happywhale__80d72641f44d,train,9,a8ec6e7d4b9c0b.jpg,happywhale__7593d2aee842,0.07961643487215042,0
c110f547768dff.jpg,happywhale__80d72641f44d,train,10,cae5d2592924e8.jpg,happywhale__208b91b1ca2b,0.07657097280025482,0
bb93bca4ee2541.jpg,happywhale__a4ecc3308dc5,train,1,c5e5bb3770dbdc.jpg,happywhale__a43daee90cbc,0.11242105066776276,0
bb93bca4ee2541.jpg,happywhale__a4ecc3308dc5,train,2,18e49f485604f5.jpg,happywhale__7ca409a5c15b,0.10410694777965546,0
bb93bca4ee2541.jpg,happywhale__a4ecc3308dc5,train,3,c60ebb0e56ad39.jpg,happywhale__86c20ead4674,0.10345293581485748,0
bb93bca4ee2541.jpg,happywhale__a4ecc3308dc5,train,4,1f12268e428757.jpg,happywhale__aeae6f5bf5cd,0.10043133795261383,0
bb93bca4ee2541.jpg,happywhale__a4ecc3308dc5,train,5,89d1d660ff44b3.jpg,happywhale__9f750b3dd09d,0.09347334504127502,0
bb93bca4ee2541.jpg,happywhale__a4ecc3308dc5,train,6,bb1d1ff2efd90f.jpg,happywhale__5b8a39979dc2,0.09258002787828445,0
bb93bca4ee2541.jpg,happywhale__a4ecc3308dc5,train,7,8231be9c41e55e.jpg,happywhale__32f6cc779cd7,0.08691524714231491,0
bb93bca4ee2541.jpg,happywhale__a4ecc3308dc5,train,8,adb893cdd5b1e9.jpg,happywhale__15d96d5d42c2,0.0833970457315445,0
bb93bca4ee2541.jpg,happywhale__a4ecc3308dc5,train,9,4b3bc32f1863ac.jpg,happywhale__52a2c490b25a,0.08332470059394836,0
bb93bca4ee2541.jpg,happywhale__a4ecc3308dc5,train,10,f0a2ba2b619c7a.jpg,happywhale__445270d9ad52,0.08201365172863007,0
40fec7418b05ae.jpg,happywhale__fbe2b15b5481,train,1,09c3ddb441a381.jpg,happywhale__3cbfd98eea8f,0.1234276294708252,0
40fec7418b05ae.jpg,happywhale__fbe2b15b5481,train,2,651584f2b407af.jpg,happywhale__06ef73efe924,0.10693660378456116,0
40fec7418b05ae.jpg,happywhale__fbe2b15b5481,train,3,f44fae53058124.jpg,happywhale__886086dd8462,0.0990605354309082,0
40fec7418b05ae.jpg,happywhale__fbe2b15b5481,train,4,db5abd2820d671.jpg,happywhale__aeae6f5bf5cd,0.09219174832105637,0
40fec7418b05ae.jpg,happywhale__fbe2b15b5481,train,5,77513bbcd32885.jpg,happywhale__18f270f6ca16,0.09036633372306824,0
40fec7418b05ae.jpg,happywhale__fbe2b15b5481,train,6,a8ec6e7d4b9c0b.jpg,happywhale__7593d2aee842,0.0875445157289505,0
40fec7418b05ae.jpg,happywhale__fbe2b15b5481,train,7,3c74e6e93121f7.jpg,happywhale__281504409737,0.08705200999975204,0
40fec7418b05ae.jpg,happywhale__fbe2b15b5481,train,8,248b21125dd262.jpg,happywhale__bf412253bbc2,0.0848814994096756,0
40fec7418b05ae.jpg,happywhale__fbe2b15b5481,train,9,c280549b447973.jpg,happywhale__281504409737,0.08440051972866058,0
40fec7418b05ae.jpg,happywhale__fbe2b15b5481,train,10,3359d54b47c981.jpg,happywhale__b61c15e89c3c,0.0841803327202797,0
cdbb3a4d6817c9.jpg,happywhale__48936da899c3,train,1,f9c1655289f257.jpg,happywhale__956562ff2888,0.09871341288089752,0
cdbb3a4d6817c9.jpg,happywhale__48936da899c3,train,2,0b2022cc914783.jpg,happywhale__02ac4e3ca497,0.09399433434009552,0
cdbb3a4d6817c9.jpg,happywhale__48936da899c3,train,3,b63dfc32e875e7.jpg,happywhale__956562ff2888,0.09018298238515854,0
cdbb3a4d6817c9.jpg,happywhale__48936da899c3,train,4,bc0c36797c5e2f.jpg,happywhale__5f48c2296a0e,0.08983880281448364,0
cdbb3a4d6817c9.jpg,happywhale__48936da899c3,train,5,b86c66c5bb8ef6.jpg,happywhale__9e89f8e28807,0.08809423446655273,0
cdbb3a4d6817c9.jpg,happywhale__48936da899c3,train,6,502c7c02c3aa3a.jpg,happywhale__37c7aba965a5,0.08456100523471832,0
cdbb3a4d6817c9.jpg,happywhale__48936da899c3,train,7,5d0d11a4f79106.jpg,happywhale__dba4e482f0ad,0.08442799001932144,0
cdbb3a4d6817c9.jpg,happywhale__48936da899c3,train,8,7bd3272cbc5756.jpg,happywhale__0611c23e6914,0.08123388141393661,0
cdbb3a4d6817c9.jpg,happywhale__48936da899c3,train,9,c58da6d267bd58.jpg,happywhale__f0aa1422b26f,0.07989271730184555,0
cdbb3a4d6817c9.jpg,happywhale__48936da899c3,train,10,b8d41c967a740e.jpg,happywhale__82156b30e667,0.07883965224027634,0
b2ba0d90160b80.jpg,happywhale__b91c12ffc2b0,train,1,acdbfde9f7b21d.jpg,happywhale__938b7e931166,0.08954199403524399,0
b2ba0d90160b80.jpg,happywhale__b91c12ffc2b0,train,2,838beeaee9997c.jpg,happywhale__366200ff5b49,0.08877766132354736,0
b2ba0d90160b80.jpg,happywhale__b91c12ffc2b0,train,3,51f4e2ab45fee3.jpg,happywhale__dd8c756c9cb7,0.0863833799958229,0
b2ba0d90160b80.jpg,happywhale__b91c12ffc2b0,train,4,ecfd7f297fe8a6.jpg,happywhale__54912b16ef72,0.0815422534942627,0
b2ba0d90160b80.jpg,happywhale__b91c12ffc2b0,train,5,27519cfd8b1004.jpg,happywhale__a7310896653d,0.08108104765415192,0
b2ba0d90160b80.jpg,happywhale__b91c12ffc2b0,train,6,908d7802777cf8.jpg,happywhale__ca88903ae96e,0.07928116619586945,0
b2ba0d90160b80.jpg,happywhale__b91c12ffc2b0,train,7,36b8e1a916e758.jpg,happywhale__e527fa08772c,0.07890583574771881,0
b2ba0d90160b80.jpg,happywhale__b91c12ffc2b0,train,8,e3a3ee4bcdfb0b.jpg,happywhale__9582cc692d85,0.07845673710107803,0
b2ba0d90160b80.jpg,happywhale__b91c12ffc2b0,train,9,eea381b7cd1781.jpg,happywhale__5f48c2296a0e,0.07654339075088501,0
b2ba0d90160b80.jpg,happywhale__b91c12ffc2b0,train,10,daa079ca7366c5.jpg,happywhale__20312a4e3881,0.07267975807189941,0
13cc93116fec85.jpg,happywhale__5eb72a46aa6c,train,1,a8a0ba63daa5fa.jpg,happywhale__04c451d68284,0.12280254811048508,0
13cc93116fec85.jpg,happywhale__5eb72a46aa6c,train,2,254466ca685bed.jpg,happywhale__19c2bfaa0819,0.10649563372135162,0
13cc93116fec85.jpg,happywhale__5eb72a46aa6c,train,3,b463545e9050ee.jpg,happywhale__6f632b846891,0.104227215051651,0
13cc93116fec85.jpg,happywhale__5eb72a46aa6c,train,4,751efeca48ae8b.jpg,happywhale__3fd298d255d7,0.09847443550825119,0
13cc93116fec85.jpg,happywhale__5eb72a46aa6c,train,5,7f1aca47dbb859.jpg,happywhale__4a94b1849f80,0.0867028534412384,0
13cc93116fec85.jpg,happywhale__5eb72a46aa6c,train,6,0974ef2d248685.jpg,happywhale__7ace4d166c97,0.08530139923095703,0
13cc93116fec85.jpg,happywhale__5eb72a46aa6c,train,7,8c9e93d6bae93c.jpg,happywhale__abbeba14a290,0.08265358954668045,0
13cc93116fec85.jpg,happywhale__5eb72a46aa6c,train,8,8b9d638a8d9f7b.jpg,happywhale__02da0e68dccd,0.08206512033939362,0
13cc93116fec85.jpg,happywhale__5eb72a46aa6c,train,9,eb089f8368b9e8.jpg,happywhale__1a65772df6a9,0.08134686201810837,0
13cc93116fec85.jpg,happywhale__5eb72a46aa6c,train,10,3a62a52a2e7cef.jpg,happywhale__9f3613b5c45b,0.07614526897668839,0
ecc80a629767c0.jpg,happywhale__171aa23102f3,train,1,62ef031f8a437f.jpg,happywhale__7362d7a01d00,0.10536780953407288,0
ecc80a629767c0.jpg,happywhale__171aa23102f3,train,2,09c3ddb441a381.jpg,happywhale__3cbfd98eea8f,0.10366436094045639,0
ecc80a629767c0.jpg,happywhale__171aa23102f3,train,3,754f9b78d92797.jpg,happywhale__7aa5641e5acc,0.09268750250339508,0
ecc80a629767c0.jpg,happywhale__171aa23102f3,train,4,5b6d7df9aaeb3f.jpg,happywhale__be3543fc7c74,0.09228140115737915,0
ecc80a629767c0.jpg,happywhale__171aa23102f3,train,5,3a62a52a2e7cef.jpg,happywhale__9f3613b5c45b,0.09081725776195526,0
ecc80a629767c0.jpg,happywhale__171aa23102f3,train,6,940ce6d0e7656e.jpg,happywhale__f195c38bcf17,0.08643881231546402,0
ecc80a629767c0.jpg,happywhale__171aa23102f3,train,7,c3bd9bf3aab3f2.jpg,happywhale__37c7aba965a5,0.08478990197181702,0
ecc80a629767c0.jpg,happywhale__171aa23102f3,train,8,d4f471754d2739.jpg,happywhale__695bb814ce56,0.08005326986312866,0
ecc80a629767c0.jpg,happywhale__171aa23102f3,train,9,cd0cde53a7ce30.jpg,happywhale__7053d3c812b5,0.07904275506734848,0
ecc80a629767c0.jpg,happywhale__171aa23102f3,train,10,7e67d8b3e7901b.jpg,happywhale__ffbb4e585ff2,0.07862277328968048,0
d059a808117636.jpg,happywhale__56ae9c69c443,train,1,ae0ea83f686f45.jpg,happywhale__171aa23102f3,0.12131021171808243,0
d059a808117636.jpg,happywhale__56ae9c69c443,train,2,914eb9d0010fc1.jpg,happywhale__02ac4e3ca497,0.10003304481506348,0
d059a808117636.jpg,happywhale__56ae9c69c443,train,3,566b5cdce0ce5e.jpg,happywhale__208b91b1ca2b,0.09855487942695618,0
d059a808117636.jpg,happywhale__56ae9c69c443,train,4,e2bc30dd559b75.jpg,happywhale__812be36c2aef,0.08248797059059143,0
d059a808117636.jpg,happywhale__56ae9c69c443,train,5,d644521e677c18.jpg,happywhale__208b91b1ca2b,0.08045178651809692,0
d059a808117636.jpg,happywhale__56ae9c69c443,train,6,5e67ca22c753fe.jpg,happywhale__19fbb960f07d,0.07907610386610031,0
d059a808117636.jpg,happywhale__56ae9c69c443,train,7,5becc02d35f5ec.jpg,happywhale__600ab1de92d9,0.07653186470270157,0
d059a808117636.jpg,happywhale__56ae9c69c443,train,8,f0a1a69a001eff.jpg,happywhale__ea8160d46f8f,0.07651498913764954,0
d059a808117636.jpg,happywhale__56ae9c69c443,train,9,fd3882d943a531.jpg,happywhale__6a6fa3ec3810,0.0760621726512909,0
d059a808117636.jpg,happywhale__56ae9c69c443,train,10,bfd762079a4861.jpg,happywhale__7593d2aee842,0.07596306502819061,0
49d4911e4c56b3.jpg,happywhale__4d18b20adff3,train,1,fd2b54d44b060b.jpg,happywhale__fdb532d9bc78,0.11989469826221466,0
49d4911e4c56b3.jpg,happywhale__4d18b20adff3,train,2,f3d1f3203f9596.jpg,happywhale__a6e325d8e924,0.10626737773418427,0
49d4911e4c56b3.jpg,happywhale__4d18b20adff3,train,3,a689e154c8fa67.jpg,happywhale__4051086ed105,0.09377962350845337,0
49d4911e4c56b3.jpg,happywhale__4d18b20adff3,train,4,3c1cd4e6385d94.jpg,happywhale__5bf17305f073,0.09371936321258545,0
49d4911e4c56b3.jpg,happywhale__4d18b20adff3,train,5,6277c7bf76e2a3.jpg,happywhale__be3543fc7c74,0.09190291166305542,0
49d4911e4c56b3.jpg,happywhale__4d18b20adff3,train,6,9f2ffd7e4b2bc5.jpg,happywhale__70858f1edf62,0.09075534343719482,0
49d4911e4c56b3.jpg,happywhale__4d18b20adff3,train,7,f63bf9fdda99a1.jpg,happywhale__02ac4e3ca497,0.08775792270898819,0
49d4911e4c56b3.jpg,happywhale__4d18b20adff3,train,8,afd8699d2c2672.jpg,happywhale__03c879f7c6d5,0.08535129576921463,0
49d4911e4c56b3.jpg,happywhale__4d18b20adff3,train,9,1c7834421996f1.jpg,happywhale__0b180ad0afa2,0.08434843271970749,0
49d4911e4c56b3.jpg,happywhale__4d18b20adff3,train,10,0bf8587c8a5c5e.jpg,happywhale__b9907151f66e,0.0831928700208664,0
786053799f219b.jpg,happywhale__fa633c922517,train,1,b3d94b309a4472.jpg,happywhale__956562ff2888,0.11484265327453613,0
786053799f219b.jpg,happywhale__fa633c922517,train,2,ac9ef87502e350.jpg,happywhale__90cfd1801b72,0.10972040891647339,0
786053799f219b.jpg,happywhale__fa633c922517,train,3,b28509af468427.jpg,happywhale__322a18725969,0.10605873912572861,0
786053799f219b.jpg,happywhale__fa633c922517,train,4,fc8b905cd4ce4a.jpg,happywhale__0e4660baf3f1,0.10402454435825348,0
786053799f219b.jpg,happywhale__fa633c922517,train,5,a9e2b824086a7e.jpg,happywhale__64c398234574,0.10314445197582245,0
786053799f219b.jpg,happywhale__fa633c922517,train,6,72688062aea539.jpg,happywhale__20916df9f20d,0.10140445828437805,0
786053799f219b.jpg,happywhale__fa633c922517,train,7,5121fd5ca822d8.jpg,happywhale__136b6c84830f,0.10126158595085144,0
786053799f219b.jpg,happywhale__fa633c922517,train,8,4b5e31f0034c9a.jpg,happywhale__56ae9c69c443,0.09373274445533752,0
786053799f219b.jpg,happywhale__fa633c922517,train,9,b014dcf12e7125.jpg,happywhale__136b6c84830f,0.09210196882486343,0
786053799f219b.jpg,happywhale__fa633c922517,train,10,fe08055e972446.jpg,happywhale__46988583261a,0.09175494313240051,0
d0ffbb6e401db3.jpg,happywhale__ea8160d46f8f,train,1,1d8673c10542dc.jpg,happywhale__6da7ae3c5d54,0.12981677055358887,0
d0ffbb6e401db3.jpg,happywhale__ea8160d46f8f,train,2,97887c22222f0b.jpg,happywhale__180c0ab04dcd,0.12508220970630646,0
d0ffbb6e401db3.jpg,happywhale__ea8160d46f8f,train,3,3c2f065ecdd9e5.jpg,happywhale__0e4660baf3f1,0.0932210236787796,0
d0ffbb6e401db3.jpg,happywhale__ea8160d46f8f,train,4,d718212fc7d98a.jpg,happywhale__938b7e931166,0.09320077300071716,0
d0ffbb6e401db3.jpg,happywhale__ea8160d46f8f,train,5,ffe6940bd23980.jpg,happywhale__a8a663f9f7f0,0.08349709212779999,0
d0ffbb6e401db3.jpg,happywhale__ea8160d46f8f,train,6,0c9c6cfb9f2014.jpg,happywhale__6e8b8fed87af,0.08176855742931366,0
d0ffbb6e401db3.jpg,happywhale__ea8160d46f8f,train,7,a689e154c8fa67.jpg,happywhale__4051086ed105,0.07919710129499435,0
d0ffbb6e401db3.jpg,happywhale__ea8160d46f8f,train,8,cc1e3a6bcfea79.jpg,happywhale__735496dc7e64,0.0781688243150711,0
d0ffbb6e401db3.jpg,happywhale__ea8160d46f8f,train,9,77d933643a94e7.jpg,happywhale__ef74a2642e89,0.07812122255563736,0
d0ffbb6e401db3.jpg,happywhale__ea8160d46f8f,train,10,69c14ffa8abb76.jpg,happywhale__a8c9dfb8ac6f,0.0765596330165863,0
dd9e2294e28077.jpg,happywhale__136b6c84830f,train,1,9a0a00d81fe205.jpg,happywhale__5f48c2296a0e,0.1000552624464035,0
dd9e2294e28077.jpg,happywhale__136b6c84830f,train,2,9ff4431e674f3b.jpg,happywhale__dd8c756c9cb7,0.09266000986099243,0
dd9e2294e28077.jpg,happywhale__136b6c84830f,train,3,0db4ac7082d586.jpg,happywhale__b38a72898f67,0.09026321023702621,0
dd9e2294e28077.jpg,happywhale__136b6c84830f,train,4,280700b5e3be05.jpg,happywhale__b61c15e89c3c,0.08694466948509216,0
dd9e2294e28077.jpg,happywhale__136b6c84830f,train,5,89e697bcacc325.jpg,happywhale__ae4343270756,0.08600126206874847,0
dd9e2294e28077.jpg,happywhale__136b6c84830f,train,6,4cd0d37d9425ae.jpg,happywhale__37c7aba965a5,0.08400873839855194,0
dd9e2294e28077.jpg,happywhale__136b6c84830f,train,7,b36106cb083f06.jpg,happywhale__938b7e931166,0.08356863260269165,0
dd9e2294e28077.jpg,happywhale__136b6c84830f,train,8,0bf8587c8a5c5e.jpg,happywhale__b9907151f66e,0.08187524974346161,0
dd9e2294e28077.jpg,happywhale__136b6c84830f,train,9,90cd5f1c37fbdf.jpg,happywhale__b61c15e89c3c,0.08099570125341415,0
dd9e2294e28077.jpg,happywhale__136b6c84830f,train,10,028071fe4f5b34.jpg,happywhale__a86b9a0c8b35,0.08031391352415085,0
1b453674eb8f59.jpg,happywhale__5f48c2296a0e,train,1,bb1d1ff2efd90f.jpg,happywhale__5b8a39979dc2,0.11563537269830704,0
1b453674eb8f59.jpg,happywhale__5f48c2296a0e,train,2,81819e526556a1.jpg,happywhale__3783dae41629,0.11229488253593445,0
1b453674eb8f59.jpg,happywhale__5f48c2296a0e,train,3,f1e4c988841a54.jpg,happywhale__c27db73f0e3b,0.10702604055404663,0
1b453674eb8f59.jpg,happywhale__5f48c2296a0e,train,4,4492af8d29e76c.jpg,happywhale__8deb2171580e,0.10680156946182251,0
1b453674eb8f59.jpg,happywhale__5f48c2296a0e,train,5,bb73e86e263f91.jpg,happywhale__32eeef0dc892,0.10379703342914581,0
1b453674eb8f59.jpg,happywhale__5f48c2296a0e,train,6,9ce37dff58d0f0.jpg,happywhale__37c7aba965a5,0.0948987528681755,0
1b453674eb8f59.jpg,happywhale__5f48c2296a0e,train,7,409c49078e1be3.jpg,happywhale__f0aa1422b26f,0.09330842643976212,0
1b453674eb8f59.jpg,happywhale__5f48c2296a0e,train,8,b07cf30c22adc9.jpg,happywhale__58c43f7cc15d,0.09185416251420975,0
1b453674eb8f59.jpg,happywhale__5f48c2296a0e,train,9,ecbc4eb2a96905.jpg,happywhale__03c879f7c6d5,0.09003212302923203,0
1b453674eb8f59.jpg,happywhale__5f48c2296a0e,train,10,3c1cd4e6385d94.jpg,happywhale__5bf17305f073,0.0877135843038559,0
3fc41d2b16894a.jpg,happywhale__b61c15e89c3c,train,1,3fd92b27446cdc.jpg,happywhale__b9907151f66e,0.10406554490327835,0
3fc41d2b16894a.jpg,happywhale__b61c15e89c3c,train,2,3e2ce7632eae48.jpg,happywhale__2c45eacc8a8f,0.09857016801834106,0
3fc41d2b16894a.jpg,happywhale__b61c15e89c3c,train,3,f8d4cf5125cdd1.jpg,happywhale__ca88903ae96e,0.09813543409109116,0
3fc41d2b16894a.jpg,happywhale__b61c15e89c3c,train,4,b347f93af4be5b.jpg,happywhale__fa45ba34134c,0.09708772599697113,0
3fc41d2b16894a.jpg,happywhale__b61c15e89c3c,train,5,368fb92c8fae5b.jpg,happywhale__cca9869bbd74,0.09585818648338318,0
3fc41d2b16894a.jpg,happywhale__b61c15e89c3c,train,6,3bdf76bf93a008.jpg,happywhale__ffd38c0d37ad,0.09311554580926895,0
3fc41d2b16894a.jpg,happywhale__b61c15e89c3c,train,7,0974ef2d248685.jpg,happywhale__7ace4d166c97,0.09280338138341904,0
3fc41d2b16894a.jpg,happywhale__b61c15e89c3c,train,8,3ec0ca8fae665f.jpg,happywhale__3028ee318e75,0.09255809336900711,0
3fc41d2b16894a.jpg,happywhale__b61c15e89c3c,train,9,bb59b4118b2913.jpg,happywhale__1c49644ca9b3,0.09136396646499634,0
3fc41d2b16894a.jpg,happywhale__b61c15e89c3c,train,10,d2c38037227101.jpg,happywhale__956562ff2888,0.08684223145246506,0
c764cdc15d2df3.jpg,happywhale__7053d3c812b5,train,1,920089b10c2930.jpg,happywhale__18f270f6ca16,0.09940329194068909,0
c764cdc15d2df3.jpg,happywhale__7053d3c812b5,train,2,7e67d8b3e7901b.jpg,happywhale__ffbb4e585ff2,0.09714209288358688,0
c764cdc15d2df3.jpg,happywhale__7053d3c812b5,train,3,0279db92dfe672.jpg,happywhale__bf7e1e0738f5,0.09295893460512161,0
c764cdc15d2df3.jpg,happywhale__7053d3c812b5,train,4,da6e4b3f090235.jpg,happywhale__4b9bc905af99,0.08917593210935593,0
c764cdc15d2df3.jpg,happywhale__7053d3c812b5,train,5,8231be9c41e55e.jpg,happywhale__32f6cc779cd7,0.0880390852689743,0
c764cdc15d2df3.jpg,happywhale__7053d3c812b5,train,6,bfd762079a4861.jpg,happywhale__7593d2aee842,0.08725797384977341,0
c764cdc15d2df3.jpg,happywhale__7053d3c812b5,train,7,af0fa946c301f2.jpg,happywhale__281504409737,0.08717788755893707,0
c764cdc15d2df3.jpg,happywhale__7053d3c812b5,train,8,5b4fadc305e295.jpg,happywhale__5bf17305f073,0.07816951721906662,0
c764cdc15d2df3.jpg,happywhale__7053d3c812b5,train,9,3c74e6e93121f7.jpg,happywhale__281504409737,0.0776454508304596,0
c764cdc15d2df3.jpg,happywhale__7053d3c812b5,train,10,a689e154c8fa67.jpg,happywhale__4051086ed105,0.07589787989854813,0
00d0927689a7a2.jpg,happywhale__6a6fa3ec3810,train,1,ae22005f04ca5a.jpg,happywhale__edf59f267081,0.09786172211170197,0
00d0927689a7a2.jpg,happywhale__6a6fa3ec3810,train,2,ac9ef87502e350.jpg,happywhale__90cfd1801b72,0.09772039949893951,0
00d0927689a7a2.jpg,happywhale__6a6fa3ec3810,train,3,2ff292d1990bd1.jpg,happywhale__79385e461dd1,0.09466765820980072,0
00d0927689a7a2.jpg,happywhale__6a6fa3ec3810,train,4,1c7834421996f1.jpg,happywhale__0b180ad0afa2,0.09372054785490036,0
00d0927689a7a2.jpg,happywhale__6a6fa3ec3810,train,5,cf3a07c98ea494.jpg,happywhale__aff93d9d3356,0.0926971584558487,0
00d0927689a7a2.jpg,happywhale__6a6fa3ec3810,train,6,6829b0d9fffc42.jpg,happywhale__600ab1de92d9,0.09174045920372009,0
00d0927689a7a2.jpg,happywhale__6a6fa3ec3810,train,7,dcab5c93c5fa98.jpg,happywhale__bf412253bbc2,0.09076102823019028,0
00d0927689a7a2.jpg,happywhale__6a6fa3ec3810,train,8,b28509af468427.jpg,happywhale__322a18725969,0.08929947763681412,0
00d0927689a7a2.jpg,happywhale__6a6fa3ec3810,train,9,edcf7213bd70b5.jpg,happywhale__02947a94c3fc,0.08928276598453522,0
00d0927689a7a2.jpg,happywhale__6a6fa3ec3810,train,10,904b0972f24ec4.jpg,happywhale__2fdb3a09dc9c,0.08883199840784073,0
479bff046f1cf0.jpg,happywhale__7661d208bc83,train,1,477242315bddbc.jpg,happywhale__a59972315f7d,0.11723120510578156,0
479bff046f1cf0.jpg,happywhale__7661d208bc83,train,2,608db08db94aca.jpg,happywhale__a49ae5521315,0.10514921694993973,0
479bff046f1cf0.jpg,happywhale__7661d208bc83,train,3,f9c1655289f257.jpg,happywhale__956562ff2888,0.10062122344970703,0
479bff046f1cf0.jpg,happywhale__7661d208bc83,train,4,74618af559c8aa.jpg,happywhale__32d3b30b473f,0.09642009437084198,0
479bff046f1cf0.jpg,happywhale__7661d208bc83,train,5,3dc39d660d281c.jpg,happywhale__5ac053677ed1,0.09270352870225906,0
479bff046f1cf0.jpg,happywhale__7661d208bc83,train,6,b874752b2b6030.jpg,happywhale__0f72263cd384,0.08644840121269226,0
479bff046f1cf0.jpg,happywhale__7661d208bc83,train,7,1c7834421996f1.jpg,happywhale__0b180ad0afa2,0.083824023604393,0
479bff046f1cf0.jpg,happywhale__7661d208bc83,train,8,285eafa076b72e.jpg,happywhale__480677e8cf20,0.07753854990005493,0
479bff046f1cf0.jpg,happywhale__7661d208bc83,train,9,46e14af47d8ee5.jpg,happywhale__10e758eb503a,0.07746734470129013,0
479bff046f1cf0.jpg,happywhale__7661d208bc83,train,10,d139f40ca8e88f.jpg,happywhale__956562ff2888,0.07651104778051376,0
b57de0461ba114.jpg,happywhale__02ac4e3ca497,train,1,4c719a6b45bbb4.jpg,happywhale__46988583261a,0.10635428875684738,0
b57de0461ba114.jpg,happywhale__02ac4e3ca497,train,2,54c6d0a43337cc.jpg,happywhale__76b5aad6b790,0.08671610802412033,0
b57de0461ba114.jpg,happywhale__02ac4e3ca497,train,3,a8a0ba63daa5fa.jpg,happywhale__04c451d68284,0.08391391485929489,0
b57de0461ba114.jpg,happywhale__02ac4e3ca497,train,4,4a515403b4a158.jpg,happywhale__1ae5c5a035b5,0.08355701714754105,0
b57de0461ba114.jpg,happywhale__02ac4e3ca497,train,5,16b6ccd0e9f482.jpg,happywhale__84d91f8c1f99,0.08348876237869263,0
b57de0461ba114.jpg,happywhale__02ac4e3ca497,train,6,6a7992bbdc1463.jpg,happywhale__aeae6f5bf5cd,0.0791630819439888,0
b57de0461ba114.jpg,happywhale__02ac4e3ca497,train,7,4d7d79ca5eb367.jpg,happywhale__322a18725969,0.07556900382041931,0
b57de0461ba114.jpg,happywhale__02ac4e3ca497,train,8,eacb43d7af25e4.jpg,happywhale__37c7aba965a5,0.07341674715280533,0
b57de0461ba114.jpg,happywhale__02ac4e3ca497,train,9,c4aeab42491318.jpg,happywhale__cbb9151ff9aa,0.07321727275848389,0
b57de0461ba114.jpg,happywhale__02ac4e3ca497,train,10,cfc29ed0b4ac03.jpg,happywhale__3c346fc4a109,0.07159795612096786,0
7dc070861df0dc.jpg,happywhale__a752a6a6f645,train,1,5bbffc16d1fd16.jpg,happywhale__02da0e68dccd,0.1196398138999939,0
7dc070861df0dc.jpg,happywhale__a752a6a6f645,train,2,99caa6a3d8146d.jpg,happywhale__73e13d5e4ada,0.10913369059562683,0
7dc070861df0dc.jpg,happywhale__a752a6a6f645,train,3,1dfaac985793f0.jpg,happywhale__b54c1f8df53f,0.1006649062037468,0
7dc070861df0dc.jpg,happywhale__a752a6a6f645,train,4,b46fcb93da39c3.jpg,happywhale__ef0ddd083fbe,0.09652009606361389,0
7dc070861df0dc.jpg,happywhale__a752a6a6f645,train,5,c182cc0a0ae4e8.jpg,happywhale__9f3613b5c45b,0.09540307521820068,0
7dc070861df0dc.jpg,happywhale__a752a6a6f645,train,6,02ec334dd4940e.jpg,happywhale__ad981a124bbd,0.09506872296333313,0
7dc070861df0dc.jpg,happywhale__a752a6a6f645,train,7,802fc46a882ea9.jpg,happywhale__4905c4399fdf,0.08782678842544556,0
7dc070861df0dc.jpg,happywhale__a752a6a6f645,train,8,c85b57269356e7.jpg,happywhale__35f898e6595e,0.08767586946487427,0
7dc070861df0dc.jpg,happywhale__a752a6a6f645,train,9,d9556b7d223bd4.jpg,happywhale__9f750b3dd09d,0.08390209078788757,0
7dc070861df0dc.jpg,happywhale__a752a6a6f645,train,10,df37a0401576d5.jpg,happywhale__3cbc20a1fbfb,0.08275359869003296,0
bfc30fe8219b8d.jpg,happywhale__122dc7f46c24,train,1,d86cfb63ecafaf.jpg,happywhale__bc1eb2241633,0.10399257391691208,0
bfc30fe8219b8d.jpg,happywhale__122dc7f46c24,train,2,f452f4af8a42dd.jpg,happywhale__9582cc692d85,0.1032000333070755,0
bfc30fe8219b8d.jpg,happywhale__122dc7f46c24,train,3,bb73e86e263f91.jpg,happywhale__32eeef0dc892,0.10191743075847626,0
bfc30fe8219b8d.jpg,happywhale__122dc7f46c24,train,4,ccc30187552769.jpg,happywhale__cdf6abe97eb5,0.10097882896661758,0
bfc30fe8219b8d.jpg,happywhale__122dc7f46c24,train,5,a8ed5673f7f600.jpg,happywhale__15b7d08184ca,0.10085336863994598,0
bfc30fe8219b8d.jpg,happywhale__122dc7f46c24,train,6,128f627ccaeeaf.jpg,happywhale__7593d2aee842,0.09917205572128296,0
bfc30fe8219b8d.jpg,happywhale__122dc7f46c24,train,7,3dc39d660d281c.jpg,happywhale__5ac053677ed1,0.09799344837665558,0
bfc30fe8219b8d.jpg,happywhale__122dc7f46c24,train,8,3af460d293cddb.jpg,happywhale__e839ee7d8cf0,0.09745016694068909,0
bfc30fe8219b8d.jpg,happywhale__122dc7f46c24,train,9,287f766c9c379f.jpg,happywhale__9e89f8e28807,0.09615613520145416,0
bfc30fe8219b8d.jpg,happywhale__122dc7f46c24,train,10,b36106cb083f06.jpg,happywhale__938b7e931166,0.09497018903493881,0
3b9a2ff7bd4890.jpg,happywhale__a86b9a0c8b35,train,1,4717c93203327c.jpg,happywhale__1191a41ee0f4,0.1170777902007103,0
3b9a2ff7bd4890.jpg,happywhale__a86b9a0c8b35,train,2,eac396b91bd170.jpg,happywhale__180c0ab04dcd,0.10861125588417053,0
3b9a2ff7bd4890.jpg,happywhale__a86b9a0c8b35,train,3,9938a332d2400a.jpg,happywhale__8f76b84bec12,0.10336586087942123,0
3b9a2ff7bd4890.jpg,happywhale__a86b9a0c8b35,train,4,c42d347a362218.jpg,happywhale__e527fa08772c,0.09786514192819595,0
3b9a2ff7bd4890.jpg,happywhale__a86b9a0c8b35,train,5,c0a070de64ad8c.jpg,happywhale__8bc942512479,0.0897848829627037,0
3b9a2ff7bd4890.jpg,happywhale__a86b9a0c8b35,train,6,c65ad0c7eb22e1.jpg,happywhale__e527fa08772c,0.08287806063890457,0
3b9a2ff7bd4890.jpg,happywhale__a86b9a0c8b35,train,7,36b8e1a916e758.jpg,happywhale__e527fa08772c,0.08253975957632065,0
3b9a2ff7bd4890.jpg,happywhale__a86b9a0c8b35,train,8,de30c654ed88fc.jpg,happywhale__f0aa1422b26f,0.08195154368877411,0
3b9a2ff7bd4890.jpg,happywhale__a86b9a0c8b35,train,9,0b75b75a443ca9.jpg,happywhale__86257eaa613b,0.080343097448349,0
3b9a2ff7bd4890.jpg,happywhale__a86b9a0c8b35,train,10,dcab5c93c5fa98.jpg,happywhale__bf412253bbc2,0.07751530408859253,0
eb2a0b33e3885f.jpg,happywhale__de44e7d9d16e,train,1,2cee41feca24bf.jpg,happywhale__985e7d6a8052,0.10454949736595154,0
eb2a0b33e3885f.jpg,happywhale__de44e7d9d16e,train,2,2ff292d1990bd1.jpg,happywhale__79385e461dd1,0.09446403384208679,0
eb2a0b33e3885f.jpg,happywhale__de44e7d9d16e,train,3,55e59fd7c2a41c.jpg,happywhale__03c879f7c6d5,0.09382297098636627,0
eb2a0b33e3885f.jpg,happywhale__de44e7d9d16e,train,4,ae0ea83f686f45.jpg,happywhale__171aa23102f3,0.09344068169593811,0
eb2a0b33e3885f.jpg,happywhale__de44e7d9d16e,train,5,69e87bce810369.jpg,happywhale__e53d52e33e81,0.09259964525699615,0
eb2a0b33e3885f.jpg,happywhale__de44e7d9d16e,train,6,88f12e7a6547a8.jpg,happywhale__208b91b1ca2b,0.09017729759216309,0
eb2a0b33e3885f.jpg,happywhale__de44e7d9d16e,train,7,ff846ec4c6314e.jpg,happywhale__ca5790ec97b4,0.08937829732894897,0
eb2a0b33e3885f.jpg,happywhale__de44e7d9d16e,train,8,51f4e2ab45fee3.jpg,happywhale__dd8c756c9cb7,0.08772546052932739,0
eb2a0b33e3885f.jpg,happywhale__de44e7d9d16e,train,9,8abb41f76334bf.jpg,happywhale__4b00fe572063,0.0839306116104126,0
eb2a0b33e3885f.jpg,happywhale__de44e7d9d16e,train,10,9a0c0c2b08c6c6.jpg,happywhale__956562ff2888,0.08239233493804932,0
070dba4aac7ca8.jpg,happywhale__1a818ec2ac9e,train,1,a36503142a51d4.jpg,happywhale__fc0f7c162cc0,0.11336274445056915,0
070dba4aac7ca8.jpg,happywhale__1a818ec2ac9e,train,2,a64ada9fd97069.jpg,happywhale__a6e325d8e924,0.11271728575229645,0
070dba4aac7ca8.jpg,happywhale__1a818ec2ac9e,train,3,9baf954c3cfcca.jpg,happywhale__4ddb2eeb5efb,0.09398585557937622,0
070dba4aac7ca8.jpg,happywhale__1a818ec2ac9e,train,4,f17562e0d7b43e.jpg,happywhale__0f72263cd384,0.09228524565696716,0
070dba4aac7ca8.jpg,happywhale__1a818ec2ac9e,train,5,754f9b78d92797.jpg,happywhale__7aa5641e5acc,0.08763105422258377,0
070dba4aac7ca8.jpg,happywhale__1a818ec2ac9e,train,6,d84cbbca2ed330.jpg,happywhale__6ad3713dda3a,0.0850144475698471,0
070dba4aac7ca8.jpg,happywhale__1a818ec2ac9e,train,7,3067af3714aa6b.jpg,happywhale__89edacf95765,0.08154354989528656,0
070dba4aac7ca8.jpg,happywhale__1a818ec2ac9e,train,8,ccc30187552769.jpg,happywhale__cdf6abe97eb5,0.08065304160118103,0
070dba4aac7ca8.jpg,happywhale__1a818ec2ac9e,train,9,55e59fd7c2a41c.jpg,happywhale__03c879f7c6d5,0.08026306331157684,0
070dba4aac7ca8.jpg,happywhale__1a818ec2ac9e,train,10,2261bccecbbe90.jpg,happywhale__3a055fad1478,0.07736460864543915,0
fdbac7a0c3a53a.jpg,happywhale__20916df9f20d,train,1,183f5654ceab1a.jpg,happywhale__5b8a39979dc2,0.11745584011077881,0
fdbac7a0c3a53a.jpg,happywhale__20916df9f20d,train,2,890396cce2fb1a.jpg,happywhale__549658000b20,0.10377280414104462,0
fdbac7a0c3a53a.jpg,happywhale__20916df9f20d,train,3,8a35ae995424f9.jpg,happywhale__bf412253bbc2,0.09664395451545715,0
fdbac7a0c3a53a.jpg,happywhale__20916df9f20d,train,4,7b557bda3a3505.jpg,happywhale__4b8534134eb8,0.0943584144115448,0
fdbac7a0c3a53a.jpg,happywhale__20916df9f20d,train,5,0585da7add64aa.jpg,happywhale__bf412253bbc2,0.09383215755224228,0
fdbac7a0c3a53a.jpg,happywhale__20916df9f20d,train,6,3ec0ca8fae665f.jpg,happywhale__3028ee318e75,0.09083269536495209,0
fdbac7a0c3a53a.jpg,happywhale__20916df9f20d,train,7,df3dabf50919b4.jpg,happywhale__387f17f0676e,0.08571815490722656,0
fdbac7a0c3a53a.jpg,happywhale__20916df9f20d,train,8,a895ec602a2503.jpg,happywhale__39c50bb4cb13,0.08508473634719849,0
fdbac7a0c3a53a.jpg,happywhale__20916df9f20d,train,9,7c5872d98edef6.jpg,happywhale__626fc1a305f3,0.08268842846155167,0
fdbac7a0c3a53a.jpg,happywhale__20916df9f20d,train,10,f495bff4e6a84f.jpg,happywhale__fcc7ade0c50a,0.07907505333423615,0
facc6ca0fa3bbb.jpg,happywhale__fa45ba34134c,train,1,43eb7c6f897c73.jpg,happywhale__ffbb4e585ff2,0.10873818397521973,0
facc6ca0fa3bbb.jpg,happywhale__fa45ba34134c,train,2,8ff84a8933671e.jpg,happywhale__8b712d2a5313,0.10779568552970886,0
facc6ca0fa3bbb.jpg,happywhale__fa45ba34134c,train,3,593e4c1d710485.jpg,happywhale__4b8534134eb8,0.10660950839519501,0
facc6ca0fa3bbb.jpg,happywhale__fa45ba34134c,train,4,666b53bc0b5c1a.jpg,happywhale__babd014300b7,0.10018587112426758,0
facc6ca0fa3bbb.jpg,happywhale__fa45ba34134c,train,5,7c3a64382c9680.jpg,happywhale__06ef73efe924,0.09428239613771439,0
facc6ca0fa3bbb.jpg,happywhale__fa45ba34134c,train,6,bd3f8db3fc443c.jpg,happywhale__37c7aba965a5,0.09053146839141846,0
facc6ca0fa3bbb.jpg,happywhale__fa45ba34134c,train,7,c65ad0c7eb22e1.jpg,happywhale__e527fa08772c,0.08923773467540741,0
facc6ca0fa3bbb.jpg,happywhale__fa45ba34134c,train,8,071b32281bf64a.jpg,happywhale__51c1774c4f6e,0.08896516263484955,0
facc6ca0fa3bbb.jpg,happywhale__fa45ba34134c,train,9,87451adda0a8b0.jpg,happywhale__f3c484809ce8,0.08681981265544891,0
facc6ca0fa3bbb.jpg,happywhale__fa45ba34134c,train,10,edfb0d412c5a23.jpg,happywhale__ee0ca4cf0faf,0.08573306351900101,0
00cf7a68a89a6d.jpg,happywhale__c9ab1ba25eb8,train,1,ddea3571c2684d.jpg,happywhale__9f750b3dd09d,0.12131178379058838,0
00cf7a68a89a6d.jpg,happywhale__c9ab1ba25eb8,train,2,3fd92b27446cdc.jpg,happywhale__b9907151f66e,0.10718756914138794,0
00cf7a68a89a6d.jpg,happywhale__c9ab1ba25eb8,train,3,6c6d15274229e7.jpg,happywhale__9e89f8e28807,0.10375861823558807,0
00cf7a68a89a6d.jpg,happywhale__c9ab1ba25eb8,train,4,16b6ccd0e9f482.jpg,happywhale__84d91f8c1f99,0.0941280722618103,0
00cf7a68a89a6d.jpg,happywhale__c9ab1ba25eb8,train,5,e34807da4c5860.jpg,happywhale__59bb4b4ec9e0,0.08770991861820221,0
00cf7a68a89a6d.jpg,happywhale__c9ab1ba25eb8,train,6,ebbb180e5ba721.jpg,happywhale__600ab1de92d9,0.08570589125156403,0
00cf7a68a89a6d.jpg,happywhale__c9ab1ba25eb8,train,7,1f704a778ec537.jpg,happywhale__956562ff2888,0.08430537581443787,0
00cf7a68a89a6d.jpg,happywhale__c9ab1ba25eb8,train,8,a9e2b824086a7e.jpg,happywhale__64c398234574,0.08370326459407806,0
00cf7a68a89a6d.jpg,happywhale__c9ab1ba25eb8,train,9,d2223f21b5474c.jpg,happywhale__00ccfc1f8b06,0.08313807100057602,0
00cf7a68a89a6d.jpg,happywhale__c9ab1ba25eb8,train,10,8a35ae995424f9.jpg,happywhale__bf412253bbc2,0.08119179308414459,0
1e3f4f783cf3ab.jpg,happywhale__f195c38bcf17,train,1,b874752b2b6030.jpg,happywhale__0f72263cd384,0.11815788596868515,0
1e3f4f783cf3ab.jpg,happywhale__f195c38bcf17,train,2,18e49f485604f5.jpg,happywhale__7ca409a5c15b,0.11729925125837326,0
1e3f4f783cf3ab.jpg,happywhale__f195c38bcf17,train,3,056a23a731a1d2.jpg,happywhale__6c431160f03b,0.10879100859165192,0
1e3f4f783cf3ab.jpg,happywhale__f195c38bcf17,train,4,3a083983bdcac2.jpg,happywhale__38c2a8e40437,0.10630657523870468,0
1e3f4f783cf3ab.jpg,happywhale__f195c38bcf17,train,5,c0deaf35e4db63.jpg,happywhale__fc0f7c162cc0,0.10314956307411194,0
1e3f4f783cf3ab.jpg,happywhale__f195c38bcf17,train,6,0e083c59f9f6c0.jpg,happywhale__ca88903ae96e,0.09782946854829788,0
1e3f4f783cf3ab.jpg,happywhale__f195c38bcf17,train,7,e7b748c1658dd4.jpg,happywhale__19fbb960f07d,0.09242571890354156,0
1e3f4f783cf3ab.jpg,happywhale__f195c38bcf17,train,8,4c719a6b45bbb4.jpg,happywhale__46988583261a,0.09127329289913177,0
1e3f4f783cf3ab.jpg,happywhale__f195c38bcf17,train,9,86de5347b2ce2b.jpg,happywhale__208b91b1ca2b,0.09010475128889084,0
1e3f4f783cf3ab.jpg,happywhale__f195c38bcf17,train,10,4c72d187f40d3d.jpg,happywhale__9e4564b3556f,0.0897386446595192,0
61391a135d72a3.jpg,happywhale__18f270f6ca16,train,1,1d8e7f6076c294.jpg,happywhale__4b8534134eb8,0.1294323354959488,0
61391a135d72a3.jpg,happywhale__18f270f6ca16,train,2,d72f64c3f38fc2.jpg,happywhale__03c879f7c6d5,0.09682605415582657,0
61391a135d72a3.jpg,happywhale__18f270f6ca16,train,3,b31e0abdee438e.jpg,happywhale__18dbd44823c7,0.09596624225378036,0
61391a135d72a3.jpg,happywhale__18f270f6ca16,train,4,08afcc9a51485c.jpg,happywhale__8690c5185efc,0.0954102873802185,0
61391a135d72a3.jpg,happywhale__18f270f6ca16,train,5,4cfa50f4794827.jpg,happywhale__a59972315f7d,0.09244927763938904,0
61391a135d72a3.jpg,happywhale__18f270f6ca16,train,6,37593fc9e87073.jpg,happywhale__a3c2b1f0ddc4,0.09156689047813416,0
61391a135d72a3.jpg,happywhale__18f270f6ca16,train,7,2b6ab0c4bd9e5e.jpg,happywhale__df8110697987,0.09050051867961884,0
61391a135d72a3.jpg,happywhale__18f270f6ca16,train,8,ecd184cab529f9.jpg,happywhale__cb0fed574200,0.08620858192443848,0
61391a135d72a3.jpg,happywhale__18f270f6ca16,train,9,242b9417b81b67.jpg,happywhale__daa006a682c7,0.08252240717411041,0
61391a135d72a3.jpg,happywhale__18f270f6ca16,train,10,08d0a05f6da262.jpg,happywhale__1ac5332483ae,0.08030576258897781,0
56fa0c533c4ae1.jpg,happywhale__73e13d5e4ada,train,1,a6aaf9de9a751e.jpg,happywhale__290f46e5130c,0.11450567841529846,0
56fa0c533c4ae1.jpg,happywhale__73e13d5e4ada,train,2,2735a18879bba1.jpg,happywhale__37c7aba965a5,0.10045300424098969,0
56fa0c533c4ae1.jpg,happywhale__73e13d5e4ada,train,3,e91f988a82f528.jpg,happywhale__3a055fad1478,0.08658554404973984,0
56fa0c533c4ae1.jpg,happywhale__73e13d5e4ada,train,4,65c7f699788ec9.jpg,happywhale__9e89f8e28807,0.08390816301107407,0
56fa0c533c4ae1.jpg,happywhale__73e13d5e4ada,train,5,23d8b7f0303961.jpg,happywhale__76b5aad6b790,0.08329429477453232,0
56fa0c533c4ae1.jpg,happywhale__73e13d5e4ada,train,6,aaba75063333cd.jpg,happywhale__938b7e931166,0.07887539267539978,0
56fa0c533c4ae1.jpg,happywhale__73e13d5e4ada,train,7,7bc2adc88ec27a.jpg,happywhale__7355eee87d75,0.07500994205474854,0
56fa0c533c4ae1.jpg,happywhale__73e13d5e4ada,train,8,07d4d07aa31141.jpg,happywhale__2aa3e856e46e,0.0741027295589447,0
56fa0c533c4ae1.jpg,happywhale__73e13d5e4ada,train,9,aec6cd7f2272b4.jpg,happywhale__a90eb0d80cd8,0.07305262982845306,0
56fa0c533c4ae1.jpg,happywhale__73e13d5e4ada,train,10,55212672db0a9a.jpg,happywhale__ae4343270756,0.07219070941209793,0
5110280a5d4d42.jpg,happywhale__8690c5185efc,train,1,816e99bc344c04.jpg,happywhale__7053d3c812b5,0.11535783112049103,0
5110280a5d4d42.jpg,happywhale__8690c5185efc,train,2,891463b2c1b9dd.jpg,happywhale__f3d9d1f9eece,0.10846784710884094,0
5110280a5d4d42.jpg,happywhale__8690c5185efc,train,3,7c1ef9998a957b.jpg,happywhale__bf7e1e0738f5,0.1002330631017685,0
5110280a5d4d42.jpg,happywhale__8690c5185efc,train,4,cd0cde53a7ce30.jpg,happywhale__7053d3c812b5,0.09217850863933563,0
5110280a5d4d42.jpg,happywhale__8690c5185efc,train,5,a535d30394dc4d.jpg,happywhale__82e7f8ecd781,0.09139181673526764,0
5110280a5d4d42.jpg,happywhale__8690c5185efc,train,6,cfb9786f70765a.jpg,happywhale__48936da899c3,0.08931384235620499,0
5110280a5d4d42.jpg,happywhale__8690c5185efc,train,7,6e9ac93687662c.jpg,happywhale__26974d1e8965,0.08705209940671921,0
5110280a5d4d42.jpg,happywhale__8690c5185efc,train,8,edf725ab1d3298.jpg,happywhale__4b3320581310,0.08615607023239136,0
5110280a5d4d42.jpg,happywhale__8690c5185efc,train,9,d90dfc8c64b954.jpg,happywhale__e53d52e33e81,0.08543503284454346,0
5110280a5d4d42.jpg,happywhale__8690c5185efc,train,10,12789fd384a3d1.jpg,happywhale__812be36c2aef,0.08113489300012589,0
fcfd02f2cfc375.jpg,happywhale__9f750b3dd09d,train,1,9d20b0aeef4d70.jpg,happywhale__ce873781a2c4,0.10837501287460327,0
fcfd02f2cfc375.jpg,happywhale__9f750b3dd09d,train,2,6bc7a817d92d49.jpg,happywhale__d218dff09dab,0.10351742058992386,0
fcfd02f2cfc375.jpg,happywhale__9f750b3dd09d,train,3,3fec3ca369738d.jpg,happywhale__02da0e68dccd,0.10143887251615524,0
fcfd02f2cfc375.jpg,happywhale__9f750b3dd09d,train,4,b36106cb083f06.jpg,happywhale__938b7e931166,0.09812726080417633,0
fcfd02f2cfc375.jpg,happywhale__9f750b3dd09d,train,5,e677ab132c2c91.jpg,happywhale__f46973e895f7,0.09126920253038406,0
fcfd02f2cfc375.jpg,happywhale__9f750b3dd09d,train,6,e3759d92d52249.jpg,happywhale__c171b020c8c7,0.08803080022335052,0
fcfd02f2cfc375.jpg,happywhale__9f750b3dd09d,train,7,6de42412f2b142.jpg,happywhale__445270d9ad52,0.0875316858291626,0
fcfd02f2cfc375.jpg,happywhale__9f750b3dd09d,train,8,5362f5ffcf119c.jpg,happywhale__51c1774c4f6e,0.08585549145936966,0
fcfd02f2cfc375.jpg,happywhale__9f750b3dd09d,train,9,ea112c4cef4e56.jpg,happywhale__617368452785,0.08512523770332336,0
fcfd02f2cfc375.jpg,happywhale__9f750b3dd09d,train,10,53b37ebbd453ae.jpg,happywhale__73e13d5e4ada,0.08497723937034607,0
33b08e55e1bf4e.jpg,happywhale__76b5aad6b790,train,1,f2ef1faba3d624.jpg,happywhale__989563596678,0.13667160272598267,0
33b08e55e1bf4e.jpg,happywhale__76b5aad6b790,train,2,a27d8c35127023.jpg,happywhale__bc48b7c97463,0.10585620254278183,0
33b08e55e1bf4e.jpg,happywhale__76b5aad6b790,train,3,284fb6913bc975.jpg,happywhale__7bedeacdc4d2,0.09817193448543549,0
33b08e55e1bf4e.jpg,happywhale__76b5aad6b790,train,4,08d0a05f6da262.jpg,happywhale__1ac5332483ae,0.09336826205253601,0
33b08e55e1bf4e.jpg,happywhale__76b5aad6b790,train,5,3d1608a8f3a245.jpg,happywhale__b2a4a87ffb86,0.09060994535684586,0
33b08e55e1bf4e.jpg,happywhale__76b5aad6b790,train,6,0ad8e0ea1fc11d.jpg,happywhale__124534ac8131,0.08989895135164261,0
33b08e55e1bf4e.jpg,happywhale__76b5aad6b790,train,7,ab04210d8db3d6.jpg,happywhale__97589576e678,0.08915378153324127,0
33b08e55e1bf4e.jpg,happywhale__76b5aad6b790,train,8,c732fef22a0cdb.jpg,happywhale__4b234d0d53c1,0.0883539691567421,0
33b08e55e1bf4e.jpg,happywhale__76b5aad6b790,train,9,0536cccd44e457.jpg,happywhale__bf7e1e0738f5,0.08624835312366486,0
33b08e55e1bf4e.jpg,happywhale__76b5aad6b790,train,10,904b0972f24ec4.jpg,happywhale__2fdb3a09dc9c,0.08593723922967911,0
1a22754c47b0e5.jpg,happywhale__a6e325d8e924,train,1,87451adda0a8b0.jpg,happywhale__f3c484809ce8,0.11929215490818024,0
1a22754c47b0e5.jpg,happywhale__a6e325d8e924,train,2,837175f77e84b4.jpg,happywhale__1e802c3294cc,0.09802847355604172,0
1a22754c47b0e5.jpg,happywhale__a6e325d8e924,train,3,89e697bcacc325.jpg,happywhale__ae4343270756,0.09270909428596497,0
1a22754c47b0e5.jpg,happywhale__a6e325d8e924,train,4,75bd2ed881e950.jpg,happywhale__2ca0b9b39092,0.09264029562473297,0
1a22754c47b0e5.jpg,happywhale__a6e325d8e924,train,5,7219dec5d57d40.jpg,happywhale__43946ac5a865,0.09071288257837296,0
1a22754c47b0e5.jpg,happywhale__a6e325d8e924,train,6,85e364d616c2fb.jpg,happywhale__51db5a85aaf7,0.08869540691375732,0
1a22754c47b0e5.jpg,happywhale__a6e325d8e924,train,7,f3aea8c0d16e4f.jpg,happywhale__180c0ab04dcd,0.0856156200170517,0
1a22754c47b0e5.jpg,happywhale__a6e325d8e924,train,8,fcedf79a50b34a.jpg,happywhale__20916df9f20d,0.08560705184936523,0
1a22754c47b0e5.jpg,happywhale__a6e325d8e924,train,9,e82ffacc3f24ee.jpg,happywhale__387f17f0676e,0.0850120335817337,0
1a22754c47b0e5.jpg,happywhale__a6e325d8e924,train,10,af0fa946c301f2.jpg,happywhale__281504409737,0.08103424310684204,0
d3615cdcdf38bb.jpg,happywhale__a43daee90cbc,train,1,0b75b75a443ca9.jpg,happywhale__86257eaa613b,0.11041197925806046,0
d3615cdcdf38bb.jpg,happywhale__a43daee90cbc,train,2,c4aeab42491318.jpg,happywhale__cbb9151ff9aa,0.10469158738851547,0
d3615cdcdf38bb.jpg,happywhale__a43daee90cbc,train,3,de30c654ed88fc.jpg,happywhale__f0aa1422b26f,0.09312140941619873,0
d3615cdcdf38bb.jpg,happywhale__a43daee90cbc,train,4,514407a43622e6.jpg,happywhale__f0aa1422b26f,0.09172371029853821,0
d3615cdcdf38bb.jpg,happywhale__a43daee90cbc,train,5,6bc7cdc7ce6793.jpg,happywhale__bf7e1e0738f5,0.08986735343933105,0
d3615cdcdf38bb.jpg,happywhale__a43daee90cbc,train,6,cfc29ed0b4ac03.jpg,happywhale__3c346fc4a109,0.08926045149564743,0
d3615cdcdf38bb.jpg,happywhale__a43daee90cbc,train,7,7219dec5d57d40.jpg,happywhale__43946ac5a865,0.08366521447896957,0
d3615cdcdf38bb.jpg,happywhale__a43daee90cbc,train,8,99caa6a3d8146d.jpg,happywhale__73e13d5e4ada,0.08292243629693985,0
d3615cdcdf38bb.jpg,happywhale__a43daee90cbc,train,9,7051638c63cd23.jpg,happywhale__b9907151f66e,0.08007284998893738,0
d3615cdcdf38bb.jpg,happywhale__a43daee90cbc,train,10,02372cb6daae83.jpg,happywhale__babd014300b7,0.07916921377182007,0
31cc73f8dff4cb.jpg,happywhale__4b9bc905af99,train,1,5bb6cd1299f5b6.jpg,happywhale__497a6a47ddc9,0.112062968313694,0
31cc73f8dff4cb.jpg,happywhale__4b9bc905af99,train,2,fced98184eb34c.jpg,happywhale__938b7e931166,0.10453678667545319,0
31cc73f8dff4cb.jpg,happywhale__4b9bc905af99,train,3,816e99bc344c04.jpg,happywhale__7053d3c812b5,0.09814821928739548,0
31cc73f8dff4cb.jpg,happywhale__4b9bc905af99,train,4,72688062aea539.jpg,happywhale__20916df9f20d,0.09771957993507385,0
31cc73f8dff4cb.jpg,happywhale__4b9bc905af99,train,5,0b75b75a443ca9.jpg,happywhale__86257eaa613b,0.09270980954170227,0
31cc73f8dff4cb.jpg,happywhale__4b9bc905af99,train,6,7219dec5d57d40.jpg,happywhale__43946ac5a865,0.08964161574840546,0
31cc73f8dff4cb.jpg,happywhale__4b9bc905af99,train,7,fdb2ccfd932325.jpg,happywhale__f3e4073c3ab0,0.08737325668334961,0
31cc73f8dff4cb.jpg,happywhale__4b9bc905af99,train,8,bdd554e6155a44.jpg,happywhale__538554bfc6ca,0.08281105756759644,0
31cc73f8dff4cb.jpg,happywhale__4b9bc905af99,train,9,307f012be0b64e.jpg,happywhale__7362d7a01d00,0.08238581568002701,0
31cc73f8dff4cb.jpg,happywhale__4b9bc905af99,train,10,623f90b86cd4a6.jpg,happywhale__8274ddd12a43,0.07809597998857498,0
87e4fba4147766.jpg,happywhale__bf2e0d964354,train,1,6135626b6ee671.jpg,happywhale__8bc942512479,0.09715452045202255,0
87e4fba4147766.jpg,happywhale__bf2e0d964354,train,2,8e7b8086d084f6.jpg,happywhale__4d18b20adff3,0.09614089876413345,0
87e4fba4147766.jpg,happywhale__bf2e0d964354,train,3,e2ed3dcd47cd2b.jpg,happywhale__136b6c84830f,0.09332019090652466,0
87e4fba4147766.jpg,happywhale__bf2e0d964354,train,4,a9f427013c2eb3.jpg,happywhale__75d677cef7a7,0.09172260761260986,0
87e4fba4147766.jpg,happywhale__bf2e0d964354,train,5,b3d94b309a4472.jpg,happywhale__956562ff2888,0.08736686408519745,0
87e4fba4147766.jpg,happywhale__bf2e0d964354,train,6,f95d3db97fd286.jpg,happywhale__6cbfecf203a5,0.08630701899528503,0
87e4fba4147766.jpg,happywhale__bf2e0d964354,train,7,b86c66c5bb8ef6.jpg,happywhale__9e89f8e28807,0.08605515956878662,0
87e4fba4147766.jpg,happywhale__bf2e0d964354,train,8,e677ab132c2c91.jpg,happywhale__f46973e895f7,0.08573123812675476,0
87e4fba4147766.jpg,happywhale__bf2e0d964354,train,9,d71a6c412f2325.jpg,happywhale__1492507238d8,0.08171674609184265,0
87e4fba4147766.jpg,happywhale__bf2e0d964354,train,10,122875102048a9.jpg,happywhale__1a20c92ffe68,0.07977508008480072,0
b4386c7a300fac.jpg,happywhale__47e591d9b820,train,1,eb089f8368b9e8.jpg,happywhale__1a65772df6a9,0.11830346286296844,0
b4386c7a300fac.jpg,happywhale__47e591d9b820,train,2,cfc29ed0b4ac03.jpg,happywhale__3c346fc4a109,0.09281031042337418,0
b4386c7a300fac.jpg,happywhale__47e591d9b820,train,3,242b9417b81b67.jpg,happywhale__daa006a682c7,0.09030347317457199,0
b4386c7a300fac.jpg,happywhale__47e591d9b820,train,4,2d286d978c7229.jpg,happywhale__a7310896653d,0.08950936794281006,0
b4386c7a300fac.jpg,happywhale__47e591d9b820,train,5,6387e3554f9b71.jpg,happywhale__1191a41ee0f4,0.08913101255893707,0
b4386c7a300fac.jpg,happywhale__47e591d9b820,train,6,7bc2adc88ec27a.jpg,happywhale__7355eee87d75,0.08772800862789154,0
b4386c7a300fac.jpg,happywhale__47e591d9b820,train,7,0b74b630afba1d.jpg,happywhale__0f72263cd384,0.08728597313165665,0
b4386c7a300fac.jpg,happywhale__47e591d9b820,train,8,e3759d92d52249.jpg,happywhale__c171b020c8c7,0.08501611649990082,0
b4386c7a300fac.jpg,happywhale__47e591d9b820,train,9,75bd2ed881e950.jpg,happywhale__2ca0b9b39092,0.08451180160045624,0
b4386c7a300fac.jpg,happywhale__47e591d9b820,train,10,fd4947bf60c177.jpg,happywhale__de44e7d9d16e,0.08284907788038254,0
c599b5be5545a6.jpg,happywhale__e8791b2a80da,train,1,f452f4af8a42dd.jpg,happywhale__9582cc692d85,0.14449946582317352,0
c599b5be5545a6.jpg,happywhale__e8791b2a80da,train,2,8e7b8086d084f6.jpg,happywhale__4d18b20adff3,0.12829472124576569,0
c599b5be5545a6.jpg,happywhale__e8791b2a80da,train,3,9d395af524c325.jpg,happywhale__f2c8760fbfc2,0.09933300316333771,0
c599b5be5545a6.jpg,happywhale__e8791b2a80da,train,4,affca8d7d5d494.jpg,happywhale__c171b020c8c7,0.08812403678894043,0
c599b5be5545a6.jpg,happywhale__e8791b2a80da,train,5,dacb5db8874adf.jpg,happywhale__a86b9a0c8b35,0.08544093370437622,0
c599b5be5545a6.jpg,happywhale__e8791b2a80da,train,6,122875102048a9.jpg,happywhale__1a20c92ffe68,0.08347062021493912,0
c599b5be5545a6.jpg,happywhale__e8791b2a80da,train,7,5b4fadc305e295.jpg,happywhale__5bf17305f073,0.08039700984954834,0
c599b5be5545a6.jpg,happywhale__e8791b2a80da,train,8,bb73e86e263f91.jpg,happywhale__32eeef0dc892,0.07995891571044922,0
c599b5be5545a6.jpg,happywhale__e8791b2a80da,train,9,8cc6a6222a89f5.jpg,happywhale__04cc97bc74f0,0.07886055111885071,0
c599b5be5545a6.jpg,happywhale__e8791b2a80da,train,10,891463b2c1b9dd.jpg,happywhale__f3d9d1f9eece,0.07855544984340668,0
a817bf1be1b87f.jpg,happywhale__bf7e1e0738f5,train,1,1f704a778ec537.jpg,happywhale__956562ff2888,0.09959492087364197,0
a817bf1be1b87f.jpg,happywhale__bf7e1e0738f5,train,2,5d86886958e8bc.jpg,happywhale__114207cab555,0.08739569783210754,0
a817bf1be1b87f.jpg,happywhale__bf7e1e0738f5,train,3,ebbb180e5ba721.jpg,happywhale__600ab1de92d9,0.08724099397659302,0
a817bf1be1b87f.jpg,happywhale__bf7e1e0738f5,train,4,522672cc4358b6.jpg,happywhale__19fbb960f07d,0.08498688042163849,0
a817bf1be1b87f.jpg,happywhale__bf7e1e0738f5,train,5,8e7b8086d084f6.jpg,happywhale__4d18b20adff3,0.08264627307653427,0
a817bf1be1b87f.jpg,happywhale__bf7e1e0738f5,train,6,c5617181a4a786.jpg,happywhale__989563596678,0.08260251581668854,0
a817bf1be1b87f.jpg,happywhale__bf7e1e0738f5,train,7,e91f988a82f528.jpg,happywhale__3a055fad1478,0.0779309868812561,0
a817bf1be1b87f.jpg,happywhale__bf7e1e0738f5,train,8,e5d56ad10c4626.jpg,happywhale__ec2cb0e78ae0,0.07680406421422958,0
a817bf1be1b87f.jpg,happywhale__bf7e1e0738f5,train,9,d11260642ef9ed.jpg,happywhale__e86ef4ff89c6,0.07584957778453827,0
a817bf1be1b87f.jpg,happywhale__bf7e1e0738f5,train,10,f46399ab5c7482.jpg,happywhale__84d91f8c1f99,0.07549981772899628,0
d396f5acd0ab95.jpg,happywhale__314a574f87c9,train,1,056a23a731a1d2.jpg,happywhale__6c431160f03b,0.10843132436275482,0
d396f5acd0ab95.jpg,happywhale__314a574f87c9,train,2,5362f5ffcf119c.jpg,happywhale__51c1774c4f6e,0.10032053291797638,0
d396f5acd0ab95.jpg,happywhale__314a574f87c9,train,3,3928722b03eab5.jpg,happywhale__d655c1ba5181,0.09518184512853622,0
d396f5acd0ab95.jpg,happywhale__314a574f87c9,train,4,1944b232bf7ce9.jpg,happywhale__46414154efbc,0.09208638966083527,0
d396f5acd0ab95.jpg,happywhale__314a574f87c9,train,5,db5abd2820d671.jpg,happywhale__aeae6f5bf5cd,0.08896054327487946,0
d396f5acd0ab95.jpg,happywhale__314a574f87c9,train,6,f2a8c48d00717c.jpg,happywhale__0d73b01c5e77,0.08873336762189865,0
d396f5acd0ab95.jpg,happywhale__314a574f87c9,train,7,0667b46ad0eb2b.jpg,happywhale__54e54ab37a82,0.08143068850040436,0
d396f5acd0ab95.jpg,happywhale__314a574f87c9,train,8,7dff5ae41a28b9.jpg,happywhale__19fbb960f07d,0.0808020681142807,0
d396f5acd0ab95.jpg,happywhale__314a574f87c9,train,9,f9c1655289f257.jpg,happywhale__956562ff2888,0.08004351705312729,0
d396f5acd0ab95.jpg,happywhale__314a574f87c9,train,10,074d06d5eba5c5.jpg,happywhale__2c45eacc8a8f,0.07650572806596756,0
3bdc2d0ab9b4fd.jpg,happywhale__077a5cc373ed,train,1,f9c1655289f257.jpg,happywhale__956562ff2888,0.11021380126476288,0
3bdc2d0ab9b4fd.jpg,happywhale__077a5cc373ed,train,2,edb744ea92bdf5.jpg,happywhale__dba4e482f0ad,0.09226939082145691,0
3bdc2d0ab9b4fd.jpg,happywhale__077a5cc373ed,train,3,f8d4cf5125cdd1.jpg,happywhale__ca88903ae96e,0.09002579748630524,0
3bdc2d0ab9b4fd.jpg,happywhale__077a5cc373ed,train,4,92d296d61955b4.jpg,happywhale__a6e325d8e924,0.08529956638813019,0
3bdc2d0ab9b4fd.jpg,happywhale__077a5cc373ed,train,5,4792be2c50bd7a.jpg,happywhale__077a5cc373ed,0.08499801903963089,1
3bdc2d0ab9b4fd.jpg,happywhale__077a5cc373ed,train,6,990e79da8906f8.jpg,happywhale__211957ad49f1,0.0844181552529335,0
3bdc2d0ab9b4fd.jpg,happywhale__077a5cc373ed,train,7,5bbffc16d1fd16.jpg,happywhale__02da0e68dccd,0.08287584781646729,0
3bdc2d0ab9b4fd.jpg,happywhale__077a5cc373ed,train,8,7f1aca47dbb859.jpg,happywhale__4a94b1849f80,0.08217236399650574,0
3bdc2d0ab9b4fd.jpg,happywhale__077a5cc373ed,train,9,5ce72764ee171e.jpg,happywhale__10e758eb503a,0.08129023760557175,0
3bdc2d0ab9b4fd.jpg,happywhale__077a5cc373ed,train,10,797be10819c12d.jpg,happywhale__be3543fc7c74,0.0786534920334816,0
e31348e143336a.jpg,happywhale__549658000b20,train,1,006fc52f81ab7d.jpg,happywhale__73e13d5e4ada,0.11877625435590744,0
e31348e143336a.jpg,happywhale__549658000b20,train,2,343ae34b44410d.jpg,happywhale__7845337998d6,0.1087556779384613,0
e31348e143336a.jpg,happywhale__549658000b20,train,3,f66e07feed2801.jpg,happywhale__6a6fa3ec3810,0.10856249183416367,0
e31348e143336a.jpg,happywhale__549658000b20,train,4,c4aeab42491318.jpg,happywhale__cbb9151ff9aa,0.09957808256149292,0
e31348e143336a.jpg,happywhale__549658000b20,train,5,fc8b905cd4ce4a.jpg,happywhale__0e4660baf3f1,0.09506389498710632,0
e31348e143336a.jpg,happywhale__549658000b20,train,6,f9c1655289f257.jpg,happywhale__956562ff2888,0.09290623664855957,0
e31348e143336a.jpg,happywhale__549658000b20,train,7,3c74e6e93121f7.jpg,happywhale__281504409737,0.09255070984363556,0
e31348e143336a.jpg,happywhale__549658000b20,train,8,04ce80680480d6.jpg,happywhale__f3c484809ce8,0.09102698415517807,0
e31348e143336a.jpg,happywhale__549658000b20,train,9,ba15b643c00ca8.jpg,happywhale__48936da899c3,0.08913732320070267,0
e31348e143336a.jpg,happywhale__549658000b20,train,10,c60e7c03d35f98.jpg,happywhale__262f464ee602,0.08724598586559296,0
2af80b17fe1c45.jpg,happywhale__a22f9b1c9bc5,train,1,de23f4037f32b6.jpg,happywhale__37c7aba965a5,0.12114771455526352,0
2af80b17fe1c45.jpg,happywhale__a22f9b1c9bc5,train,2,b36106cb083f06.jpg,happywhale__938b7e931166,0.09103973954916,0
2af80b17fe1c45.jpg,happywhale__a22f9b1c9bc5,train,3,1442bb433d5943.jpg,happywhale__60008f293a2b,0.0905301496386528,0
2af80b17fe1c45.jpg,happywhale__a22f9b1c9bc5,train,4,5517b0d5889e08.jpg,happywhale__6f632b846891,0.09018426388502121,0
2af80b17fe1c45.jpg,happywhale__a22f9b1c9bc5,train,5,af0fa946c301f2.jpg,happywhale__281504409737,0.08999106287956238,0
2af80b17fe1c45.jpg,happywhale__a22f9b1c9bc5,train,6,dcab5c93c5fa98.jpg,happywhale__bf412253bbc2,0.08715669810771942,0
2af80b17fe1c45.jpg,happywhale__a22f9b1c9bc5,train,7,f0a2ba2b619c7a.jpg,happywhale__445270d9ad52,0.08706027269363403,0
2af80b17fe1c45.jpg,happywhale__a22f9b1c9bc5,train,8,409c49078e1be3.jpg,happywhale__f0aa1422b26f,0.08639492094516754,0
2af80b17fe1c45.jpg,happywhale__a22f9b1c9bc5,train,9,9924f277e14cf5.jpg,happywhale__0e6d73fc0d60,0.08584845066070557,0
2af80b17fe1c45.jpg,happywhale__a22f9b1c9bc5,train,10,c60e7c03d35f98.jpg,happywhale__262f464ee602,0.0855417251586914,0
e3f97e405cf703.jpg,happywhale__6e8b8fed87af,train,1,a12f4e65d2f49f.jpg,happywhale__84a261c0e5cf,0.11050762236118317,0
e3f97e405cf703.jpg,happywhale__6e8b8fed87af,train,2,604972f7e592d1.jpg,happywhale__077a5cc373ed,0.1016194149851799,0
e3f97e405cf703.jpg,happywhale__6e8b8fed87af,train,3,2a30c2e0071fa3.jpg,happywhale__80d72641f44d,0.10143917798995972,0
e3f97e405cf703.jpg,happywhale__6e8b8fed87af,train,4,9baf954c3cfcca.jpg,happywhale__4ddb2eeb5efb,0.0969771146774292,0
e3f97e405cf703.jpg,happywhale__6e8b8fed87af,train,5,57dcae17caf60e.jpg,happywhale__4b234d0d53c1,0.09677784889936447,0
e3f97e405cf703.jpg,happywhale__6e8b8fed87af,train,6,08afcc9a51485c.jpg,happywhale__8690c5185efc,0.0938892588019371,0
e3f97e405cf703.jpg,happywhale__6e8b8fed87af,train,7,ff1890dffe03c6.jpg,happywhale__a3c2b1f0ddc4,0.0927901417016983,0
e3f97e405cf703.jpg,happywhale__6e8b8fed87af,train,8,a36503142a51d4.jpg,happywhale__fc0f7c162cc0,0.09259439259767532,0
e3f97e405cf703.jpg,happywhale__6e8b8fed87af,train,9,3bdf76bf93a008.jpg,happywhale__ffd38c0d37ad,0.09069611132144928,0
e3f97e405cf703.jpg,happywhale__6e8b8fed87af,train,10,ed2e3020640aba.jpg,happywhale__a22f9b1c9bc5,0.07830175757408142,0
836cc677809d7a.jpg,happywhale__15d96d5d42c2,train,1,4f238f872751a4.jpg,happywhale__cc0e0b020a90,0.10107041150331497,0
836cc677809d7a.jpg,happywhale__15d96d5d42c2,train,2,467b7ea606163d.jpg,happywhale__e53d52e33e81,0.0955413430929184,0
836cc677809d7a.jpg,happywhale__15d96d5d42c2,train,3,a895ec602a2503.jpg,happywhale__39c50bb4cb13,0.09084119647741318,0
836cc677809d7a.jpg,happywhale__15d96d5d42c2,train,4,8bb0ccee254114.jpg,happywhale__3028ee318e75,0.088062584400177,0
836cc677809d7a.jpg,happywhale__15d96d5d42c2,train,5,adb893cdd5b1e9.jpg,happywhale__15d96d5d42c2,0.08739642053842545,1
836cc677809d7a.jpg,happywhale__15d96d5d42c2,train,6,3829cf97506980.jpg,happywhale__1ac5332483ae,0.08707649260759354,0
836cc677809d7a.jpg,happywhale__15d96d5d42c2,train,7,82376ac284c581.jpg,happywhale__6f632b846891,0.0870746374130249,0
836cc677809d7a.jpg,happywhale__15d96d5d42c2,train,8,27f328c4488fee.jpg,happywhale__0b2973489685,0.08656588196754456,0
836cc677809d7a.jpg,happywhale__15d96d5d42c2,train,9,b24da1d67a5022.jpg,happywhale__403dfea4e4bb,0.08555200695991516,0
836cc677809d7a.jpg,happywhale__15d96d5d42c2,train,10,10fb087a526abe.jpg,happywhale__480677e8cf20,0.08531010895967484,0
5dde0e7990deee.jpg,happywhale__9e4564b3556f,train,1,219cf35eac247b.jpg,happywhale__fa633c922517,0.12700453400611877,0
5dde0e7990deee.jpg,happywhale__9e4564b3556f,train,2,ac7eb3b3abcfb7.jpg,happywhale__812be36c2aef,0.09834982454776764,0
5dde0e7990deee.jpg,happywhale__9e4564b3556f,train,3,5bd3b18caf3d7c.jpg,happywhale__6ce472444934,0.09446777403354645,0
5dde0e7990deee.jpg,happywhale__9e4564b3556f,train,4,82376ac284c581.jpg,happywhale__6f632b846891,0.09045157581567764,0
5dde0e7990deee.jpg,happywhale__9e4564b3556f,train,5,3a5b5db84f6268.jpg,happywhale__ce6e37904aa4,0.08588292449712753,0
5dde0e7990deee.jpg,happywhale__9e4564b3556f,train,6,a7cb5f3da7b444.jpg,happywhale__f46b5831d9cd,0.07801485806703568,0
5dde0e7990deee.jpg,happywhale__9e4564b3556f,train,7,89a023cddc64f7.jpg,happywhale__5eb72a46aa6c,0.07782754302024841,0
5dde0e7990deee.jpg,happywhale__9e4564b3556f,train,8,990e79da8906f8.jpg,happywhale__211957ad49f1,0.07774022221565247,0
5dde0e7990deee.jpg,happywhale__9e4564b3556f,train,9,20c32abfcb05aa.jpg,happywhale__7e147a96ad00,0.07615990191698074,0
5dde0e7990deee.jpg,happywhale__9e4564b3556f,train,10,e05c18c0c7dc51.jpg,happywhale__4b8534134eb8,0.07553558051586151,0
4a9a172d673755.jpg,happywhale__b11b2404c7e3,train,1,5d86886958e8bc.jpg,happywhale__114207cab555,0.1366715282201767,0
4a9a172d673755.jpg,happywhale__b11b2404c7e3,train,2,49b3fb1b6b5ee6.jpg,happywhale__90cfd1801b72,0.0980289950966835,0
4a9a172d673755.jpg,happywhale__b11b2404c7e3,train,3,a60a28722e2caa.jpg,happywhale__fbe2b15b5481,0.09528409689664841,0
4a9a172d673755.jpg,happywhale__b11b2404c7e3,train,4,99753bb3a5aabc.jpg,happywhale__d15c6ea7adf0,0.09046268463134766,0
4a9a172d673755.jpg,happywhale__b11b2404c7e3,train,5,adb893cdd5b1e9.jpg,happywhale__15d96d5d42c2,0.08734065294265747,0
4a9a172d673755.jpg,happywhale__b11b2404c7e3,train,6,ff1890dffe03c6.jpg,happywhale__a3c2b1f0ddc4,0.08732371032238007,0
4a9a172d673755.jpg,happywhale__b11b2404c7e3,train,7,bdd554e6155a44.jpg,happywhale__538554bfc6ca,0.08349548280239105,0
4a9a172d673755.jpg,happywhale__b11b2404c7e3,train,8,bb73e86e263f91.jpg,happywhale__32eeef0dc892,0.0777270495891571,0
4a9a172d673755.jpg,happywhale__b11b2404c7e3,train,9,aa30094ee5de4a.jpg,happywhale__a22f9b1c9bc5,0.07708722352981567,0
4a9a172d673755.jpg,happywhale__b11b2404c7e3,train,10,b7a44346363e7b.jpg,happywhale__e8791b2a80da,0.07544151693582535,0
8e62abab997f13.jpg,happywhale__a3c2b1f0ddc4,train,1,7e8849e3ff8fa3.jpg,happywhale__783f357cf2f9,0.12003661692142487,0
8e62abab997f13.jpg,happywhale__a3c2b1f0ddc4,train,2,c60e7c03d35f98.jpg,happywhale__262f464ee602,0.09999874234199524,0
8e62abab997f13.jpg,happywhale__a3c2b1f0ddc4,train,3,64df9431ed21c6.jpg,happywhale__1afc82b009ea,0.09818513691425323,0
8e62abab997f13.jpg,happywhale__a3c2b1f0ddc4,train,4,b41a3cabcd21e9.jpg,happywhale__0611c23e6914,0.09784340858459473,0
8e62abab997f13.jpg,happywhale__a3c2b1f0ddc4,train,5,fdd4e528edb02b.jpg,happywhale__2280b5fcc6c2,0.09753182530403137,0
8e62abab997f13.jpg,happywhale__a3c2b1f0ddc4,train,6,b35c5b9568f270.jpg,happywhale__dabe818f41de,0.09369923919439316,0
8e62abab997f13.jpg,happywhale__a3c2b1f0ddc4,train,7,4833e9d8ed3ddf.jpg,happywhale__322a18725969,0.09094046801328659,0
8e62abab997f13.jpg,happywhale__a3c2b1f0ddc4,train,8,cee3f41c5b8b57.jpg,happywhale__ea8160d46f8f,0.09018685668706894,0
8e62abab997f13.jpg,happywhale__a3c2b1f0ddc4,train,9,1db86a2efe52f8.jpg,happywhale__19fbb960f07d,0.08980079740285873,0
8e62abab997f13.jpg,happywhale__a3c2b1f0ddc4,train,10,f0a1a69a001eff.jpg,happywhale__ea8160d46f8f,0.0876714363694191,0
f4bb38bab5adec.jpg,happywhale__e9525f5abf43,train,1,3b6f9fb71a986e.jpg,happywhale__8beb43dfa67e,0.11728878319263458,0
f4bb38bab5adec.jpg,happywhale__e9525f5abf43,train,2,b6156edf4b82bb.jpg,happywhale__8690c5185efc,0.11468859016895294,0
f4bb38bab5adec.jpg,happywhale__e9525f5abf43,train,3,52c057a1e0645b.jpg,happywhale__ea6eccb47a48,0.0920613557100296,0
f4bb38bab5adec.jpg,happywhale__e9525f5abf43,train,4,192265b91aff18.jpg,happywhale__7362d7a01d00,0.08983981609344482,0
f4bb38bab5adec.jpg,happywhale__e9525f5abf43,train,5,8555ad50cfa9f5.jpg,happywhale__48936da899c3,0.08551983535289764,0
f4bb38bab5adec.jpg,happywhale__e9525f5abf43,train,6,f085e0ed6f20ba.jpg,happywhale__b8f01df3dadd,0.08361974358558655,0
f4bb38bab5adec.jpg,happywhale__e9525f5abf43,train,7,a8ec6e7d4b9c0b.jpg,happywhale__7593d2aee842,0.0817306861281395,0
f4bb38bab5adec.jpg,happywhale__e9525f5abf43,train,8,9d20b0aeef4d70.jpg,happywhale__ce873781a2c4,0.08120013773441315,0
f4bb38bab5adec.jpg,happywhale__e9525f5abf43,train,9,6e3fdf51464d2c.jpg,happywhale__a265c977dc30,0.08073356747627258,0
f4bb38bab5adec.jpg,happywhale__e9525f5abf43,train,10,c5b721b7069d9a.jpg,happywhale__d97fe0753099,0.080312579870224,0
72707732db534d.jpg,happywhale__2e268c8dbd31,train,1,efe910bcd12e9a.jpg,happywhale__51c1774c4f6e,0.1282173991203308,0
72707732db534d.jpg,happywhale__2e268c8dbd31,train,2,1d8e7f6076c294.jpg,happywhale__4b8534134eb8,0.1279982030391693,0
72707732db534d.jpg,happywhale__2e268c8dbd31,train,3,6874c550c12915.jpg,happywhale__8b712d2a5313,0.1132112443447113,0
72707732db534d.jpg,happywhale__2e268c8dbd31,train,4,b86c66c5bb8ef6.jpg,happywhale__9e89f8e28807,0.11280547082424164,0
72707732db534d.jpg,happywhale__2e268c8dbd31,train,5,7b557bda3a3505.jpg,happywhale__4b8534134eb8,0.11057178676128387,0
72707732db534d.jpg,happywhale__2e268c8dbd31,train,6,e418708a15e2e9.jpg,happywhale__bb2f812de2fd,0.10254055261611938,0
72707732db534d.jpg,happywhale__2e268c8dbd31,train,7,5e9dbaf67afc64.jpg,happywhale__0611c23e6914,0.09843866527080536,0
72707732db534d.jpg,happywhale__2e268c8dbd31,train,8,0279db92dfe672.jpg,happywhale__bf7e1e0738f5,0.09609836339950562,0
72707732db534d.jpg,happywhale__2e268c8dbd31,train,9,74e9ba35bd9677.jpg,happywhale__445270d9ad52,0.09440595656633377,0
72707732db534d.jpg,happywhale__2e268c8dbd31,train,10,6829b0d9fffc42.jpg,happywhale__600ab1de92d9,0.09385809302330017,0
c2f4fa160bfbd1.jpg,happywhale__51081e431bca,train,1,92d296d61955b4.jpg,happywhale__a6e325d8e924,0.13487273454666138,0
c2f4fa160bfbd1.jpg,happywhale__51081e431bca,train,2,1db2a00ae599c6.jpg,happywhale__6fe44e67461d,0.11413682252168655,0
c2f4fa160bfbd1.jpg,happywhale__51081e431bca,train,3,7bf6d8d4f3382d.jpg,happywhale__a0d1a0e2e606,0.10741958767175674,0
c2f4fa160bfbd1.jpg,happywhale__51081e431bca,train,4,5005284b3a7e0d.jpg,happywhale__73e13d5e4ada,0.10551333427429199,0
c2f4fa160bfbd1.jpg,happywhale__51081e431bca,train,5,666b53bc0b5c1a.jpg,happywhale__babd014300b7,0.10327453911304474,0
c2f4fa160bfbd1.jpg,happywhale__51081e431bca,train,6,96f5e794e16543.jpg,happywhale__6a6fa3ec3810,0.09780457615852356,0
c2f4fa160bfbd1.jpg,happywhale__51081e431bca,train,7,a8ed5673f7f600.jpg,happywhale__15b7d08184ca,0.09718183428049088,0
c2f4fa160bfbd1.jpg,happywhale__51081e431bca,train,8,e2aff076642b23.jpg,happywhale__59bb4b4ec9e0,0.09444569796323776,0
c2f4fa160bfbd1.jpg,happywhale__51081e431bca,train,9,0a7a8f558c14a1.jpg,happywhale__ffbb4e585ff2,0.09345579147338867,0
c2f4fa160bfbd1.jpg,happywhale__51081e431bca,train,10,3e02207102ed92.jpg,happywhale__626fc1a305f3,0.09303592145442963,0
799aec19dc8075.jpg,happywhale__75d677cef7a7,train,1,94722f88403840.jpg,happywhale__82723a73169a,0.10195761919021606,0
799aec19dc8075.jpg,happywhale__75d677cef7a7,train,2,2cc66d92c347d3.jpg,happywhale__8b712d2a5313,0.10082191973924637,0
799aec19dc8075.jpg,happywhale__75d677cef7a7,train,3,0fc326131c1853.jpg,happywhale__ad981a124bbd,0.09126491099596024,0
799aec19dc8075.jpg,happywhale__75d677cef7a7,train,4,7ca8b5566c659d.jpg,happywhale__ca88903ae96e,0.08783218264579773,0
799aec19dc8075.jpg,happywhale__75d677cef7a7,train,5,920089b10c2930.jpg,happywhale__18f270f6ca16,0.08657173812389374,0
799aec19dc8075.jpg,happywhale__75d677cef7a7,train,6,5c775ecbbb18f3.jpg,happywhale__ea6eccb47a48,0.08609022200107574,0
799aec19dc8075.jpg,happywhale__75d677cef7a7,train,7,25f579cbc4565f.jpg,happywhale__e9525f5abf43,0.08070957660675049,0
799aec19dc8075.jpg,happywhale__75d677cef7a7,train,8,006fc52f81ab7d.jpg,happywhale__73e13d5e4ada,0.07872827351093292,0
799aec19dc8075.jpg,happywhale__75d677cef7a7,train,9,ffa54f1754fbb1.jpg,happywhale__caee7717cf57,0.07847299426794052,0
799aec19dc8075.jpg,happywhale__75d677cef7a7,train,10,8bc9e703955361.jpg,happywhale__a52e4ad2dbb3,0.07820416986942291,0
0bbc8b3e202f99.jpg,happywhale__2280b5fcc6c2,train,1,8abb41f76334bf.jpg,happywhale__4b00fe572063,0.11984781175851822,0
0bbc8b3e202f99.jpg,happywhale__2280b5fcc6c2,train,2,c732fef22a0cdb.jpg,happywhale__4b234d0d53c1,0.11017605662345886,0
0bbc8b3e202f99.jpg,happywhale__2280b5fcc6c2,train,3,7fd5afe28a4901.jpg,happywhale__281504409737,0.10599496960639954,0
0bbc8b3e202f99.jpg,happywhale__2280b5fcc6c2,train,4,02ec334dd4940e.jpg,happywhale__ad981a124bbd,0.10214090347290039,0
0bbc8b3e202f99.jpg,happywhale__2280b5fcc6c2,train,5,1c7834421996f1.jpg,happywhale__0b180ad0afa2,0.09855049103498459,0
0bbc8b3e202f99.jpg,happywhale__2280b5fcc6c2,train,6,2a30c2e0071fa3.jpg,happywhale__80d72641f44d,0.08775222301483154,0
0bbc8b3e202f99.jpg,happywhale__2280b5fcc6c2,train,7,dcab5c93c5fa98.jpg,happywhale__bf412253bbc2,0.08756078779697418,0
0bbc8b3e202f99.jpg,happywhale__2280b5fcc6c2,train,8,ea112c4cef4e56.jpg,happywhale__617368452785,0.08521179109811783,0
0bbc8b3e202f99.jpg,happywhale__2280b5fcc6c2,train,9,878865e1d00941.jpg,happywhale__19fbb960f07d,0.0835178941488266,0
0bbc8b3e202f99.jpg,happywhale__2280b5fcc6c2,train,10,1294f046fbe3e3.jpg,happywhale__bc1eb2241633,0.08191612362861633,0
c0e77d5f6dfed2.jpg,happywhale__c995c043c353,train,1,86de787f5fcf05.jpg,happywhale__600ab1de92d9,0.12664709985256195,0
c0e77d5f6dfed2.jpg,happywhale__c995c043c353,train,2,0bf8587c8a5c5e.jpg,happywhale__b9907151f66e,0.11925612390041351,0
c0e77d5f6dfed2.jpg,happywhale__c995c043c353,train,3,c0deaf35e4db63.jpg,happywhale__fc0f7c162cc0,0.11814174801111221,0
c0e77d5f6dfed2.jpg,happywhale__c995c043c353,train,4,1d8673c10542dc.jpg,happywhale__6da7ae3c5d54,0.10350877791643143,0
c0e77d5f6dfed2.jpg,happywhale__c995c043c353,train,5,d84cbbca2ed330.jpg,happywhale__6ad3713dda3a,0.10018910467624664,0
c0e77d5f6dfed2.jpg,happywhale__c995c043c353,train,6,c6376534c7d1c3.jpg,happywhale__322a18725969,0.0984831228852272,0
c0e77d5f6dfed2.jpg,happywhale__c995c043c353,train,7,327e5c89f63f1b.jpg,happywhale__b9907151f66e,0.09673341363668442,0
c0e77d5f6dfed2.jpg,happywhale__c995c043c353,train,8,67a725bd025cce.jpg,happywhale__600ab1de92d9,0.09533599019050598,0
c0e77d5f6dfed2.jpg,happywhale__c995c043c353,train,9,74e2e274e07a37.jpg,happywhale__b123e4a7c182,0.09457191824913025,0
c0e77d5f6dfed2.jpg,happywhale__c995c043c353,train,10,67dc1e7937b886.jpg,happywhale__a8040569f5e3,0.08847972750663757,0
22781ae5d0e17f.jpg,happywhale__edf59f267081,train,1,aed691e7005984.jpg,happywhale__ecd7bda11e61,0.1199677586555481,0
22781ae5d0e17f.jpg,happywhale__edf59f267081,train,2,9bed4c25356adf.jpg,happywhale__b90d49ab0905,0.1170777678489685,0
22781ae5d0e17f.jpg,happywhale__edf59f267081,train,3,6277c7bf76e2a3.jpg,happywhale__be3543fc7c74,0.10919597744941711,0
22781ae5d0e17f.jpg,happywhale__edf59f267081,train,4,3fec3ca369738d.jpg,happywhale__02da0e68dccd,0.10750114917755127,0
22781ae5d0e17f.jpg,happywhale__edf59f267081,train,5,7ba5dce13f1a0c.jpg,happywhale__c27db73f0e3b,0.09714363515377045,0
22781ae5d0e17f.jpg,happywhale__edf59f267081,train,6,e3759d92d52249.jpg,happywhale__c171b020c8c7,0.09572897851467133,0
22781ae5d0e17f.jpg,happywhale__edf59f267081,train,7,af2e6a0f678223.jpg,happywhale__162420404da3,0.09374313056468964,0
22781ae5d0e17f.jpg,happywhale__edf59f267081,train,8,ec487f28770d84.jpg,happywhale__f0aa1422b26f,0.08642034232616425,0
22781ae5d0e17f.jpg,happywhale__edf59f267081,train,9,8821472b84f2e6.jpg,happywhale__4b8534134eb8,0.08517087250947952,0
22781ae5d0e17f.jpg,happywhale__edf59f267081,train,10,0d80230956e1da.jpg,happywhale__a43daee90cbc,0.08377747237682343,0
84b5fee34b63c0.jpg,happywhale__812be36c2aef,train,1,416c0eec4aa038.jpg,happywhale__4b234d0d53c1,0.12267661839723587,0
84b5fee34b63c0.jpg,happywhale__812be36c2aef,train,2,561647dbb4750a.jpg,happywhale__8fd41ec0db01,0.11131425201892853,0
84b5fee34b63c0.jpg,happywhale__812be36c2aef,train,3,73ddfd15fac7f5.jpg,happywhale__180c0ab04dcd,0.10500965267419815,0
84b5fee34b63c0.jpg,happywhale__812be36c2aef,train,4,6277c7bf76e2a3.jpg,happywhale__be3543fc7c74,0.09918433427810669,0
84b5fee34b63c0.jpg,happywhale__812be36c2aef,train,5,006fc52f81ab7d.jpg,happywhale__73e13d5e4ada,0.09535953402519226,0
84b5fee34b63c0.jpg,happywhale__812be36c2aef,train,6,6b0003c8b3b52f.jpg,happywhale__7593d2aee842,0.09410666674375534,0
84b5fee34b63c0.jpg,happywhale__812be36c2aef,train,7,b86c66c5bb8ef6.jpg,happywhale__9e89f8e28807,0.09323185682296753,0
84b5fee34b63c0.jpg,happywhale__812be36c2aef,train,8,e8c98b8f99ce4e.jpg,happywhale__910b942f8c3a,0.09141656756401062,0
84b5fee34b63c0.jpg,happywhale__812be36c2aef,train,9,a4cb74ee6ce195.jpg,happywhale__7fdeba948ee8,0.09053461998701096,0
84b5fee34b63c0.jpg,happywhale__812be36c2aef,train,10,064a58e26d8b34.jpg,happywhale__be2aa86d0e5b,0.08958794921636581,0
897e829a1fbb77.jpg,happywhale__6ce472444934,train,1,754f9b78d92797.jpg,happywhale__7aa5641e5acc,0.11522789299488068,0
897e829a1fbb77.jpg,happywhale__6ce472444934,train,2,2169a83e915fee.jpg,happywhale__37c7aba965a5,0.11354182660579681,0
897e829a1fbb77.jpg,happywhale__6ce472444934,train,3,97659e926f57c7.jpg,happywhale__9e89f8e28807,0.1063782200217247,0
897e829a1fbb77.jpg,happywhale__6ce472444934,train,4,da7a6ac1e71661.jpg,happywhale__bcedd4d866c6,0.0951070636510849,0
897e829a1fbb77.jpg,happywhale__6ce472444934,train,5,27f328c4488fee.jpg,happywhale__0b2973489685,0.09188137948513031,0
897e829a1fbb77.jpg,happywhale__6ce472444934,train,6,280700b5e3be05.jpg,happywhale__b61c15e89c3c,0.09147864580154419,0
897e829a1fbb77.jpg,happywhale__6ce472444934,train,7,675217bbc28d92.jpg,happywhale__a6e325d8e924,0.08860628306865692,0
897e829a1fbb77.jpg,happywhale__6ce472444934,train,8,b31e0abdee438e.jpg,happywhale__18dbd44823c7,0.08835892379283905,0
897e829a1fbb77.jpg,happywhale__6ce472444934,train,9,fd2490573c7d29.jpg,happywhale__812be36c2aef,0.08789849281311035,0
897e829a1fbb77.jpg,happywhale__6ce472444934,train,10,57b59169cbef43.jpg,happywhale__7661d208bc83,0.08637747913599014,0
a906111a1384d0.jpg,happywhale__77410a623426,train,1,751efeca48ae8b.jpg,happywhale__3fd298d255d7,0.09382003545761108,0
a906111a1384d0.jpg,happywhale__77410a623426,train,2,60a9d4e6c82547.jpg,happywhale__77410a623426,0.09337860345840454,1
a906111a1384d0.jpg,happywhale__77410a623426,train,3,8abb41f76334bf.jpg,happywhale__4b00fe572063,0.09159418195486069,0
a906111a1384d0.jpg,happywhale__77410a623426,train,4,75587081cf2cc5.jpg,happywhale__06ef73efe924,0.09029606729745865,0
a906111a1384d0.jpg,happywhale__77410a623426,train,5,54e5b1668bf49b.jpg,happywhale__cdf6abe97eb5,0.08956506103277206,0
a906111a1384d0.jpg,happywhale__77410a623426,train,6,57b59169cbef43.jpg,happywhale__7661d208bc83,0.08605451881885529,0
a906111a1384d0.jpg,happywhale__77410a623426,train,7,8a35ae995424f9.jpg,happywhale__bf412253bbc2,0.08427505195140839,0
a906111a1384d0.jpg,happywhale__77410a623426,train,8,a81342485651c1.jpg,happywhale__162420404da3,0.08374501764774323,0
a906111a1384d0.jpg,happywhale__77410a623426,train,9,34d61112e99d6b.jpg,happywhale__8bc942512479,0.08085723221302032,0
a906111a1384d0.jpg,happywhale__77410a623426,train,10,ed3926a9733330.jpg,happywhale__6398f8680938,0.08047434687614441,0
ee30b9ea0aadb8.jpg,happywhale__9a6b86f7bb3e,train,1,6a291534f34061.jpg,happywhale__17ae98f695f2,0.147059828042984,0
ee30b9ea0aadb8.jpg,happywhale__9a6b86f7bb3e,train,2,7451df9d85b339.jpg,happywhale__1a20c92ffe68,0.10072339326143265,0
ee30b9ea0aadb8.jpg,happywhale__9a6b86f7bb3e,train,3,7c5872d98edef6.jpg,happywhale__626fc1a305f3,0.09734691679477692,0
ee30b9ea0aadb8.jpg,happywhale__9a6b86f7bb3e,train,4,9924f277e14cf5.jpg,happywhale__0e6d73fc0d60,0.09535381942987442,0
ee30b9ea0aadb8.jpg,happywhale__9a6b86f7bb3e,train,5,0db4ac7082d586.jpg,happywhale__b38a72898f67,0.091232068836689,0
ee30b9ea0aadb8.jpg,happywhale__9a6b86f7bb3e,train,6,88f12e7a6547a8.jpg,happywhale__208b91b1ca2b,0.08232816308736801,0
ee30b9ea0aadb8.jpg,happywhale__9a6b86f7bb3e,train,7,f8fe2101271f95.jpg,happywhale__938b7e931166,0.08225847035646439,0
ee30b9ea0aadb8.jpg,happywhale__9a6b86f7bb3e,train,8,cf3a07c98ea494.jpg,happywhale__aff93d9d3356,0.08210565149784088,0
ee30b9ea0aadb8.jpg,happywhale__9a6b86f7bb3e,train,9,a60a28722e2caa.jpg,happywhale__fbe2b15b5481,0.08110152184963226,0
ee30b9ea0aadb8.jpg,happywhale__9a6b86f7bb3e,train,10,122875102048a9.jpg,happywhale__1a20c92ffe68,0.0798279419541359,0
1cbdbb1aba6044.jpg,happywhale__8274ddd12a43,train,1,8f7d8c6114879c.jpg,happywhale__84d91f8c1f99,0.09632447361946106,0
1cbdbb1aba6044.jpg,happywhale__8274ddd12a43,train,2,ffe6940bd23980.jpg,happywhale__a8a663f9f7f0,0.09024877846240997,0
1cbdbb1aba6044.jpg,happywhale__8274ddd12a43,train,3,e4be30257dd09a.jpg,happywhale__c995c043c353,0.086565300822258,0
1cbdbb1aba6044.jpg,happywhale__8274ddd12a43,train,4,0e083c59f9f6c0.jpg,happywhale__ca88903ae96e,0.08554280549287796,0
1cbdbb1aba6044.jpg,happywhale__8274ddd12a43,train,5,0d0825b2d22330.jpg,happywhale__a6e325d8e924,0.08455599099397659,0
1cbdbb1aba6044.jpg,happywhale__8274ddd12a43,train,6,914eb9d0010fc1.jpg,happywhale__02ac4e3ca497,0.08112306147813797,0
1cbdbb1aba6044.jpg,happywhale__8274ddd12a43,train,7,c2509fce7d7d73.jpg,happywhale__938b7e931166,0.07704566419124603,0
1cbdbb1aba6044.jpg,happywhale__8274ddd12a43,train,8,2b6ab0c4bd9e5e.jpg,happywhale__df8110697987,0.07501111179590225,0
1cbdbb1aba6044.jpg,happywhale__8274ddd12a43,train,9,72532a05575dec.jpg,happywhale__6f632b846891,0.07362436503171921,0
1cbdbb1aba6044.jpg,happywhale__8274ddd12a43,train,10,360f294366b6e6.jpg,happywhale__208b91b1ca2b,0.07318393141031265,0
14692dab715e5f.jpg,happywhale__04cc97bc74f0,train,1,cc192d2b6548b7.jpg,happywhale__322a18725969,0.11308740824460983,0
14692dab715e5f.jpg,happywhale__04cc97bc74f0,train,2,f63bf9fdda99a1.jpg,happywhale__02ac4e3ca497,0.0964358001947403,0
14692dab715e5f.jpg,happywhale__04cc97bc74f0,train,3,1d8673c10542dc.jpg,happywhale__6da7ae3c5d54,0.09597254544496536,0
14692dab715e5f.jpg,happywhale__04cc97bc74f0,train,4,82376ac284c581.jpg,happywhale__6f632b846891,0.09036269038915634,0
14692dab715e5f.jpg,happywhale__04cc97bc74f0,train,5,c80e284d60c7a8.jpg,happywhale__a22f9b1c9bc5,0.08814956247806549,0
14692dab715e5f.jpg,happywhale__04cc97bc74f0,train,6,3fec3ca369738d.jpg,happywhale__02da0e68dccd,0.08791694045066833,0
14692dab715e5f.jpg,happywhale__04cc97bc74f0,train,7,f644adfcd26b60.jpg,happywhale__366200ff5b49,0.08367393910884857,0
14692dab715e5f.jpg,happywhale__04cc97bc74f0,train,8,c280549b447973.jpg,happywhale__281504409737,0.08319751918315887,0
14692dab715e5f.jpg,happywhale__04cc97bc74f0,train,9,02b64041dc2a40.jpg,happywhale__ec1469b7e368,0.08069878071546555,0
14692dab715e5f.jpg,happywhale__04cc97bc74f0,train,10,16b6ccd0e9f482.jpg,happywhale__84d91f8c1f99,0.0804857388138771,0
feb6f04742a3c8.jpg,happywhale__daa006a682c7,train,1,1abe4a08e90e36.jpg,happywhale__67355c25f841,0.09892679750919342,0
feb6f04742a3c8.jpg,happywhale__daa006a682c7,train,2,9ce37dff58d0f0.jpg,happywhale__37c7aba965a5,0.0985661968588829,0
feb6f04742a3c8.jpg,happywhale__daa006a682c7,train,3,f452f4af8a42dd.jpg,happywhale__9582cc692d85,0.09837914258241653,0
feb6f04742a3c8.jpg,happywhale__daa006a682c7,train,4,7ba5dce13f1a0c.jpg,happywhale__c27db73f0e3b,0.08910439908504486,0
feb6f04742a3c8.jpg,happywhale__daa006a682c7,train,5,6387e3554f9b71.jpg,happywhale__1191a41ee0f4,0.08884770423173904,0
feb6f04742a3c8.jpg,happywhale__daa006a682c7,train,6,e3759d92d52249.jpg,happywhale__c171b020c8c7,0.08495873212814331,0
feb6f04742a3c8.jpg,happywhale__daa006a682c7,train,7,ba15b643c00ca8.jpg,happywhale__48936da899c3,0.08418086916208267,0
feb6f04742a3c8.jpg,happywhale__daa006a682c7,train,8,d11260642ef9ed.jpg,happywhale__e86ef4ff89c6,0.08250962197780609,0
feb6f04742a3c8.jpg,happywhale__daa006a682c7,train,9,8802debf9166af.jpg,happywhale__b91c12ffc2b0,0.08123433589935303,0
feb6f04742a3c8.jpg,happywhale__daa006a682c7,train,10,12148d7eb70a3e.jpg,happywhale__07a477b6a091,0.08097788691520691,0
cc02362b0307d3.jpg,happywhale__d97fe0753099,train,1,9ff4431e674f3b.jpg,happywhale__dd8c756c9cb7,0.15374532341957092,0
cc02362b0307d3.jpg,happywhale__d97fe0753099,train,2,9924f277e14cf5.jpg,happywhale__0e6d73fc0d60,0.11165867745876312,0
cc02362b0307d3.jpg,happywhale__d97fe0753099,train,3,c0a070de64ad8c.jpg,happywhale__8bc942512479,0.10694709420204163,0
cc02362b0307d3.jpg,happywhale__d97fe0753099,train,4,edcf7213bd70b5.jpg,happywhale__02947a94c3fc,0.10556642711162567,0
cc02362b0307d3.jpg,happywhale__d97fe0753099,train,5,b39c0a9c9a0448.jpg,happywhale__1afc82b009ea,0.0992775410413742,0
cc02362b0307d3.jpg,happywhale__d97fe0753099,train,6,77d933643a94e7.jpg,happywhale__ef74a2642e89,0.0988280177116394,0
cc02362b0307d3.jpg,happywhale__d97fe0753099,train,7,7cfb77bf4697b3.jpg,happywhale__bf2e0d964354,0.09185723215341568,0
cc02362b0307d3.jpg,happywhale__d97fe0753099,train,8,16b6ccd0e9f482.jpg,happywhale__84d91f8c1f99,0.09035629779100418,0
cc02362b0307d3.jpg,happywhale__d97fe0753099,train,9,24ce33978a67d8.jpg,happywhale__2fdb3a09dc9c,0.09026695787906647,0
cc02362b0307d3.jpg,happywhale__d97fe0753099,train,10,b53d5c73706080.jpg,happywhale__be2aa86d0e5b,0.08509331196546555,0
0314340c13f494.jpg,happywhale__740ce589ff2b,train,1,ffa7afc9e440b1.jpg,happywhale__6a3af6e0c55c,0.10750726610422134,0
0314340c13f494.jpg,happywhale__740ce589ff2b,train,2,9c50ba3db40b1c.jpg,happywhale__e839ee7d8cf0,0.09497818350791931,0
0314340c13f494.jpg,happywhale__740ce589ff2b,train,3,08a9873eefecdd.jpg,happywhale__1f2ec9f8f1c9,0.08829303085803986,0
0314340c13f494.jpg,happywhale__740ce589ff2b,train,4,6be9cca6c64aff.jpg,happywhale__1191a41ee0f4,0.08647653460502625,0
0314340c13f494.jpg,happywhale__740ce589ff2b,train,5,c0b804aaa17c62.jpg,happywhale__9e89f8e28807,0.08642473816871643,0
0314340c13f494.jpg,happywhale__740ce589ff2b,train,6,a9f427013c2eb3.jpg,happywhale__75d677cef7a7,0.08485081791877747,0
0314340c13f494.jpg,happywhale__740ce589ff2b,train,7,b6156edf4b82bb.jpg,happywhale__8690c5185efc,0.08171570301055908,0
0314340c13f494.jpg,happywhale__740ce589ff2b,train,8,eb1d5b701cc3a9.jpg,happywhale__114207cab555,0.08090849220752716,0
0314340c13f494.jpg,happywhale__740ce589ff2b,train,9,65c7f699788ec9.jpg,happywhale__9e89f8e28807,0.08078873157501221,0
0314340c13f494.jpg,happywhale__740ce589ff2b,train,10,dc5c4a515c1290.jpg,happywhale__b9907151f66e,0.08036128431558609,0
baa7638fdeddf2.jpg,happywhale__644db6f31843,train,1,54e09e2ba75f9a.jpg,happywhale__1191a41ee0f4,0.10435934364795685,0
baa7638fdeddf2.jpg,happywhale__644db6f31843,train,2,0fc326131c1853.jpg,happywhale__ad981a124bbd,0.09747549146413803,0
baa7638fdeddf2.jpg,happywhale__644db6f31843,train,3,3f8bb023c45b5d.jpg,happywhale__f195c38bcf17,0.09540589153766632,0
baa7638fdeddf2.jpg,happywhale__644db6f31843,train,4,e82ffacc3f24ee.jpg,happywhale__387f17f0676e,0.09009299427270889,0
baa7638fdeddf2.jpg,happywhale__644db6f31843,train,5,8bc9e703955361.jpg,happywhale__a52e4ad2dbb3,0.08543534576892853,0
baa7638fdeddf2.jpg,happywhale__644db6f31843,train,6,8103c91ca5279c.jpg,happywhale__03c879f7c6d5,0.08396913856267929,0
baa7638fdeddf2.jpg,happywhale__644db6f31843,train,7,ed3926a9733330.jpg,happywhale__6398f8680938,0.08387178182601929,0
baa7638fdeddf2.jpg,happywhale__644db6f31843,train,8,a87eee3a5efa5d.jpg,happywhale__f195c38bcf17,0.08283033221960068,0
baa7638fdeddf2.jpg,happywhale__644db6f31843,train,9,a05aad267c22b8.jpg,happywhale__bf7e1e0738f5,0.0820159986615181,0
baa7638fdeddf2.jpg,happywhale__644db6f31843,train,10,64df9431ed21c6.jpg,happywhale__1afc82b009ea,0.07880371809005737,0
d3ce5df7d1d8ea.jpg,happywhale__a265c977dc30,train,1,ec4823d823f2ed.jpg,happywhale__9f3613b5c45b,0.10588811337947845,0
d3ce5df7d1d8ea.jpg,happywhale__a265c977dc30,train,2,962ed20c01442d.jpg,happywhale__c2705f9e75c8,0.09986130148172379,0
d3ce5df7d1d8ea.jpg,happywhale__a265c977dc30,train,3,d103e502f24bbc.jpg,happywhale__70cd1a7d97a7,0.0947616696357727,0
d3ce5df7d1d8ea.jpg,happywhale__a265c977dc30,train,4,3359d54b47c981.jpg,happywhale__b61c15e89c3c,0.09195840358734131,0
d3ce5df7d1d8ea.jpg,happywhale__a265c977dc30,train,5,e05c18c0c7dc51.jpg,happywhale__4b8534134eb8,0.08917159587144852,0
d3ce5df7d1d8ea.jpg,happywhale__a265c977dc30,train,6,d2c38037227101.jpg,happywhale__956562ff2888,0.08583322167396545,0
d3ce5df7d1d8ea.jpg,happywhale__a265c977dc30,train,7,2d286d978c7229.jpg,happywhale__a7310896653d,0.08457496762275696,0
d3ce5df7d1d8ea.jpg,happywhale__a265c977dc30,train,8,75587081cf2cc5.jpg,happywhale__06ef73efe924,0.08457288146018982,0
d3ce5df7d1d8ea.jpg,happywhale__a265c977dc30,train,9,97887c22222f0b.jpg,happywhale__180c0ab04dcd,0.08453207463026047,0
d3ce5df7d1d8ea.jpg,happywhale__a265c977dc30,train,10,a47c5050ec16c8.jpg,happywhale__9f750b3dd09d,0.08325689285993576,0
ef572eba26b5a8.jpg,happywhale__7bdf83ff6076,train,1,6ca2fbc9a0c12e.jpg,happywhale__21caab533d12,0.11859005689620972,0
ef572eba26b5a8.jpg,happywhale__7bdf83ff6076,train,2,3c54d7eff41749.jpg,happywhale__c995c043c353,0.11459800601005554,0
ef572eba26b5a8.jpg,happywhale__7bdf83ff6076,train,3,2135a9e4bb2f05.jpg,happywhale__a752a6a6f645,0.09321091324090958,0
ef572eba26b5a8.jpg,happywhale__7bdf83ff6076,train,4,567d6d0ddd0bb4.jpg,happywhale__8bc942512479,0.09142240881919861,0
ef572eba26b5a8.jpg,happywhale__7bdf83ff6076,train,5,6de42412f2b142.jpg,happywhale__445270d9ad52,0.08953669667243958,0
ef572eba26b5a8.jpg,happywhale__7bdf83ff6076,train,6,e3759d92d52249.jpg,happywhale__c171b020c8c7,0.08195967972278595,0
ef572eba26b5a8.jpg,happywhale__7bdf83ff6076,train,7,4cd0d37d9425ae.jpg,happywhale__37c7aba965a5,0.0814814567565918,0
ef572eba26b5a8.jpg,happywhale__7bdf83ff6076,train,8,5a0fc41d18a742.jpg,happywhale__cccdade6dad1,0.08102446794509888,0
ef572eba26b5a8.jpg,happywhale__7bdf83ff6076,train,9,e82ffacc3f24ee.jpg,happywhale__387f17f0676e,0.07932639122009277,0
ef572eba26b5a8.jpg,happywhale__7bdf83ff6076,train,10,071b32281bf64a.jpg,happywhale__51c1774c4f6e,0.07848307490348816,0
12f4abb225997d.jpg,happywhale__a275221aadd0,train,1,9f3c60ff3f2a7c.jpg,happywhale__cd720f8127f5,0.10905110090970993,0
12f4abb225997d.jpg,happywhale__a275221aadd0,train,2,0667b46ad0eb2b.jpg,happywhale__54e54ab37a82,0.10609705746173859,0
12f4abb225997d.jpg,happywhale__a275221aadd0,train,3,abd5c384b61fb4.jpg,happywhale__956562ff2888,0.10579109191894531,0
12f4abb225997d.jpg,happywhale__a275221aadd0,train,4,e9672f2b694bf5.jpg,happywhale__bc1eb2241633,0.09607400745153427,0
12f4abb225997d.jpg,happywhale__a275221aadd0,train,5,dcb76fcbb00fe9.jpg,happywhale__d05b5f372c0b,0.09026764333248138,0
12f4abb225997d.jpg,happywhale__a275221aadd0,train,6,f44fae53058124.jpg,happywhale__886086dd8462,0.08849293738603592,0
12f4abb225997d.jpg,happywhale__a275221aadd0,train,7,6a7992bbdc1463.jpg,happywhale__aeae6f5bf5cd,0.08721879124641418,0
12f4abb225997d.jpg,happywhale__a275221aadd0,train,8,73ddf0079e4b70.jpg,happywhale__ef0ddd083fbe,0.08705349266529083,0
12f4abb225997d.jpg,happywhale__a275221aadd0,train,9,8a35ae995424f9.jpg,happywhale__bf412253bbc2,0.08406349271535873,0
12f4abb225997d.jpg,happywhale__a275221aadd0,train,10,f085e0ed6f20ba.jpg,happywhale__b8f01df3dadd,0.08328187465667725,0
2b7b25b4d1f5aa.jpg,happywhale__211957ad49f1,train,1,7b557bda3a3505.jpg,happywhale__4b8534134eb8,0.11494886130094528,0
2b7b25b4d1f5aa.jpg,happywhale__211957ad49f1,train,2,1746dac91890b5.jpg,happywhale__37c7aba965a5,0.10432973504066467,0
2b7b25b4d1f5aa.jpg,happywhale__211957ad49f1,train,3,7a675f3eb7704c.jpg,happywhale__caee7717cf57,0.09894245862960815,0
2b7b25b4d1f5aa.jpg,happywhale__211957ad49f1,train,4,d7db986f354253.jpg,happywhale__bf2e0d964354,0.09321204572916031,0
2b7b25b4d1f5aa.jpg,happywhale__211957ad49f1,train,5,b6156edf4b82bb.jpg,happywhale__8690c5185efc,0.09087318181991577,0
2b7b25b4d1f5aa.jpg,happywhale__211957ad49f1,train,6,13c3f0bb7afed5.jpg,happywhale__886086dd8462,0.08915579319000244,0
2b7b25b4d1f5aa.jpg,happywhale__211957ad49f1,train,7,9041e0e6d51322.jpg,happywhale__de69dc1d1cad,0.08878953754901886,0
2b7b25b4d1f5aa.jpg,happywhale__211957ad49f1,train,8,b8d41c967a740e.jpg,happywhale__82156b30e667,0.08762702345848083,0
2b7b25b4d1f5aa.jpg,happywhale__211957ad49f1,train,9,d9556b7d223bd4.jpg,happywhale__9f750b3dd09d,0.0834290161728859,0
2b7b25b4d1f5aa.jpg,happywhale__211957ad49f1,train,10,b163f800b9df44.jpg,happywhale__cc0e0b020a90,0.08339444547891617,0
69d751f01615af.jpg,happywhale__ecd7bda11e61,train,1,47ccb831e14cc5.jpg,happywhale__9e89f8e28807,0.10057197511196136,0
69d751f01615af.jpg,happywhale__ecd7bda11e61,train,2,6387e3554f9b71.jpg,happywhale__1191a41ee0f4,0.10025262832641602,0
69d751f01615af.jpg,happywhale__ecd7bda11e61,train,3,5d15cc3210d031.jpg,happywhale__fbc05967e28f,0.09882090985774994,0
69d751f01615af.jpg,happywhale__ecd7bda11e61,train,4,f78d18a00faaa4.jpg,happywhale__4a67e64bd3b7,0.09198003262281418,0
69d751f01615af.jpg,happywhale__ecd7bda11e61,train,5,d9556b7d223bd4.jpg,happywhale__9f750b3dd09d,0.08829179406166077,0
69d751f01615af.jpg,happywhale__ecd7bda11e61,train,6,8f8d2ae4c17234.jpg,happywhale__5bf17305f073,0.0877220407128334,0
69d751f01615af.jpg,happywhale__ecd7bda11e61,train,7,92c3842fa86fcb.jpg,happywhale__be330f0c495c,0.08675658702850342,0
69d751f01615af.jpg,happywhale__ecd7bda11e61,train,8,064a58e26d8b34.jpg,happywhale__be2aa86d0e5b,0.07874148339033127,0
69d751f01615af.jpg,happywhale__ecd7bda11e61,train,9,2b6ab0c4bd9e5e.jpg,happywhale__df8110697987,0.07519400119781494,0
69d751f01615af.jpg,happywhale__ecd7bda11e61,train,10,1c7b0a1e07855f.jpg,happywhale__938b7e931166,0.07406232506036758,0
8cbe32135f0a47.jpg,happywhale__aa17186c38fe,train,1,d86cfb63ecafaf.jpg,happywhale__bc1eb2241633,0.11773133277893066,0
8cbe32135f0a47.jpg,happywhale__aa17186c38fe,train,2,0c20fa17107d28.jpg,happywhale__586ef16f4536,0.10653208941221237,0
8cbe32135f0a47.jpg,happywhale__aa17186c38fe,train,3,6387e3554f9b71.jpg,happywhale__1191a41ee0f4,0.08614760637283325,0
8cbe32135f0a47.jpg,happywhale__aa17186c38fe,train,4,4492af8d29e76c.jpg,happywhale__8deb2171580e,0.08548475056886673,0
8cbe32135f0a47.jpg,happywhale__aa17186c38fe,train,5,9f2ffd7e4b2bc5.jpg,happywhale__70858f1edf62,0.079061359167099,0
8cbe32135f0a47.jpg,happywhale__aa17186c38fe,train,6,b3925237a5ce44.jpg,happywhale__0b3fdeb134d3,0.0781412348151207,0
8cbe32135f0a47.jpg,happywhale__aa17186c38fe,train,7,3f02ab0a275c45.jpg,happywhale__812be36c2aef,0.0741916298866272,0
8cbe32135f0a47.jpg,happywhale__aa17186c38fe,train,8,4d7d79ca5eb367.jpg,happywhale__322a18725969,0.07242685556411743,0
8cbe32135f0a47.jpg,happywhale__aa17186c38fe,train,9,7c5872d98edef6.jpg,happywhale__626fc1a305f3,0.07138314098119736,0
8cbe32135f0a47.jpg,happywhale__aa17186c38fe,train,10,8cb14fda1a1d19.jpg,happywhale__07a477b6a091,0.07125800102949142,0
e1c7599bb1f90b.jpg,happywhale__ffbb4e585ff2,train,1,f4dc639b841709.jpg,happywhale__366200ff5b49,0.1103048175573349,0
e1c7599bb1f90b.jpg,happywhale__ffbb4e585ff2,train,2,60935177382349.jpg,happywhale__97589576e678,0.10511660575866699,0
e1c7599bb1f90b.jpg,happywhale__ffbb4e585ff2,train,3,a3c518d19bdf8d.jpg,happywhale__c2705f9e75c8,0.10171185433864594,0
e1c7599bb1f90b.jpg,happywhale__ffbb4e585ff2,train,4,566b5cdce0ce5e.jpg,happywhale__208b91b1ca2b,0.08855828642845154,0
e1c7599bb1f90b.jpg,happywhale__ffbb4e585ff2,train,5,3ac8ff5145b027.jpg,happywhale__ffbb4e585ff2,0.08373300731182098,1
e1c7599bb1f90b.jpg,happywhale__ffbb4e585ff2,train,6,76f9812673738d.jpg,happywhale__180c0ab04dcd,0.08260071277618408,0
e1c7599bb1f90b.jpg,happywhale__ffbb4e585ff2,train,7,da2fce2547fd52.jpg,happywhale__ce6e37904aa4,0.08120547980070114,0
e1c7599bb1f90b.jpg,happywhale__ffbb4e585ff2,train,8,5e67ca22c753fe.jpg,happywhale__19fbb960f07d,0.08034161478281021,0
e1c7599bb1f90b.jpg,happywhale__ffbb4e585ff2,train,9,4d90c0710008b2.jpg,happywhale__73e13d5e4ada,0.07967646420001984,0
e1c7599bb1f90b.jpg,happywhale__ffbb4e585ff2,train,10,bdca0a5088a600.jpg,happywhale__0bcb911c63d1,0.07831130921840668,0
a2b62ce3f06e49.jpg,happywhale__bcedd4d866c6,train,1,55212672db0a9a.jpg,happywhale__ae4343270756,0.11485287547111511,0
a2b62ce3f06e49.jpg,happywhale__bcedd4d866c6,train,2,a4cb74ee6ce195.jpg,happywhale__7fdeba948ee8,0.09807496517896652,0
a2b62ce3f06e49.jpg,happywhale__bcedd4d866c6,train,3,e34807da4c5860.jpg,happywhale__59bb4b4ec9e0,0.0964149534702301,0
a2b62ce3f06e49.jpg,happywhale__bcedd4d866c6,train,4,a7cb5f3da7b444.jpg,happywhale__f46b5831d9cd,0.09550987184047699,0
a2b62ce3f06e49.jpg,happywhale__bcedd4d866c6,train,5,e9672f2b694bf5.jpg,happywhale__bc1eb2241633,0.09461881965398788,0
a2b62ce3f06e49.jpg,happywhale__bcedd4d866c6,train,6,e7b1d0126d2463.jpg,happywhale__f5187b86f2b0,0.09225161373615265,0
a2b62ce3f06e49.jpg,happywhale__bcedd4d866c6,train,7,37593fc9e87073.jpg,happywhale__a3c2b1f0ddc4,0.0906163826584816,0
a2b62ce3f06e49.jpg,happywhale__bcedd4d866c6,train,8,d11260642ef9ed.jpg,happywhale__e86ef4ff89c6,0.08987216651439667,0
a2b62ce3f06e49.jpg,happywhale__bcedd4d866c6,train,9,152fe32924f81a.jpg,happywhale__cc0e0b020a90,0.08477708697319031,0
a2b62ce3f06e49.jpg,happywhale__bcedd4d866c6,train,10,0557489599cb0a.jpg,happywhale__8390b7d8ab6f,0.08400967717170715,0
e05ec1e0ad7ce2.jpg,happywhale__ef0ddd083fbe,train,1,9123befc9462ef.jpg,happywhale__03c879f7c6d5,0.13378886878490448,0
e05ec1e0ad7ce2.jpg,happywhale__ef0ddd083fbe,train,2,b39c0a9c9a0448.jpg,happywhale__1afc82b009ea,0.10478395223617554,0
e05ec1e0ad7ce2.jpg,happywhale__ef0ddd083fbe,train,3,bb1d1ff2efd90f.jpg,happywhale__5b8a39979dc2,0.10058107227087021,0
e05ec1e0ad7ce2.jpg,happywhale__ef0ddd083fbe,train,4,8fe3192794c29b.jpg,happywhale__dd8c756c9cb7,0.08914699405431747,0
e05ec1e0ad7ce2.jpg,happywhale__ef0ddd083fbe,train,5,86a0b80f273ea1.jpg,happywhale__600ab1de92d9,0.08608109503984451,0
e05ec1e0ad7ce2.jpg,happywhale__ef0ddd083fbe,train,6,be3c49a3168f24.jpg,happywhale__322a18725969,0.08605211973190308,0
e05ec1e0ad7ce2.jpg,happywhale__ef0ddd083fbe,train,7,cd47f2663ebcb1.jpg,happywhale__c27db73f0e3b,0.08471515029668808,0
e05ec1e0ad7ce2.jpg,happywhale__ef0ddd083fbe,train,8,a27d8c35127023.jpg,happywhale__bc48b7c97463,0.08457249402999878,0
e05ec1e0ad7ce2.jpg,happywhale__ef0ddd083fbe,train,9,bd3f8db3fc443c.jpg,happywhale__37c7aba965a5,0.0832546204328537,0
e05ec1e0ad7ce2.jpg,happywhale__ef0ddd083fbe,train,10,e5162f5e1f43cb.jpg,happywhale__ce873781a2c4,0.08136796206235886,0
6ea41a9430c80d.jpg,happywhale__0bcb911c63d1,train,1,a7c99a8e962fbb.jpg,happywhale__df109f6bede4,0.0935349389910698,0
6ea41a9430c80d.jpg,happywhale__0bcb911c63d1,train,2,dacb5db8874adf.jpg,happywhale__a86b9a0c8b35,0.08726862072944641,0
6ea41a9430c80d.jpg,happywhale__0bcb911c63d1,train,3,34d61112e99d6b.jpg,happywhale__8bc942512479,0.08724020421504974,0
6ea41a9430c80d.jpg,happywhale__0bcb911c63d1,train,4,8f8d2ae4c17234.jpg,happywhale__5bf17305f073,0.08345282077789307,0
6ea41a9430c80d.jpg,happywhale__0bcb911c63d1,train,5,327e5c89f63f1b.jpg,happywhale__b9907151f66e,0.07928487658500671,0
6ea41a9430c80d.jpg,happywhale__0bcb911c63d1,train,6,b3d94b309a4472.jpg,happywhale__956562ff2888,0.0773874893784523,0
6ea41a9430c80d.jpg,happywhale__0bcb911c63d1,train,7,5cd0ad36937c97.jpg,happywhale__fdbf93575292,0.0767640694975853,0
6ea41a9430c80d.jpg,happywhale__0bcb911c63d1,train,8,c6376534c7d1c3.jpg,happywhale__322a18725969,0.07636162638664246,0
6ea41a9430c80d.jpg,happywhale__0bcb911c63d1,train,9,f1e4c988841a54.jpg,happywhale__c27db73f0e3b,0.07634936273097992,0
6ea41a9430c80d.jpg,happywhale__0bcb911c63d1,train,10,6468bf6599dfc9.jpg,happywhale__7362d7a01d00,0.07329858839511871,0
a6b7a50d76f903.jpg,happywhale__1a20c92ffe68,train,1,ac9ef87502e350.jpg,happywhale__90cfd1801b72,0.12319491803646088,0
a6b7a50d76f903.jpg,happywhale__1a20c92ffe68,train,2,1757b18c7372c6.jpg,happywhale__a59972315f7d,0.11846180260181427,0
a6b7a50d76f903.jpg,happywhale__1a20c92ffe68,train,3,b28509af468427.jpg,happywhale__322a18725969,0.10852343589067459,0
a6b7a50d76f903.jpg,happywhale__1a20c92ffe68,train,4,dbb87967fc4e9e.jpg,happywhale__82af241cd012,0.09585770219564438,0
a6b7a50d76f903.jpg,happywhale__1a20c92ffe68,train,5,dacb5db8874adf.jpg,happywhale__a86b9a0c8b35,0.09561745822429657,0
a6b7a50d76f903.jpg,happywhale__1a20c92ffe68,train,6,43eb7c6f897c73.jpg,happywhale__ffbb4e585ff2,0.09509944915771484,0
a6b7a50d76f903.jpg,happywhale__1a20c92ffe68,train,7,4698c6c7a40860.jpg,happywhale__f4a45e49df72,0.09295103698968887,0
a6b7a50d76f903.jpg,happywhale__1a20c92ffe68,train,8,aa183bcfdcc624.jpg,happywhale__c995c043c353,0.0890779048204422,0
a6b7a50d76f903.jpg,happywhale__1a20c92ffe68,train,9,081850f7c90d34.jpg,happywhale__1191a41ee0f4,0.08529116213321686,0
a6b7a50d76f903.jpg,happywhale__1a20c92ffe68,train,10,9d7fa0c5bda1e9.jpg,happywhale__a275221aadd0,0.08478058129549026,0
90bf36f208c660.jpg,happywhale__00ccfc1f8b06,train,1,aaba75063333cd.jpg,happywhale__938b7e931166,0.10523748397827148,0
90bf36f208c660.jpg,happywhale__00ccfc1f8b06,train,2,03140e5948e848.jpg,happywhale__337a339b042b,0.1041962057352066,0
90bf36f208c660.jpg,happywhale__00ccfc1f8b06,train,3,e91f988a82f528.jpg,happywhale__3a055fad1478,0.08740957826375961,0
90bf36f208c660.jpg,happywhale__00ccfc1f8b06,train,4,c2509fce7d7d73.jpg,happywhale__938b7e931166,0.08739558607339859,0
90bf36f208c660.jpg,happywhale__00ccfc1f8b06,train,5,af2e6a0f678223.jpg,happywhale__162420404da3,0.08620726317167282,0
90bf36f208c660.jpg,happywhale__00ccfc1f8b06,train,6,1c37701dfd7411.jpg,happywhale__ac48977c0215,0.08609282225370407,0
90bf36f208c660.jpg,happywhale__00ccfc1f8b06,train,7,5b3091824fa477.jpg,happywhale__122dc7f46c24,0.08505158126354218,0
90bf36f208c660.jpg,happywhale__00ccfc1f8b06,train,8,c1dd6d4ba611e2.jpg,happywhale__f7bb4f9a9d1a,0.08087409287691116,0
90bf36f208c660.jpg,happywhale__00ccfc1f8b06,train,9,09c3ddb441a381.jpg,happywhale__3cbfd98eea8f,0.07803010940551758,0
90bf36f208c660.jpg,happywhale__00ccfc1f8b06,train,10,b39c0a9c9a0448.jpg,happywhale__1afc82b009ea,0.07604224234819412,0
bdf7ed2d534581.jpg,happywhale__7e147a96ad00,train,1,65c7f699788ec9.jpg,happywhale__9e89f8e28807,0.12949340045452118,0
bdf7ed2d534581.jpg,happywhale__7e147a96ad00,train,2,da7a6ac1e71661.jpg,happywhale__bcedd4d866c6,0.1110072135925293,0
bdf7ed2d534581.jpg,happywhale__7e147a96ad00,train,3,0421e91fd8eca0.jpg,happywhale__84a261c0e5cf,0.09828422218561172,0
bdf7ed2d534581.jpg,happywhale__7e147a96ad00,train,4,4833e9d8ed3ddf.jpg,happywhale__322a18725969,0.09311820566654205,0
bdf7ed2d534581.jpg,happywhale__7e147a96ad00,train,5,ea112c4cef4e56.jpg,happywhale__617368452785,0.0876825675368309,0
bdf7ed2d534581.jpg,happywhale__7e147a96ad00,train,6,e419a6f078c95a.jpg,happywhale__be2aa86d0e5b,0.08446808904409409,0
bdf7ed2d534581.jpg,happywhale__7e147a96ad00,train,7,914eb9d0010fc1.jpg,happywhale__02ac4e3ca497,0.08183830976486206,0
bdf7ed2d534581.jpg,happywhale__7e147a96ad00,train,8,192265b91aff18.jpg,happywhale__7362d7a01d00,0.08176744729280472,0
bdf7ed2d534581.jpg,happywhale__7e147a96ad00,train,9,37b7ef237bed4e.jpg,happywhale__ce6e37904aa4,0.0813988447189331,0
bdf7ed2d534581.jpg,happywhale__7e147a96ad00,train,10,12148d7eb70a3e.jpg,happywhale__07a477b6a091,0.08096414059400558,0
2a0295d68b850b.jpg,happywhale__a0d1a0e2e606,train,1,6973691dbdbb05.jpg,happywhale__dbc18c7c5856,0.11034158617258072,0
2a0295d68b850b.jpg,happywhale__a0d1a0e2e606,train,2,b63dfc32e875e7.jpg,happywhale__956562ff2888,0.09885265678167343,0
2a0295d68b850b.jpg,happywhale__a0d1a0e2e606,train,3,5cd0ad36937c97.jpg,happywhale__fdbf93575292,0.09870082139968872,0
2a0295d68b850b.jpg,happywhale__a0d1a0e2e606,train,4,4698c6c7a40860.jpg,happywhale__f4a45e49df72,0.09441213309764862,0
2a0295d68b850b.jpg,happywhale__a0d1a0e2e606,train,5,66561365eaae79.jpg,happywhale__35f898e6595e,0.09150994569063187,0
2a0295d68b850b.jpg,happywhale__a0d1a0e2e606,train,6,d9c4b90a6d9ac2.jpg,happywhale__19fbb960f07d,0.09117104113101959,0
2a0295d68b850b.jpg,happywhale__a0d1a0e2e606,train,7,edfb0d412c5a23.jpg,happywhale__ee0ca4cf0faf,0.08760568499565125,0
2a0295d68b850b.jpg,happywhale__a0d1a0e2e606,train,8,502c7c02c3aa3a.jpg,happywhale__37c7aba965a5,0.08192945271730423,0
2a0295d68b850b.jpg,happywhale__a0d1a0e2e606,train,9,024598d552aff1.jpg,happywhale__7ace4d166c97,0.081835076212883,0
2a0295d68b850b.jpg,happywhale__a0d1a0e2e606,train,10,be3c49a3168f24.jpg,happywhale__322a18725969,0.08092202246189117,0
a6683aed034ddf.jpg,happywhale__26974d1e8965,train,1,bb73e86e263f91.jpg,happywhale__32eeef0dc892,0.10549493134021759,0
a6683aed034ddf.jpg,happywhale__26974d1e8965,train,2,9123befc9462ef.jpg,happywhale__03c879f7c6d5,0.1045360118150711,0
a6683aed034ddf.jpg,happywhale__26974d1e8965,train,3,6bc7cdc7ce6793.jpg,happywhale__bf7e1e0738f5,0.09685556590557098,0
a6683aed034ddf.jpg,happywhale__26974d1e8965,train,4,0c20fa17107d28.jpg,happywhale__586ef16f4536,0.09378966689109802,0
a6683aed034ddf.jpg,happywhale__26974d1e8965,train,5,a63fae79fefcb0.jpg,happywhale__a7310896653d,0.08822692930698395,0
a6683aed034ddf.jpg,happywhale__26974d1e8965,train,6,be3c49a3168f24.jpg,happywhale__322a18725969,0.08793376386165619,0
a6683aed034ddf.jpg,happywhale__26974d1e8965,train,7,e2aff076642b23.jpg,happywhale__59bb4b4ec9e0,0.0876554623246193,0
a6683aed034ddf.jpg,happywhale__26974d1e8965,train,8,5bbffc16d1fd16.jpg,happywhale__02da0e68dccd,0.08501850068569183,0
a6683aed034ddf.jpg,happywhale__26974d1e8965,train,9,4895e2b46aa757.jpg,happywhale__bfbe09c06683,0.08495811372995377,0
a6683aed034ddf.jpg,happywhale__26974d1e8965,train,10,4717c93203327c.jpg,happywhale__1191a41ee0f4,0.08391154557466507,0
e6dca8c5cfba2e.jpg,happywhale__497a6a47ddc9,train,1,87977dec0e04e3.jpg,happywhale__cb0fed574200,0.11885928362607956,0
e6dca8c5cfba2e.jpg,happywhale__497a6a47ddc9,train,2,2886e5346729e9.jpg,happywhale__a6e325d8e924,0.10634810477495193,0
e6dca8c5cfba2e.jpg,happywhale__497a6a47ddc9,train,3,1c7834421996f1.jpg,happywhale__0b180ad0afa2,0.10377363860607147,0
e6dca8c5cfba2e.jpg,happywhale__497a6a47ddc9,train,4,502c7c02c3aa3a.jpg,happywhale__37c7aba965a5,0.09693700075149536,0
e6dca8c5cfba2e.jpg,happywhale__497a6a47ddc9,train,5,abd6a4fe625599.jpg,happywhale__19c2bfaa0819,0.09426804631948471,0
e6dca8c5cfba2e.jpg,happywhale__497a6a47ddc9,train,6,4cfa50f4794827.jpg,happywhale__a59972315f7d,0.0899277850985527,0
e6dca8c5cfba2e.jpg,happywhale__497a6a47ddc9,train,7,55e59fd7c2a41c.jpg,happywhale__03c879f7c6d5,0.08617725968360901,0
e6dca8c5cfba2e.jpg,happywhale__497a6a47ddc9,train,8,1db86a2efe52f8.jpg,happywhale__19fbb960f07d,0.08408689498901367,0
e6dca8c5cfba2e.jpg,happywhale__497a6a47ddc9,train,9,f0a2ba2b619c7a.jpg,happywhale__445270d9ad52,0.08100596815347672,0
e6dca8c5cfba2e.jpg,happywhale__497a6a47ddc9,train,10,1cc8b823cfee11.jpg,happywhale__d939e819e989,0.08076629042625427,0
2ba92e591b2aea.jpg,happywhale__8f332df12364,train,1,2886e5346729e9.jpg,happywhale__a6e325d8e924,0.14189651608467102,0
2ba92e591b2aea.jpg,happywhale__8f332df12364,train,2,920089b10c2930.jpg,happywhale__18f270f6ca16,0.11068693548440933,0
2ba92e591b2aea.jpg,happywhale__8f332df12364,train,3,c91d6b445839cc.jpg,happywhale__da65f819073c,0.10434696823358536,0
2ba92e591b2aea.jpg,happywhale__8f332df12364,train,4,e3759d92d52249.jpg,happywhale__c171b020c8c7,0.10283120721578598,0
2ba92e591b2aea.jpg,happywhale__8f332df12364,train,5,018490eafcf301.jpg,happywhale__2ca0b9b39092,0.09873352944850922,0
2ba92e591b2aea.jpg,happywhale__8f332df12364,train,6,72532a05575dec.jpg,happywhale__6f632b846891,0.09584769606590271,0
2ba92e591b2aea.jpg,happywhale__8f332df12364,train,7,ebbb180e5ba721.jpg,happywhale__600ab1de92d9,0.09566503763198853,0
2ba92e591b2aea.jpg,happywhale__8f332df12364,train,8,0db4ac7082d586.jpg,happywhale__b38a72898f67,0.08853795379400253,0
2ba92e591b2aea.jpg,happywhale__8f332df12364,train,9,2135a9e4bb2f05.jpg,happywhale__a752a6a6f645,0.08827149868011475,0
2ba92e591b2aea.jpg,happywhale__8f332df12364,train,10,9c9235f12d680a.jpg,happywhale__a6e325d8e924,0.08650471270084381,0
1b549ae1cc73fb.jpg,happywhale__4051086ed105,train,1,de23f4037f32b6.jpg,happywhale__37c7aba965a5,0.11489959806203842,0
1b549ae1cc73fb.jpg,happywhale__4051086ed105,train,2,4895e2b46aa757.jpg,happywhale__bfbe09c06683,0.11142807453870773,0
1b549ae1cc73fb.jpg,happywhale__4051086ed105,train,3,6eb2e9eefafe8c.jpg,happywhale__6da7ae3c5d54,0.10211895406246185,0
1b549ae1cc73fb.jpg,happywhale__4051086ed105,train,4,f2a8c48d00717c.jpg,happywhale__0d73b01c5e77,0.08815546333789825,0
1b549ae1cc73fb.jpg,happywhale__4051086ed105,train,5,fa172b7a5dd3b6.jpg,happywhale__938b7e931166,0.0868634358048439,0
1b549ae1cc73fb.jpg,happywhale__4051086ed105,train,6,a9f427013c2eb3.jpg,happywhale__75d677cef7a7,0.08535882830619812,0
1b549ae1cc73fb.jpg,happywhale__4051086ed105,train,7,3c54d7eff41749.jpg,happywhale__c995c043c353,0.08359456062316895,0
1b549ae1cc73fb.jpg,happywhale__4051086ed105,train,8,c5e38478e875fa.jpg,happywhale__136b6c84830f,0.08139026910066605,0
1b549ae1cc73fb.jpg,happywhale__4051086ed105,train,9,cd47f2663ebcb1.jpg,happywhale__c27db73f0e3b,0.08065998554229736,0
1b549ae1cc73fb.jpg,happywhale__4051086ed105,train,10,6468bf6599dfc9.jpg,happywhale__7362d7a01d00,0.08046578615903854,0
331994c525a88f.jpg,happywhale__70858f1edf62,train,1,608db08db94aca.jpg,happywhale__a49ae5521315,0.12095454335212708,0
331994c525a88f.jpg,happywhale__70858f1edf62,train,2,dff5e1130cb677.jpg,happywhale__5bf17305f073,0.1043274849653244,0
331994c525a88f.jpg,happywhale__70858f1edf62,train,3,4b36c907b56e12.jpg,happywhale__9e89f8e28807,0.10241614282131195,0
331994c525a88f.jpg,happywhale__70858f1edf62,train,4,2135a9e4bb2f05.jpg,happywhale__a752a6a6f645,0.10105174779891968,0
331994c525a88f.jpg,happywhale__70858f1edf62,train,5,1d8673c10542dc.jpg,happywhale__6da7ae3c5d54,0.09740911424160004,0
331994c525a88f.jpg,happywhale__70858f1edf62,train,6,57dcae17caf60e.jpg,happywhale__4b234d0d53c1,0.09560079127550125,0
331994c525a88f.jpg,happywhale__70858f1edf62,train,7,affca8d7d5d494.jpg,happywhale__c171b020c8c7,0.09315593540668488,0
331994c525a88f.jpg,happywhale__70858f1edf62,train,8,c5617181a4a786.jpg,happywhale__989563596678,0.09199080616235733,0
331994c525a88f.jpg,happywhale__70858f1edf62,train,9,502c7c02c3aa3a.jpg,happywhale__37c7aba965a5,0.08527911454439163,0
331994c525a88f.jpg,happywhale__70858f1edf62,train,10,368fb92c8fae5b.jpg,happywhale__cca9869bbd74,0.08508787304162979,0
f04476ae23504a.jpg,happywhale__f2c8760fbfc2,train,1,c0deaf35e4db63.jpg,happywhale__fc0f7c162cc0,0.09606900811195374,0
f04476ae23504a.jpg,happywhale__f2c8760fbfc2,train,2,064a58e26d8b34.jpg,happywhale__be2aa86d0e5b,0.09604210406541824,0
f04476ae23504a.jpg,happywhale__f2c8760fbfc2,train,3,95ba31addb464a.jpg,happywhale__52a2c490b25a,0.09017705917358398,0
f04476ae23504a.jpg,happywhale__f2c8760fbfc2,train,4,affca8d7d5d494.jpg,happywhale__c171b020c8c7,0.08649581670761108,0
f04476ae23504a.jpg,happywhale__f2c8760fbfc2,train,5,416c0eec4aa038.jpg,happywhale__4b234d0d53c1,0.0825321227312088,0
f04476ae23504a.jpg,happywhale__f2c8760fbfc2,train,6,6a291534f34061.jpg,happywhale__17ae98f695f2,0.08219161629676819,0
f04476ae23504a.jpg,happywhale__f2c8760fbfc2,train,7,838beeaee9997c.jpg,happywhale__366200ff5b49,0.08150871843099594,0
f04476ae23504a.jpg,happywhale__f2c8760fbfc2,train,8,0974ef2d248685.jpg,happywhale__7ace4d166c97,0.07613993436098099,0
f04476ae23504a.jpg,happywhale__f2c8760fbfc2,train,9,9e41da3f113abb.jpg,happywhale__2c45eacc8a8f,0.07375746220350266,0
f04476ae23504a.jpg,happywhale__f2c8760fbfc2,train,10,db5abd2820d671.jpg,happywhale__aeae6f5bf5cd,0.07288166135549545,0
7066ab98fe794a.jpg,happywhale__ed207aa81bd0,train,1,49b3fb1b6b5ee6.jpg,happywhale__90cfd1801b72,0.10686387121677399,0
7066ab98fe794a.jpg,happywhale__ed207aa81bd0,train,2,e85a2d2e604c79.jpg,happywhale__37c7aba965a5,0.0922057032585144,0
7066ab98fe794a.jpg,happywhale__ed207aa81bd0,train,3,74e2e274e07a37.jpg,happywhale__b123e4a7c182,0.09027334302663803,0
7066ab98fe794a.jpg,happywhale__ed207aa81bd0,train,4,343ae34b44410d.jpg,happywhale__7845337998d6,0.0891139805316925,0
7066ab98fe794a.jpg,happywhale__ed207aa81bd0,train,5,6a7992bbdc1463.jpg,happywhale__aeae6f5bf5cd,0.08894751220941544,0
7066ab98fe794a.jpg,happywhale__ed207aa81bd0,train,6,62991e56843500.jpg,happywhale__ce6e37904aa4,0.0875358060002327,0
7066ab98fe794a.jpg,happywhale__ed207aa81bd0,train,7,6a8e002d46dd21.jpg,happywhale__80d282ac5d45,0.08677558600902557,0
7066ab98fe794a.jpg,happywhale__ed207aa81bd0,train,8,4a907287c82c29.jpg,happywhale__79eceab9ebee,0.08508452773094177,0
7066ab98fe794a.jpg,happywhale__ed207aa81bd0,train,9,ac9ef87502e350.jpg,happywhale__90cfd1801b72,0.07834349572658539,0
7066ab98fe794a.jpg,happywhale__ed207aa81bd0,train,10,280700b5e3be05.jpg,happywhale__b61c15e89c3c,0.07597358524799347,0
c7d1f2c1403df7.jpg,happywhale__f4a45e49df72,train,1,611d855b379986.jpg,happywhale__366200ff5b49,0.12845246493816376,0
c7d1f2c1403df7.jpg,happywhale__f4a45e49df72,train,2,a47c5050ec16c8.jpg,happywhale__9f750b3dd09d,0.10663014650344849,0
c7d1f2c1403df7.jpg,happywhale__f4a45e49df72,train,3,88fa84eb778902.jpg,happywhale__600ab1de92d9,0.10061436891555786,0
c7d1f2c1403df7.jpg,happywhale__f4a45e49df72,train,4,615b9ee0797a62.jpg,happywhale__f3c484809ce8,0.08963646739721298,0
c7d1f2c1403df7.jpg,happywhale__f4a45e49df72,train,5,4a907287c82c29.jpg,happywhale__79eceab9ebee,0.08604864776134491,0
c7d1f2c1403df7.jpg,happywhale__f4a45e49df72,train,6,4cd0d37d9425ae.jpg,happywhale__37c7aba965a5,0.08484901487827301,0
c7d1f2c1403df7.jpg,happywhale__f4a45e49df72,train,7,f17562e0d7b43e.jpg,happywhale__0f72263cd384,0.08390244096517563,0
c7d1f2c1403df7.jpg,happywhale__f4a45e49df72,train,8,1c2d28c404c9fc.jpg,happywhale__fdbf93575292,0.08294078707695007,0
c7d1f2c1403df7.jpg,happywhale__f4a45e49df72,train,9,08afcc9a51485c.jpg,happywhale__8690c5185efc,0.08287174999713898,0
c7d1f2c1403df7.jpg,happywhale__f4a45e49df72,train,10,ce52fcf98435e4.jpg,happywhale__ca886e0b34a3,0.0807655081152916,0
96f06f0c93aeae.jpg,happywhale__d04d847eb995,train,1,87977dec0e04e3.jpg,happywhale__cb0fed574200,0.1300833374261856,0
96f06f0c93aeae.jpg,happywhale__d04d847eb995,train,2,8ac244ce76b969.jpg,happywhale__5f48c2296a0e,0.1179683655500412,0
96f06f0c93aeae.jpg,happywhale__d04d847eb995,train,3,aedf6d9ed9359b.jpg,happywhale__003fd9e237f5,0.11491695046424866,0
96f06f0c93aeae.jpg,happywhale__d04d847eb995,train,4,3c749ff40d5618.jpg,happywhale__7845337998d6,0.09536293148994446,0
96f06f0c93aeae.jpg,happywhale__d04d847eb995,train,5,904b0972f24ec4.jpg,happywhale__2fdb3a09dc9c,0.0945577397942543,0
96f06f0c93aeae.jpg,happywhale__d04d847eb995,train,6,2135a9e4bb2f05.jpg,happywhale__a752a6a6f645,0.0887957438826561,0
96f06f0c93aeae.jpg,happywhale__d04d847eb995,train,7,193884a8d2cbbc.jpg,happywhale__32eeef0dc892,0.08771836012601852,0
96f06f0c93aeae.jpg,happywhale__d04d847eb995,train,8,fbfa4981645993.jpg,happywhale__7845337998d6,0.08605152368545532,0
96f06f0c93aeae.jpg,happywhale__d04d847eb995,train,9,ec487f28770d84.jpg,happywhale__f0aa1422b26f,0.08529610931873322,0
96f06f0c93aeae.jpg,happywhale__d04d847eb995,train,10,49b3fb1b6b5ee6.jpg,happywhale__90cfd1801b72,0.0843966081738472,0
4ba60c894e6e25.jpg,happywhale__a8040569f5e3,train,1,0667b46ad0eb2b.jpg,happywhale__54e54ab37a82,0.1143743097782135,0
4ba60c894e6e25.jpg,happywhale__a8040569f5e3,train,2,794170aa9d68ae.jpg,happywhale__314a574f87c9,0.10077948868274689,0
4ba60c894e6e25.jpg,happywhale__a8040569f5e3,train,3,61f6ebc20247b8.jpg,happywhale__136b6c84830f,0.09172991663217545,0
4ba60c894e6e25.jpg,happywhale__a8040569f5e3,train,4,83d1be21e5dac6.jpg,happywhale__600ab1de92d9,0.08313846588134766,0
4ba60c894e6e25.jpg,happywhale__a8040569f5e3,train,5,e7b1d0126d2463.jpg,happywhale__f5187b86f2b0,0.08178164064884186,0
4ba60c894e6e25.jpg,happywhale__a8040569f5e3,train,6,6829b0d9fffc42.jpg,happywhale__600ab1de92d9,0.08109759539365768,0
4ba60c894e6e25.jpg,happywhale__a8040569f5e3,train,7,edfb0d412c5a23.jpg,happywhale__ee0ca4cf0faf,0.08045776188373566,0
4ba60c894e6e25.jpg,happywhale__a8040569f5e3,train,8,a60a28722e2caa.jpg,happywhale__fbe2b15b5481,0.07645360380411148,0
4ba60c894e6e25.jpg,happywhale__a8040569f5e3,train,9,7bf6d8d4f3382d.jpg,happywhale__a0d1a0e2e606,0.07434271275997162,0
4ba60c894e6e25.jpg,happywhale__a8040569f5e3,train,10,b1a6942ecb136a.jpg,happywhale__8274ddd12a43,0.07416094839572906,0
76992b3ff553da.jpg,happywhale__0f72263cd384,train,1,12148d7eb70a3e.jpg,happywhale__07a477b6a091,0.09064661711454391,0
76992b3ff553da.jpg,happywhale__0f72263cd384,train,2,bbf5e431cce227.jpg,happywhale__9f3613b5c45b,0.08946872502565384,0
76992b3ff553da.jpg,happywhale__0f72263cd384,train,3,ae0ea83f686f45.jpg,happywhale__171aa23102f3,0.08865511417388916,0
76992b3ff553da.jpg,happywhale__0f72263cd384,train,4,7fd5afe28a4901.jpg,happywhale__281504409737,0.08725439757108688,0
76992b3ff553da.jpg,happywhale__0f72263cd384,train,5,4698c6c7a40860.jpg,happywhale__f4a45e49df72,0.08611331880092621,0
76992b3ff553da.jpg,happywhale__0f72263cd384,train,6,152fe32924f81a.jpg,happywhale__cc0e0b020a90,0.0835614949464798,0
76992b3ff553da.jpg,happywhale__0f72263cd384,train,7,ae5c2c46f79866.jpg,happywhale__6a3af6e0c55c,0.08199518918991089,0
76992b3ff553da.jpg,happywhale__0f72263cd384,train,8,0db4ac7082d586.jpg,happywhale__b38a72898f67,0.0816740021109581,0
76992b3ff553da.jpg,happywhale__0f72263cd384,train,9,87bd4d01a68d45.jpg,happywhale__695bb814ce56,0.08094801753759384,0
76992b3ff553da.jpg,happywhale__0f72263cd384,train,10,c6376534c7d1c3.jpg,happywhale__322a18725969,0.07999131828546524,0
28501fe82fb071.jpg,happywhale__0d73b01c5e77,train,1,e3759d92d52249.jpg,happywhale__c171b020c8c7,0.10909163951873779,0
28501fe82fb071.jpg,happywhale__0d73b01c5e77,train,2,152fe32924f81a.jpg,happywhale__cc0e0b020a90,0.1049097403883934,0
28501fe82fb071.jpg,happywhale__0d73b01c5e77,train,3,fdb2ccfd932325.jpg,happywhale__f3e4073c3ab0,0.10473546385765076,0
28501fe82fb071.jpg,happywhale__0d73b01c5e77,train,4,52c057a1e0645b.jpg,happywhale__ea6eccb47a48,0.09783930331468582,0
28501fe82fb071.jpg,happywhale__0d73b01c5e77,train,5,c58da6d267bd58.jpg,happywhale__f0aa1422b26f,0.09320124238729477,0
28501fe82fb071.jpg,happywhale__0d73b01c5e77,train,6,3ff1873e584816.jpg,happywhale__a49ae5521315,0.0916379988193512,0
28501fe82fb071.jpg,happywhale__0d73b01c5e77,train,7,a96299a5afafc7.jpg,happywhale__abbeba14a290,0.08736209571361542,0
28501fe82fb071.jpg,happywhale__0d73b01c5e77,train,8,cf3a07c98ea494.jpg,happywhale__aff93d9d3356,0.08591378480195999,0
28501fe82fb071.jpg,happywhale__0d73b01c5e77,train,9,b3d94b309a4472.jpg,happywhale__956562ff2888,0.08343828469514847,0
28501fe82fb071.jpg,happywhale__0d73b01c5e77,train,10,6468bf6599dfc9.jpg,happywhale__7362d7a01d00,0.08120211958885193,0
231602bff25760.jpg,happywhale__58555c55b575,train,1,b6826988d34d0b.jpg,happywhale__b11b2404c7e3,0.11198452115058899,0
231602bff25760.jpg,happywhale__58555c55b575,train,2,e82ffacc3f24ee.jpg,happywhale__387f17f0676e,0.10611675679683685,0
231602bff25760.jpg,happywhale__58555c55b575,train,3,b63dfc32e875e7.jpg,happywhale__956562ff2888,0.10369512438774109,0
231602bff25760.jpg,happywhale__58555c55b575,train,4,47fe3e9c6a29dd.jpg,happywhale__e69d5f9f8d1e,0.0965384915471077,0
231602bff25760.jpg,happywhale__58555c55b575,train,5,d1a65ffbdde747.jpg,happywhale__35f898e6595e,0.09636243432760239,0
231602bff25760.jpg,happywhale__58555c55b575,train,6,cfb9786f70765a.jpg,happywhale__48936da899c3,0.08930999040603638,0
231602bff25760.jpg,happywhale__58555c55b575,train,7,aaba75063333cd.jpg,happywhale__938b7e931166,0.08842620998620987,0
231602bff25760.jpg,happywhale__58555c55b575,train,8,29349b0c48828b.jpg,happywhale__07a477b6a091,0.08825312554836273,0
231602bff25760.jpg,happywhale__58555c55b575,train,9,2f641bea9de909.jpg,happywhale__fdb532d9bc78,0.08673621714115143,0
231602bff25760.jpg,happywhale__58555c55b575,train,10,a1067dc939af3c.jpg,happywhale__4d18b20adff3,0.08649132400751114,0
17ea8efbb0b381.jpg,happywhale__f7bb4f9a9d1a,train,1,2282c1672ebcc0.jpg,happywhale__ef0ddd083fbe,0.10056718438863754,0
17ea8efbb0b381.jpg,happywhale__f7bb4f9a9d1a,train,2,f8fe2101271f95.jpg,happywhale__938b7e931166,0.09345017373561859,0
17ea8efbb0b381.jpg,happywhale__f7bb4f9a9d1a,train,3,aec6cd7f2272b4.jpg,happywhale__a90eb0d80cd8,0.0894809141755104,0
17ea8efbb0b381.jpg,happywhale__f7bb4f9a9d1a,train,4,de23f4037f32b6.jpg,happywhale__37c7aba965a5,0.0879046767950058,0
17ea8efbb0b381.jpg,happywhale__f7bb4f9a9d1a,train,5,51f4e2ab45fee3.jpg,happywhale__dd8c756c9cb7,0.08386408537626266,0
17ea8efbb0b381.jpg,happywhale__f7bb4f9a9d1a,train,6,27b1d7f3c850b0.jpg,happywhale__6f47542558a1,0.0827069878578186,0
17ea8efbb0b381.jpg,happywhale__f7bb4f9a9d1a,train,7,5e3f95bbd6b3a2.jpg,happywhale__93fbdbf1feb6,0.07955734431743622,0
17ea8efbb0b381.jpg,happywhale__f7bb4f9a9d1a,train,8,0e083c59f9f6c0.jpg,happywhale__ca88903ae96e,0.07919862866401672,0
17ea8efbb0b381.jpg,happywhale__f7bb4f9a9d1a,train,9,eb558bd96c3e0e.jpg,happywhale__bf412253bbc2,0.07815150916576385,0
17ea8efbb0b381.jpg,happywhale__f7bb4f9a9d1a,train,10,327e5c89f63f1b.jpg,happywhale__b9907151f66e,0.07814458012580872,0
080ef5b750bf9a.jpg,happywhale__3d8ae153f3d7,train,1,6973691dbdbb05.jpg,happywhale__dbc18c7c5856,0.12054528295993805,0
080ef5b750bf9a.jpg,happywhale__3d8ae153f3d7,train,2,bfd762079a4861.jpg,happywhale__7593d2aee842,0.11049030721187592,0
080ef5b750bf9a.jpg,happywhale__3d8ae153f3d7,train,3,8103c91ca5279c.jpg,happywhale__03c879f7c6d5,0.10096907615661621,0
080ef5b750bf9a.jpg,happywhale__3d8ae153f3d7,train,4,024598d552aff1.jpg,happywhale__7ace4d166c97,0.10046898573637009,0
080ef5b750bf9a.jpg,happywhale__3d8ae153f3d7,train,5,3f02ab0a275c45.jpg,happywhale__812be36c2aef,0.10040907561779022,0
080ef5b750bf9a.jpg,happywhale__3d8ae153f3d7,train,6,c1dd6d4ba611e2.jpg,happywhale__f7bb4f9a9d1a,0.10003481060266495,0
080ef5b750bf9a.jpg,happywhale__3d8ae153f3d7,train,7,62991e56843500.jpg,happywhale__ce6e37904aa4,0.09613168239593506,0
080ef5b750bf9a.jpg,happywhale__3d8ae153f3d7,train,8,0667b46ad0eb2b.jpg,happywhale__54e54ab37a82,0.08832968771457672,0
080ef5b750bf9a.jpg,happywhale__3d8ae153f3d7,train,9,a33c55fffb6f8f.jpg,happywhale__d2eff394100e,0.0876045748591423,0
080ef5b750bf9a.jpg,happywhale__3d8ae153f3d7,train,10,467b7ea606163d.jpg,happywhale__e53d52e33e81,0.0831092819571495,0
b1677116015ecb.jpg,happywhale__a90eb0d80cd8,train,1,c85b57269356e7.jpg,happywhale__35f898e6595e,0.10131290555000305,0
b1677116015ecb.jpg,happywhale__a90eb0d80cd8,train,2,b24da1d67a5022.jpg,happywhale__403dfea4e4bb,0.0956454649567604,0
b1677116015ecb.jpg,happywhale__a90eb0d80cd8,train,3,e5162f5e1f43cb.jpg,happywhale__ce873781a2c4,0.09458274394273758,0
b1677116015ecb.jpg,happywhale__a90eb0d80cd8,train,4,b3500da8409f96.jpg,happywhale__6e8b8fed87af,0.09330558776855469,0
b1677116015ecb.jpg,happywhale__a90eb0d80cd8,train,5,65c7f699788ec9.jpg,happywhale__9e89f8e28807,0.09019715338945389,0
b1677116015ecb.jpg,happywhale__a90eb0d80cd8,train,6,dbb87967fc4e9e.jpg,happywhale__82af241cd012,0.08882522583007812,0
b1677116015ecb.jpg,happywhale__a90eb0d80cd8,train,7,b41a3cabcd21e9.jpg,happywhale__0611c23e6914,0.08862632513046265,0
b1677116015ecb.jpg,happywhale__a90eb0d80cd8,train,8,c65ad0c7eb22e1.jpg,happywhale__e527fa08772c,0.0875173956155777,0
b1677116015ecb.jpg,happywhale__a90eb0d80cd8,train,9,dc5c4a515c1290.jpg,happywhale__b9907151f66e,0.087312713265419,0
b1677116015ecb.jpg,happywhale__a90eb0d80cd8,train,10,990e79da8906f8.jpg,happywhale__211957ad49f1,0.08457668125629425,0
bea833d9e92d9b.jpg,happywhale__7845337998d6,train,1,2cee41feca24bf.jpg,happywhale__985e7d6a8052,0.11303319036960602,0
bea833d9e92d9b.jpg,happywhale__7845337998d6,train,2,a4cb74ee6ce195.jpg,happywhale__7fdeba948ee8,0.11004101485013962,0
bea833d9e92d9b.jpg,happywhale__7845337998d6,train,3,d9c4b90a6d9ac2.jpg,happywhale__19fbb960f07d,0.10106436163187027,0
bea833d9e92d9b.jpg,happywhale__7845337998d6,train,4,3c749ff40d5618.jpg,happywhale__7845337998d6,0.09925838559865952,1
bea833d9e92d9b.jpg,happywhale__7845337998d6,train,5,4792be2c50bd7a.jpg,happywhale__077a5cc373ed,0.09880883246660233,0
bea833d9e92d9b.jpg,happywhale__7845337998d6,train,6,bb59b4118b2913.jpg,happywhale__1c49644ca9b3,0.0939352959394455,0
bea833d9e92d9b.jpg,happywhale__7845337998d6,train,7,1a58dce81de5e6.jpg,happywhale__5fc809d9e819,0.09375088661909103,0
bea833d9e92d9b.jpg,happywhale__7845337998d6,train,8,fc1450edd0a630.jpg,happywhale__18efa8d0b472,0.0922711044549942,0
bea833d9e92d9b.jpg,happywhale__7845337998d6,train,9,6e3fdf51464d2c.jpg,happywhale__a265c977dc30,0.0919833555817604,0
bea833d9e92d9b.jpg,happywhale__7845337998d6,train,10,1c7834421996f1.jpg,happywhale__0b180ad0afa2,0.08901757746934891,0
27b48ba058b29c.jpg,happywhale__21caab533d12,train,1,3f8bb023c45b5d.jpg,happywhale__f195c38bcf17,0.09022462368011475,0
27b48ba058b29c.jpg,happywhale__21caab533d12,train,2,3928722b03eab5.jpg,happywhale__d655c1ba5181,0.08783375471830368,0
27b48ba058b29c.jpg,happywhale__21caab533d12,train,3,623f90b86cd4a6.jpg,happywhale__8274ddd12a43,0.08747152239084244,0
27b48ba058b29c.jpg,happywhale__21caab533d12,train,4,53b37ebbd453ae.jpg,happywhale__73e13d5e4ada,0.08361128717660904,0
27b48ba058b29c.jpg,happywhale__21caab533d12,train,5,d7db986f354253.jpg,happywhale__bf2e0d964354,0.0824848935008049,0
27b48ba058b29c.jpg,happywhale__21caab533d12,train,6,00f0f055d749fa.jpg,happywhale__208b91b1ca2b,0.0780215635895729,0
27b48ba058b29c.jpg,happywhale__21caab533d12,train,7,bf38dbef206cad.jpg,happywhale__19fbb960f07d,0.07550244778394699,0
27b48ba058b29c.jpg,happywhale__21caab533d12,train,8,efe910bcd12e9a.jpg,happywhale__51c1774c4f6e,0.07428760826587677,0
27b48ba058b29c.jpg,happywhale__21caab533d12,train,9,9938a332d2400a.jpg,happywhale__8f76b84bec12,0.07407975196838379,0
27b48ba058b29c.jpg,happywhale__21caab533d12,train,10,891463b2c1b9dd.jpg,happywhale__f3d9d1f9eece,0.07358220219612122,0
a4372b3126b99b.jpg,happywhale__403dfea4e4bb,train,1,ed3926a9733330.jpg,happywhale__6398f8680938,0.12194274365901947,0
a4372b3126b99b.jpg,happywhale__403dfea4e4bb,train,2,4cfa50f4794827.jpg,happywhale__a59972315f7d,0.10819505900144577,0
a4372b3126b99b.jpg,happywhale__403dfea4e4bb,train,3,82376ac284c581.jpg,happywhale__6f632b846891,0.10036282986402512,0
a4372b3126b99b.jpg,happywhale__403dfea4e4bb,train,4,b3925237a5ce44.jpg,happywhale__0b3fdeb134d3,0.09015318751335144,0
a4372b3126b99b.jpg,happywhale__403dfea4e4bb,train,5,9ff4431e674f3b.jpg,happywhale__dd8c756c9cb7,0.09013549238443375,0
a4372b3126b99b.jpg,happywhale__403dfea4e4bb,train,6,a87eee3a5efa5d.jpg,happywhale__f195c38bcf17,0.08954532444477081,0
a4372b3126b99b.jpg,happywhale__403dfea4e4bb,train,7,467b7ea606163d.jpg,happywhale__e53d52e33e81,0.08893448114395142,0
a4372b3126b99b.jpg,happywhale__403dfea4e4bb,train,8,3f8bb023c45b5d.jpg,happywhale__f195c38bcf17,0.0859127938747406,0
a4372b3126b99b.jpg,happywhale__403dfea4e4bb,train,9,bdff81b3eb15d7.jpg,happywhale__6bf9810d3632,0.08519252389669418,0
a4372b3126b99b.jpg,happywhale__403dfea4e4bb,train,10,4163da8c13a19c.jpg,happywhale__d939e819e989,0.08439166843891144,0
cbbe84dbc6de9d.jpg,happywhale__ea6eccb47a48,train,1,40f834fe646a30.jpg,happywhale__9a6b86f7bb3e,0.11287007480859756,0
cbbe84dbc6de9d.jpg,happywhale__ea6eccb47a48,train,2,eac396b91bd170.jpg,happywhale__180c0ab04dcd,0.10517235845327377,0
cbbe84dbc6de9d.jpg,happywhale__ea6eccb47a48,train,3,4698c6c7a40860.jpg,happywhale__f4a45e49df72,0.10132303088903427,0
cbbe84dbc6de9d.jpg,happywhale__ea6eccb47a48,train,4,75bd2ed881e950.jpg,happywhale__2ca0b9b39092,0.10053499042987823,0
cbbe84dbc6de9d.jpg,happywhale__ea6eccb47a48,train,5,affca8d7d5d494.jpg,happywhale__c171b020c8c7,0.09889176487922668,0
cbbe84dbc6de9d.jpg,happywhale__ea6eccb47a48,train,6,65c7f699788ec9.jpg,happywhale__9e89f8e28807,0.09616579115390778,0
cbbe84dbc6de9d.jpg,happywhale__ea6eccb47a48,train,7,4a515403b4a158.jpg,happywhale__1ae5c5a035b5,0.08894814550876617,0
cbbe84dbc6de9d.jpg,happywhale__ea6eccb47a48,train,8,acdbfde9f7b21d.jpg,happywhale__938b7e931166,0.08199270069599152,0
cbbe84dbc6de9d.jpg,happywhale__ea6eccb47a48,train,9,87451adda0a8b0.jpg,happywhale__f3c484809ce8,0.081448495388031,0
cbbe84dbc6de9d.jpg,happywhale__ea6eccb47a48,train,10,43eb7c6f897c73.jpg,happywhale__ffbb4e585ff2,0.081178680062294,0
9787c778804c8a.jpg,happywhale__a3e8d208c6a4,train,1,f44fae53058124.jpg,happywhale__886086dd8462,0.11013160645961761,0
9787c778804c8a.jpg,happywhale__a3e8d208c6a4,train,2,567d6d0ddd0bb4.jpg,happywhale__8bc942512479,0.10036616027355194,0
9787c778804c8a.jpg,happywhale__a3e8d208c6a4,train,3,b1a6942ecb136a.jpg,happywhale__8274ddd12a43,0.08917850255966187,0
9787c778804c8a.jpg,happywhale__a3e8d208c6a4,train,4,08a9873eefecdd.jpg,happywhale__1f2ec9f8f1c9,0.08769147098064423,0
9787c778804c8a.jpg,happywhale__a3e8d208c6a4,train,5,af0fa946c301f2.jpg,happywhale__281504409737,0.08474106341600418,0
9787c778804c8a.jpg,happywhale__a3e8d208c6a4,train,6,6135626b6ee671.jpg,happywhale__8bc942512479,0.08051799237728119,0
9787c778804c8a.jpg,happywhale__a3e8d208c6a4,train,7,13f37b16ceedec.jpg,happywhale__20916df9f20d,0.08048702776432037,0
9787c778804c8a.jpg,happywhale__a3e8d208c6a4,train,8,e4be30257dd09a.jpg,happywhale__c995c043c353,0.07986225932836533,0
9787c778804c8a.jpg,happywhale__a3e8d208c6a4,train,9,cbdafddca3003d.jpg,happywhale__e8ac23241df5,0.0778007060289383,0
9787c778804c8a.jpg,happywhale__a3e8d208c6a4,train,10,651584f2b407af.jpg,happywhale__06ef73efe924,0.0689673200249672,0
622783017bd338.jpg,happywhale__80d282ac5d45,train,1,c1dd6d4ba611e2.jpg,happywhale__f7bb4f9a9d1a,0.09988872706890106,0
622783017bd338.jpg,happywhale__80d282ac5d45,train,2,4f238f872751a4.jpg,happywhale__cc0e0b020a90,0.09862300008535385,0
622783017bd338.jpg,happywhale__80d282ac5d45,train,3,19776eeb8e4c70.jpg,happywhale__2372d0d26c20,0.09671104699373245,0
622783017bd338.jpg,happywhale__80d282ac5d45,train,4,12287d194b827b.jpg,happywhale__d7f28b82d740,0.09447977691888809,0
622783017bd338.jpg,happywhale__80d282ac5d45,train,5,87bd4d01a68d45.jpg,happywhale__695bb814ce56,0.09349756687879562,0
622783017bd338.jpg,happywhale__80d282ac5d45,train,6,9aa2a4beb39ec3.jpg,happywhale__589bc50dee58,0.08915948122739792,0
622783017bd338.jpg,happywhale__80d282ac5d45,train,7,4795f8942befae.jpg,happywhale__7a8863eb9227,0.08874569833278656,0
622783017bd338.jpg,happywhale__80d282ac5d45,train,8,5c775ecbbb18f3.jpg,happywhale__ea6eccb47a48,0.08873802423477173,0
622783017bd338.jpg,happywhale__80d282ac5d45,train,9,c5e5bb3770dbdc.jpg,happywhale__a43daee90cbc,0.086090587079525,0
622783017bd338.jpg,happywhale__80d282ac5d45,train,10,f78d18a00faaa4.jpg,happywhale__4a67e64bd3b7,0.08241478353738785,0
0e46e13026157a.jpg,happywhale__82156b30e667,train,1,0db4ac7082d586.jpg,happywhale__b38a72898f67,0.11530579626560211,0
0e46e13026157a.jpg,happywhale__82156b30e667,train,2,ffe6940bd23980.jpg,happywhale__a8a663f9f7f0,0.10606607794761658,0
0e46e13026157a.jpg,happywhale__82156b30e667,train,3,9c9235f12d680a.jpg,happywhale__a6e325d8e924,0.10184729099273682,0
0e46e13026157a.jpg,happywhale__82156b30e667,train,4,666b53bc0b5c1a.jpg,happywhale__babd014300b7,0.0916227251291275,0
0e46e13026157a.jpg,happywhale__82156b30e667,train,5,7e67d8b3e7901b.jpg,happywhale__ffbb4e585ff2,0.08563539385795593,0
0e46e13026157a.jpg,happywhale__82156b30e667,train,6,abd5c384b61fb4.jpg,happywhale__956562ff2888,0.08338861167430878,0
0e46e13026157a.jpg,happywhale__82156b30e667,train,7,4d7d79ca5eb367.jpg,happywhale__322a18725969,0.0832742303609848,0
0e46e13026157a.jpg,happywhale__82156b30e667,train,8,c1da6380b9b8af.jpg,happywhale__423cd19d6b7e,0.08291134238243103,0
0e46e13026157a.jpg,happywhale__82156b30e667,train,9,33e61f84531314.jpg,happywhale__dbc18c7c5856,0.08200903236865997,0
0e46e13026157a.jpg,happywhale__82156b30e667,train,10,93229ecb3173d8.jpg,happywhale__58a420d1d892,0.0794849544763565,0
396b7d295b64a6.jpg,happywhale__445270d9ad52,train,1,cabf72f76b7608.jpg,happywhale__2280b5fcc6c2,0.13589656352996826,0
396b7d295b64a6.jpg,happywhale__445270d9ad52,train,2,6277c7bf76e2a3.jpg,happywhale__be3543fc7c74,0.11274746060371399,0
396b7d295b64a6.jpg,happywhale__445270d9ad52,train,3,4fbb04a4a5b506.jpg,happywhale__735496dc7e64,0.10368101298809052,0
396b7d295b64a6.jpg,happywhale__445270d9ad52,train,4,73ddfd15fac7f5.jpg,happywhale__180c0ab04dcd,0.10227113962173462,0
396b7d295b64a6.jpg,happywhale__445270d9ad52,train,5,ef35bca56aaa33.jpg,happywhale__2aa3e856e46e,0.0975252091884613,0
396b7d295b64a6.jpg,happywhale__445270d9ad52,train,6,ecbc4eb2a96905.jpg,happywhale__03c879f7c6d5,0.09639545530080795,0
396b7d295b64a6.jpg,happywhale__445270d9ad52,train,7,e3759d92d52249.jpg,happywhale__c171b020c8c7,0.09083627909421921,0
396b7d295b64a6.jpg,happywhale__445270d9ad52,train,8,d2223f21b5474c.jpg,happywhale__00ccfc1f8b06,0.08942465484142303,0
396b7d295b64a6.jpg,happywhale__445270d9ad52,train,9,ed64dc9e7907b6.jpg,happywhale__35f898e6595e,0.08541882038116455,0
396b7d295b64a6.jpg,happywhale__445270d9ad52,train,10,5cd5cbda9eb4d2.jpg,happywhale__4a67e64bd3b7,0.0845693051815033,0
97ad0da302a93a.jpg,happywhale__babd014300b7,train,1,af2e6a0f678223.jpg,happywhale__162420404da3,0.12148695439100266,0
97ad0da302a93a.jpg,happywhale__babd014300b7,train,2,63fe4b92bdb7fc.jpg,happywhale__281504409737,0.09224186837673187,0
97ad0da302a93a.jpg,happywhale__babd014300b7,train,3,fdb2ccfd932325.jpg,happywhale__f3e4073c3ab0,0.08787888288497925,0
97ad0da302a93a.jpg,happywhale__babd014300b7,train,4,6de42412f2b142.jpg,happywhale__445270d9ad52,0.08670645952224731,0
97ad0da302a93a.jpg,happywhale__babd014300b7,train,5,1a0f7a71686a64.jpg,happywhale__bf412253bbc2,0.0839356929063797,0
97ad0da302a93a.jpg,happywhale__babd014300b7,train,6,e7b748c1658dd4.jpg,happywhale__19fbb960f07d,0.08280530571937561,0
97ad0da302a93a.jpg,happywhale__babd014300b7,train,7,9d7fa0c5bda1e9.jpg,happywhale__a275221aadd0,0.07918772846460342,0
97ad0da302a93a.jpg,happywhale__babd014300b7,train,8,9f2ffd7e4b2bc5.jpg,happywhale__70858f1edf62,0.0783446803689003,0
97ad0da302a93a.jpg,happywhale__babd014300b7,train,9,3928722b03eab5.jpg,happywhale__d655c1ba5181,0.0774727314710617,0
97ad0da302a93a.jpg,happywhale__babd014300b7,train,10,4b36c907b56e12.jpg,happywhale__9e89f8e28807,0.076289102435112,0
55c467ba0f4c0e.jpg,happywhale__ec1469b7e368,train,1,97659e926f57c7.jpg,happywhale__9e89f8e28807,0.10283276438713074,0
55c467ba0f4c0e.jpg,happywhale__ec1469b7e368,train,2,4125d03fd5c357.jpg,happywhale__31f748b822f4,0.10195024311542511,0
55c467ba0f4c0e.jpg,happywhale__ec1469b7e368,train,3,b347f93af4be5b.jpg,happywhale__fa45ba34134c,0.09994816035032272,0
55c467ba0f4c0e.jpg,happywhale__ec1469b7e368,train,4,248b21125dd262.jpg,happywhale__bf412253bbc2,0.0917491763830185,0
55c467ba0f4c0e.jpg,happywhale__ec1469b7e368,train,5,e5162f5e1f43cb.jpg,happywhale__ce873781a2c4,0.08981961011886597,0
55c467ba0f4c0e.jpg,happywhale__ec1469b7e368,train,6,0d03aa62b737d4.jpg,happywhale__4b8534134eb8,0.08811398595571518,0
55c467ba0f4c0e.jpg,happywhale__ec1469b7e368,train,7,4c72d187f40d3d.jpg,happywhale__9e4564b3556f,0.08789560943841934,0
55c467ba0f4c0e.jpg,happywhale__ec1469b7e368,train,8,d6b3ad21cdcec0.jpg,happywhale__8ca0a04df7a1,0.08635099232196808,0
55c467ba0f4c0e.jpg,happywhale__ec1469b7e368,train,9,86158a8e4d6c61.jpg,happywhale__a59972315f7d,0.08633336424827576,0
55c467ba0f4c0e.jpg,happywhale__ec1469b7e368,train,10,d2c38037227101.jpg,happywhale__956562ff2888,0.08407477289438248,0
6245fb8beca43c.jpg,happywhale__82e7f8ecd781,train,1,d08e822287bf97.jpg,happywhale__15d96d5d42c2,0.10426125675439835,0
6245fb8beca43c.jpg,happywhale__82e7f8ecd781,train,2,27f328c4488fee.jpg,happywhale__0b2973489685,0.10195007920265198,0
6245fb8beca43c.jpg,happywhale__82e7f8ecd781,train,3,8ac244ce76b969.jpg,happywhale__5f48c2296a0e,0.09513986110687256,0
6245fb8beca43c.jpg,happywhale__82e7f8ecd781,train,4,40ae920715dea9.jpg,happywhale__aa17186c38fe,0.09125437587499619,0
6245fb8beca43c.jpg,happywhale__82e7f8ecd781,train,5,284fb6913bc975.jpg,happywhale__7bedeacdc4d2,0.09032818675041199,0
6245fb8beca43c.jpg,happywhale__82e7f8ecd781,train,6,9ee9a80c5e91a8.jpg,happywhale__8f76b84bec12,0.09007655829191208,0
6245fb8beca43c.jpg,happywhale__82e7f8ecd781,train,7,9bed4c25356adf.jpg,happywhale__b90d49ab0905,0.08841795474290848,0
6245fb8beca43c.jpg,happywhale__82e7f8ecd781,train,8,3e25ba76db4d49.jpg,happywhale__5f48c2296a0e,0.08697111159563065,0
6245fb8beca43c.jpg,happywhale__82e7f8ecd781,train,9,b347f93af4be5b.jpg,happywhale__fa45ba34134c,0.08527186512947083,0
6245fb8beca43c.jpg,happywhale__82e7f8ecd781,train,10,aeaf63d99fca37.jpg,happywhale__7fdeba948ee8,0.08106686919927597,0
8a8633d0535279.jpg,happywhale__d7f28b82d740,train,1,604972f7e592d1.jpg,happywhale__077a5cc373ed,0.10647198557853699,0
8a8633d0535279.jpg,happywhale__d7f28b82d740,train,2,d15d16e06c2793.jpg,happywhale__3cbc20a1fbfb,0.10405874252319336,0
8a8633d0535279.jpg,happywhale__d7f28b82d740,train,3,f2b95ab0f7f89b.jpg,happywhale__9f3613b5c45b,0.09810377657413483,0
8a8633d0535279.jpg,happywhale__d7f28b82d740,train,4,1c7834421996f1.jpg,happywhale__0b180ad0afa2,0.09720911085605621,0
8a8633d0535279.jpg,happywhale__d7f28b82d740,train,5,b2a9ec0b82f654.jpg,happywhale__2fdb3a09dc9c,0.0933798998594284,0
8a8633d0535279.jpg,happywhale__d7f28b82d740,train,6,3b6f9fb71a986e.jpg,happywhale__8beb43dfa67e,0.09200136363506317,0
8a8633d0535279.jpg,happywhale__d7f28b82d740,train,7,55e59fd7c2a41c.jpg,happywhale__03c879f7c6d5,0.09158416092395782,0
8a8633d0535279.jpg,happywhale__d7f28b82d740,train,8,a895ec602a2503.jpg,happywhale__39c50bb4cb13,0.08345627784729004,0
8a8633d0535279.jpg,happywhale__d7f28b82d740,train,9,4795f8942befae.jpg,happywhale__7a8863eb9227,0.08299249410629272,0
8a8633d0535279.jpg,happywhale__d7f28b82d740,train,10,6387e3554f9b71.jpg,happywhale__1191a41ee0f4,0.07791990786790848,0
30aa67e6e6e032.jpg,happywhale__2372d0d26c20,train,1,3e25ba76db4d49.jpg,happywhale__5f48c2296a0e,0.09645769000053406,0
30aa67e6e6e032.jpg,happywhale__2372d0d26c20,train,2,ea112c4cef4e56.jpg,happywhale__617368452785,0.09424213320016861,0
30aa67e6e6e032.jpg,happywhale__2372d0d26c20,train,3,2169a83e915fee.jpg,happywhale__37c7aba965a5,0.09401603043079376,0
30aa67e6e6e032.jpg,happywhale__2372d0d26c20,train,4,5cd5cbda9eb4d2.jpg,happywhale__4a67e64bd3b7,0.09284381568431854,0
30aa67e6e6e032.jpg,happywhale__2372d0d26c20,train,5,63acd6e70d7c88.jpg,happywhale__83afdba5e8e5,0.08967927098274231,0
30aa67e6e6e032.jpg,happywhale__2372d0d26c20,train,6,da7a6ac1e71661.jpg,happywhale__bcedd4d866c6,0.08943253755569458,0
30aa67e6e6e032.jpg,happywhale__2372d0d26c20,train,7,a9f427013c2eb3.jpg,happywhale__75d677cef7a7,0.08631980419158936,0
30aa67e6e6e032.jpg,happywhale__2372d0d26c20,train,8,028071fe4f5b34.jpg,happywhale__a86b9a0c8b35,0.08488824963569641,0
30aa67e6e6e032.jpg,happywhale__2372d0d26c20,train,9,ed64dc9e7907b6.jpg,happywhale__35f898e6595e,0.08322637528181076,0
30aa67e6e6e032.jpg,happywhale__2372d0d26c20,train,10,071b32281bf64a.jpg,happywhale__51c1774c4f6e,0.08203145861625671,0
b1aa774f15ec67.jpg,happywhale__a49ae5521315,train,1,522672cc4358b6.jpg,happywhale__19fbb960f07d,0.14536386728286743,0
b1aa774f15ec67.jpg,happywhale__a49ae5521315,train,2,fdd4e528edb02b.jpg,happywhale__2280b5fcc6c2,0.10496719926595688,0
b1aa774f15ec67.jpg,happywhale__a49ae5521315,train,3,55e59fd7c2a41c.jpg,happywhale__03c879f7c6d5,0.0970233604311943,0
b1aa774f15ec67.jpg,happywhale__a49ae5521315,train,4,3a5e86b47b79bb.jpg,happywhale__a59972315f7d,0.09565071761608124,0
b1aa774f15ec67.jpg,happywhale__a49ae5521315,train,5,ab04210d8db3d6.jpg,happywhale__97589576e678,0.0930379331111908,0
b1aa774f15ec67.jpg,happywhale__a49ae5521315,train,6,8abb41f76334bf.jpg,happywhale__4b00fe572063,0.0921705961227417,0
b1aa774f15ec67.jpg,happywhale__a49ae5521315,train,7,bf38dbef206cad.jpg,happywhale__19fbb960f07d,0.09062597155570984,0
b1aa774f15ec67.jpg,happywhale__a49ae5521315,train,8,2e2c1b80b2cbfa.jpg,happywhale__19fbb960f07d,0.09024393558502197,0
b1aa774f15ec67.jpg,happywhale__a49ae5521315,train,9,55212672db0a9a.jpg,happywhale__ae4343270756,0.09017127752304077,0
b1aa774f15ec67.jpg,happywhale__a49ae5521315,train,10,2282c1672ebcc0.jpg,happywhale__ef0ddd083fbe,0.08902475237846375,0
c9c5fdf98ff0c3.jpg,happywhale__84a261c0e5cf,train,1,b347f93af4be5b.jpg,happywhale__fa45ba34134c,0.10587242245674133,0
c9c5fdf98ff0c3.jpg,happywhale__84a261c0e5cf,train,2,aa183bcfdcc624.jpg,happywhale__c995c043c353,0.10096333920955658,0
c9c5fdf98ff0c3.jpg,happywhale__84a261c0e5cf,train,3,a8560db555e1bf.jpg,happywhale__7d07bf29721f,0.09608165919780731,0
c9c5fdf98ff0c3.jpg,happywhale__84a261c0e5cf,train,4,396d6b9d0afdea.jpg,happywhale__3d8ae153f3d7,0.09353125095367432,0
c9c5fdf98ff0c3.jpg,happywhale__84a261c0e5cf,train,5,4792be2c50bd7a.jpg,happywhale__077a5cc373ed,0.08875938504934311,0
c9c5fdf98ff0c3.jpg,happywhale__84a261c0e5cf,train,6,25f579cbc4565f.jpg,happywhale__e9525f5abf43,0.088375523686409,0
c9c5fdf98ff0c3.jpg,happywhale__84a261c0e5cf,train,7,ab04210d8db3d6.jpg,happywhale__97589576e678,0.08661133050918579,0
c9c5fdf98ff0c3.jpg,happywhale__84a261c0e5cf,train,8,668cb7345cff6d.jpg,happywhale__e839ee7d8cf0,0.08186251670122147,0
c9c5fdf98ff0c3.jpg,happywhale__84a261c0e5cf,train,9,4b36c907b56e12.jpg,happywhale__9e89f8e28807,0.07937390357255936,0
c9c5fdf98ff0c3.jpg,happywhale__84a261c0e5cf,train,10,1b6f707bdf48fb.jpg,happywhale__938b7e931166,0.07777312397956848,0
57d7c3cbed50a8.jpg,happywhale__bc1eb2241633,train,1,5e8cf56c19c699.jpg,happywhale__ce873781a2c4,0.14206930994987488,0
57d7c3cbed50a8.jpg,happywhale__bc1eb2241633,train,2,e4164cb20e6273.jpg,happywhale__a265c977dc30,0.12362419068813324,0
57d7c3cbed50a8.jpg,happywhale__bc1eb2241633,train,3,a87eee3a5efa5d.jpg,happywhale__f195c38bcf17,0.1217183992266655,0
57d7c3cbed50a8.jpg,happywhale__bc1eb2241633,train,4,5b3091824fa477.jpg,happywhale__122dc7f46c24,0.11927385628223419,0
57d7c3cbed50a8.jpg,happywhale__bc1eb2241633,train,5,40f834fe646a30.jpg,happywhale__9a6b86f7bb3e,0.10832034051418304,0
57d7c3cbed50a8.jpg,happywhale__bc1eb2241633,train,6,df37a0401576d5.jpg,happywhale__3cbc20a1fbfb,0.09421692788600922,0
57d7c3cbed50a8.jpg,happywhale__bc1eb2241633,train,7,028071fe4f5b34.jpg,happywhale__a86b9a0c8b35,0.09113320708274841,0
57d7c3cbed50a8.jpg,happywhale__bc1eb2241633,train,8,b3d94b309a4472.jpg,happywhale__956562ff2888,0.08953309804201126,0
57d7c3cbed50a8.jpg,happywhale__bc1eb2241633,train,9,5bd3b18caf3d7c.jpg,happywhale__6ce472444934,0.08804651349782944,0
57d7c3cbed50a8.jpg,happywhale__bc1eb2241633,train,10,5cd5cbda9eb4d2.jpg,happywhale__4a67e64bd3b7,0.08323757350444794,0
f7a59b33b5bb5d.jpg,happywhale__8390b7d8ab6f,train,1,bc0c36797c5e2f.jpg,happywhale__5f48c2296a0e,0.10543029755353928,0
f7a59b33b5bb5d.jpg,happywhale__8390b7d8ab6f,train,2,67a725bd025cce.jpg,happywhale__600ab1de92d9,0.10462701320648193,0
f7a59b33b5bb5d.jpg,happywhale__8390b7d8ab6f,train,3,40e8f83611211d.jpg,happywhale__778419da2957,0.1012449562549591,0
f7a59b33b5bb5d.jpg,happywhale__8390b7d8ab6f,train,4,4717c93203327c.jpg,happywhale__1191a41ee0f4,0.09514690935611725,0
f7a59b33b5bb5d.jpg,happywhale__8390b7d8ab6f,train,5,636ff2ad01b68a.jpg,happywhale__f1e6c5118903,0.09390635788440704,0
f7a59b33b5bb5d.jpg,happywhale__8390b7d8ab6f,train,6,75bd2ed881e950.jpg,happywhale__2ca0b9b39092,0.09244906157255173,0
f7a59b33b5bb5d.jpg,happywhale__8390b7d8ab6f,train,7,b35c5b9568f270.jpg,happywhale__dabe818f41de,0.09163764119148254,0
f7a59b33b5bb5d.jpg,happywhale__8390b7d8ab6f,train,8,1d8e7f6076c294.jpg,happywhale__4b8534134eb8,0.08567749708890915,0
f7a59b33b5bb5d.jpg,happywhale__8390b7d8ab6f,train,9,a60a28722e2caa.jpg,happywhale__fbe2b15b5481,0.08550776541233063,0
f7a59b33b5bb5d.jpg,happywhale__8390b7d8ab6f,train,10,7e028f5242a7d5.jpg,happywhale__ad981a124bbd,0.08439069986343384,0
7ee7189031afcf.jpg,happywhale__be2aa86d0e5b,train,1,da6e4b3f090235.jpg,happywhale__4b9bc905af99,0.11222127079963684,0
7ee7189031afcf.jpg,happywhale__be2aa86d0e5b,train,2,c23a11c1ba4486.jpg,happywhale__e527fa08772c,0.10503998398780823,0
7ee7189031afcf.jpg,happywhale__be2aa86d0e5b,train,3,4cd0d37d9425ae.jpg,happywhale__37c7aba965a5,0.09134964644908905,0
7ee7189031afcf.jpg,happywhale__be2aa86d0e5b,train,4,cfb9786f70765a.jpg,happywhale__48936da899c3,0.09134328365325928,0
7ee7189031afcf.jpg,happywhale__be2aa86d0e5b,train,5,024598d552aff1.jpg,happywhale__7ace4d166c97,0.08841516077518463,0
7ee7189031afcf.jpg,happywhale__be2aa86d0e5b,train,6,58e95869d96178.jpg,happywhale__be330f0c495c,0.08716072142124176,0
7ee7189031afcf.jpg,happywhale__be2aa86d0e5b,train,7,a2e25cdcaab6a6.jpg,happywhale__60008f293a2b,0.08639339357614517,0
7ee7189031afcf.jpg,happywhale__be2aa86d0e5b,train,8,abd5c384b61fb4.jpg,happywhale__956562ff2888,0.07845290005207062,0
7ee7189031afcf.jpg,happywhale__be2aa86d0e5b,train,9,a8ec6e7d4b9c0b.jpg,happywhale__7593d2aee842,0.07802357524633408,0
7ee7189031afcf.jpg,happywhale__be2aa86d0e5b,train,10,4d7d79ca5eb367.jpg,happywhale__322a18725969,0.07478516548871994,0
9ef8e6bd14800f.jpg,happywhale__cbb9151ff9aa,train,1,7dff5ae41a28b9.jpg,happywhale__19fbb960f07d,0.0930633693933487,0
9ef8e6bd14800f.jpg,happywhale__cbb9151ff9aa,train,2,4b3bc32f1863ac.jpg,happywhale__52a2c490b25a,0.0881509929895401,0
9ef8e6bd14800f.jpg,happywhale__cbb9151ff9aa,train,3,4a515403b4a158.jpg,happywhale__1ae5c5a035b5,0.08680958300828934,0
9ef8e6bd14800f.jpg,happywhale__cbb9151ff9aa,train,4,db5abd2820d671.jpg,happywhale__aeae6f5bf5cd,0.08468174934387207,0
9ef8e6bd14800f.jpg,happywhale__cbb9151ff9aa,train,5,3a62a52a2e7cef.jpg,happywhale__9f3613b5c45b,0.08295070379972458,0
9ef8e6bd14800f.jpg,happywhale__cbb9151ff9aa,train,6,5c070479216a07.jpg,happywhale__48936da899c3,0.08165565878152847,0
9ef8e6bd14800f.jpg,happywhale__cbb9151ff9aa,train,7,edf725ab1d3298.jpg,happywhale__4b3320581310,0.08133888244628906,0
9ef8e6bd14800f.jpg,happywhale__cbb9151ff9aa,train,8,02ec334dd4940e.jpg,happywhale__ad981a124bbd,0.08019757270812988,0
9ef8e6bd14800f.jpg,happywhale__cbb9151ff9aa,train,9,b874752b2b6030.jpg,happywhale__0f72263cd384,0.0770760178565979,0
9ef8e6bd14800f.jpg,happywhale__cbb9151ff9aa,train,10,9123befc9462ef.jpg,happywhale__03c879f7c6d5,0.07705029845237732,0
261193ac33f9e1.jpg,happywhale__bb2f812de2fd,train,1,42927acb49e83d.jpg,happywhale__19c2bfaa0819,0.10988204181194305,0
261193ac33f9e1.jpg,happywhale__bb2f812de2fd,train,2,4f443aeed0c503.jpg,happywhale__8690c5185efc,0.10598937422037125,0
261193ac33f9e1.jpg,happywhale__bb2f812de2fd,train,3,e5162f5e1f43cb.jpg,happywhale__ce873781a2c4,0.10082532465457916,0
261193ac33f9e1.jpg,happywhale__bb2f812de2fd,train,4,62ef031f8a437f.jpg,happywhale__7362d7a01d00,0.10018748044967651,0
261193ac33f9e1.jpg,happywhale__bb2f812de2fd,train,5,280700b5e3be05.jpg,happywhale__b61c15e89c3c,0.09891961514949799,0
261193ac33f9e1.jpg,happywhale__bb2f812de2fd,train,6,45ecd8d5191fe4.jpg,happywhale__644db6f31843,0.0950583964586258,0
261193ac33f9e1.jpg,happywhale__bb2f812de2fd,train,7,b014dcf12e7125.jpg,happywhale__136b6c84830f,0.09497274458408356,0
261193ac33f9e1.jpg,happywhale__bb2f812de2fd,train,8,9ce37dff58d0f0.jpg,happywhale__37c7aba965a5,0.0923265591263771,0
261193ac33f9e1.jpg,happywhale__bb2f812de2fd,train,9,5e9dbaf67afc64.jpg,happywhale__0611c23e6914,0.0922560840845108,0
261193ac33f9e1.jpg,happywhale__bb2f812de2fd,train,10,cee3f41c5b8b57.jpg,happywhale__ea8160d46f8f,0.09018918126821518,0
d95f775715ad26.jpg,happywhale__bfbe09c06683,train,1,7a675f3eb7704c.jpg,happywhale__caee7717cf57,0.10262659937143326,0
d95f775715ad26.jpg,happywhale__bfbe09c06683,train,2,5bd3b18caf3d7c.jpg,happywhale__6ce472444934,0.10199528932571411,0
d95f775715ad26.jpg,happywhale__bfbe09c06683,train,3,056a23a731a1d2.jpg,happywhale__6c431160f03b,0.09552353620529175,0
d95f775715ad26.jpg,happywhale__bfbe09c06683,train,4,b31e0abdee438e.jpg,happywhale__18dbd44823c7,0.09312459081411362,0
d95f775715ad26.jpg,happywhale__bfbe09c06683,train,5,9c50ba3db40b1c.jpg,happywhale__e839ee7d8cf0,0.09118299186229706,0
d95f775715ad26.jpg,happywhale__bfbe09c06683,train,6,74618af559c8aa.jpg,happywhale__32d3b30b473f,0.08776593208312988,0
d95f775715ad26.jpg,happywhale__bfbe09c06683,train,7,e5d56ad10c4626.jpg,happywhale__ec2cb0e78ae0,0.08604180067777634,0
d95f775715ad26.jpg,happywhale__bfbe09c06683,train,8,3fec3ca369738d.jpg,happywhale__02da0e68dccd,0.08484756946563721,0
d95f775715ad26.jpg,happywhale__bfbe09c06683,train,9,e60f9575fe2951.jpg,happywhale__695bb814ce56,0.08367148786783218,0
d95f775715ad26.jpg,happywhale__bfbe09c06683,train,10,6bc7cdc7ce6793.jpg,happywhale__bf7e1e0738f5,0.08175615966320038,0
0946f9de8e22c8.jpg,happywhale__3783dae41629,train,1,d71a6c412f2325.jpg,happywhale__1492507238d8,0.11640876531600952,0
0946f9de8e22c8.jpg,happywhale__3783dae41629,train,2,1133539886157f.jpg,happywhale__a8c9dfb8ac6f,0.11048613488674164,0
0946f9de8e22c8.jpg,happywhale__3783dae41629,train,3,2a30c2e0071fa3.jpg,happywhale__80d72641f44d,0.10307574272155762,0
0946f9de8e22c8.jpg,happywhale__3783dae41629,train,4,3dbdca7a244cfa.jpg,happywhale__ef0ddd083fbe,0.0980326309800148,0
0946f9de8e22c8.jpg,happywhale__3783dae41629,train,5,d7db986f354253.jpg,happywhale__bf2e0d964354,0.09305932372808456,0
0946f9de8e22c8.jpg,happywhale__3783dae41629,train,6,285eafa076b72e.jpg,happywhale__480677e8cf20,0.09138284623622894,0
0946f9de8e22c8.jpg,happywhale__3783dae41629,train,7,4fbb04a4a5b506.jpg,happywhale__735496dc7e64,0.09016559273004532,0
0946f9de8e22c8.jpg,happywhale__3783dae41629,train,8,36b8e1a916e758.jpg,happywhale__e527fa08772c,0.08427047729492188,0
0946f9de8e22c8.jpg,happywhale__3783dae41629,train,9,96f5e794e16543.jpg,happywhale__6a6fa3ec3810,0.0832798033952713,0
0946f9de8e22c8.jpg,happywhale__3783dae41629,train,10,b9797d783ff96c.jpg,happywhale__90e2a0133e28,0.08213075995445251,0
ac19ae0403a16a.jpg,happywhale__1a65772df6a9,train,1,63c1457a0c63ee.jpg,happywhale__37c7aba965a5,0.14756403863430023,0
ac19ae0403a16a.jpg,happywhale__1a65772df6a9,train,2,e2ed3dcd47cd2b.jpg,happywhale__136b6c84830f,0.11236811429262161,0
ac19ae0403a16a.jpg,happywhale__1a65772df6a9,train,3,cd0a018101b621.jpg,happywhale__c27db73f0e3b,0.1117698922753334,0
ac19ae0403a16a.jpg,happywhale__1a65772df6a9,train,4,561647dbb4750a.jpg,happywhale__8fd41ec0db01,0.10017327964305878,0
ac19ae0403a16a.jpg,happywhale__1a65772df6a9,train,5,1db86a2efe52f8.jpg,happywhale__19fbb960f07d,0.09604808688163757,0
ac19ae0403a16a.jpg,happywhale__1a65772df6a9,train,6,246c7ad9faa7d5.jpg,happywhale__10e758eb503a,0.08861293643712997,0
ac19ae0403a16a.jpg,happywhale__1a65772df6a9,train,7,77513bbcd32885.jpg,happywhale__18f270f6ca16,0.08640772104263306,0
ac19ae0403a16a.jpg,happywhale__1a65772df6a9,train,8,cbdafddca3003d.jpg,happywhale__e8ac23241df5,0.08602793514728546,0
ac19ae0403a16a.jpg,happywhale__1a65772df6a9,train,9,da9c4ba68c6be6.jpg,happywhale__c27db73f0e3b,0.0843563973903656,0
ac19ae0403a16a.jpg,happywhale__1a65772df6a9,train,10,8e7b8086d084f6.jpg,happywhale__4d18b20adff3,0.08345530182123184,0
45c2c371024187.jpg,happywhale__5217e9a77c76,train,1,d718212fc7d98a.jpg,happywhale__938b7e931166,0.10635162889957428,0
45c2c371024187.jpg,happywhale__5217e9a77c76,train,2,aec6cd7f2272b4.jpg,happywhale__a90eb0d80cd8,0.1020384281873703,0
45c2c371024187.jpg,happywhale__5217e9a77c76,train,3,ff7fecdb220021.jpg,happywhale__ee53c5575e67,0.0933888852596283,0
45c2c371024187.jpg,happywhale__5217e9a77c76,train,4,8e7b8086d084f6.jpg,happywhale__4d18b20adff3,0.07855542004108429,0
45c2c371024187.jpg,happywhale__5217e9a77c76,train,5,3829cf97506980.jpg,happywhale__1ac5332483ae,0.07718202471733093,0
45c2c371024187.jpg,happywhale__5217e9a77c76,train,6,f95d3db97fd286.jpg,happywhale__6cbfecf203a5,0.07633460313081741,0
45c2c371024187.jpg,happywhale__5217e9a77c76,train,7,9924f277e14cf5.jpg,happywhale__0e6d73fc0d60,0.07462343573570251,0
45c2c371024187.jpg,happywhale__5217e9a77c76,train,8,74e2e274e07a37.jpg,happywhale__b123e4a7c182,0.07300292700529099,0
45c2c371024187.jpg,happywhale__5217e9a77c76,train,9,5cdc99e062770e.jpg,happywhale__f195c38bcf17,0.072799451649189,0
45c2c371024187.jpg,happywhale__5217e9a77c76,train,10,567d6d0ddd0bb4.jpg,happywhale__8bc942512479,0.07249364256858826,0
eba23be8cb4610.jpg,happywhale__982224d06f8c,train,1,77513bbcd32885.jpg,happywhale__18f270f6ca16,0.10341829061508179,0
eba23be8cb4610.jpg,happywhale__982224d06f8c,train,2,364b557e88ef07.jpg,happywhale__66423582531a,0.08865854144096375,0
eba23be8cb4610.jpg,happywhale__982224d06f8c,train,3,477242315bddbc.jpg,happywhale__a59972315f7d,0.08512990176677704,0
eba23be8cb4610.jpg,happywhale__982224d06f8c,train,4,97887c22222f0b.jpg,happywhale__180c0ab04dcd,0.08410511910915375,0
eba23be8cb4610.jpg,happywhale__982224d06f8c,train,5,4edd8f0d64019c.jpg,happywhale__9e89f8e28807,0.08245567977428436,0
eba23be8cb4610.jpg,happywhale__982224d06f8c,train,6,f63bf9fdda99a1.jpg,happywhale__02ac4e3ca497,0.08063820004463196,0
eba23be8cb4610.jpg,happywhale__982224d06f8c,train,7,4f238f872751a4.jpg,happywhale__cc0e0b020a90,0.08026494085788727,0
eba23be8cb4610.jpg,happywhale__982224d06f8c,train,8,e8c98b8f99ce4e.jpg,happywhale__910b942f8c3a,0.07913446426391602,0
eba23be8cb4610.jpg,happywhale__982224d06f8c,train,9,b36106cb083f06.jpg,happywhale__938b7e931166,0.0779179036617279,0
eba23be8cb4610.jpg,happywhale__982224d06f8c,train,10,d90dfc8c64b954.jpg,happywhale__e53d52e33e81,0.07785769551992416,0
7dce625578d369.jpg,happywhale__c80653b9edd0,train,1,75587081cf2cc5.jpg,happywhale__06ef73efe924,0.09742516279220581,0
7dce625578d369.jpg,happywhale__c80653b9edd0,train,2,c80e284d60c7a8.jpg,happywhale__a22f9b1c9bc5,0.09645619988441467,0
7dce625578d369.jpg,happywhale__c80653b9edd0,train,3,f57fc78aec8e23.jpg,happywhale__32eeef0dc892,0.0937952995300293,0
7dce625578d369.jpg,happywhale__c80653b9edd0,train,4,245113f3c61ae8.jpg,happywhale__ca88903ae96e,0.09136131405830383,0
7dce625578d369.jpg,happywhale__c80653b9edd0,train,5,c0deaf35e4db63.jpg,happywhale__fc0f7c162cc0,0.08927763253450394,0
7dce625578d369.jpg,happywhale__c80653b9edd0,train,6,5af9b2038fd526.jpg,happywhale__4b8534134eb8,0.08778098225593567,0
7dce625578d369.jpg,happywhale__c80653b9edd0,train,7,8e24c211058006.jpg,happywhale__82723a73169a,0.08649882674217224,0
7dce625578d369.jpg,happywhale__c80653b9edd0,train,8,ae22005f04ca5a.jpg,happywhale__edf59f267081,0.08376716077327728,0
7dce625578d369.jpg,happywhale__c80653b9edd0,train,9,afd8699d2c2672.jpg,happywhale__03c879f7c6d5,0.08357179164886475,0
7dce625578d369.jpg,happywhale__c80653b9edd0,train,10,a2e25cdcaab6a6.jpg,happywhale__60008f293a2b,0.0824333131313324,0
41c081df38a4df.jpg,happywhale__886086dd8462,train,1,914eb9d0010fc1.jpg,happywhale__02ac4e3ca497,0.09628498554229736,0
41c081df38a4df.jpg,happywhale__886086dd8462,train,2,5b4fadc305e295.jpg,happywhale__5bf17305f073,0.09372445195913315,0
41c081df38a4df.jpg,happywhale__886086dd8462,train,3,5cd5cbda9eb4d2.jpg,happywhale__4a67e64bd3b7,0.09359702467918396,0
41c081df38a4df.jpg,happywhale__886086dd8462,train,4,0974ef2d248685.jpg,happywhale__7ace4d166c97,0.08794401586055756,0
41c081df38a4df.jpg,happywhale__886086dd8462,train,5,2d956287a8cf74.jpg,happywhale__1191a41ee0f4,0.08436888456344604,0
41c081df38a4df.jpg,happywhale__886086dd8462,train,6,7b557bda3a3505.jpg,happywhale__4b8534134eb8,0.08065629005432129,0
41c081df38a4df.jpg,happywhale__886086dd8462,train,7,8231be9c41e55e.jpg,happywhale__32f6cc779cd7,0.076992467045784,0
41c081df38a4df.jpg,happywhale__886086dd8462,train,8,74e2e274e07a37.jpg,happywhale__b123e4a7c182,0.07675333321094513,0
41c081df38a4df.jpg,happywhale__886086dd8462,train,9,f0a1a69a001eff.jpg,happywhale__ea8160d46f8f,0.07615286111831665,0
41c081df38a4df.jpg,happywhale__886086dd8462,train,10,12c4eb0809bfca.jpg,happywhale__abbeba14a290,0.07576347887516022,0
d698e718bc3036.jpg,happywhale__b38a72898f67,train,1,6b0003c8b3b52f.jpg,happywhale__7593d2aee842,0.10320812463760376,0
d698e718bc3036.jpg,happywhale__b38a72898f67,train,2,3359d54b47c981.jpg,happywhale__b61c15e89c3c,0.09710027277469635,0
d698e718bc3036.jpg,happywhale__b38a72898f67,train,3,b60939357c0b45.jpg,happywhale__ed3416e01fe2,0.09650173038244247,0
d698e718bc3036.jpg,happywhale__b38a72898f67,train,4,53b37ebbd453ae.jpg,happywhale__73e13d5e4ada,0.0950651466846466,0
d698e718bc3036.jpg,happywhale__b38a72898f67,train,5,890396cce2fb1a.jpg,happywhale__549658000b20,0.08966046571731567,0
d698e718bc3036.jpg,happywhale__b38a72898f67,train,6,307f012be0b64e.jpg,happywhale__7362d7a01d00,0.08501359820365906,0
d698e718bc3036.jpg,happywhale__b38a72898f67,train,7,35a9716cf70e4b.jpg,happywhale__4b00fe572063,0.08411264419555664,0
d698e718bc3036.jpg,happywhale__b38a72898f67,train,8,7f1aca47dbb859.jpg,happywhale__4a94b1849f80,0.07926079630851746,0
d698e718bc3036.jpg,happywhale__b38a72898f67,train,9,a3c518d19bdf8d.jpg,happywhale__c2705f9e75c8,0.07903215289115906,0
d698e718bc3036.jpg,happywhale__b38a72898f67,train,10,8642e1d1f3d4cb.jpg,happywhale__0e4660baf3f1,0.078184112906456,0
2cb689cc3cecd9.jpg,happywhale__4a67e64bd3b7,train,1,abd6a4fe625599.jpg,happywhale__19c2bfaa0819,0.11472290754318237,0
2cb689cc3cecd9.jpg,happywhale__4a67e64bd3b7,train,2,3dc39d660d281c.jpg,happywhale__5ac053677ed1,0.1052725613117218,0
2cb689cc3cecd9.jpg,happywhale__4a67e64bd3b7,train,3,ec843e312e997b.jpg,happywhale__ffd38c0d37ad,0.09467863291501999,0
2cb689cc3cecd9.jpg,happywhale__4a67e64bd3b7,train,4,96f5e794e16543.jpg,happywhale__6a6fa3ec3810,0.09222264587879181,0
2cb689cc3cecd9.jpg,happywhale__4a67e64bd3b7,train,5,bab8d85ad5869f.jpg,happywhale__c54c8b3b9cad,0.08604838699102402,0
2cb689cc3cecd9.jpg,happywhale__4a67e64bd3b7,train,6,fee11f772350d9.jpg,happywhale__8bc942512479,0.08077999949455261,0
2cb689cc3cecd9.jpg,happywhale__4a67e64bd3b7,train,7,74618af559c8aa.jpg,happywhale__32d3b30b473f,0.07777565717697144,0
2cb689cc3cecd9.jpg,happywhale__4a67e64bd3b7,train,8,636ff2ad01b68a.jpg,happywhale__f1e6c5118903,0.07730425894260406,0
2cb689cc3cecd9.jpg,happywhale__4a67e64bd3b7,train,9,3e2ce7632eae48.jpg,happywhale__2c45eacc8a8f,0.07634526491165161,0
2cb689cc3cecd9.jpg,happywhale__4a67e64bd3b7,train,10,1cc8b823cfee11.jpg,happywhale__d939e819e989,0.07623163610696793,0
e3ed76564b6c4e.jpg,happywhale__6bf9810d3632,train,1,b874752b2b6030.jpg,happywhale__0f72263cd384,0.11468323320150375,0
e3ed76564b6c4e.jpg,happywhale__6bf9810d3632,train,2,cef37343bf4c6c.jpg,happywhale__19fbb960f07d,0.10360352694988251,0
e3ed76564b6c4e.jpg,happywhale__6bf9810d3632,train,3,e9672f2b694bf5.jpg,happywhale__bc1eb2241633,0.10331776738166809,0
e3ed76564b6c4e.jpg,happywhale__6bf9810d3632,train,4,253f5043822c12.jpg,happywhale__77410a623426,0.09331892430782318,0
e3ed76564b6c4e.jpg,happywhale__6bf9810d3632,train,5,c42d347a362218.jpg,happywhale__e527fa08772c,0.09236681461334229,0
e3ed76564b6c4e.jpg,happywhale__6bf9810d3632,train,6,e82ffacc3f24ee.jpg,happywhale__387f17f0676e,0.09114597737789154,0
e3ed76564b6c4e.jpg,happywhale__6bf9810d3632,train,7,bfd762079a4861.jpg,happywhale__7593d2aee842,0.0891241729259491,0
e3ed76564b6c4e.jpg,happywhale__6bf9810d3632,train,8,bf38dbef206cad.jpg,happywhale__19fbb960f07d,0.08489017188549042,0
e3ed76564b6c4e.jpg,happywhale__6bf9810d3632,train,9,75587081cf2cc5.jpg,happywhale__06ef73efe924,0.08372372388839722,0
e3ed76564b6c4e.jpg,happywhale__6bf9810d3632,train,10,37e4e42913fede.jpg,happywhale__a19b3b964ac1,0.08365902304649353,0
f7563ba80ef9d8.jpg,happywhale__8fd41ec0db01,train,1,5b6d7df9aaeb3f.jpg,happywhale__be3543fc7c74,0.1132400780916214,0
f7563ba80ef9d8.jpg,happywhale__8fd41ec0db01,train,2,04181f5f077438.jpg,happywhale__403dfea4e4bb,0.08955518901348114,0
f7563ba80ef9d8.jpg,happywhale__8fd41ec0db01,train,3,affca8d7d5d494.jpg,happywhale__c171b020c8c7,0.08934323489665985,0
f7563ba80ef9d8.jpg,happywhale__8fd41ec0db01,train,4,63c1457a0c63ee.jpg,happywhale__37c7aba965a5,0.08858238160610199,0
f7563ba80ef9d8.jpg,happywhale__8fd41ec0db01,train,5,8af9eb2fcae91b.jpg,happywhale__ae4343270756,0.088108129799366,0
f7563ba80ef9d8.jpg,happywhale__8fd41ec0db01,train,6,6b0003c8b3b52f.jpg,happywhale__7593d2aee842,0.08541738241910934,0
f7563ba80ef9d8.jpg,happywhale__8fd41ec0db01,train,7,5e9dbaf67afc64.jpg,happywhale__0611c23e6914,0.08148548007011414,0
f7563ba80ef9d8.jpg,happywhale__8fd41ec0db01,train,8,f63bf9fdda99a1.jpg,happywhale__02ac4e3ca497,0.08099979162216187,0
f7563ba80ef9d8.jpg,happywhale__8fd41ec0db01,train,9,8bb0ccee254114.jpg,happywhale__3028ee318e75,0.07909975200891495,0
f7563ba80ef9d8.jpg,happywhale__8fd41ec0db01,train,10,e418708a15e2e9.jpg,happywhale__bb2f812de2fd,0.07808271795511246,0
c1117cd98c3ac1.jpg,happywhale__626fc1a305f3,train,1,dff5e1130cb677.jpg,happywhale__5bf17305f073,0.11179318279027939,0
c1117cd98c3ac1.jpg,happywhale__626fc1a305f3,train,2,e9672f2b694bf5.jpg,happywhale__bc1eb2241633,0.10654710233211517,0
c1117cd98c3ac1.jpg,happywhale__626fc1a305f3,train,3,ffa54f1754fbb1.jpg,happywhale__caee7717cf57,0.10504429042339325,0
c1117cd98c3ac1.jpg,happywhale__626fc1a305f3,train,4,aa30094ee5de4a.jpg,happywhale__a22f9b1c9bc5,0.09084494411945343,0
c1117cd98c3ac1.jpg,happywhale__626fc1a305f3,train,5,0fc326131c1853.jpg,happywhale__ad981a124bbd,0.08944693207740784,0
c1117cd98c3ac1.jpg,happywhale__626fc1a305f3,train,6,cabf72f76b7608.jpg,happywhale__2280b5fcc6c2,0.08794470131397247,0
c1117cd98c3ac1.jpg,happywhale__626fc1a305f3,train,7,37e4e42913fede.jpg,happywhale__a19b3b964ac1,0.08725954592227936,0
c1117cd98c3ac1.jpg,happywhale__626fc1a305f3,train,8,4f443aeed0c503.jpg,happywhale__8690c5185efc,0.0857708603143692,0
c1117cd98c3ac1.jpg,happywhale__626fc1a305f3,train,9,cfbd60e8088c6f.jpg,happywhale__5bf17305f073,0.08436688780784607,0
c1117cd98c3ac1.jpg,happywhale__626fc1a305f3,train,10,1f12268e428757.jpg,happywhale__aeae6f5bf5cd,0.08184824883937836,0
39f2c67794fa5b.jpg,happywhale__32f6cc779cd7,train,1,056a23a731a1d2.jpg,happywhale__6c431160f03b,0.11812025308609009,0
39f2c67794fa5b.jpg,happywhale__32f6cc779cd7,train,2,3e2ce7632eae48.jpg,happywhale__2c45eacc8a8f,0.1156667172908783,0
39f2c67794fa5b.jpg,happywhale__32f6cc779cd7,train,3,f2b95ab0f7f89b.jpg,happywhale__9f3613b5c45b,0.10481131076812744,0
39f2c67794fa5b.jpg,happywhale__32f6cc779cd7,train,4,74e9ba35bd9677.jpg,happywhale__445270d9ad52,0.09996543824672699,0
39f2c67794fa5b.jpg,happywhale__32f6cc779cd7,train,5,04181f5f077438.jpg,happywhale__403dfea4e4bb,0.09282119572162628,0
39f2c67794fa5b.jpg,happywhale__32f6cc779cd7,train,6,990e79da8906f8.jpg,happywhale__211957ad49f1,0.09166005253791809,0
39f2c67794fa5b.jpg,happywhale__32f6cc779cd7,train,7,99caa6a3d8146d.jpg,happywhale__73e13d5e4ada,0.0891430675983429,0
39f2c67794fa5b.jpg,happywhale__32f6cc779cd7,train,8,c2509fce7d7d73.jpg,happywhale__938b7e931166,0.08759260922670364,0
39f2c67794fa5b.jpg,happywhale__32f6cc779cd7,train,9,e677ab132c2c91.jpg,happywhale__f46973e895f7,0.08447547256946564,0
39f2c67794fa5b.jpg,happywhale__32f6cc779cd7,train,10,a47c5050ec16c8.jpg,happywhale__9f750b3dd09d,0.08434829115867615,0
89ac21debd5355.jpg,happywhale__79eceab9ebee,train,1,f2e26d40aa2123.jpg,happywhale__18efa8d0b472,0.11564710736274719,0
89ac21debd5355.jpg,happywhale__79eceab9ebee,train,2,f0a1a69a001eff.jpg,happywhale__ea8160d46f8f,0.10604193806648254,0
89ac21debd5355.jpg,happywhale__79eceab9ebee,train,3,eea381b7cd1781.jpg,happywhale__5f48c2296a0e,0.09824959933757782,0
89ac21debd5355.jpg,happywhale__79eceab9ebee,train,4,5d15cc3210d031.jpg,happywhale__fbc05967e28f,0.09636083245277405,0
89ac21debd5355.jpg,happywhale__79eceab9ebee,train,5,096ec11c48ea3d.jpg,happywhale__ec2cb0e78ae0,0.09491249918937683,0
89ac21debd5355.jpg,happywhale__79eceab9ebee,train,6,13f37b16ceedec.jpg,happywhale__20916df9f20d,0.0916251689195633,0
89ac21debd5355.jpg,happywhale__79eceab9ebee,train,7,4e157efa54513b.jpg,happywhale__37c7aba965a5,0.09140140563249588,0
89ac21debd5355.jpg,happywhale__79eceab9ebee,train,8,c6a39dc44fa850.jpg,happywhale__c0fcaa257f91,0.08990268409252167,0
89ac21debd5355.jpg,happywhale__79eceab9ebee,train,9,16b6ccd0e9f482.jpg,happywhale__84d91f8c1f99,0.0866626650094986,0
89ac21debd5355.jpg,happywhale__79eceab9ebee,train,10,9a0a00d81fe205.jpg,happywhale__5f48c2296a0e,0.08273731172084808,0
a10699ea1198ad.jpg,happywhale__58c43f7cc15d,train,1,2f641bea9de909.jpg,happywhale__fdb532d9bc78,0.12024450302124023,0
a10699ea1198ad.jpg,happywhale__58c43f7cc15d,train,2,27519cfd8b1004.jpg,happywhale__a7310896653d,0.09953981637954712,0
a10699ea1198ad.jpg,happywhale__58c43f7cc15d,train,3,908d7802777cf8.jpg,happywhale__ca88903ae96e,0.0912407711148262,0
a10699ea1198ad.jpg,happywhale__58c43f7cc15d,train,4,0557489599cb0a.jpg,happywhale__8390b7d8ab6f,0.08364380151033401,0
a10699ea1198ad.jpg,happywhale__58c43f7cc15d,train,5,7e92e0462c9d25.jpg,happywhale__c9ab1ba25eb8,0.08313838392496109,0
a10699ea1198ad.jpg,happywhale__58c43f7cc15d,train,6,c732fef22a0cdb.jpg,happywhale__4b234d0d53c1,0.07762137800455093,0
a10699ea1198ad.jpg,happywhale__58c43f7cc15d,train,7,e70ade645a9396.jpg,happywhale__37c7aba965a5,0.07703275978565216,0
a10699ea1198ad.jpg,happywhale__58c43f7cc15d,train,8,7e028f5242a7d5.jpg,happywhale__ad981a124bbd,0.07464498281478882,0
a10699ea1198ad.jpg,happywhale__58c43f7cc15d,train,9,242b9417b81b67.jpg,happywhale__daa006a682c7,0.07324077188968658,0
a10699ea1198ad.jpg,happywhale__58c43f7cc15d,train,10,6a8e002d46dd21.jpg,happywhale__80d282ac5d45,0.07290457934141159,0
d4bbe74575158c.jpg,happywhale__51c1774c4f6e,train,1,40c97c14da3308.jpg,happywhale__018aaba90625,0.09838990122079849,0
d4bbe74575158c.jpg,happywhale__51c1774c4f6e,train,2,18ed53b1d002e2.jpg,happywhale__a6e325d8e924,0.09462529420852661,0
d4bbe74575158c.jpg,happywhale__51c1774c4f6e,train,3,bde8eb6c289dba.jpg,happywhale__51081e431bca,0.09376473724842072,0
d4bbe74575158c.jpg,happywhale__51c1774c4f6e,train,4,8a35ae995424f9.jpg,happywhale__bf412253bbc2,0.09284862875938416,0
d4bbe74575158c.jpg,happywhale__51c1774c4f6e,train,5,7a675f3eb7704c.jpg,happywhale__caee7717cf57,0.09253948926925659,0
d4bbe74575158c.jpg,happywhale__51c1774c4f6e,train,6,c3bd9bf3aab3f2.jpg,happywhale__37c7aba965a5,0.08978620916604996,0
d4bbe74575158c.jpg,happywhale__51c1774c4f6e,train,7,7bf6d8d4f3382d.jpg,happywhale__a0d1a0e2e606,0.08799268305301666,0
d4bbe74575158c.jpg,happywhale__51c1774c4f6e,train,8,b6156edf4b82bb.jpg,happywhale__8690c5185efc,0.08705383539199829,0
d4bbe74575158c.jpg,happywhale__51c1774c4f6e,train,9,dacb5db8874adf.jpg,happywhale__a86b9a0c8b35,0.08537130057811737,0
d4bbe74575158c.jpg,happywhale__51c1774c4f6e,train,10,43ddf5754f6588.jpg,happywhale__98995caaa0d3,0.08531281352043152,0
26f76ead21e6a3.jpg,happywhale__8ca0a04df7a1,train,1,bdca0a5088a600.jpg,happywhale__0bcb911c63d1,0.11165280640125275,0
26f76ead21e6a3.jpg,happywhale__8ca0a04df7a1,train,2,1c291674cec281.jpg,happywhale__9a6b86f7bb3e,0.10055505484342575,0
26f76ead21e6a3.jpg,happywhale__8ca0a04df7a1,train,3,a81342485651c1.jpg,happywhale__162420404da3,0.0988427922129631,0
26f76ead21e6a3.jpg,happywhale__8ca0a04df7a1,train,4,8f7d8c6114879c.jpg,happywhale__84d91f8c1f99,0.09347355365753174,0
26f76ead21e6a3.jpg,happywhale__8ca0a04df7a1,train,5,90cd5f1c37fbdf.jpg,happywhale__b61c15e89c3c,0.08883140981197357,0
26f76ead21e6a3.jpg,happywhale__8ca0a04df7a1,train,6,19776eeb8e4c70.jpg,happywhale__2372d0d26c20,0.0886688232421875,0
26f76ead21e6a3.jpg,happywhale__8ca0a04df7a1,train,7,8ef6d11022cbd5.jpg,happywhale__7a58308da755,0.0856202095746994,0
26f76ead21e6a3.jpg,happywhale__8ca0a04df7a1,train,8,62991e56843500.jpg,happywhale__ce6e37904aa4,0.08312887698411942,0
26f76ead21e6a3.jpg,happywhale__8ca0a04df7a1,train,9,2d956287a8cf74.jpg,happywhale__1191a41ee0f4,0.08065980672836304,0
26f76ead21e6a3.jpg,happywhale__8ca0a04df7a1,train,10,29349b0c48828b.jpg,happywhale__07a477b6a091,0.07938213646411896,0
8640e2f57573d0.jpg,happywhale__f46395452c26,train,1,096ec11c48ea3d.jpg,happywhale__ec2cb0e78ae0,0.10133693367242813,0
8640e2f57573d0.jpg,happywhale__f46395452c26,train,2,57b59169cbef43.jpg,happywhale__7661d208bc83,0.09525768458843231,0
8640e2f57573d0.jpg,happywhale__f46395452c26,train,3,fd3882d943a531.jpg,happywhale__6a6fa3ec3810,0.09238673001527786,0
8640e2f57573d0.jpg,happywhale__f46395452c26,train,4,5a038679bbf30e.jpg,happywhale__cf2824c9c7bc,0.08809788525104523,0
8640e2f57573d0.jpg,happywhale__f46395452c26,train,5,561647dbb4750a.jpg,happywhale__8fd41ec0db01,0.08577689528465271,0
8640e2f57573d0.jpg,happywhale__f46395452c26,train,6,c1da6380b9b8af.jpg,happywhale__423cd19d6b7e,0.08443370461463928,0
8640e2f57573d0.jpg,happywhale__f46395452c26,train,7,ac9ef87502e350.jpg,happywhale__90cfd1801b72,0.0789225697517395,0
8640e2f57573d0.jpg,happywhale__f46395452c26,train,8,b3925237a5ce44.jpg,happywhale__0b3fdeb134d3,0.07672546803951263,0
8640e2f57573d0.jpg,happywhale__f46395452c26,train,9,86de5347b2ce2b.jpg,happywhale__208b91b1ca2b,0.07571744173765182,0
8640e2f57573d0.jpg,happywhale__f46395452c26,train,10,862bc0cce7abf2.jpg,happywhale__982224d06f8c,0.07483590394258499,0
ca19c4f695ea38.jpg,happywhale__52a2c490b25a,train,1,c6376534c7d1c3.jpg,happywhale__322a18725969,0.1652560830116272,0
ca19c4f695ea38.jpg,happywhale__52a2c490b25a,train,2,18ed53b1d002e2.jpg,happywhale__a6e325d8e924,0.09652368724346161,0
ca19c4f695ea38.jpg,happywhale__52a2c490b25a,train,3,5d86886958e8bc.jpg,happywhale__114207cab555,0.09399313479661942,0
ca19c4f695ea38.jpg,happywhale__52a2c490b25a,train,4,a36503142a51d4.jpg,happywhale__fc0f7c162cc0,0.0891253724694252,0
ca19c4f695ea38.jpg,happywhale__52a2c490b25a,train,5,abd5c384b61fb4.jpg,happywhale__956562ff2888,0.08833055943250656,0
ca19c4f695ea38.jpg,happywhale__52a2c490b25a,train,6,f644adfcd26b60.jpg,happywhale__366200ff5b49,0.08494585752487183,0
ca19c4f695ea38.jpg,happywhale__52a2c490b25a,train,7,ec487f28770d84.jpg,happywhale__f0aa1422b26f,0.08484694361686707,0
ca19c4f695ea38.jpg,happywhale__52a2c490b25a,train,8,081850f7c90d34.jpg,happywhale__1191a41ee0f4,0.08442020416259766,0
ca19c4f695ea38.jpg,happywhale__52a2c490b25a,train,9,522672cc4358b6.jpg,happywhale__19fbb960f07d,0.08326098322868347,0
ca19c4f695ea38.jpg,happywhale__52a2c490b25a,train,10,e2bc30dd559b75.jpg,happywhale__812be36c2aef,0.08258719742298126,0
24314745a5136a.jpg,happywhale__d2eff394100e,train,1,b7a44346363e7b.jpg,happywhale__e8791b2a80da,0.10801611840724945,0
24314745a5136a.jpg,happywhale__d2eff394100e,train,2,9a0a00d81fe205.jpg,happywhale__5f48c2296a0e,0.10019373893737793,0
24314745a5136a.jpg,happywhale__d2eff394100e,train,3,8d3b7f45231855.jpg,happywhale__a43daee90cbc,0.08683821558952332,0
24314745a5136a.jpg,happywhale__d2eff394100e,train,4,636ff2ad01b68a.jpg,happywhale__f1e6c5118903,0.08655302226543427,0
24314745a5136a.jpg,happywhale__d2eff394100e,train,5,b35c5b9568f270.jpg,happywhale__dabe818f41de,0.08286632597446442,0
24314745a5136a.jpg,happywhale__d2eff394100e,train,6,2f641bea9de909.jpg,happywhale__fdb532d9bc78,0.082200787961483,0
24314745a5136a.jpg,happywhale__d2eff394100e,train,7,5517b0d5889e08.jpg,happywhale__6f632b846891,0.08181840181350708,0
24314745a5136a.jpg,happywhale__d2eff394100e,train,8,b53d5c73706080.jpg,happywhale__be2aa86d0e5b,0.07992959767580032,0
24314745a5136a.jpg,happywhale__d2eff394100e,train,9,b46fcb93da39c3.jpg,happywhale__ef0ddd083fbe,0.07943516969680786,0
24314745a5136a.jpg,happywhale__d2eff394100e,train,10,c182cc0a0ae4e8.jpg,happywhale__9f3613b5c45b,0.07902326434850693,0
fa36fa50fca5fa.jpg,happywhale__0c7efa8795f5,train,1,b60939357c0b45.jpg,happywhale__ed3416e01fe2,0.10979948937892914,0
fa36fa50fca5fa.jpg,happywhale__0c7efa8795f5,train,2,d958a629c25c4f.jpg,happywhale__4d18b20adff3,0.1040322333574295,0
fa36fa50fca5fa.jpg,happywhale__0c7efa8795f5,train,3,03140e5948e848.jpg,happywhale__337a339b042b,0.09664501249790192,0
fa36fa50fca5fa.jpg,happywhale__0c7efa8795f5,train,4,fc1450edd0a630.jpg,happywhale__18efa8d0b472,0.09449131786823273,0
fa36fa50fca5fa.jpg,happywhale__0c7efa8795f5,train,5,f17562e0d7b43e.jpg,happywhale__0f72263cd384,0.08998862653970718,0
fa36fa50fca5fa.jpg,happywhale__0c7efa8795f5,train,6,e4164cb20e6273.jpg,happywhale__a265c977dc30,0.0873730331659317,0
fa36fa50fca5fa.jpg,happywhale__0c7efa8795f5,train,7,1cc8b823cfee11.jpg,happywhale__d939e819e989,0.08494707196950912,0
fa36fa50fca5fa.jpg,happywhale__0c7efa8795f5,train,8,31f7cfa75c36d1.jpg,happywhale__f195c38bcf17,0.08344951272010803,0
fa36fa50fca5fa.jpg,happywhale__0c7efa8795f5,train,9,0585da7add64aa.jpg,happywhale__bf412253bbc2,0.08312796801328659,0
fa36fa50fca5fa.jpg,happywhale__0c7efa8795f5,train,10,d718212fc7d98a.jpg,happywhale__938b7e931166,0.0828731507062912,0
43274e1798c219.jpg,happywhale__4b3320581310,train,1,89de5ac89c6ea9.jpg,happywhale__6f47542558a1,0.12163489311933517,0
43274e1798c219.jpg,happywhale__4b3320581310,train,2,7219dec5d57d40.jpg,happywhale__43946ac5a865,0.09874686598777771,0
43274e1798c219.jpg,happywhale__4b3320581310,train,3,47432842973ac2.jpg,happywhale__bc1eb2241633,0.09436291456222534,0
43274e1798c219.jpg,happywhale__4b3320581310,train,4,2e2c1b80b2cbfa.jpg,happywhale__19fbb960f07d,0.09386643767356873,0
43274e1798c219.jpg,happywhale__4b3320581310,train,5,253f5043822c12.jpg,happywhale__77410a623426,0.09121954441070557,0
43274e1798c219.jpg,happywhale__4b3320581310,train,6,5946f42be1ab9c.jpg,happywhale__956562ff2888,0.09068706631660461,0
43274e1798c219.jpg,happywhale__4b3320581310,train,7,5a1515007782c2.jpg,happywhale__c995c043c353,0.08225251734256744,0
43274e1798c219.jpg,happywhale__4b3320581310,train,8,a63fae79fefcb0.jpg,happywhale__a7310896653d,0.07970663160085678,0
43274e1798c219.jpg,happywhale__4b3320581310,train,9,62991e56843500.jpg,happywhale__ce6e37904aa4,0.07786136865615845,0
43274e1798c219.jpg,happywhale__4b3320581310,train,10,a87eee3a5efa5d.jpg,happywhale__f195c38bcf17,0.07753501087427139,0
bd102da9d01aac.jpg,happywhale__ee53c5575e67,train,1,52c057a1e0645b.jpg,happywhale__ea6eccb47a48,0.10906742513179779,0
bd102da9d01aac.jpg,happywhale__ee53c5575e67,train,2,8f8d2ae4c17234.jpg,happywhale__5bf17305f073,0.10700248181819916,0
bd102da9d01aac.jpg,happywhale__ee53c5575e67,train,3,6135626b6ee671.jpg,happywhale__8bc942512479,0.1002541333436966,0
bd102da9d01aac.jpg,happywhale__ee53c5575e67,train,4,1f704a778ec537.jpg,happywhale__956562ff2888,0.0960019901394844,0
bd102da9d01aac.jpg,happywhale__ee53c5575e67,train,5,5b4fadc305e295.jpg,happywhale__5bf17305f073,0.09568265080451965,0
bd102da9d01aac.jpg,happywhale__ee53c5575e67,train,6,1c7834421996f1.jpg,happywhale__0b180ad0afa2,0.09372201561927795,0
bd102da9d01aac.jpg,happywhale__ee53c5575e67,train,7,a47c5050ec16c8.jpg,happywhale__9f750b3dd09d,0.0934629961848259,0
bd102da9d01aac.jpg,happywhale__ee53c5575e67,train,8,2d956287a8cf74.jpg,happywhale__1191a41ee0f4,0.09296780824661255,0
bd102da9d01aac.jpg,happywhale__ee53c5575e67,train,9,b53d5c73706080.jpg,happywhale__be2aa86d0e5b,0.09193585067987442,0
bd102da9d01aac.jpg,happywhale__ee53c5575e67,train,10,4c719a6b45bbb4.jpg,happywhale__46988583261a,0.09098951518535614,0
b2198dfe056d5e.jpg,happywhale__18dbd44823c7,train,1,5e9dbaf67afc64.jpg,happywhale__0611c23e6914,0.10540517419576645,0
b2198dfe056d5e.jpg,happywhale__18dbd44823c7,train,2,4d90c0710008b2.jpg,happywhale__73e13d5e4ada,0.09588626027107239,0
b2198dfe056d5e.jpg,happywhale__18dbd44823c7,train,3,3c74e6e93121f7.jpg,happywhale__281504409737,0.09555691480636597,0
b2198dfe056d5e.jpg,happywhale__18dbd44823c7,train,4,7f1aca47dbb859.jpg,happywhale__4a94b1849f80,0.09447269886732101,0
b2198dfe056d5e.jpg,happywhale__18dbd44823c7,train,5,57b59169cbef43.jpg,happywhale__7661d208bc83,0.08721193671226501,0
b2198dfe056d5e.jpg,happywhale__18dbd44823c7,train,6,b6826988d34d0b.jpg,happywhale__b11b2404c7e3,0.08585517108440399,0
b2198dfe056d5e.jpg,happywhale__18dbd44823c7,train,7,6874c550c12915.jpg,happywhale__8b712d2a5313,0.08545352518558502,0
b2198dfe056d5e.jpg,happywhale__18dbd44823c7,train,8,83d1be21e5dac6.jpg,happywhale__600ab1de92d9,0.08097147941589355,0
b2198dfe056d5e.jpg,happywhale__18dbd44823c7,train,9,277da638fb884c.jpg,happywhale__bf412253bbc2,0.08055384457111359,0
b2198dfe056d5e.jpg,happywhale__18dbd44823c7,train,10,75a216ccefe835.jpg,happywhale__f195c38bcf17,0.07873978465795517,0
3d40b307e952d9.jpg,happywhale__07a477b6a091,train,1,8fe3192794c29b.jpg,happywhale__dd8c756c9cb7,0.12713220715522766,0
3d40b307e952d9.jpg,happywhale__07a477b6a091,train,2,d103e502f24bbc.jpg,happywhale__70cd1a7d97a7,0.1080562174320221,0
3d40b307e952d9.jpg,happywhale__07a477b6a091,train,3,67dc1e7937b886.jpg,happywhale__a8040569f5e3,0.10072313249111176,0
3d40b307e952d9.jpg,happywhale__07a477b6a091,train,4,8555ad50cfa9f5.jpg,happywhale__48936da899c3,0.09450144320726395,0
3d40b307e952d9.jpg,happywhale__07a477b6a091,train,5,c1a6d89e54e9fa.jpg,happywhale__ce6e37904aa4,0.0908912718296051,0
3d40b307e952d9.jpg,happywhale__07a477b6a091,train,6,cee3f41c5b8b57.jpg,happywhale__ea8160d46f8f,0.0893096849322319,0
3d40b307e952d9.jpg,happywhale__07a477b6a091,train,7,4cfa50f4794827.jpg,happywhale__a59972315f7d,0.08777758479118347,0
3d40b307e952d9.jpg,happywhale__07a477b6a091,train,8,99caa6a3d8146d.jpg,happywhale__73e13d5e4ada,0.08731481432914734,0
3d40b307e952d9.jpg,happywhale__07a477b6a091,train,9,87451adda0a8b0.jpg,happywhale__f3c484809ce8,0.08719618618488312,0
3d40b307e952d9.jpg,happywhale__07a477b6a091,train,10,006fc52f81ab7d.jpg,happywhale__73e13d5e4ada,0.08677901327610016,0
1564c71479a605.jpg,happywhale__0e6d73fc0d60,train,1,a6aaf9de9a751e.jpg,happywhale__290f46e5130c,0.12907446920871735,0
1564c71479a605.jpg,happywhale__0e6d73fc0d60,train,2,62ef031f8a437f.jpg,happywhale__7362d7a01d00,0.10667170584201813,0
1564c71479a605.jpg,happywhale__0e6d73fc0d60,train,3,287f766c9c379f.jpg,happywhale__9e89f8e28807,0.10203666985034943,0
1564c71479a605.jpg,happywhale__0e6d73fc0d60,train,4,794170aa9d68ae.jpg,happywhale__314a574f87c9,0.10082399100065231,0
1564c71479a605.jpg,happywhale__0e6d73fc0d60,train,5,f2ef1faba3d624.jpg,happywhale__989563596678,0.09391584247350693,0
1564c71479a605.jpg,happywhale__0e6d73fc0d60,train,6,d2223f21b5474c.jpg,happywhale__00ccfc1f8b06,0.09167808294296265,0
1564c71479a605.jpg,happywhale__0e6d73fc0d60,train,7,a81342485651c1.jpg,happywhale__162420404da3,0.08732489496469498,0
1564c71479a605.jpg,happywhale__0e6d73fc0d60,train,8,7e92e0462c9d25.jpg,happywhale__c9ab1ba25eb8,0.08348748832941055,0
1564c71479a605.jpg,happywhale__0e6d73fc0d60,train,9,754f9b78d92797.jpg,happywhale__7aa5641e5acc,0.08325687795877457,0
1564c71479a605.jpg,happywhale__0e6d73fc0d60,train,10,0b2022cc914783.jpg,happywhale__02ac4e3ca497,0.07940025627613068,0
8418e9690944ec.jpg,happywhale__3c346fc4a109,train,1,5b987c84f20402.jpg,happywhale__10e758eb503a,0.0972055047750473,0
8418e9690944ec.jpg,happywhale__3c346fc4a109,train,2,4b36c907b56e12.jpg,happywhale__9e89f8e28807,0.09629706293344498,0
8418e9690944ec.jpg,happywhale__3c346fc4a109,train,3,3fec3ca369738d.jpg,happywhale__02da0e68dccd,0.09505132585763931,0
8418e9690944ec.jpg,happywhale__3c346fc4a109,train,4,280700b5e3be05.jpg,happywhale__b61c15e89c3c,0.08982329815626144,0
8418e9690944ec.jpg,happywhale__3c346fc4a109,train,5,e5b6da95447939.jpg,happywhale__37c7aba965a5,0.08777962625026703,0
8418e9690944ec.jpg,happywhale__3c346fc4a109,train,6,4c719a6b45bbb4.jpg,happywhale__46988583261a,0.08685919642448425,0
8418e9690944ec.jpg,happywhale__3c346fc4a109,train,7,eaf961a385965b.jpg,happywhale__79bb59a9ddc8,0.0866117775440216,0
8418e9690944ec.jpg,happywhale__3c346fc4a109,train,8,e34807da4c5860.jpg,happywhale__59bb4b4ec9e0,0.08652066439390182,0
8418e9690944ec.jpg,happywhale__3c346fc4a109,train,9,2cee41feca24bf.jpg,happywhale__985e7d6a8052,0.08599671721458435,0
8418e9690944ec.jpg,happywhale__3c346fc4a109,train,10,9123befc9462ef.jpg,happywhale__03c879f7c6d5,0.0859479159116745,0
fc61c7ad414d48.jpg,happywhale__32d3b30b473f,train,1,940ce6d0e7656e.jpg,happywhale__f195c38bcf17,0.11777877807617188,0
fc61c7ad414d48.jpg,happywhale__32d3b30b473f,train,2,55a198ebbd493b.jpg,happywhale__37c7aba965a5,0.11767848581075668,0
fc61c7ad414d48.jpg,happywhale__32d3b30b473f,train,3,4a515403b4a158.jpg,happywhale__1ae5c5a035b5,0.10823915898799896,0
fc61c7ad414d48.jpg,happywhale__32d3b30b473f,train,4,1d8673c10542dc.jpg,happywhale__6da7ae3c5d54,0.10123654454946518,0
fc61c7ad414d48.jpg,happywhale__32d3b30b473f,train,5,409c49078e1be3.jpg,happywhale__f0aa1422b26f,0.0988100990653038,0
fc61c7ad414d48.jpg,happywhale__32d3b30b473f,train,6,cfbd60e8088c6f.jpg,happywhale__5bf17305f073,0.09832889586687088,0
fc61c7ad414d48.jpg,happywhale__32d3b30b473f,train,7,34d61112e99d6b.jpg,happywhale__8bc942512479,0.09819944202899933,0
fc61c7ad414d48.jpg,happywhale__32d3b30b473f,train,8,cc762236e5610f.jpg,happywhale__bc1eb2241633,0.09658144414424896,0
fc61c7ad414d48.jpg,happywhale__32d3b30b473f,train,9,6a291534f34061.jpg,happywhale__17ae98f695f2,0.09002033621072769,0
fc61c7ad414d48.jpg,happywhale__32d3b30b473f,train,10,e3759d92d52249.jpg,happywhale__c171b020c8c7,0.08326701819896698,0
a7391d1657869a.jpg,happywhale__910b942f8c3a,train,1,a8ed5673f7f600.jpg,happywhale__15b7d08184ca,0.11536574363708496,0
a7391d1657869a.jpg,happywhale__910b942f8c3a,train,2,1746dac91890b5.jpg,happywhale__37c7aba965a5,0.10140396654605865,0
a7391d1657869a.jpg,happywhale__910b942f8c3a,train,3,8cc6a6222a89f5.jpg,happywhale__04cc97bc74f0,0.09587931632995605,0
a7391d1657869a.jpg,happywhale__910b942f8c3a,train,4,6f786d196df3f0.jpg,happywhale__f46395452c26,0.08992598950862885,0
a7391d1657869a.jpg,happywhale__910b942f8c3a,train,5,57dcae17caf60e.jpg,happywhale__4b234d0d53c1,0.08069705218076706,0
a7391d1657869a.jpg,happywhale__910b942f8c3a,train,6,61b56431a94591.jpg,happywhale__8690c5185efc,0.08011341840028763,0
a7391d1657869a.jpg,happywhale__910b942f8c3a,train,7,fb8123af91cbad.jpg,happywhale__1f2ec9f8f1c9,0.0792093276977539,0
a7391d1657869a.jpg,happywhale__910b942f8c3a,train,8,284fb6913bc975.jpg,happywhale__7bedeacdc4d2,0.07643881440162659,0
a7391d1657869a.jpg,happywhale__910b942f8c3a,train,9,71a509bdec372e.jpg,happywhale__fd92aac78676,0.0722227543592453,0
a7391d1657869a.jpg,happywhale__910b942f8c3a,train,10,bd3f8db3fc443c.jpg,happywhale__37c7aba965a5,0.07192176580429077,0
7a26ea98e21fd5.jpg,happywhale__ce6e37904aa4,train,1,0bf8587c8a5c5e.jpg,happywhale__b9907151f66e,0.13756035268306732,0
7a26ea98e21fd5.jpg,happywhale__ce6e37904aa4,train,2,c5bd0f6a30117f.jpg,happywhale__8f332df12364,0.10747433453798294,0
7a26ea98e21fd5.jpg,happywhale__ce6e37904aa4,train,3,b39c0a9c9a0448.jpg,happywhale__1afc82b009ea,0.09453245997428894,0
7a26ea98e21fd5.jpg,happywhale__ce6e37904aa4,train,4,7ba5dce13f1a0c.jpg,happywhale__c27db73f0e3b,0.09153380990028381,0
7a26ea98e21fd5.jpg,happywhale__ce6e37904aa4,train,5,2735a18879bba1.jpg,happywhale__37c7aba965a5,0.09138599038124084,0
7a26ea98e21fd5.jpg,happywhale__ce6e37904aa4,train,6,3a083983bdcac2.jpg,happywhale__38c2a8e40437,0.09094361215829849,0
7a26ea98e21fd5.jpg,happywhale__ce6e37904aa4,train,7,fe5d4d5ab0502a.jpg,happywhale__a43daee90cbc,0.08502675592899323,0
7a26ea98e21fd5.jpg,happywhale__ce6e37904aa4,train,8,bb1d1ff2efd90f.jpg,happywhale__5b8a39979dc2,0.07982095330953598,0
7a26ea98e21fd5.jpg,happywhale__ce6e37904aa4,train,9,0db4ac7082d586.jpg,happywhale__b38a72898f67,0.07612929493188858,0
7a26ea98e21fd5.jpg,happywhale__ce6e37904aa4,train,10,2d956287a8cf74.jpg,happywhale__1191a41ee0f4,0.07413680106401443,0
4317f78b830fb7.jpg,happywhale__7d07bf29721f,train,1,5bbffc16d1fd16.jpg,happywhale__02da0e68dccd,0.1052173599600792,0
4317f78b830fb7.jpg,happywhale__7d07bf29721f,train,2,904b0972f24ec4.jpg,happywhale__2fdb3a09dc9c,0.10403230786323547,0
4317f78b830fb7.jpg,happywhale__7d07bf29721f,train,3,74e2e274e07a37.jpg,happywhale__b123e4a7c182,0.09249888360500336,0
4317f78b830fb7.jpg,happywhale__7d07bf29721f,train,4,ecd184cab529f9.jpg,happywhale__cb0fed574200,0.08782690763473511,0
4317f78b830fb7.jpg,happywhale__7d07bf29721f,train,5,51dfde55ca4c3d.jpg,happywhale__4b8534134eb8,0.08752473443746567,0
4317f78b830fb7.jpg,happywhale__7d07bf29721f,train,6,e8c98b8f99ce4e.jpg,happywhale__910b942f8c3a,0.08722013235092163,0
4317f78b830fb7.jpg,happywhale__7d07bf29721f,train,7,cabf72f76b7608.jpg,happywhale__2280b5fcc6c2,0.08634078502655029,0
4317f78b830fb7.jpg,happywhale__7d07bf29721f,train,8,fe08055e972446.jpg,happywhale__46988583261a,0.08616273105144501,0
4317f78b830fb7.jpg,happywhale__7d07bf29721f,train,9,1b6f707bdf48fb.jpg,happywhale__938b7e931166,0.08561545610427856,0
4317f78b830fb7.jpg,happywhale__7d07bf29721f,train,10,adb893cdd5b1e9.jpg,happywhale__15d96d5d42c2,0.08007602393627167,0
4cb666bc1d0215.jpg,happywhale__1afc82b009ea,train,1,c5bd0f6a30117f.jpg,happywhale__8f332df12364,0.11440621316432953,0
4cb666bc1d0215.jpg,happywhale__1afc82b009ea,train,2,183f5654ceab1a.jpg,happywhale__5b8a39979dc2,0.10778124630451202,0
4cb666bc1d0215.jpg,happywhale__1afc82b009ea,train,3,c2509fce7d7d73.jpg,happywhale__938b7e931166,0.10700370371341705,0
4cb666bc1d0215.jpg,happywhale__1afc82b009ea,train,4,219cf35eac247b.jpg,happywhale__fa633c922517,0.10191638767719269,0
4cb666bc1d0215.jpg,happywhale__1afc82b009ea,train,5,6dc8674d839472.jpg,happywhale__37c7aba965a5,0.1018359512090683,0
4cb666bc1d0215.jpg,happywhale__1afc82b009ea,train,6,7542bac9c187dc.jpg,happywhale__740ce589ff2b,0.08719322085380554,0
4cb666bc1d0215.jpg,happywhale__1afc82b009ea,train,7,a2e25cdcaab6a6.jpg,happywhale__60008f293a2b,0.08687274158000946,0
4cb666bc1d0215.jpg,happywhale__1afc82b009ea,train,8,4f727df23a5ada.jpg,happywhale__8274ddd12a43,0.08215288817882538,0
4cb666bc1d0215.jpg,happywhale__1afc82b009ea,train,9,37b7ef237bed4e.jpg,happywhale__ce6e37904aa4,0.0817490965127945,0
4cb666bc1d0215.jpg,happywhale__1afc82b009ea,train,10,5cd5cbda9eb4d2.jpg,happywhale__4a67e64bd3b7,0.08147037774324417,0
1f6d0ea7ea8402.jpg,happywhale__9b97e5d240c9,train,1,db5abd2820d671.jpg,happywhale__aeae6f5bf5cd,0.1004912406206131,0
1f6d0ea7ea8402.jpg,happywhale__9b97e5d240c9,train,2,aaba75063333cd.jpg,happywhale__938b7e931166,0.0989159345626831,0
1f6d0ea7ea8402.jpg,happywhale__9b97e5d240c9,train,3,e2bc30dd559b75.jpg,happywhale__812be36c2aef,0.09475843608379364,0
1f6d0ea7ea8402.jpg,happywhale__9b97e5d240c9,train,4,a66ccc192840f9.jpg,happywhale__a7310896653d,0.09222335368394852,0
1f6d0ea7ea8402.jpg,happywhale__9b97e5d240c9,train,5,5ce72764ee171e.jpg,happywhale__10e758eb503a,0.09133650362491608,0
1f6d0ea7ea8402.jpg,happywhale__9b97e5d240c9,train,6,9bed4c25356adf.jpg,happywhale__b90d49ab0905,0.0892869234085083,0
1f6d0ea7ea8402.jpg,happywhale__9b97e5d240c9,train,7,5a0fc41d18a742.jpg,happywhale__cccdade6dad1,0.08822692930698395,0
1f6d0ea7ea8402.jpg,happywhale__9b97e5d240c9,train,8,73ddfd15fac7f5.jpg,happywhale__180c0ab04dcd,0.08790203928947449,0
1f6d0ea7ea8402.jpg,happywhale__9b97e5d240c9,train,9,be3c49a3168f24.jpg,happywhale__322a18725969,0.08425936102867126,0
1f6d0ea7ea8402.jpg,happywhale__9b97e5d240c9,train,10,d5a27120a009d8.jpg,happywhale__9f3613b5c45b,0.08339425176382065,0
d45c7f32e52140.jpg,happywhale__f3c484809ce8,train,1,a689e154c8fa67.jpg,happywhale__4051086ed105,0.113335520029068,0
d45c7f32e52140.jpg,happywhale__f3c484809ce8,train,2,e7b1d0126d2463.jpg,happywhale__f5187b86f2b0,0.10452847182750702,0
d45c7f32e52140.jpg,happywhale__f3c484809ce8,train,3,a2e25cdcaab6a6.jpg,happywhale__60008f293a2b,0.09643160551786423,0
d45c7f32e52140.jpg,happywhale__f3c484809ce8,train,4,794170aa9d68ae.jpg,happywhale__314a574f87c9,0.09116792678833008,0
d45c7f32e52140.jpg,happywhale__f3c484809ce8,train,5,bb59b4118b2913.jpg,happywhale__1c49644ca9b3,0.08354004472494125,0
d45c7f32e52140.jpg,happywhale__f3c484809ce8,train,6,40c97c14da3308.jpg,happywhale__018aaba90625,0.08353021740913391,0
d45c7f32e52140.jpg,happywhale__f3c484809ce8,train,7,5b3091824fa477.jpg,happywhale__122dc7f46c24,0.08067475259304047,0
d45c7f32e52140.jpg,happywhale__f3c484809ce8,train,8,df309b8ead2b6e.jpg,happywhale__dd8c756c9cb7,0.08041884005069733,0
d45c7f32e52140.jpg,happywhale__f3c484809ce8,train,9,ab04210d8db3d6.jpg,happywhale__97589576e678,0.08012876659631729,0
d45c7f32e52140.jpg,happywhale__f3c484809ce8,train,10,2f641bea9de909.jpg,happywhale__fdb532d9bc78,0.08006083220243454,0
ee9a6aac5eb469.jpg,happywhale__f46b5831d9cd,train,1,d644521e677c18.jpg,happywhale__208b91b1ca2b,0.11064740270376205,0
ee9a6aac5eb469.jpg,happywhale__f46b5831d9cd,train,2,3928722b03eab5.jpg,happywhale__d655c1ba5181,0.10002807527780533,0
ee9a6aac5eb469.jpg,happywhale__f46b5831d9cd,train,3,de30c654ed88fc.jpg,happywhale__f0aa1422b26f,0.09799569845199585,0
ee9a6aac5eb469.jpg,happywhale__f46b5831d9cd,train,4,0c20fa17107d28.jpg,happywhale__586ef16f4536,0.09649606794118881,0
ee9a6aac5eb469.jpg,happywhale__f46b5831d9cd,train,5,881699068277b0.jpg,happywhale__f195c38bcf17,0.09196282923221588,0
ee9a6aac5eb469.jpg,happywhale__f46b5831d9cd,train,6,efd441710bdbf5.jpg,happywhale__6f632b846891,0.0900636613368988,0
ee9a6aac5eb469.jpg,happywhale__f46b5831d9cd,train,7,914eb9d0010fc1.jpg,happywhale__02ac4e3ca497,0.08268123865127563,0
ee9a6aac5eb469.jpg,happywhale__f46b5831d9cd,train,8,242b9417b81b67.jpg,happywhale__daa006a682c7,0.07946639508008957,0
ee9a6aac5eb469.jpg,happywhale__f46b5831d9cd,train,9,5cdc99e062770e.jpg,happywhale__f195c38bcf17,0.07798362523317337,0
ee9a6aac5eb469.jpg,happywhale__f46b5831d9cd,train,10,d0915e1a69af05.jpg,happywhale__60008f293a2b,0.07797864079475403,0
2eb1457386cf9c.jpg,happywhale__dabe818f41de,train,1,a33c55fffb6f8f.jpg,happywhale__d2eff394100e,0.11531466245651245,0
2eb1457386cf9c.jpg,happywhale__dabe818f41de,train,2,52a08ec6ba9298.jpg,happywhale__2e268c8dbd31,0.11425279825925827,0
2eb1457386cf9c.jpg,happywhale__dabe818f41de,train,3,e0f42ed04b6c9d.jpg,happywhale__abbeba14a290,0.10269934684038162,0
2eb1457386cf9c.jpg,happywhale__dabe818f41de,train,4,ec843e312e997b.jpg,happywhale__ffd38c0d37ad,0.10053317248821259,0
2eb1457386cf9c.jpg,happywhale__dabe818f41de,train,5,f57fc78aec8e23.jpg,happywhale__32eeef0dc892,0.09939973056316376,0
2eb1457386cf9c.jpg,happywhale__dabe818f41de,train,6,54e5b1668bf49b.jpg,happywhale__cdf6abe97eb5,0.09713414311408997,0
2eb1457386cf9c.jpg,happywhale__dabe818f41de,train,7,254466ca685bed.jpg,happywhale__19c2bfaa0819,0.0956641286611557,0
2eb1457386cf9c.jpg,happywhale__dabe818f41de,train,8,49eb5543456d28.jpg,happywhale__abbeba14a290,0.09390145540237427,0
2eb1457386cf9c.jpg,happywhale__dabe818f41de,train,9,abd5c384b61fb4.jpg,happywhale__956562ff2888,0.09285104274749756,0
2eb1457386cf9c.jpg,happywhale__dabe818f41de,train,10,7bc2adc88ec27a.jpg,happywhale__7355eee87d75,0.08559639006853104,0
cf3b2813621210.jpg,happywhale__162420404da3,train,1,368fb92c8fae5b.jpg,happywhale__cca9869bbd74,0.11945551633834839,0
cf3b2813621210.jpg,happywhale__162420404da3,train,2,74e9ba35bd9677.jpg,happywhale__445270d9ad52,0.11607017368078232,0
cf3b2813621210.jpg,happywhale__162420404da3,train,3,cc762236e5610f.jpg,happywhale__bc1eb2241633,0.09981445968151093,0
cf3b2813621210.jpg,happywhale__162420404da3,train,4,69a7715b985459.jpg,happywhale__6f632b846891,0.09406890720129013,0
cf3b2813621210.jpg,happywhale__162420404da3,train,5,edf725ab1d3298.jpg,happywhale__4b3320581310,0.08813139796257019,0
cf3b2813621210.jpg,happywhale__162420404da3,train,6,e70ade645a9396.jpg,happywhale__37c7aba965a5,0.0868653655052185,0
cf3b2813621210.jpg,happywhale__162420404da3,train,7,b20f973527dfed.jpg,happywhale__5bf17305f073,0.08303825557231903,0
cf3b2813621210.jpg,happywhale__162420404da3,train,8,5d86886958e8bc.jpg,happywhale__114207cab555,0.08199240267276764,0
cf3b2813621210.jpg,happywhale__162420404da3,train,9,7c1ef9998a957b.jpg,happywhale__bf7e1e0738f5,0.08144079148769379,0
cf3b2813621210.jpg,happywhale__162420404da3,train,10,7fd5afe28a4901.jpg,happywhale__281504409737,0.08088012784719467,0
f7ba25f7825efa.jpg,happywhale__f1e6c5118903,train,1,19776eeb8e4c70.jpg,happywhale__2372d0d26c20,0.12360629439353943,0
f7ba25f7825efa.jpg,happywhale__f1e6c5118903,train,2,5a0fc41d18a742.jpg,happywhale__cccdade6dad1,0.12184076756238937,0
f7ba25f7825efa.jpg,happywhale__f1e6c5118903,train,3,006fc52f81ab7d.jpg,happywhale__73e13d5e4ada,0.11855751276016235,0
f7ba25f7825efa.jpg,happywhale__f1e6c5118903,train,4,ec843e312e997b.jpg,happywhale__ffd38c0d37ad,0.10055092722177505,0
f7ba25f7825efa.jpg,happywhale__f1e6c5118903,train,5,bf38dbef206cad.jpg,happywhale__19fbb960f07d,0.09531081467866898,0
f7ba25f7825efa.jpg,happywhale__f1e6c5118903,train,6,65fe551281f25d.jpg,happywhale__a3e8d208c6a4,0.09110531210899353,0
f7ba25f7825efa.jpg,happywhale__f1e6c5118903,train,7,72688062aea539.jpg,happywhale__20916df9f20d,0.0898417979478836,0
f7ba25f7825efa.jpg,happywhale__f1e6c5118903,train,8,e419a6f078c95a.jpg,happywhale__be2aa86d0e5b,0.08591622114181519,0
f7ba25f7825efa.jpg,happywhale__f1e6c5118903,train,9,e3a3ee4bcdfb0b.jpg,happywhale__9582cc692d85,0.08537322282791138,0
f7ba25f7825efa.jpg,happywhale__f1e6c5118903,train,10,2dc5ca63b6a1a9.jpg,happywhale__4d18b20adff3,0.08101543039083481,0
5e11b50e9ac44a.jpg,happywhale__86257eaa613b,train,1,6829b0d9fffc42.jpg,happywhale__600ab1de92d9,0.10650993883609772,0
5e11b50e9ac44a.jpg,happywhale__86257eaa613b,train,2,0fc326131c1853.jpg,happywhale__ad981a124bbd,0.09757906943559647,0
5e11b50e9ac44a.jpg,happywhale__86257eaa613b,train,3,d1a65ffbdde747.jpg,happywhale__35f898e6595e,0.09384766966104507,0
5e11b50e9ac44a.jpg,happywhale__86257eaa613b,train,4,5e67ca22c753fe.jpg,happywhale__19fbb960f07d,0.09208994358778,0
5e11b50e9ac44a.jpg,happywhale__86257eaa613b,train,5,f63bf9fdda99a1.jpg,happywhale__02ac4e3ca497,0.08709839731454849,0
5e11b50e9ac44a.jpg,happywhale__86257eaa613b,train,6,5d0d11a4f79106.jpg,happywhale__dba4e482f0ad,0.0866050124168396,0
5e11b50e9ac44a.jpg,happywhale__86257eaa613b,train,7,0667b46ad0eb2b.jpg,happywhale__54e54ab37a82,0.08549925684928894,0
5e11b50e9ac44a.jpg,happywhale__86257eaa613b,train,8,f1e4c988841a54.jpg,happywhale__c27db73f0e3b,0.08448979258537292,0
5e11b50e9ac44a.jpg,happywhale__86257eaa613b,train,9,6468bf6599dfc9.jpg,happywhale__7362d7a01d00,0.08428654819726944,0
5e11b50e9ac44a.jpg,happywhale__86257eaa613b,train,10,63c1457a0c63ee.jpg,happywhale__37c7aba965a5,0.08370580524206161,0
74f1748bb6cb06.jpg,happywhale__b701a645a567,train,1,76f9812673738d.jpg,happywhale__180c0ab04dcd,0.10463395714759827,0
74f1748bb6cb06.jpg,happywhale__b701a645a567,train,2,081850f7c90d34.jpg,happywhale__1191a41ee0f4,0.10430615395307541,0
74f1748bb6cb06.jpg,happywhale__b701a645a567,train,3,5e67ca22c753fe.jpg,happywhale__19fbb960f07d,0.09846823662519455,0
74f1748bb6cb06.jpg,happywhale__b701a645a567,train,4,8642e1d1f3d4cb.jpg,happywhale__0e4660baf3f1,0.09206106513738632,0
74f1748bb6cb06.jpg,happywhale__b701a645a567,train,5,3f01bc94f640ec.jpg,happywhale__37c7aba965a5,0.08779865503311157,0
74f1748bb6cb06.jpg,happywhale__b701a645a567,train,6,0d80230956e1da.jpg,happywhale__a43daee90cbc,0.08637331426143646,0
74f1748bb6cb06.jpg,happywhale__b701a645a567,train,7,8cc6a6222a89f5.jpg,happywhale__04cc97bc74f0,0.08555919677019119,0
74f1748bb6cb06.jpg,happywhale__b701a645a567,train,8,2b6ab0c4bd9e5e.jpg,happywhale__df8110697987,0.08493995666503906,0
74f1748bb6cb06.jpg,happywhale__b701a645a567,train,9,4492af8d29e76c.jpg,happywhale__8deb2171580e,0.08463578671216965,0
74f1748bb6cb06.jpg,happywhale__b701a645a567,train,10,3d1608a8f3a245.jpg,happywhale__b2a4a87ffb86,0.08065135776996613,0
cea2e31d161336.jpg,happywhale__90e2a0133e28,train,1,4c859090d536eb.jpg,happywhale__0b2973489685,0.12248595058917999,0
cea2e31d161336.jpg,happywhale__90e2a0133e28,train,2,ebbb180e5ba721.jpg,happywhale__600ab1de92d9,0.11250448226928711,0
cea2e31d161336.jpg,happywhale__90e2a0133e28,train,3,59d645f2a2f052.jpg,happywhale__1f131241029a,0.10793471336364746,0
cea2e31d161336.jpg,happywhale__90e2a0133e28,train,4,9852fc2314d013.jpg,happywhale__37c7aba965a5,0.094868965446949,0
cea2e31d161336.jpg,happywhale__90e2a0133e28,train,5,3928722b03eab5.jpg,happywhale__d655c1ba5181,0.09459121525287628,0
cea2e31d161336.jpg,happywhale__90e2a0133e28,train,6,751efeca48ae8b.jpg,happywhale__3fd298d255d7,0.09439196437597275,0
cea2e31d161336.jpg,happywhale__90e2a0133e28,train,7,d139f40ca8e88f.jpg,happywhale__956562ff2888,0.0943223237991333,0
cea2e31d161336.jpg,happywhale__90e2a0133e28,train,8,aed691e7005984.jpg,happywhale__ecd7bda11e61,0.09150175750255585,0
cea2e31d161336.jpg,happywhale__90e2a0133e28,train,9,c83ee0cedf922e.jpg,happywhale__efda8f368763,0.08129917085170746,0
cea2e31d161336.jpg,happywhale__90e2a0133e28,train,10,e05c18c0c7dc51.jpg,happywhale__4b8534134eb8,0.0769016221165657,0
95a413ed306af2.jpg,happywhale__b54c1f8df53f,train,1,5bf67997940ebf.jpg,happywhale__ce6e37904aa4,0.09502622485160828,0
95a413ed306af2.jpg,happywhale__b54c1f8df53f,train,2,99a7be2a06bb6d.jpg,happywhale__15f06fdf57fa,0.09493781626224518,0
95a413ed306af2.jpg,happywhale__b54c1f8df53f,train,3,2886e5346729e9.jpg,happywhale__a6e325d8e924,0.08405238389968872,0
95a413ed306af2.jpg,happywhale__b54c1f8df53f,train,4,6e3fdf51464d2c.jpg,happywhale__a265c977dc30,0.07921150326728821,0
95a413ed306af2.jpg,happywhale__b54c1f8df53f,train,5,acdbfde9f7b21d.jpg,happywhale__938b7e931166,0.07920610904693604,0
95a413ed306af2.jpg,happywhale__b54c1f8df53f,train,6,e4164cb20e6273.jpg,happywhale__a265c977dc30,0.07867611944675446,0
95a413ed306af2.jpg,happywhale__b54c1f8df53f,train,7,996f81c60c47b7.jpg,happywhale__7362d7a01d00,0.07697942852973938,0
95a413ed306af2.jpg,happywhale__b54c1f8df53f,train,8,940ce6d0e7656e.jpg,happywhale__f195c38bcf17,0.07529376447200775,0
95a413ed306af2.jpg,happywhale__b54c1f8df53f,train,9,a4cb74ee6ce195.jpg,happywhale__7fdeba948ee8,0.07476039230823517,0
95a413ed306af2.jpg,happywhale__b54c1f8df53f,train,10,cabf72f76b7608.jpg,happywhale__2280b5fcc6c2,0.07415372133255005,0
99c97457a214d8.jpg,happywhale__15b7d08184ca,train,1,e85a2d2e604c79.jpg,happywhale__37c7aba965a5,0.10187756270170212,0
99c97457a214d8.jpg,happywhale__15b7d08184ca,train,2,1d8e7f6076c294.jpg,happywhale__4b8534134eb8,0.10145007073879242,0
99c97457a214d8.jpg,happywhale__15b7d08184ca,train,3,477242315bddbc.jpg,happywhale__a59972315f7d,0.09362594783306122,0
99c97457a214d8.jpg,happywhale__15b7d08184ca,train,4,3c1cd4e6385d94.jpg,happywhale__5bf17305f073,0.09118346869945526,0
99c97457a214d8.jpg,happywhale__15b7d08184ca,train,5,adb893cdd5b1e9.jpg,happywhale__15d96d5d42c2,0.09020030498504639,0
99c97457a214d8.jpg,happywhale__15b7d08184ca,train,6,1db86a2efe52f8.jpg,happywhale__19fbb960f07d,0.0880676805973053,0
99c97457a214d8.jpg,happywhale__15b7d08184ca,train,7,a1067dc939af3c.jpg,happywhale__4d18b20adff3,0.08671310544013977,0
99c97457a214d8.jpg,happywhale__15b7d08184ca,train,8,d139f40ca8e88f.jpg,happywhale__956562ff2888,0.08493540436029434,0
99c97457a214d8.jpg,happywhale__15b7d08184ca,train,9,40e8f83611211d.jpg,happywhale__778419da2957,0.0825800970196724,0
99c97457a214d8.jpg,happywhale__15b7d08184ca,train,10,3928722b03eab5.jpg,happywhale__d655c1ba5181,0.0823313444852829,0
58717167e4f921.jpg,happywhale__989563596678,train,1,47432842973ac2.jpg,happywhale__bc1eb2241633,0.1432681828737259,0
58717167e4f921.jpg,happywhale__989563596678,train,2,8802debf9166af.jpg,happywhale__b91c12ffc2b0,0.10300067067146301,0
58717167e4f921.jpg,happywhale__989563596678,train,3,e0f42ed04b6c9d.jpg,happywhale__abbeba14a290,0.10030616819858551,0
58717167e4f921.jpg,happywhale__989563596678,train,4,3e02207102ed92.jpg,happywhale__626fc1a305f3,0.09425576776266098,0
58717167e4f921.jpg,happywhale__989563596678,train,5,7219dec5d57d40.jpg,happywhale__43946ac5a865,0.08992200344800949,0
58717167e4f921.jpg,happywhale__989563596678,train,6,4e157efa54513b.jpg,happywhale__37c7aba965a5,0.08710706233978271,0
58717167e4f921.jpg,happywhale__989563596678,train,7,36b8e1a916e758.jpg,happywhale__e527fa08772c,0.08628964424133301,0
58717167e4f921.jpg,happywhale__989563596678,train,8,6c6d15274229e7.jpg,happywhale__9e89f8e28807,0.08474329113960266,0
58717167e4f921.jpg,happywhale__989563596678,train,9,183f5654ceab1a.jpg,happywhale__5b8a39979dc2,0.0843004509806633,0
58717167e4f921.jpg,happywhale__989563596678,train,10,6829b0d9fffc42.jpg,happywhale__600ab1de92d9,0.07755087316036224,0
c1879fa6f980b1.jpg,happywhale__c54c8b3b9cad,train,1,ac9ef87502e350.jpg,happywhale__90cfd1801b72,0.10406848043203354,0
c1879fa6f980b1.jpg,happywhale__c54c8b3b9cad,train,2,b60939357c0b45.jpg,happywhale__ed3416e01fe2,0.10337216407060623,0
c1879fa6f980b1.jpg,happywhale__c54c8b3b9cad,train,3,a689e154c8fa67.jpg,happywhale__4051086ed105,0.10104978829622269,0
c1879fa6f980b1.jpg,happywhale__c54c8b3b9cad,train,4,d2c38037227101.jpg,happywhale__956562ff2888,0.0975072905421257,0
c1879fa6f980b1.jpg,happywhale__c54c8b3b9cad,train,5,67dc1e7937b886.jpg,happywhale__a8040569f5e3,0.09749305248260498,0
c1879fa6f980b1.jpg,happywhale__c54c8b3b9cad,train,6,f9b1d4b66a753d.jpg,happywhale__6a3af6e0c55c,0.09556563198566437,0
c1879fa6f980b1.jpg,happywhale__c54c8b3b9cad,train,7,128f627ccaeeaf.jpg,happywhale__7593d2aee842,0.09405399858951569,0
c1879fa6f980b1.jpg,happywhale__c54c8b3b9cad,train,8,d6b3ad21cdcec0.jpg,happywhale__8ca0a04df7a1,0.09155986458063126,0
c1879fa6f980b1.jpg,happywhale__c54c8b3b9cad,train,9,3b6f9fb71a986e.jpg,happywhale__8beb43dfa67e,0.09131729602813721,0
c1879fa6f980b1.jpg,happywhale__c54c8b3b9cad,train,10,b163f800b9df44.jpg,happywhale__cc0e0b020a90,0.08927599340677261,0
ca68461f311e5d.jpg,happywhale__7a58308da755,train,1,89de5ac89c6ea9.jpg,happywhale__6f47542558a1,0.10517828911542892,0
ca68461f311e5d.jpg,happywhale__7a58308da755,train,2,de1cce0ca1ab02.jpg,happywhale__0dbe0c61bb2f,0.1016840785741806,0
ca68461f311e5d.jpg,happywhale__7a58308da755,train,3,cabf72f76b7608.jpg,happywhale__2280b5fcc6c2,0.09903880208730698,0
ca68461f311e5d.jpg,happywhale__7a58308da755,train,4,9baf954c3cfcca.jpg,happywhale__4ddb2eeb5efb,0.09374135732650757,0
ca68461f311e5d.jpg,happywhale__7a58308da755,train,5,c1dd6d4ba611e2.jpg,happywhale__f7bb4f9a9d1a,0.09262906014919281,0
ca68461f311e5d.jpg,happywhale__7a58308da755,train,6,948b8a7bd8ed9d.jpg,happywhale__1ff6d285b427,0.09028227627277374,0
ca68461f311e5d.jpg,happywhale__7a58308da755,train,7,ce8c5f679fc0e8.jpg,happywhale__c995c043c353,0.08850345015525818,0
ca68461f311e5d.jpg,happywhale__7a58308da755,train,8,e419a6f078c95a.jpg,happywhale__be2aa86d0e5b,0.08796563744544983,0
ca68461f311e5d.jpg,happywhale__7a58308da755,train,9,1cc8b823cfee11.jpg,happywhale__d939e819e989,0.08399701118469238,0
ca68461f311e5d.jpg,happywhale__7a58308da755,train,10,6a7992bbdc1463.jpg,happywhale__aeae6f5bf5cd,0.08363720774650574,0
d24faaa8e4cc69.jpg,happywhale__f3e4073c3ab0,train,1,7cfb77bf4697b3.jpg,happywhale__bf2e0d964354,0.13073906302452087,0
d24faaa8e4cc69.jpg,happywhale__f3e4073c3ab0,train,2,1746dac91890b5.jpg,happywhale__37c7aba965a5,0.10879077762365341,0
d24faaa8e4cc69.jpg,happywhale__f3e4073c3ab0,train,3,9a0a00d81fe205.jpg,happywhale__5f48c2296a0e,0.10271765291690826,0
d24faaa8e4cc69.jpg,happywhale__f3e4073c3ab0,train,4,08afcc9a51485c.jpg,happywhale__8690c5185efc,0.09637173265218735,0
d24faaa8e4cc69.jpg,happywhale__f3e4073c3ab0,train,5,802fc46a882ea9.jpg,happywhale__4905c4399fdf,0.09446282684803009,0
d24faaa8e4cc69.jpg,happywhale__f3e4073c3ab0,train,6,7ddfa853fcf7f3.jpg,happywhale__48936da899c3,0.08769580721855164,0
d24faaa8e4cc69.jpg,happywhale__f3e4073c3ab0,train,7,fcedf79a50b34a.jpg,happywhale__20916df9f20d,0.08723022043704987,0
d24faaa8e4cc69.jpg,happywhale__f3e4073c3ab0,train,8,abd5c384b61fb4.jpg,happywhale__956562ff2888,0.084969162940979,0
d24faaa8e4cc69.jpg,happywhale__f3e4073c3ab0,train,9,8b9d638a8d9f7b.jpg,happywhale__02da0e68dccd,0.0845099538564682,0
d24faaa8e4cc69.jpg,happywhale__f3e4073c3ab0,train,10,ac7eb3b3abcfb7.jpg,happywhale__812be36c2aef,0.08211304247379303,0
3a5bdd75531fd5.jpg,happywhale__8beb43dfa67e,train,1,4cd0d37d9425ae.jpg,happywhale__37c7aba965a5,0.09831605851650238,0
3a5bdd75531fd5.jpg,happywhale__8beb43dfa67e,train,2,ce8c5f679fc0e8.jpg,happywhale__c995c043c353,0.09683875739574432,0
3a5bdd75531fd5.jpg,happywhale__8beb43dfa67e,train,3,16b6ccd0e9f482.jpg,happywhale__84d91f8c1f99,0.09077616035938263,0
3a5bdd75531fd5.jpg,happywhale__8beb43dfa67e,train,4,7ba5dce13f1a0c.jpg,happywhale__c27db73f0e3b,0.08587624132633209,0
3a5bdd75531fd5.jpg,happywhale__8beb43dfa67e,train,5,246c7ad9faa7d5.jpg,happywhale__10e758eb503a,0.08579940348863602,0
3a5bdd75531fd5.jpg,happywhale__8beb43dfa67e,train,6,e3dd2372bb3d1c.jpg,happywhale__8bc942512479,0.08464916795492172,0
3a5bdd75531fd5.jpg,happywhale__8beb43dfa67e,train,7,a8ed5673f7f600.jpg,happywhale__15b7d08184ca,0.08232183009386063,0
3a5bdd75531fd5.jpg,happywhale__8beb43dfa67e,train,8,f4dc639b841709.jpg,happywhale__366200ff5b49,0.08077278733253479,0
3a5bdd75531fd5.jpg,happywhale__8beb43dfa67e,train,9,2e2c1b80b2cbfa.jpg,happywhale__19fbb960f07d,0.08040890842676163,0
3a5bdd75531fd5.jpg,happywhale__8beb43dfa67e,train,10,aa30094ee5de4a.jpg,happywhale__a22f9b1c9bc5,0.08008816093206406,0
8cb4b9aa8fd07b.jpg,happywhale__6c431160f03b,train,1,7219dec5d57d40.jpg,happywhale__43946ac5a865,0.12865936756134033,0
8cb4b9aa8fd07b.jpg,happywhale__6c431160f03b,train,2,bb59b4118b2913.jpg,happywhale__1c49644ca9b3,0.099160335958004,0
8cb4b9aa8fd07b.jpg,happywhale__6c431160f03b,train,3,c60e7c03d35f98.jpg,happywhale__262f464ee602,0.09031322598457336,0
8cb4b9aa8fd07b.jpg,happywhale__6c431160f03b,train,4,88fa84eb778902.jpg,happywhale__600ab1de92d9,0.08777108788490295,0
8cb4b9aa8fd07b.jpg,happywhale__6c431160f03b,train,5,2282c1672ebcc0.jpg,happywhale__ef0ddd083fbe,0.08435004949569702,0
8cb4b9aa8fd07b.jpg,happywhale__6c431160f03b,train,6,5cdc99e062770e.jpg,happywhale__f195c38bcf17,0.0841127261519432,0
8cb4b9aa8fd07b.jpg,happywhale__6c431160f03b,train,7,d3916ce31e202a.jpg,happywhale__5217e9a77c76,0.08166840672492981,0
8cb4b9aa8fd07b.jpg,happywhale__6c431160f03b,train,8,e2ed3dcd47cd2b.jpg,happywhale__136b6c84830f,0.0810389369726181,0
8cb4b9aa8fd07b.jpg,happywhale__6c431160f03b,train,9,b31e0abdee438e.jpg,happywhale__18dbd44823c7,0.08085118979215622,0
8cb4b9aa8fd07b.jpg,happywhale__6c431160f03b,train,10,e3a3ee4bcdfb0b.jpg,happywhale__9582cc692d85,0.08041469752788544,0
503cfac421ea9c.jpg,happywhale__262f464ee602,train,1,4b3bc32f1863ac.jpg,happywhale__52a2c490b25a,0.10405381768941879,0
503cfac421ea9c.jpg,happywhale__262f464ee602,train,2,ac9ef87502e350.jpg,happywhale__90cfd1801b72,0.1021435558795929,0
503cfac421ea9c.jpg,happywhale__262f464ee602,train,3,b36106cb083f06.jpg,happywhale__938b7e931166,0.09994813799858093,0
503cfac421ea9c.jpg,happywhale__262f464ee602,train,4,9e41da3f113abb.jpg,happywhale__2c45eacc8a8f,0.09169451892375946,0
503cfac421ea9c.jpg,happywhale__262f464ee602,train,5,467b7ea606163d.jpg,happywhale__e53d52e33e81,0.08995693176984787,0
503cfac421ea9c.jpg,happywhale__262f464ee602,train,6,751efeca48ae8b.jpg,happywhale__3fd298d255d7,0.08840595930814743,0
503cfac421ea9c.jpg,happywhale__262f464ee602,train,7,86de5347b2ce2b.jpg,happywhale__208b91b1ca2b,0.08509041368961334,0
503cfac421ea9c.jpg,happywhale__262f464ee602,train,8,1cc8b823cfee11.jpg,happywhale__d939e819e989,0.08332587778568268,0
503cfac421ea9c.jpg,happywhale__262f464ee602,train,9,248b21125dd262.jpg,happywhale__bf412253bbc2,0.082742840051651,0
503cfac421ea9c.jpg,happywhale__262f464ee602,train,10,8af9eb2fcae91b.jpg,happywhale__ae4343270756,0.08240754157304764,0
94ecb55aac1274.jpg,happywhale__6398f8680938,train,1,78f13e1a682b2f.jpg,happywhale__778419da2957,0.1314019113779068,0
94ecb55aac1274.jpg,happywhale__6398f8680938,train,2,13f37b16ceedec.jpg,happywhale__20916df9f20d,0.11804874241352081,0
94ecb55aac1274.jpg,happywhale__6398f8680938,train,3,242b9417b81b67.jpg,happywhale__daa006a682c7,0.10826383531093597,0
94ecb55aac1274.jpg,happywhale__6398f8680938,train,4,6bc7a817d92d49.jpg,happywhale__d218dff09dab,0.09072399139404297,0
94ecb55aac1274.jpg,happywhale__6398f8680938,train,5,57b59169cbef43.jpg,happywhale__7661d208bc83,0.08933456242084503,0
94ecb55aac1274.jpg,happywhale__6398f8680938,train,6,55e59fd7c2a41c.jpg,happywhale__03c879f7c6d5,0.08748835325241089,0
94ecb55aac1274.jpg,happywhale__6398f8680938,train,7,da6e4b3f090235.jpg,happywhale__4b9bc905af99,0.0869915634393692,0
94ecb55aac1274.jpg,happywhale__6398f8680938,train,8,4390f15cf8aa98.jpg,happywhale__4b8534134eb8,0.08400572091341019,0
94ecb55aac1274.jpg,happywhale__6398f8680938,train,9,802fc46a882ea9.jpg,happywhale__4905c4399fdf,0.08379156142473221,0
94ecb55aac1274.jpg,happywhale__6398f8680938,train,10,754f9b78d92797.jpg,happywhale__7aa5641e5acc,0.08286306262016296,0
aae91311bc4eea.jpg,happywhale__54912b16ef72,train,1,fdb2ccfd932325.jpg,happywhale__f3e4073c3ab0,0.11762316524982452,0
aae91311bc4eea.jpg,happywhale__54912b16ef72,train,2,8bb0ccee254114.jpg,happywhale__3028ee318e75,0.09166450798511505,0
aae91311bc4eea.jpg,happywhale__54912b16ef72,train,3,3e02207102ed92.jpg,happywhale__626fc1a305f3,0.09078343957662582,0
aae91311bc4eea.jpg,happywhale__54912b16ef72,train,4,74e2e274e07a37.jpg,happywhale__b123e4a7c182,0.09033796191215515,0
aae91311bc4eea.jpg,happywhale__54912b16ef72,train,5,df37a0401576d5.jpg,happywhale__3cbc20a1fbfb,0.08965528756380081,0
aae91311bc4eea.jpg,happywhale__54912b16ef72,train,6,3a5b5db84f6268.jpg,happywhale__ce6e37904aa4,0.08699293434619904,0
aae91311bc4eea.jpg,happywhale__54912b16ef72,train,7,03140e5948e848.jpg,happywhale__337a339b042b,0.08505556732416153,0
aae91311bc4eea.jpg,happywhale__54912b16ef72,train,8,64d11f294d89d3.jpg,happywhale__b9907151f66e,0.08371548354625702,0
aae91311bc4eea.jpg,happywhale__54912b16ef72,train,9,cef37343bf4c6c.jpg,happywhale__19fbb960f07d,0.08240079879760742,0
aae91311bc4eea.jpg,happywhale__54912b16ef72,train,10,1c7b0a1e07855f.jpg,happywhale__938b7e931166,0.07992159575223923,0
86c81b1bbfb5ac.jpg,happywhale__7bedeacdc4d2,train,1,246c7ad9faa7d5.jpg,happywhale__10e758eb503a,0.10952728241682053,0
86c81b1bbfb5ac.jpg,happywhale__7bedeacdc4d2,train,2,3c74e6e93121f7.jpg,happywhale__281504409737,0.10231154412031174,0
86c81b1bbfb5ac.jpg,happywhale__7bedeacdc4d2,train,3,aedf6d9ed9359b.jpg,happywhale__003fd9e237f5,0.10204984247684479,0
86c81b1bbfb5ac.jpg,happywhale__7bedeacdc4d2,train,4,58eaeaedeb6309.jpg,happywhale__02da0e68dccd,0.09760214388370514,0
86c81b1bbfb5ac.jpg,happywhale__7bedeacdc4d2,train,5,be3c49a3168f24.jpg,happywhale__322a18725969,0.08666236698627472,0
86c81b1bbfb5ac.jpg,happywhale__7bedeacdc4d2,train,6,eb558bd96c3e0e.jpg,happywhale__bf412253bbc2,0.08599594235420227,0
86c81b1bbfb5ac.jpg,happywhale__7bedeacdc4d2,train,7,61f6ebc20247b8.jpg,happywhale__136b6c84830f,0.0823715329170227,0
86c81b1bbfb5ac.jpg,happywhale__7bedeacdc4d2,train,8,aa30094ee5de4a.jpg,happywhale__a22f9b1c9bc5,0.08159195631742477,0
86c81b1bbfb5ac.jpg,happywhale__7bedeacdc4d2,train,9,94b441d82224d6.jpg,happywhale__5bf17305f073,0.07905353605747223,0
86c81b1bbfb5ac.jpg,happywhale__7bedeacdc4d2,train,10,8802debf9166af.jpg,happywhale__b91c12ffc2b0,0.07799064368009567,0
7688dfac69110f.jpg,happywhale__5fc809d9e819,train,1,c5bd0f6a30117f.jpg,happywhale__8f332df12364,0.11395993828773499,0
7688dfac69110f.jpg,happywhale__5fc809d9e819,train,2,3c749ff40d5618.jpg,happywhale__7845337998d6,0.1003904938697815,0
7688dfac69110f.jpg,happywhale__5fc809d9e819,train,3,f17562e0d7b43e.jpg,happywhale__0f72263cd384,0.0952451303601265,0
7688dfac69110f.jpg,happywhale__5fc809d9e819,train,4,f46399ab5c7482.jpg,happywhale__84d91f8c1f99,0.09420237690210342,0
7688dfac69110f.jpg,happywhale__5fc809d9e819,train,5,6b0003c8b3b52f.jpg,happywhale__7593d2aee842,0.0930468887090683,0
7688dfac69110f.jpg,happywhale__5fc809d9e819,train,6,284fb6913bc975.jpg,happywhale__7bedeacdc4d2,0.091767817735672,0
7688dfac69110f.jpg,happywhale__5fc809d9e819,train,7,0d0825b2d22330.jpg,happywhale__a6e325d8e924,0.09127399325370789,0
7688dfac69110f.jpg,happywhale__5fc809d9e819,train,8,3e02207102ed92.jpg,happywhale__626fc1a305f3,0.0855264887213707,0
7688dfac69110f.jpg,happywhale__5fc809d9e819,train,9,360f294366b6e6.jpg,happywhale__208b91b1ca2b,0.08508490771055222,0
7688dfac69110f.jpg,happywhale__5fc809d9e819,train,10,52a08ec6ba9298.jpg,happywhale__2e268c8dbd31,0.08457637578248978,0
8f0b96095e7074.jpg,happywhale__df8110697987,train,1,2f6158c21077bb.jpg,happywhale__02da0e68dccd,0.1107657253742218,0
8f0b96095e7074.jpg,happywhale__df8110697987,train,2,4e157efa54513b.jpg,happywhale__37c7aba965a5,0.11052954941987991,0
8f0b96095e7074.jpg,happywhale__df8110697987,train,3,9454c39e9b0ea6.jpg,happywhale__10e758eb503a,0.09901315718889236,0
8f0b96095e7074.jpg,happywhale__df8110697987,train,4,47432842973ac2.jpg,happywhale__bc1eb2241633,0.08861853927373886,0
8f0b96095e7074.jpg,happywhale__df8110697987,train,5,f37bf6ed206850.jpg,happywhale__7362d7a01d00,0.08799206465482712,0
8f0b96095e7074.jpg,happywhale__df8110697987,train,6,6f786d196df3f0.jpg,happywhale__f46395452c26,0.08742877840995789,0
8f0b96095e7074.jpg,happywhale__df8110697987,train,7,7ca8b5566c659d.jpg,happywhale__ca88903ae96e,0.08708025515079498,0
8f0b96095e7074.jpg,happywhale__df8110697987,train,8,53b37ebbd453ae.jpg,happywhale__73e13d5e4ada,0.0865994319319725,0
8f0b96095e7074.jpg,happywhale__df8110697987,train,9,da6e4b3f090235.jpg,happywhale__4b9bc905af99,0.08628695458173752,0
8f0b96095e7074.jpg,happywhale__df8110697987,train,10,7ef69637f21888.jpg,happywhale__0f72263cd384,0.08341605961322784,0
b5e57e2dd9e26d.jpg,happywhale__fc0f7c162cc0,train,1,63c1457a0c63ee.jpg,happywhale__37c7aba965a5,0.09292156994342804,0
b5e57e2dd9e26d.jpg,happywhale__fc0f7c162cc0,train,2,54f4ced5c87ef0.jpg,happywhale__ed207aa81bd0,0.09117334336042404,0
b5e57e2dd9e26d.jpg,happywhale__fc0f7c162cc0,train,3,904b0972f24ec4.jpg,happywhale__2fdb3a09dc9c,0.08932609856128693,0
b5e57e2dd9e26d.jpg,happywhale__fc0f7c162cc0,train,4,5d86886958e8bc.jpg,happywhale__114207cab555,0.08931729197502136,0
b5e57e2dd9e26d.jpg,happywhale__fc0f7c162cc0,train,5,47432842973ac2.jpg,happywhale__bc1eb2241633,0.08775955438613892,0
b5e57e2dd9e26d.jpg,happywhale__fc0f7c162cc0,train,6,d644521e677c18.jpg,happywhale__208b91b1ca2b,0.08719319105148315,0
b5e57e2dd9e26d.jpg,happywhale__fc0f7c162cc0,train,7,1a58dce81de5e6.jpg,happywhale__5fc809d9e819,0.08443330973386765,0
b5e57e2dd9e26d.jpg,happywhale__fc0f7c162cc0,train,8,3c2f065ecdd9e5.jpg,happywhale__0e4660baf3f1,0.0839032530784607,0
b5e57e2dd9e26d.jpg,happywhale__fc0f7c162cc0,train,9,6be9cca6c64aff.jpg,happywhale__1191a41ee0f4,0.07856006920337677,0
b5e57e2dd9e26d.jpg,happywhale__fc0f7c162cc0,train,10,0421e91fd8eca0.jpg,happywhale__84a261c0e5cf,0.078011155128479,0
f031f82bf67003.jpg,happywhale__f17a28521e9d,train,1,285eafa076b72e.jpg,happywhale__480677e8cf20,0.11173667013645172,0
f031f82bf67003.jpg,happywhale__f17a28521e9d,train,2,c0b804aaa17c62.jpg,happywhale__9e89f8e28807,0.09607256948947906,0
f031f82bf67003.jpg,happywhale__f17a28521e9d,train,3,adb893cdd5b1e9.jpg,happywhale__15d96d5d42c2,0.09438829869031906,0
f031f82bf67003.jpg,happywhale__f17a28521e9d,train,4,8f8d2ae4c17234.jpg,happywhale__5bf17305f073,0.08926838636398315,0
f031f82bf67003.jpg,happywhale__f17a28521e9d,train,5,22383da42effde.jpg,happywhale__f195c38bcf17,0.0860631912946701,0
f031f82bf67003.jpg,happywhale__f17a28521e9d,train,6,02b64041dc2a40.jpg,happywhale__ec1469b7e368,0.08086203038692474,0
f031f82bf67003.jpg,happywhale__f17a28521e9d,train,7,9e41da3f113abb.jpg,happywhale__2c45eacc8a8f,0.07540924847126007,0
f031f82bf67003.jpg,happywhale__f17a28521e9d,train,8,6387e3554f9b71.jpg,happywhale__1191a41ee0f4,0.07493067532777786,0
f031f82bf67003.jpg,happywhale__f17a28521e9d,train,9,6b0003c8b3b52f.jpg,happywhale__7593d2aee842,0.07431820034980774,0
f031f82bf67003.jpg,happywhale__f17a28521e9d,train,10,64d11f294d89d3.jpg,happywhale__b9907151f66e,0.0730556920170784,0
7d3b48aed123dc.jpg,happywhale__7ca409a5c15b,train,1,bb73e86e263f91.jpg,happywhale__32eeef0dc892,0.11765047162771225,0
7d3b48aed123dc.jpg,happywhale__7ca409a5c15b,train,2,58eaeaedeb6309.jpg,happywhale__02da0e68dccd,0.10171318799257278,0
7d3b48aed123dc.jpg,happywhale__7ca409a5c15b,train,3,416c0eec4aa038.jpg,happywhale__4b234d0d53c1,0.09603838622570038,0
7d3b48aed123dc.jpg,happywhale__7ca409a5c15b,train,4,a7cb5f3da7b444.jpg,happywhale__f46b5831d9cd,0.09332777559757233,0
7d3b48aed123dc.jpg,happywhale__7ca409a5c15b,train,5,59d645f2a2f052.jpg,happywhale__1f131241029a,0.09301799535751343,0
7d3b48aed123dc.jpg,happywhale__7ca409a5c15b,train,6,e2aff076642b23.jpg,happywhale__59bb4b4ec9e0,0.09216456115245819,0
7d3b48aed123dc.jpg,happywhale__7ca409a5c15b,train,7,9ce37dff58d0f0.jpg,happywhale__37c7aba965a5,0.09119410812854767,0
7d3b48aed123dc.jpg,happywhale__7ca409a5c15b,train,8,5b3091824fa477.jpg,happywhale__122dc7f46c24,0.09004916995763779,0
7d3b48aed123dc.jpg,happywhale__7ca409a5c15b,train,9,d84cbbca2ed330.jpg,happywhale__6ad3713dda3a,0.08741632103919983,0
7d3b48aed123dc.jpg,happywhale__7ca409a5c15b,train,10,de30c654ed88fc.jpg,happywhale__f0aa1422b26f,0.08737622201442719,0
95c79d05ecd6d6.jpg,happywhale__8deb2171580e,train,1,2ff292d1990bd1.jpg,happywhale__79385e461dd1,0.12586814165115356,0
95c79d05ecd6d6.jpg,happywhale__8deb2171580e,train,2,4cfa50f4794827.jpg,happywhale__a59972315f7d,0.1003735139966011,0
95c79d05ecd6d6.jpg,happywhale__8deb2171580e,train,3,e2aff076642b23.jpg,happywhale__59bb4b4ec9e0,0.09902976453304291,0
95c79d05ecd6d6.jpg,happywhale__8deb2171580e,train,4,7051638c63cd23.jpg,happywhale__b9907151f66e,0.0985661968588829,0
95c79d05ecd6d6.jpg,happywhale__8deb2171580e,train,5,aedf6d9ed9359b.jpg,happywhale__003fd9e237f5,0.09735193103551865,0
95c79d05ecd6d6.jpg,happywhale__8deb2171580e,train,6,3d1608a8f3a245.jpg,happywhale__b2a4a87ffb86,0.0973496064543724,0
95c79d05ecd6d6.jpg,happywhale__8deb2171580e,train,7,c1dd6d4ba611e2.jpg,happywhale__f7bb4f9a9d1a,0.09305132925510406,0
95c79d05ecd6d6.jpg,happywhale__8deb2171580e,train,8,fdd4e528edb02b.jpg,happywhale__2280b5fcc6c2,0.09036392718553543,0
95c79d05ecd6d6.jpg,happywhale__8deb2171580e,train,9,04181f5f077438.jpg,happywhale__403dfea4e4bb,0.09034386277198792,0
95c79d05ecd6d6.jpg,happywhale__8deb2171580e,train,10,e677ab132c2c91.jpg,happywhale__f46973e895f7,0.08629371225833893,0
ed0edf8c755016.jpg,happywhale__480677e8cf20,train,1,d86cfb63ecafaf.jpg,happywhale__bc1eb2241633,0.11496154963970184,0
ed0edf8c755016.jpg,happywhale__480677e8cf20,train,2,7a675f3eb7704c.jpg,happywhale__caee7717cf57,0.1066708117723465,0
ed0edf8c755016.jpg,happywhale__480677e8cf20,train,3,5362f5ffcf119c.jpg,happywhale__51c1774c4f6e,0.10650034248828888,0
ed0edf8c755016.jpg,happywhale__480677e8cf20,train,4,88fa84eb778902.jpg,happywhale__600ab1de92d9,0.09383133798837662,0
ed0edf8c755016.jpg,happywhale__480677e8cf20,train,5,aed691e7005984.jpg,happywhale__ecd7bda11e61,0.09365101158618927,0
ed0edf8c755016.jpg,happywhale__480677e8cf20,train,6,dff5e1130cb677.jpg,happywhale__5bf17305f073,0.09220907092094421,0
ed0edf8c755016.jpg,happywhale__480677e8cf20,train,7,89e697bcacc325.jpg,happywhale__ae4343270756,0.09042145311832428,0
ed0edf8c755016.jpg,happywhale__480677e8cf20,train,8,87bd4d01a68d45.jpg,happywhale__695bb814ce56,0.0893959030508995,0
ed0edf8c755016.jpg,happywhale__480677e8cf20,train,9,db5abd2820d671.jpg,happywhale__aeae6f5bf5cd,0.08792861551046371,0
ed0edf8c755016.jpg,happywhale__480677e8cf20,train,10,9f2ffd7e4b2bc5.jpg,happywhale__70858f1edf62,0.08616381883621216,0
1277ea9704dbe8.jpg,happywhale__4ddb2eeb5efb,train,1,469dbba150c60c.jpg,happywhale__1f131241029a,0.11455395072698593,0
1277ea9704dbe8.jpg,happywhale__4ddb2eeb5efb,train,2,2a30c2e0071fa3.jpg,happywhale__80d72641f44d,0.1024797111749649,0
1277ea9704dbe8.jpg,happywhale__4ddb2eeb5efb,train,3,f2a8c48d00717c.jpg,happywhale__0d73b01c5e77,0.08926493674516678,0
1277ea9704dbe8.jpg,happywhale__4ddb2eeb5efb,train,4,327e5c89f63f1b.jpg,happywhale__b9907151f66e,0.08762750029563904,0
1277ea9704dbe8.jpg,happywhale__4ddb2eeb5efb,train,5,18e49f485604f5.jpg,happywhale__7ca409a5c15b,0.08660703152418137,0
1277ea9704dbe8.jpg,happywhale__4ddb2eeb5efb,train,6,d2223f21b5474c.jpg,happywhale__00ccfc1f8b06,0.08651544153690338,0
1277ea9704dbe8.jpg,happywhale__4ddb2eeb5efb,train,7,f9be911ac673ea.jpg,happywhale__d04d847eb995,0.08449891954660416,0
1277ea9704dbe8.jpg,happywhale__4ddb2eeb5efb,train,8,8103c91ca5279c.jpg,happywhale__03c879f7c6d5,0.08404208719730377,0
1277ea9704dbe8.jpg,happywhale__4ddb2eeb5efb,train,9,eb1d5b701cc3a9.jpg,happywhale__114207cab555,0.0840144157409668,0
1277ea9704dbe8.jpg,happywhale__4ddb2eeb5efb,train,10,1746dac91890b5.jpg,happywhale__37c7aba965a5,0.08382348716259003,0
0c4f660e8b083d.jpg,happywhale__2fdb3a09dc9c,train,1,8f7d8c6114879c.jpg,happywhale__84d91f8c1f99,0.09892384707927704,0
0c4f660e8b083d.jpg,happywhale__2fdb3a09dc9c,train,2,0a7a8f558c14a1.jpg,happywhale__ffbb4e585ff2,0.09809800982475281,0
0c4f660e8b083d.jpg,happywhale__2fdb3a09dc9c,train,3,a05aad267c22b8.jpg,happywhale__bf7e1e0738f5,0.09752184897661209,0
0c4f660e8b083d.jpg,happywhale__2fdb3a09dc9c,train,4,eb6bcda7325bda.jpg,happywhale__a7310896653d,0.09645648300647736,0
0c4f660e8b083d.jpg,happywhale__2fdb3a09dc9c,train,5,adb893cdd5b1e9.jpg,happywhale__15d96d5d42c2,0.09575997292995453,0
0c4f660e8b083d.jpg,happywhale__2fdb3a09dc9c,train,6,8cc6a6222a89f5.jpg,happywhale__04cc97bc74f0,0.09299929440021515,0
0c4f660e8b083d.jpg,happywhale__2fdb3a09dc9c,train,7,9c9235f12d680a.jpg,happywhale__a6e325d8e924,0.09290575981140137,0
0c4f660e8b083d.jpg,happywhale__2fdb3a09dc9c,train,8,b6156edf4b82bb.jpg,happywhale__8690c5185efc,0.08966474235057831,0
0c4f660e8b083d.jpg,happywhale__2fdb3a09dc9c,train,9,2c4340102bae47.jpg,happywhale__7362d7a01d00,0.08868616074323654,0
0c4f660e8b083d.jpg,happywhale__2fdb3a09dc9c,train,10,97422bc1877708.jpg,happywhale__9b97e5d240c9,0.08632592856884003,0
6d324d8214810b.jpg,happywhale__98995caaa0d3,train,1,a81342485651c1.jpg,happywhale__162420404da3,0.1059960126876831,0
6d324d8214810b.jpg,happywhale__98995caaa0d3,train,2,908d7802777cf8.jpg,happywhale__ca88903ae96e,0.10160813480615616,0
6d324d8214810b.jpg,happywhale__98995caaa0d3,train,3,7a675f3eb7704c.jpg,happywhale__caee7717cf57,0.09542079269886017,0
6d324d8214810b.jpg,happywhale__98995caaa0d3,train,4,abd5c384b61fb4.jpg,happywhale__956562ff2888,0.09143751859664917,0
6d324d8214810b.jpg,happywhale__98995caaa0d3,train,5,8802debf9166af.jpg,happywhale__b91c12ffc2b0,0.09026964008808136,0
6d324d8214810b.jpg,happywhale__98995caaa0d3,train,6,57dcae17caf60e.jpg,happywhale__4b234d0d53c1,0.08957851678133011,0
6d324d8214810b.jpg,happywhale__98995caaa0d3,train,7,a895ec602a2503.jpg,happywhale__39c50bb4cb13,0.08620736747980118,0
6d324d8214810b.jpg,happywhale__98995caaa0d3,train,8,0536cccd44e457.jpg,happywhale__bf7e1e0738f5,0.08386503159999847,0
6d324d8214810b.jpg,happywhale__98995caaa0d3,train,9,43eb7c6f897c73.jpg,happywhale__ffbb4e585ff2,0.08329854160547256,0
6d324d8214810b.jpg,happywhale__98995caaa0d3,train,10,86de5347b2ce2b.jpg,happywhale__208b91b1ca2b,0.08309987187385559,0
99b862d4d455e6.jpg,happywhale__e69d5f9f8d1e,train,1,5becc02d35f5ec.jpg,happywhale__600ab1de92d9,0.10211516916751862,0
99b862d4d455e6.jpg,happywhale__e69d5f9f8d1e,train,2,b163f800b9df44.jpg,happywhale__cc0e0b020a90,0.0994897335767746,0
99b862d4d455e6.jpg,happywhale__e69d5f9f8d1e,train,3,183f5654ceab1a.jpg,happywhale__5b8a39979dc2,0.09176509082317352,0
99b862d4d455e6.jpg,happywhale__e69d5f9f8d1e,train,4,96cef870304030.jpg,happywhale__84a261c0e5cf,0.08893963694572449,0
99b862d4d455e6.jpg,happywhale__e69d5f9f8d1e,train,5,3829cf97506980.jpg,happywhale__1ac5332483ae,0.08764287084341049,0
99b862d4d455e6.jpg,happywhale__e69d5f9f8d1e,train,6,c182cc0a0ae4e8.jpg,happywhale__9f3613b5c45b,0.08740204572677612,0
99b862d4d455e6.jpg,happywhale__e69d5f9f8d1e,train,7,00f0f055d749fa.jpg,happywhale__208b91b1ca2b,0.08452583849430084,0
99b862d4d455e6.jpg,happywhale__e69d5f9f8d1e,train,8,aa30094ee5de4a.jpg,happywhale__a22f9b1c9bc5,0.084394671022892,0
99b862d4d455e6.jpg,happywhale__e69d5f9f8d1e,train,9,73ddfd15fac7f5.jpg,happywhale__180c0ab04dcd,0.08285345882177353,0
99b862d4d455e6.jpg,happywhale__e69d5f9f8d1e,train,10,e2aff076642b23.jpg,happywhale__59bb4b4ec9e0,0.0814003273844719,0
17296e9f4db090.jpg,happywhale__fd92aac78676,train,1,2ac46dd28e3df8.jpg,happywhale__ca886e0b34a3,0.11101119220256805,0
17296e9f4db090.jpg,happywhale__fd92aac78676,train,2,f57fc78aec8e23.jpg,happywhale__32eeef0dc892,0.10711397230625153,0
17296e9f4db090.jpg,happywhale__fd92aac78676,train,3,d7db986f354253.jpg,happywhale__bf2e0d964354,0.10612793266773224,0
17296e9f4db090.jpg,happywhale__fd92aac78676,train,4,8cc6a6222a89f5.jpg,happywhale__04cc97bc74f0,0.10014063119888306,0
17296e9f4db090.jpg,happywhale__fd92aac78676,train,5,b3925237a5ce44.jpg,happywhale__0b3fdeb134d3,0.09970808029174805,0
17296e9f4db090.jpg,happywhale__fd92aac78676,train,6,2cee41feca24bf.jpg,happywhale__985e7d6a8052,0.09417276084423065,0
17296e9f4db090.jpg,happywhale__fd92aac78676,train,7,92c3842fa86fcb.jpg,happywhale__be330f0c495c,0.09270580857992172,0
17296e9f4db090.jpg,happywhale__fd92aac78676,train,8,6de42412f2b142.jpg,happywhale__445270d9ad52,0.0900428295135498,0
17296e9f4db090.jpg,happywhale__fd92aac78676,train,9,adb893cdd5b1e9.jpg,happywhale__15d96d5d42c2,0.08870892226696014,0
17296e9f4db090.jpg,happywhale__fd92aac78676,train,10,71a509bdec372e.jpg,happywhale__fd92aac78676,0.08623111248016357,1
7bc9810dd20bbb.jpg,happywhale__1492507238d8,train,1,1133539886157f.jpg,happywhale__a8c9dfb8ac6f,0.10925740748643875,0
7bc9810dd20bbb.jpg,happywhale__1492507238d8,train,2,da2fce2547fd52.jpg,happywhale__ce6e37904aa4,0.10791684687137604,0
7bc9810dd20bbb.jpg,happywhale__1492507238d8,train,3,dacb5db8874adf.jpg,happywhale__a86b9a0c8b35,0.10715694725513458,0
7bc9810dd20bbb.jpg,happywhale__1492507238d8,train,4,5c070479216a07.jpg,happywhale__48936da899c3,0.09888873994350433,0
7bc9810dd20bbb.jpg,happywhale__1492507238d8,train,5,2169a83e915fee.jpg,happywhale__37c7aba965a5,0.09882701933383942,0
7bc9810dd20bbb.jpg,happywhale__1492507238d8,train,6,36b8e1a916e758.jpg,happywhale__e527fa08772c,0.09229166805744171,0
7bc9810dd20bbb.jpg,happywhale__1492507238d8,train,7,e3759d92d52249.jpg,happywhale__c171b020c8c7,0.09043540805578232,0
7bc9810dd20bbb.jpg,happywhale__1492507238d8,train,8,cc192d2b6548b7.jpg,happywhale__322a18725969,0.08467621356248856,0
7bc9810dd20bbb.jpg,happywhale__1492507238d8,train,9,c60e7c03d35f98.jpg,happywhale__262f464ee602,0.08432038128376007,0
7bc9810dd20bbb.jpg,happywhale__1492507238d8,train,10,73ddf0079e4b70.jpg,happywhale__ef0ddd083fbe,0.08358790725469589,0
5b57e818ef0969.jpg,happywhale__1c49644ca9b3,train,1,b28509af468427.jpg,happywhale__322a18725969,0.1118273138999939,0
5b57e818ef0969.jpg,happywhale__1c49644ca9b3,train,2,006fc52f81ab7d.jpg,happywhale__73e13d5e4ada,0.1095171794295311,0
5b57e818ef0969.jpg,happywhale__1c49644ca9b3,train,3,8b9d638a8d9f7b.jpg,happywhale__02da0e68dccd,0.10372857749462128,0
5b57e818ef0969.jpg,happywhale__1c49644ca9b3,train,4,608db08db94aca.jpg,happywhale__a49ae5521315,0.10283637046813965,0
5b57e818ef0969.jpg,happywhale__1c49644ca9b3,train,5,8ff84a8933671e.jpg,happywhale__8b712d2a5313,0.09472033381462097,0
5b57e818ef0969.jpg,happywhale__1c49644ca9b3,train,6,5005284b3a7e0d.jpg,happywhale__73e13d5e4ada,0.08992543816566467,0
5b57e818ef0969.jpg,happywhale__1c49644ca9b3,train,7,fd2490573c7d29.jpg,happywhale__812be36c2aef,0.08696126192808151,0
5b57e818ef0969.jpg,happywhale__1c49644ca9b3,train,8,c5b721b7069d9a.jpg,happywhale__d97fe0753099,0.08655420690774918,0
5b57e818ef0969.jpg,happywhale__1c49644ca9b3,train,9,8f8d2ae4c17234.jpg,happywhale__5bf17305f073,0.08614553511142731,0
5b57e818ef0969.jpg,happywhale__1c49644ca9b3,train,10,1db86a2efe52f8.jpg,happywhale__19fbb960f07d,0.08573536574840546,0
9069d8fc00313e.jpg,happywhale__e8ac23241df5,train,1,ae5c2c46f79866.jpg,happywhale__6a3af6e0c55c,0.10290644317865372,0
9069d8fc00313e.jpg,happywhale__e8ac23241df5,train,2,1964cf33f5fb76.jpg,happywhale__956562ff2888,0.09928622841835022,0
9069d8fc00313e.jpg,happywhale__e8ac23241df5,train,3,73ddf0079e4b70.jpg,happywhale__ef0ddd083fbe,0.0917697325348854,0
9069d8fc00313e.jpg,happywhale__e8ac23241df5,train,4,cce547cf402ab8.jpg,happywhale__778419da2957,0.0907086580991745,0
9069d8fc00313e.jpg,happywhale__e8ac23241df5,train,5,9f3c60ff3f2a7c.jpg,happywhale__cd720f8127f5,0.08976944535970688,0
9069d8fc00313e.jpg,happywhale__e8ac23241df5,train,6,7e028f5242a7d5.jpg,happywhale__ad981a124bbd,0.08413854241371155,0
9069d8fc00313e.jpg,happywhale__e8ac23241df5,train,7,754f9b78d92797.jpg,happywhale__7aa5641e5acc,0.08402690291404724,0
9069d8fc00313e.jpg,happywhale__e8ac23241df5,train,8,b41a3cabcd21e9.jpg,happywhale__0611c23e6914,0.08339373767375946,0
9069d8fc00313e.jpg,happywhale__e8ac23241df5,train,9,794170aa9d68ae.jpg,happywhale__314a574f87c9,0.08066955208778381,0
9069d8fc00313e.jpg,happywhale__e8ac23241df5,train,10,f2ef1faba3d624.jpg,happywhale__989563596678,0.0796491801738739,0
8936f34aba6899.jpg,happywhale__38c2a8e40437,train,1,c65ad0c7eb22e1.jpg,happywhale__e527fa08772c,0.11278678476810455,0
8936f34aba6899.jpg,happywhale__38c2a8e40437,train,2,2dc5ca63b6a1a9.jpg,happywhale__4d18b20adff3,0.10753373056650162,0
8936f34aba6899.jpg,happywhale__38c2a8e40437,train,3,4f727df23a5ada.jpg,happywhale__8274ddd12a43,0.09660333395004272,0
8936f34aba6899.jpg,happywhale__38c2a8e40437,train,4,02ec334dd4940e.jpg,happywhale__ad981a124bbd,0.09312796592712402,0
8936f34aba6899.jpg,happywhale__38c2a8e40437,train,5,246c7ad9faa7d5.jpg,happywhale__10e758eb503a,0.0915742814540863,0
8936f34aba6899.jpg,happywhale__38c2a8e40437,train,6,0c20fa17107d28.jpg,happywhale__586ef16f4536,0.09087827801704407,0
8936f34aba6899.jpg,happywhale__38c2a8e40437,train,7,edb744ea92bdf5.jpg,happywhale__dba4e482f0ad,0.08964519947767258,0
8936f34aba6899.jpg,happywhale__38c2a8e40437,train,8,477242315bddbc.jpg,happywhale__a59972315f7d,0.0894731804728508,0
8936f34aba6899.jpg,happywhale__38c2a8e40437,train,9,4390f15cf8aa98.jpg,happywhale__4b8534134eb8,0.0840158686041832,0
8936f34aba6899.jpg,happywhale__38c2a8e40437,train,10,82376ac284c581.jpg,happywhale__6f632b846891,0.08319667726755142,0
5e8dd412060c6d.jpg,happywhale__a8a663f9f7f0,train,1,cf93f3887be017.jpg,happywhale__64c398234574,0.10205187648534775,0
5e8dd412060c6d.jpg,happywhale__a8a663f9f7f0,train,2,615b9ee0797a62.jpg,happywhale__f3c484809ce8,0.10174426436424255,0
5e8dd412060c6d.jpg,happywhale__a8a663f9f7f0,train,3,65c7f699788ec9.jpg,happywhale__9e89f8e28807,0.10026595741510391,0
5e8dd412060c6d.jpg,happywhale__a8a663f9f7f0,train,4,9c9235f12d680a.jpg,happywhale__a6e325d8e924,0.09710092097520828,0
5e8dd412060c6d.jpg,happywhale__a8a663f9f7f0,train,5,ec4823d823f2ed.jpg,happywhale__9f3613b5c45b,0.09134306013584137,0
5e8dd412060c6d.jpg,happywhale__a8a663f9f7f0,train,6,51a076ba6f6a4d.jpg,happywhale__76b5aad6b790,0.08857238292694092,0
5e8dd412060c6d.jpg,happywhale__a8a663f9f7f0,train,7,8ef6d11022cbd5.jpg,happywhale__7a58308da755,0.08498338609933853,0
5e8dd412060c6d.jpg,happywhale__a8a663f9f7f0,train,8,eb558bd96c3e0e.jpg,happywhale__bf412253bbc2,0.08415497839450836,0
5e8dd412060c6d.jpg,happywhale__a8a663f9f7f0,train,9,04ce80680480d6.jpg,happywhale__f3c484809ce8,0.0812128558754921,0
5e8dd412060c6d.jpg,happywhale__a8a663f9f7f0,train,10,8ff84a8933671e.jpg,happywhale__8b712d2a5313,0.08030512928962708,0
f5c6d94c84b22f.jpg,happywhale__79bb59a9ddc8,train,1,5bbffc16d1fd16.jpg,happywhale__02da0e68dccd,0.10508774220943451,0
f5c6d94c84b22f.jpg,happywhale__79bb59a9ddc8,train,2,7f1aca47dbb859.jpg,happywhale__4a94b1849f80,0.10460066050291061,0
f5c6d94c84b22f.jpg,happywhale__79bb59a9ddc8,train,3,4f238f872751a4.jpg,happywhale__cc0e0b020a90,0.10149688273668289,0
f5c6d94c84b22f.jpg,happywhale__79bb59a9ddc8,train,4,9041e0e6d51322.jpg,happywhale__de69dc1d1cad,0.09965672343969345,0
f5c6d94c84b22f.jpg,happywhale__79bb59a9ddc8,train,5,edb744ea92bdf5.jpg,happywhale__dba4e482f0ad,0.09936140477657318,0
f5c6d94c84b22f.jpg,happywhale__79bb59a9ddc8,train,6,b3500da8409f96.jpg,happywhale__6e8b8fed87af,0.09430104494094849,0
f5c6d94c84b22f.jpg,happywhale__79bb59a9ddc8,train,7,3829cf97506980.jpg,happywhale__1ac5332483ae,0.09266486763954163,0
f5c6d94c84b22f.jpg,happywhale__79bb59a9ddc8,train,8,4d7d79ca5eb367.jpg,happywhale__322a18725969,0.09259738773107529,0
f5c6d94c84b22f.jpg,happywhale__79bb59a9ddc8,train,9,b014dcf12e7125.jpg,happywhale__136b6c84830f,0.09170634299516678,0
f5c6d94c84b22f.jpg,happywhale__79bb59a9ddc8,train,10,d3a7b0caec5211.jpg,happywhale__ea8160d46f8f,0.08748114109039307,0
6fc276879a4158.jpg,happywhale__fcc7ade0c50a,train,1,d1a65ffbdde747.jpg,happywhale__35f898e6595e,0.11165232211351395,0
6fc276879a4158.jpg,happywhale__fcc7ade0c50a,train,2,5c775ecbbb18f3.jpg,happywhale__ea6eccb47a48,0.10905437916517258,0
6fc276879a4158.jpg,happywhale__fcc7ade0c50a,train,3,97887c22222f0b.jpg,happywhale__180c0ab04dcd,0.09995730221271515,0
6fc276879a4158.jpg,happywhale__fcc7ade0c50a,train,4,593e4c1d710485.jpg,happywhale__4b8534134eb8,0.09338287264108658,0
6fc276879a4158.jpg,happywhale__fcc7ade0c50a,train,5,b24da1d67a5022.jpg,happywhale__403dfea4e4bb,0.09320336580276489,0
6fc276879a4158.jpg,happywhale__fcc7ade0c50a,train,6,85e364d616c2fb.jpg,happywhale__51db5a85aaf7,0.09273464977741241,0
6fc276879a4158.jpg,happywhale__fcc7ade0c50a,train,7,51f4e2ab45fee3.jpg,happywhale__dd8c756c9cb7,0.09170286357402802,0
6fc276879a4158.jpg,happywhale__fcc7ade0c50a,train,8,40ae920715dea9.jpg,happywhale__aa17186c38fe,0.0858742743730545,0
6fc276879a4158.jpg,happywhale__fcc7ade0c50a,train,9,58e95869d96178.jpg,happywhale__be330f0c495c,0.08386044204235077,0
6fc276879a4158.jpg,happywhale__fcc7ade0c50a,train,10,adb893cdd5b1e9.jpg,happywhale__15d96d5d42c2,0.08332163095474243,0
e9f9b61b021e6f.jpg,happywhale__51db5a85aaf7,train,1,2a30c2e0071fa3.jpg,happywhale__80d72641f44d,0.10828573256731033,0
e9f9b61b021e6f.jpg,happywhale__51db5a85aaf7,train,2,2b6ab0c4bd9e5e.jpg,happywhale__df8110697987,0.08830372989177704,0
e9f9b61b021e6f.jpg,happywhale__51db5a85aaf7,train,3,4fbb04a4a5b506.jpg,happywhale__735496dc7e64,0.08476684242486954,0
e9f9b61b021e6f.jpg,happywhale__51db5a85aaf7,train,4,7c1ef9998a957b.jpg,happywhale__bf7e1e0738f5,0.08403445035219193,0
e9f9b61b021e6f.jpg,happywhale__51db5a85aaf7,train,5,6829b0d9fffc42.jpg,happywhale__600ab1de92d9,0.08100326359272003,0
e9f9b61b021e6f.jpg,happywhale__51db5a85aaf7,train,6,23d8b7f0303961.jpg,happywhale__76b5aad6b790,0.08026715368032455,0
e9f9b61b021e6f.jpg,happywhale__51db5a85aaf7,train,7,99753bb3a5aabc.jpg,happywhale__d15c6ea7adf0,0.07645206898450851,0
e9f9b61b021e6f.jpg,happywhale__51db5a85aaf7,train,8,1c22d0aeac13f9.jpg,happywhale__d5e0b1aa6132,0.07161036878824234,0
e9f9b61b021e6f.jpg,happywhale__51db5a85aaf7,train,9,1f12268e428757.jpg,happywhale__aeae6f5bf5cd,0.0716065913438797,0
e9f9b61b021e6f.jpg,happywhale__51db5a85aaf7,train,10,99a7be2a06bb6d.jpg,happywhale__15f06fdf57fa,0.07146275043487549,0
0cc2ad0a435d13.jpg,happywhale__2e0b381d3467,train,1,b014dcf12e7125.jpg,happywhale__136b6c84830f,0.10074527561664581,0
0cc2ad0a435d13.jpg,happywhale__2e0b381d3467,train,2,c732fef22a0cdb.jpg,happywhale__4b234d0d53c1,0.09950391203165054,0
0cc2ad0a435d13.jpg,happywhale__2e0b381d3467,train,3,754f9b78d92797.jpg,happywhale__7aa5641e5acc,0.09920621663331985,0
0cc2ad0a435d13.jpg,happywhale__2e0b381d3467,train,4,16b6ccd0e9f482.jpg,happywhale__84d91f8c1f99,0.09815579652786255,0
0cc2ad0a435d13.jpg,happywhale__2e0b381d3467,train,5,ac9ef87502e350.jpg,happywhale__90cfd1801b72,0.09762437641620636,0
0cc2ad0a435d13.jpg,happywhale__2e0b381d3467,train,6,018490eafcf301.jpg,happywhale__2ca0b9b39092,0.09566766023635864,0
0cc2ad0a435d13.jpg,happywhale__2e0b381d3467,train,7,86de5347b2ce2b.jpg,happywhale__208b91b1ca2b,0.0934111475944519,0
0cc2ad0a435d13.jpg,happywhale__2e0b381d3467,train,8,9f2ffd7e4b2bc5.jpg,happywhale__70858f1edf62,0.0901620090007782,0
0cc2ad0a435d13.jpg,happywhale__2e0b381d3467,train,9,6eb2e9eefafe8c.jpg,happywhale__6da7ae3c5d54,0.08736585080623627,0
0cc2ad0a435d13.jpg,happywhale__2e0b381d3467,train,10,c59c184d57505b.jpg,happywhale__47e591d9b820,0.08384564518928528,0
19bdd2ec6ce17b.jpg,happywhale__54e54ab37a82,train,1,c4aeab42491318.jpg,happywhale__cbb9151ff9aa,0.1191641166806221,0
19bdd2ec6ce17b.jpg,happywhale__54e54ab37a82,train,2,193884a8d2cbbc.jpg,happywhale__32eeef0dc892,0.10792393237352371,0
19bdd2ec6ce17b.jpg,happywhale__54e54ab37a82,train,3,ff1890dffe03c6.jpg,happywhale__a3c2b1f0ddc4,0.09514491260051727,0
19bdd2ec6ce17b.jpg,happywhale__54e54ab37a82,train,4,6135626b6ee671.jpg,happywhale__8bc942512479,0.08673781156539917,0
19bdd2ec6ce17b.jpg,happywhale__54e54ab37a82,train,5,42927acb49e83d.jpg,happywhale__19c2bfaa0819,0.08564946055412292,0
19bdd2ec6ce17b.jpg,happywhale__54e54ab37a82,train,6,e8c98b8f99ce4e.jpg,happywhale__910b942f8c3a,0.08518470823764801,0
19bdd2ec6ce17b.jpg,happywhale__54e54ab37a82,train,7,0c9c6cfb9f2014.jpg,happywhale__6e8b8fed87af,0.08435311168432236,0
19bdd2ec6ce17b.jpg,happywhale__54e54ab37a82,train,8,6a8e002d46dd21.jpg,happywhale__80d282ac5d45,0.08046358823776245,0
19bdd2ec6ce17b.jpg,happywhale__54e54ab37a82,train,9,6e3fdf51464d2c.jpg,happywhale__a265c977dc30,0.0804092139005661,0
19bdd2ec6ce17b.jpg,happywhale__54e54ab37a82,train,10,7428500626f798.jpg,happywhale__e44e4b2ceed9,0.07897400110960007,0
277a4f26e6ec0b.jpg,happywhale__86c20ead4674,train,1,816e99bc344c04.jpg,happywhale__7053d3c812b5,0.11337800323963165,0
277a4f26e6ec0b.jpg,happywhale__86c20ead4674,train,2,8ef6d11022cbd5.jpg,happywhale__7a58308da755,0.10636816173791885,0
277a4f26e6ec0b.jpg,happywhale__86c20ead4674,train,3,4d90c0710008b2.jpg,happywhale__73e13d5e4ada,0.10089649260044098,0
277a4f26e6ec0b.jpg,happywhale__86c20ead4674,train,4,2b6ab0c4bd9e5e.jpg,happywhale__df8110697987,0.10015315562486649,0
277a4f26e6ec0b.jpg,happywhale__86c20ead4674,train,5,604972f7e592d1.jpg,happywhale__077a5cc373ed,0.08551056683063507,0
277a4f26e6ec0b.jpg,happywhale__86c20ead4674,train,6,9041e0e6d51322.jpg,happywhale__de69dc1d1cad,0.08537135273218155,0
277a4f26e6ec0b.jpg,happywhale__86c20ead4674,train,7,48f925f74de847.jpg,happywhale__3a608b68bde4,0.08469109982252121,0
277a4f26e6ec0b.jpg,happywhale__86c20ead4674,train,8,8103c91ca5279c.jpg,happywhale__03c879f7c6d5,0.08416673541069031,0
277a4f26e6ec0b.jpg,happywhale__86c20ead4674,train,9,1a58dce81de5e6.jpg,happywhale__5fc809d9e819,0.08296164870262146,0
277a4f26e6ec0b.jpg,happywhale__86c20ead4674,train,10,3cdbcf7dd053a6.jpg,happywhale__58555c55b575,0.08281471580266953,0
fc8f27cad91570.jpg,happywhale__617368452785,train,1,fd4947bf60c177.jpg,happywhale__de44e7d9d16e,0.1416645497083664,0
fc8f27cad91570.jpg,happywhale__617368452785,train,2,df37a0401576d5.jpg,happywhale__3cbc20a1fbfb,0.1001754030585289,0
fc8f27cad91570.jpg,happywhale__617368452785,train,3,87bd4d01a68d45.jpg,happywhale__695bb814ce56,0.09774115681648254,0
fc8f27cad91570.jpg,happywhale__617368452785,train,4,65c7f699788ec9.jpg,happywhale__9e89f8e28807,0.08571479469537735,0
fc8f27cad91570.jpg,happywhale__617368452785,train,5,ffe6940bd23980.jpg,happywhale__a8a663f9f7f0,0.08521305024623871,0
fc8f27cad91570.jpg,happywhale__617368452785,train,6,94722f88403840.jpg,happywhale__82723a73169a,0.08503789454698563,0
fc8f27cad91570.jpg,happywhale__617368452785,train,7,1c291674cec281.jpg,happywhale__9a6b86f7bb3e,0.08331982791423798,0
fc8f27cad91570.jpg,happywhale__617368452785,train,8,5bf67997940ebf.jpg,happywhale__ce6e37904aa4,0.0827600508928299,0
fc8f27cad91570.jpg,happywhale__617368452785,train,9,db5abd2820d671.jpg,happywhale__aeae6f5bf5cd,0.08217134326696396,0
fc8f27cad91570.jpg,happywhale__617368452785,train,10,6a7992bbdc1463.jpg,happywhale__aeae6f5bf5cd,0.08047164976596832,0
9eae97f9a06ebd.jpg,happywhale__17ae98f695f2,train,1,58eaeaedeb6309.jpg,happywhale__02da0e68dccd,0.10302695631980896,0
9eae97f9a06ebd.jpg,happywhale__17ae98f695f2,train,2,de23f4037f32b6.jpg,happywhale__37c7aba965a5,0.09430862963199615,0
9eae97f9a06ebd.jpg,happywhale__17ae98f695f2,train,3,c182cc0a0ae4e8.jpg,happywhale__9f3613b5c45b,0.09265255928039551,0
9eae97f9a06ebd.jpg,happywhale__17ae98f695f2,train,4,5bf67997940ebf.jpg,happywhale__ce6e37904aa4,0.09215576946735382,0
9eae97f9a06ebd.jpg,happywhale__17ae98f695f2,train,5,0db4ac7082d586.jpg,happywhale__b38a72898f67,0.09008345007896423,0
9eae97f9a06ebd.jpg,happywhale__17ae98f695f2,train,6,5c070479216a07.jpg,happywhale__48936da899c3,0.08460607379674911,0
9eae97f9a06ebd.jpg,happywhale__17ae98f695f2,train,7,e4be30257dd09a.jpg,happywhale__c995c043c353,0.08343653380870819,0
9eae97f9a06ebd.jpg,happywhale__17ae98f695f2,train,8,064a58e26d8b34.jpg,happywhale__be2aa86d0e5b,0.08313070237636566,0
9eae97f9a06ebd.jpg,happywhale__17ae98f695f2,train,9,908d7802777cf8.jpg,happywhale__ca88903ae96e,0.08277330547571182,0
9eae97f9a06ebd.jpg,happywhale__17ae98f695f2,train,10,92d296d61955b4.jpg,happywhale__a6e325d8e924,0.08262674510478973,0
4115d09465aea7.jpg,happywhale__837712d84254,train,1,54e09e2ba75f9a.jpg,happywhale__1191a41ee0f4,0.12792587280273438,0
4115d09465aea7.jpg,happywhale__837712d84254,train,2,b47f6068788fbe.jpg,happywhale__0c7efa8795f5,0.12404831498861313,0
4115d09465aea7.jpg,happywhale__837712d84254,train,3,f44fae53058124.jpg,happywhale__886086dd8462,0.10176294296979904,0
4115d09465aea7.jpg,happywhale__837712d84254,train,4,d71a6c412f2325.jpg,happywhale__1492507238d8,0.10123647749423981,0
4115d09465aea7.jpg,happywhale__837712d84254,train,5,285eafa076b72e.jpg,happywhale__480677e8cf20,0.09777773916721344,0
4115d09465aea7.jpg,happywhale__837712d84254,train,6,86de787f5fcf05.jpg,happywhale__600ab1de92d9,0.09340906143188477,0
4115d09465aea7.jpg,happywhale__837712d84254,train,7,36b8e1a916e758.jpg,happywhale__e527fa08772c,0.08538909256458282,0
4115d09465aea7.jpg,happywhale__837712d84254,train,8,c5e5bb3770dbdc.jpg,happywhale__a43daee90cbc,0.08198602497577667,0
4115d09465aea7.jpg,happywhale__837712d84254,train,9,58eaeaedeb6309.jpg,happywhale__02da0e68dccd,0.08190470188856125,0
4115d09465aea7.jpg,happywhale__837712d84254,train,10,838beeaee9997c.jpg,happywhale__366200ff5b49,0.08151790499687195,0
0adee4b9fdf9bc.jpg,happywhale__a52e4ad2dbb3,train,1,af0fa946c301f2.jpg,happywhale__281504409737,0.10316099226474762,0
0adee4b9fdf9bc.jpg,happywhale__a52e4ad2dbb3,train,2,83d1be21e5dac6.jpg,happywhale__600ab1de92d9,0.08994029462337494,0
0adee4b9fdf9bc.jpg,happywhale__a52e4ad2dbb3,train,3,edcf7213bd70b5.jpg,happywhale__02947a94c3fc,0.08029167354106903,0
0adee4b9fdf9bc.jpg,happywhale__a52e4ad2dbb3,train,4,cbdafddca3003d.jpg,happywhale__e8ac23241df5,0.07889337092638016,0
0adee4b9fdf9bc.jpg,happywhale__a52e4ad2dbb3,train,5,92c3842fa86fcb.jpg,happywhale__be330f0c495c,0.0784173384308815,0
0adee4b9fdf9bc.jpg,happywhale__a52e4ad2dbb3,train,6,1db2a00ae599c6.jpg,happywhale__6fe44e67461d,0.07418005168437958,0
0adee4b9fdf9bc.jpg,happywhale__a52e4ad2dbb3,train,7,63c1457a0c63ee.jpg,happywhale__37c7aba965a5,0.07311318814754486,0
0adee4b9fdf9bc.jpg,happywhale__a52e4ad2dbb3,train,8,6135626b6ee671.jpg,happywhale__8bc942512479,0.07233944535255432,0
0adee4b9fdf9bc.jpg,happywhale__a52e4ad2dbb3,train,9,7e8849e3ff8fa3.jpg,happywhale__783f357cf2f9,0.07229551672935486,0
0adee4b9fdf9bc.jpg,happywhale__a52e4ad2dbb3,train,10,97422bc1877708.jpg,happywhale__9b97e5d240c9,0.07173429429531097,0
a2097327b3df8a.jpg,happywhale__d15c6ea7adf0,train,1,4cd0d37d9425ae.jpg,happywhale__37c7aba965a5,0.09863753616809845,0
a2097327b3df8a.jpg,happywhale__d15c6ea7adf0,train,2,55b1538f6d359f.jpg,happywhale__208b91b1ca2b,0.09405805170536041,0
a2097327b3df8a.jpg,happywhale__d15c6ea7adf0,train,3,b8d41c967a740e.jpg,happywhale__82156b30e667,0.08663052320480347,0
a2097327b3df8a.jpg,happywhale__d15c6ea7adf0,train,4,fd2490573c7d29.jpg,happywhale__812be36c2aef,0.08219309151172638,0
a2097327b3df8a.jpg,happywhale__d15c6ea7adf0,train,5,37b7ef237bed4e.jpg,happywhale__ce6e37904aa4,0.08186466991901398,0
a2097327b3df8a.jpg,happywhale__d15c6ea7adf0,train,6,7fd5afe28a4901.jpg,happywhale__281504409737,0.0801210105419159,0
a2097327b3df8a.jpg,happywhale__d15c6ea7adf0,train,7,891463b2c1b9dd.jpg,happywhale__f3d9d1f9eece,0.0797305703163147,0
a2097327b3df8a.jpg,happywhale__d15c6ea7adf0,train,8,1f12268e428757.jpg,happywhale__aeae6f5bf5cd,0.07955945283174515,0
a2097327b3df8a.jpg,happywhale__d15c6ea7adf0,train,9,7b557bda3a3505.jpg,happywhale__4b8534134eb8,0.07637450844049454,0
a2097327b3df8a.jpg,happywhale__d15c6ea7adf0,train,10,b98acef0d45bcd.jpg,happywhale__c80653b9edd0,0.07614766061306,0
4d777566014605.jpg,happywhale__290f46e5130c,train,1,d958a629c25c4f.jpg,happywhale__4d18b20adff3,0.10074004530906677,0
4d777566014605.jpg,happywhale__290f46e5130c,train,2,bdff81b3eb15d7.jpg,happywhale__6bf9810d3632,0.10067003965377808,0
4d777566014605.jpg,happywhale__290f46e5130c,train,3,f2e26d40aa2123.jpg,happywhale__18efa8d0b472,0.10061819851398468,0
4d777566014605.jpg,happywhale__290f46e5130c,train,4,3c2f065ecdd9e5.jpg,happywhale__0e4660baf3f1,0.0982743501663208,0
4d777566014605.jpg,happywhale__290f46e5130c,train,5,97659e926f57c7.jpg,happywhale__9e89f8e28807,0.09594014286994934,0
4d777566014605.jpg,happywhale__290f46e5130c,train,6,1964cf33f5fb76.jpg,happywhale__956562ff2888,0.0898318737745285,0
4d777566014605.jpg,happywhale__290f46e5130c,train,7,b6826988d34d0b.jpg,happywhale__b11b2404c7e3,0.0897226482629776,0
4d777566014605.jpg,happywhale__290f46e5130c,train,8,51dfde55ca4c3d.jpg,happywhale__4b8534134eb8,0.08880440890789032,0
4d777566014605.jpg,happywhale__290f46e5130c,train,9,8642e1d1f3d4cb.jpg,happywhale__0e4660baf3f1,0.08876633644104004,0
4d777566014605.jpg,happywhale__290f46e5130c,train,10,e82ffacc3f24ee.jpg,happywhale__387f17f0676e,0.07988254725933075,0
aec0ff143c3d12.jpg,happywhale__c171b020c8c7,train,1,67dc1e7937b886.jpg,happywhale__a8040569f5e3,0.1106024906039238,0
aec0ff143c3d12.jpg,happywhale__c171b020c8c7,train,2,623f90b86cd4a6.jpg,happywhale__8274ddd12a43,0.10377545654773712,0
aec0ff143c3d12.jpg,happywhale__c171b020c8c7,train,3,9f3c60ff3f2a7c.jpg,happywhale__cd720f8127f5,0.10003963112831116,0
aec0ff143c3d12.jpg,happywhale__c171b020c8c7,train,4,47432842973ac2.jpg,happywhale__bc1eb2241633,0.09989464282989502,0
aec0ff143c3d12.jpg,happywhale__c171b020c8c7,train,5,3af460d293cddb.jpg,happywhale__e839ee7d8cf0,0.09820278733968735,0
aec0ff143c3d12.jpg,happywhale__c171b020c8c7,train,6,948b8a7bd8ed9d.jpg,happywhale__1ff6d285b427,0.0947359949350357,0
aec0ff143c3d12.jpg,happywhale__c171b020c8c7,train,7,a60a28722e2caa.jpg,happywhale__fbe2b15b5481,0.09310094267129898,0
aec0ff143c3d12.jpg,happywhale__c171b020c8c7,train,8,87977dec0e04e3.jpg,happywhale__cb0fed574200,0.09231667965650558,0
aec0ff143c3d12.jpg,happywhale__c171b020c8c7,train,9,1442bb433d5943.jpg,happywhale__60008f293a2b,0.09139823913574219,0
aec0ff143c3d12.jpg,happywhale__c171b020c8c7,train,10,bb59b4118b2913.jpg,happywhale__1c49644ca9b3,0.08865664899349213,0
25da5380b42dfb.jpg,happywhale__93fbdbf1feb6,train,1,1db86a2efe52f8.jpg,happywhale__19fbb960f07d,0.10588729381561279,0
25da5380b42dfb.jpg,happywhale__93fbdbf1feb6,train,2,b929d47e8d148a.jpg,happywhale__06ef73efe924,0.0957862138748169,0
25da5380b42dfb.jpg,happywhale__93fbdbf1feb6,train,3,1a0f7a71686a64.jpg,happywhale__bf412253bbc2,0.09519903361797333,0
25da5380b42dfb.jpg,happywhale__93fbdbf1feb6,train,4,27519cfd8b1004.jpg,happywhale__a7310896653d,0.09022007882595062,0
25da5380b42dfb.jpg,happywhale__93fbdbf1feb6,train,5,b53d5c73706080.jpg,happywhale__be2aa86d0e5b,0.0896538496017456,0
25da5380b42dfb.jpg,happywhale__93fbdbf1feb6,train,6,5cd0ad36937c97.jpg,happywhale__fdbf93575292,0.08810236304998398,0
25da5380b42dfb.jpg,happywhale__93fbdbf1feb6,train,7,2cc66d92c347d3.jpg,happywhale__8b712d2a5313,0.08259408175945282,0
25da5380b42dfb.jpg,happywhale__93fbdbf1feb6,train,8,b60939357c0b45.jpg,happywhale__ed3416e01fe2,0.08136221766471863,0
25da5380b42dfb.jpg,happywhale__93fbdbf1feb6,train,9,7e92e0462c9d25.jpg,happywhale__c9ab1ba25eb8,0.08054979145526886,0
25da5380b42dfb.jpg,happywhale__93fbdbf1feb6,train,10,5b3091824fa477.jpg,happywhale__122dc7f46c24,0.08019526302814484,0
b9180bb25220a5.jpg,happywhale__4905c4399fdf,train,1,cce547cf402ab8.jpg,happywhale__778419da2957,0.10931243002414703,0
b9180bb25220a5.jpg,happywhale__4905c4399fdf,train,2,e3a3ee4bcdfb0b.jpg,happywhale__9582cc692d85,0.09555745124816895,0
b9180bb25220a5.jpg,happywhale__4905c4399fdf,train,3,6f786d196df3f0.jpg,happywhale__f46395452c26,0.09519243240356445,0
b9180bb25220a5.jpg,happywhale__4905c4399fdf,train,4,12148d7eb70a3e.jpg,happywhale__07a477b6a091,0.09036285430192947,0
b9180bb25220a5.jpg,happywhale__4905c4399fdf,train,5,4895e2b46aa757.jpg,happywhale__bfbe09c06683,0.09004336595535278,0
b9180bb25220a5.jpg,happywhale__4905c4399fdf,train,6,2169a83e915fee.jpg,happywhale__37c7aba965a5,0.09003494679927826,0
b9180bb25220a5.jpg,happywhale__4905c4399fdf,train,7,4f443aeed0c503.jpg,happywhale__8690c5185efc,0.08235359191894531,0
b9180bb25220a5.jpg,happywhale__4905c4399fdf,train,8,a33c55fffb6f8f.jpg,happywhale__d2eff394100e,0.07777897268533707,0
b9180bb25220a5.jpg,happywhale__4905c4399fdf,train,9,838beeaee9997c.jpg,happywhale__366200ff5b49,0.07770209014415741,0
b9180bb25220a5.jpg,happywhale__4905c4399fdf,train,10,d89fb30cf6776e.jpg,happywhale__cc797677fcf4,0.0776464194059372,0
5f6fb23f79e210.jpg,happywhale__bc48b7c97463,train,1,754f9b78d92797.jpg,happywhale__7aa5641e5acc,0.12333313375711441,0
5f6fb23f79e210.jpg,happywhale__bc48b7c97463,train,2,fd3882d943a531.jpg,happywhale__6a6fa3ec3810,0.10098566859960556,0
5f6fb23f79e210.jpg,happywhale__bc48b7c97463,train,3,64df9431ed21c6.jpg,happywhale__1afc82b009ea,0.10073727369308472,0
5f6fb23f79e210.jpg,happywhale__bc48b7c97463,train,4,467b7ea606163d.jpg,happywhale__e53d52e33e81,0.08749580383300781,0
5f6fb23f79e210.jpg,happywhale__bc48b7c97463,train,5,8a35ae995424f9.jpg,happywhale__bf412253bbc2,0.08732155710458755,0
5f6fb23f79e210.jpg,happywhale__bc48b7c97463,train,6,37b7ef237bed4e.jpg,happywhale__ce6e37904aa4,0.08592894673347473,0
5f6fb23f79e210.jpg,happywhale__bc48b7c97463,train,7,2ee66f038dc54c.jpg,happywhale__0e4660baf3f1,0.08542832732200623,0
5f6fb23f79e210.jpg,happywhale__bc48b7c97463,train,8,3bdf76bf93a008.jpg,happywhale__ffd38c0d37ad,0.08447575569152832,0
5f6fb23f79e210.jpg,happywhale__bc48b7c97463,train,9,3ac8ff5145b027.jpg,happywhale__ffbb4e585ff2,0.08222652971744537,0
5f6fb23f79e210.jpg,happywhale__bc48b7c97463,train,10,da6e4b3f090235.jpg,happywhale__4b9bc905af99,0.08092626184225082,0
b22064a980260c.jpg,happywhale__387f17f0676e,train,1,cf93f3887be017.jpg,happywhale__64c398234574,0.12431477010250092,0
b22064a980260c.jpg,happywhale__387f17f0676e,train,2,5cd0ad36937c97.jpg,happywhale__fdbf93575292,0.10779578983783722,0
b22064a980260c.jpg,happywhale__387f17f0676e,train,3,cfc29ed0b4ac03.jpg,happywhale__3c346fc4a109,0.10261137783527374,0
b22064a980260c.jpg,happywhale__387f17f0676e,train,4,1757b18c7372c6.jpg,happywhale__a59972315f7d,0.09736201167106628,0
b22064a980260c.jpg,happywhale__387f17f0676e,train,5,b463545e9050ee.jpg,happywhale__6f632b846891,0.09356720745563507,0
b22064a980260c.jpg,happywhale__387f17f0676e,train,6,97659e926f57c7.jpg,happywhale__9e89f8e28807,0.09341417998075485,0
b22064a980260c.jpg,happywhale__387f17f0676e,train,7,6973691dbdbb05.jpg,happywhale__dbc18c7c5856,0.09048353880643845,0
b22064a980260c.jpg,happywhale__387f17f0676e,train,8,b163f800b9df44.jpg,happywhale__cc0e0b020a90,0.0898469090461731,0
b22064a980260c.jpg,happywhale__387f17f0676e,train,9,dc5c4a515c1290.jpg,happywhale__b9907151f66e,0.08835381269454956,0
b22064a980260c.jpg,happywhale__387f17f0676e,train,10,3ff1873e584816.jpg,happywhale__a49ae5521315,0.08791469782590866,0
a47a29c5d6c99d.jpg,happywhale__0dbe0c61bb2f,train,1,d9c4b90a6d9ac2.jpg,happywhale__19fbb960f07d,0.1518705189228058,0
a47a29c5d6c99d.jpg,happywhale__0dbe0c61bb2f,train,2,183f5654ceab1a.jpg,happywhale__5b8a39979dc2,0.1263740211725235,0
a47a29c5d6c99d.jpg,happywhale__0dbe0c61bb2f,train,3,bbf5e431cce227.jpg,happywhale__9f3613b5c45b,0.10965265333652496,0
a47a29c5d6c99d.jpg,happywhale__0dbe0c61bb2f,train,4,3829cf97506980.jpg,happywhale__1ac5332483ae,0.09764095395803452,0
a47a29c5d6c99d.jpg,happywhale__0dbe0c61bb2f,train,5,dcab5c93c5fa98.jpg,happywhale__bf412253bbc2,0.09277456998825073,0
a47a29c5d6c99d.jpg,happywhale__0dbe0c61bb2f,train,6,754f9b78d92797.jpg,happywhale__7aa5641e5acc,0.09189464151859283,0
a47a29c5d6c99d.jpg,happywhale__0dbe0c61bb2f,train,7,5b6d7df9aaeb3f.jpg,happywhale__be3543fc7c74,0.08432700484991074,0
a47a29c5d6c99d.jpg,happywhale__0dbe0c61bb2f,train,8,10fb087a526abe.jpg,happywhale__480677e8cf20,0.08392643928527832,0
a47a29c5d6c99d.jpg,happywhale__0dbe0c61bb2f,train,9,2dc5ca63b6a1a9.jpg,happywhale__4d18b20adff3,0.07939815521240234,0
a47a29c5d6c99d.jpg,happywhale__0dbe0c61bb2f,train,10,396d6b9d0afdea.jpg,happywhale__3d8ae153f3d7,0.07921195030212402,0
87253522d2c2e7.jpg,happywhale__20312a4e3881,train,1,cd0cde53a7ce30.jpg,happywhale__7053d3c812b5,0.1086975634098053,0
87253522d2c2e7.jpg,happywhale__20312a4e3881,train,2,86158a8e4d6c61.jpg,happywhale__a59972315f7d,0.10750970244407654,0
87253522d2c2e7.jpg,happywhale__20312a4e3881,train,3,3c2f065ecdd9e5.jpg,happywhale__0e4660baf3f1,0.10225081443786621,0
87253522d2c2e7.jpg,happywhale__20312a4e3881,train,4,20c32abfcb05aa.jpg,happywhale__7e147a96ad00,0.10002554953098297,0
87253522d2c2e7.jpg,happywhale__20312a4e3881,train,5,4d7d79ca5eb367.jpg,happywhale__322a18725969,0.09915430843830109,0
87253522d2c2e7.jpg,happywhale__20312a4e3881,train,6,52c057a1e0645b.jpg,happywhale__ea6eccb47a48,0.09518751502037048,0
87253522d2c2e7.jpg,happywhale__20312a4e3881,train,7,193884a8d2cbbc.jpg,happywhale__32eeef0dc892,0.09450310468673706,0
87253522d2c2e7.jpg,happywhale__20312a4e3881,train,8,bdca0a5088a600.jpg,happywhale__0bcb911c63d1,0.0913422480225563,0
87253522d2c2e7.jpg,happywhale__20312a4e3881,train,9,c59c184d57505b.jpg,happywhale__47e591d9b820,0.09028477221727371,0
87253522d2c2e7.jpg,happywhale__20312a4e3881,train,10,5bbffc16d1fd16.jpg,happywhale__02da0e68dccd,0.08936573565006256,0
36e704cd907061.jpg,happywhale__c4376121779e,train,1,253f5043822c12.jpg,happywhale__77410a623426,0.12571902573108673,0
36e704cd907061.jpg,happywhale__c4376121779e,train,2,cef37343bf4c6c.jpg,happywhale__19fbb960f07d,0.10625384002923965,0
36e704cd907061.jpg,happywhale__c4376121779e,train,3,fd628d6dca1e4b.jpg,happywhale__a4ecc3308dc5,0.09461056441068649,0
36e704cd907061.jpg,happywhale__c4376121779e,train,4,6829b0d9fffc42.jpg,happywhale__600ab1de92d9,0.09313148260116577,0
36e704cd907061.jpg,happywhale__c4376121779e,train,5,40e8f83611211d.jpg,happywhale__778419da2957,0.09074077010154724,0
36e704cd907061.jpg,happywhale__c4376121779e,train,6,1f12268e428757.jpg,happywhale__aeae6f5bf5cd,0.08846206218004227,0
36e704cd907061.jpg,happywhale__c4376121779e,train,7,2f6158c21077bb.jpg,happywhale__02da0e68dccd,0.08416775614023209,0
36e704cd907061.jpg,happywhale__c4376121779e,train,8,ebbb180e5ba721.jpg,happywhale__600ab1de92d9,0.08186511695384979,0
36e704cd907061.jpg,happywhale__c4376121779e,train,9,878865e1d00941.jpg,happywhale__19fbb960f07d,0.08059181272983551,0
36e704cd907061.jpg,happywhale__c4376121779e,train,10,d3916ce31e202a.jpg,happywhale__5217e9a77c76,0.0797269269824028,0
030d8d194c8f20.jpg,happywhale__b8f01df3dadd,train,1,e91f988a82f528.jpg,happywhale__3a055fad1478,0.11865966022014618,0
030d8d194c8f20.jpg,happywhale__b8f01df3dadd,train,2,a535d30394dc4d.jpg,happywhale__82e7f8ecd781,0.11337197571992874,0
030d8d194c8f20.jpg,happywhale__b8f01df3dadd,train,3,b39c0a9c9a0448.jpg,happywhale__1afc82b009ea,0.10926541686058044,0
030d8d194c8f20.jpg,happywhale__b8f01df3dadd,train,4,b07cf30c22adc9.jpg,happywhale__58c43f7cc15d,0.10269221663475037,0
030d8d194c8f20.jpg,happywhale__b8f01df3dadd,train,5,9d395af524c325.jpg,happywhale__f2c8760fbfc2,0.10121414065361023,0
030d8d194c8f20.jpg,happywhale__b8f01df3dadd,train,6,2f641bea9de909.jpg,happywhale__fdb532d9bc78,0.09949405491352081,0
030d8d194c8f20.jpg,happywhale__b8f01df3dadd,train,7,f3aea8c0d16e4f.jpg,happywhale__180c0ab04dcd,0.0915997177362442,0
030d8d194c8f20.jpg,happywhale__b8f01df3dadd,train,8,64df9431ed21c6.jpg,happywhale__1afc82b009ea,0.08817963302135468,0
030d8d194c8f20.jpg,happywhale__b8f01df3dadd,train,9,794170aa9d68ae.jpg,happywhale__314a574f87c9,0.0849299356341362,0
030d8d194c8f20.jpg,happywhale__b8f01df3dadd,train,10,eff0172199785d.jpg,happywhale__22c1eb2c8af4,0.08401376008987427,0
