image_id,relative_path,filename,extension,file_size_bytes,session_guess,session_id,date_guess,quality_band,source_group,group_id,label,label_status,relation_note,candidate_groups,sequence_guess,sequence_source,sequence_confidence,width,height,image_format,read_status,sha256,side,crop_status,review_status,candidate_cluster,confirmed_identity
IMG_9b75111fa98ed190,50-59/0196_20140417_SZi_01_RAY_0134.JPG,0196_20140417_SZi_01_RAY_0134.JPG,.jpg,5505731,01,01,2014-04-17,50_59,50-59,,,ignored,,,01::0196_20140417_SZi_01_RAY,filename_trailing_number,medium,4896,3264,JPEG,readable,07e86c84adb150c46d2f99cbac226a6544cd49a548ccc05d442faefa314247c0,unknown,pending,unreviewed,,
IMG_e86db565467d7e99,50-59/0297_20140417_SZi_01_RAY_0335.JPG,0297_20140417_SZi_01_RAY_0335.JPG,.jpg,5679618,01,01,2014-04-17,50_59,50-59,,,ignored,,,01::0297_20140417_SZi_01_RAY,filename_trailing_number,medium,4896,3264,JPEG,readable,9bbc165d4ae4154281a936505a1fe72c912ca56e9dc812642848518bfc1d2984,unknown,pending,unreviewed,,
IMG_64c730134cf42dc7,50-59/0313_20140417_SZi_01_RAY_0361.JPG,0313_20140417_SZi_01_RAY_0361.JPG,.jpg,5660192,01,01,2014-04-17,50_59,50-59,,,ignored,,,01::0313_20140417_SZi_01_RAY,filename_trailing_number,medium,4896,3264,JPEG,readable,ce57c5e9ce0c22fa8f02539bd025f083b2ad31503b93ea2a6dfc02a8e68605aa,unknown,pending,unreviewed,,
IMG_ce1cacf936a8a27c,50-59/0314_20140417_SZi_01_RAY_0362.JPG,0314_20140417_SZi_01_RAY_0362.JPG,.jpg,5658608,01,01,2014-04-17,50_59,50-59,,,ignored,,,01::0314_20140417_SZi_01_RAY,filename_trailing_number,medium,4896,3264,JPEG,readable,c8672f3c4c42b64443e13ec27eb38073b97160b4d60fd2a0ce7ccaa28f2cd2c8,unknown,pending,unreviewed,,
IMG_57513b7bf8cbace9,50-59/0319_20140417_SZi_01_RAY_0367.JPG,0319_20140417_SZi_01_RAY_0367.JPG,.jpg,5789952,01,01,2014-04-17,50_59,50-59,,,ignored,,,01::0319_20140417_SZi_01_RAY,filename_trailing_number,medium,4896,3264,JPEG,readable,dde65b2795367cef1d5349ffdae07cf73c50075b57d0f5391e391baf54441386,unknown,pending,unreviewed,,
IMG_b878b6729bd90fcf,50-59/0320_20140417_SZi_01_RAY_0368.JPG,0320_20140417_SZi_01_RAY_0368.JPG,.jpg,5757424,01,01,2014-04-17,50_59,50-59,,,ignored,,,01::0320_20140417_SZi_01_RAY,filename_trailing_number,medium,4896,3264,JPEG,readable,efd3a16a2190c583608c8dfd0f606fe2941c85314f4a597afd9df9d42c292847,unknown,pending,unreviewed,,
IMG_e559a59dfcaf2076,50-59/0323_20140417_SZi_01_RAY_0373.JPG,0323_20140417_SZi_01_RAY_0373.JPG,.jpg,5349329,01,01,2014-04-17,50_59,50-59,,,ignored,,,01::0323_20140417_SZi_01_RAY,filename_trailing_number,medium,4896,3264,JPEG,readable,d85cf0143d4d4a47692bd9455674ae25bd99eb1414289ba859d07dd6402cb314,unknown,pending,unreviewed,,
IMG_1e0a7a7b13373187,50-59/0335_20140417_SZi_01_RAY_0413.JPG,0335_20140417_SZi_01_RAY_0413.JPG,.jpg,5475347,01,01,2014-04-17,50_59,50-59,,,ignored,,,01::0335_20140417_SZi_01_RAY,filename_trailing_number,medium,4896,3264,JPEG,readable,734ab6e6f9d33e4c6e9d95e64305546947e6a709c8c86e2281fec24574f3b3ce,unknown,pending,unreviewed,,
IMG_6a19033abe7a6b53,50-59/0357_20140417_SZi_01_RAY_0447.JPG,0357_20140417_SZi_01_RAY_0447.JPG,.jpg,5289449,01,01,2014-04-17,50_59,50-59,,,ignored,,,01::0357_20140417_SZi_01_RAY,filename_trailing_number,medium,4896,3264,JPEG,readable,2f311d2c814530dcf7ef9eb604f4125d06a7f174151ad632b3903559a0afad17,unknown,pending,unreviewed,,
IMG_ab2cc16e78fb9a4f,50-59/0384_20140417_SZi_01_RAY_0494.JPG,0384_20140417_SZi_01_RAY_0494.JPG,.jpg,5497835,01,01,2014-04-17,50_59,50-59,,,ignored,,,01::0384_20140417_SZi_01_RAY,filename_trailing_number,medium,4896,3264,JPEG,readable,f63347cc57f0363febbc17bd741451a228508ca3d7ab6baa20437241eb12e12c,unknown,pending,unreviewed,,
IMG_0606d024dae70dd8,50-59/0418_20140417_SZi_01_RAY_0568.JPG,0418_20140417_SZi_01_RAY_0568.JPG,.jpg,5836464,01,01,2014-04-17,50_59,50-59,,,ignored,,,01::0418_20140417_SZi_01_RAY,filename_trailing_number,medium,4896,3264,JPEG,readable,e4aac06c7141244d9f7622769a014d7ec11c403022236d75cde7b368de6f6944,unknown,pending,unreviewed,,
IMG_4830cce7574312c2,50-59/0419_20140417_SZi_01_RAY_0569.JPG,0419_20140417_SZi_01_RAY_0569.JPG,.jpg,5890828,01,01,2014-04-17,50_59,50-59,,,ignored,,,01::0419_20140417_SZi_01_RAY,filename_trailing_number,medium,4896,3264,JPEG,readable,46c29b24557b80e1fd6393b5e494341694c92262ff5163f7a24b34b55871f23e,unknown,pending,unreviewed,,
IMG_ded4a16b13f21655,50-59/0423_20140417_SZi_01_RAY_0581.JPG,0423_20140417_SZi_01_RAY_0581.JPG,.jpg,5672330,01,01,2014-04-17,50_59,50-59,,,ignored,,,01::0423_20140417_SZi_01_RAY,filename_trailing_number,medium,4896,3264,JPEG,readable,a3fe454dec03cac309ea8e98006b1810bad13f28407924c258dc784cc606ac9c,unknown,pending,unreviewed,,
IMG_4121d7adae978630,50-59/0424_20140417_SZi_01_RAY_0589.JPG,0424_20140417_SZi_01_RAY_0589.JPG,.jpg,5760095,01,01,2014-04-17,50_59,50-59,,,ignored,,,01::0424_20140417_SZi_01_RAY,filename_trailing_number,medium,4896,3264,JPEG,readable,25981ed65f204744a1250280b44fe76be648b6517bce20d6ece3a7709c9b1c5b,unknown,pending,unreviewed,,
IMG_3a1ea536ef0fa9cd,60-69/0141_20140417_SZi_01_RAY_0004.JPG,0141_20140417_SZi_01_RAY_0004.JPG,.jpg,5601867,01,01,2014-04-17,60_69,60-69,,,ignored,,,01::0141_20140417_SZi_01_RAY,filename_trailing_number,medium,4896,3264,JPEG,readable,8cc5eeefee6e38978a1751129e771426106a9a8cf7abfe81f2a55823dceb7c97,unknown,pending,unreviewed,,
IMG_8645d00456d132c0,60-69/0146_20140417_SZi_01_RAY_0015.JPG,0146_20140417_SZi_01_RAY_0015.JPG,.jpg,5287931,01,01,2014-04-17,60_69,60-69,,,ignored,,,01::0146_20140417_SZi_01_RAY,filename_trailing_number,medium,4896,3264,JPEG,readable,79edd93c8db2e278130ef196b84b130daf1271fbef4d82df409ed61a963feb8b,unknown,pending,unreviewed,,
IMG_a6320b848d9823c9,60-69/0147_20140417_SZi_01_RAY_0017.JPG,0147_20140417_SZi_01_RAY_0017.JPG,.jpg,5519812,01,01,2014-04-17,60_69,60-69,,,ignored,,,01::0147_20140417_SZi_01_RAY,filename_trailing_number,medium,4896,3264,JPEG,readable,74f56e0f613026e3f523f6e41749a0f17d76943e888fe316a24d2d7ca3a49a76,unknown,pending,unreviewed,,
IMG_33a264bc588c65a9,60-69/0151_20140417_SZi_01_RAY_0026.JPG,0151_20140417_SZi_01_RAY_0026.JPG,.jpg,5534658,01,01,2014-04-17,60_69,60-69,,,ignored,,,01::0151_20140417_SZi_01_RAY,filename_trailing_number,medium,4896,3264,JPEG,readable,ba38d4d849e975ae679029991b6fb349e013998f0453f141e71f5c762c184436,unknown,pending,unreviewed,,
IMG_4e182e3b9a40909f,60-69/0152_20140417_SZi_01_RAY_0030.JPG,0152_20140417_SZi_01_RAY_0030.JPG,.jpg,5384791,01,01,2014-04-17,60_69,60-69,,,ignored,,,01::0152_20140417_SZi_01_RAY,filename_trailing_number,medium,4896,3264,JPEG,readable,930abebf09917e21c63466904d4b7199aa650e64cf516eb8762a0b500722facd,unknown,pending,unreviewed,,
IMG_4bd4d7e0aa83a0e4,60-69/0153_20140417_SZi_01_RAY_0033.JPG,0153_20140417_SZi_01_RAY_0033.JPG,.jpg,5589828,01,01,2014-04-17,60_69,60-69,,,ignored,,,01::0153_20140417_SZi_01_RAY,filename_trailing_number,medium,4896,3264,JPEG,readable,33b48e54e86be3a674d57dd3a4be1ff4d54ee8d1f5b8e8237441a1b0e6d4866b,unknown,pending,unreviewed,,
IMG_f9bf3614ee965425,60-69/0154_20140417_SZi_01_RAY_0034.JPG,0154_20140417_SZi_01_RAY_0034.JPG,.jpg,5475128,01,01,2014-04-17,60_69,60-69,,,ignored,,,01::0154_20140417_SZi_01_RAY,filename_trailing_number,medium,4896,3264,JPEG,readable,57fe62cdbe66bdf8487b8fa1de8407fbab6486345b4c836c2d58b27b60e39d1e,unknown,pending,unreviewed,,
IMG_13e383e77c92281b,60-69/0155_20140417_SZi_01_RAY_0037.JPG,0155_20140417_SZi_01_RAY_0037.JPG,.jpg,5706494,01,01,2014-04-17,60_69,60-69,,,ignored,,,01::0155_20140417_SZi_01_RAY,filename_trailing_number,medium,4896,3264,JPEG,readable,22c520342c5f0e6a2d04430b60f783fa3ddcc5a06d2336e6b7204dbcc068ce40,unknown,pending,unreviewed,,
IMG_fde472a3d28ba57e,60-69/0164_20140417_SZi_01_RAY_0066.JPG,0164_20140417_SZi_01_RAY_0066.JPG,.jpg,5563232,01,01,2014-04-17,60_69,60-69,,,ignored,,,01::0164_20140417_SZi_01_RAY,filename_trailing_number,medium,4896,3264,JPEG,readable,0a4a1c16e29eb44c2d1d6492b509504f310bfe4cb5c4bf7806feb55d2de7b8ea,unknown,pending,unreviewed,,
IMG_c1b7c70af3c343aa,60-69/0165_20140417_SZi_01_RAY_0070.JPG,0165_20140417_SZi_01_RAY_0070.JPG,.jpg,5678947,01,01,2014-04-17,60_69,60-69,,,ignored,,,01::0165_20140417_SZi_01_RAY,filename_trailing_number,medium,4896,3264,JPEG,readable,3849b5b9c2baa7062483b88e953d98e8329b384d0cb1eeff43cd3f34c78cd1ef,unknown,pending,unreviewed,,
IMG_5161dc690938df51,60-69/0168_20140417_SZi_01_RAY_0084.JPG,0168_20140417_SZi_01_RAY_0084.JPG,.jpg,5590245,01,01,2014-04-17,60_69,60-69,,,ignored,,,01::0168_20140417_SZi_01_RAY,filename_trailing_number,medium,4896,3264,JPEG,readable,ae584f10c4f378bda7e2b6a5f63076c81694e5a775d350bcf880509341ba6f8c,unknown,pending,unreviewed,,
IMG_fd02d4f094843a10,60-69/0179_20140417_SZi_01_RAY_0105.JPG,0179_20140417_SZi_01_RAY_0105.JPG,.jpg,5964810,01,01,2014-04-17,60_69,60-69,,,ignored,,,01::0179_20140417_SZi_01_RAY,filename_trailing_number,medium,4896,3264,JPEG,readable,4b3fd38ab4bc7f16d4f6ec012dab415cc3315b2685e0d5b31ceac85007f18377,unknown,pending,unreviewed,,
IMG_05ccbf69d8e2bc99,60-69/0183_20140417_SZi_01_RAY_0111.JPG,0183_20140417_SZi_01_RAY_0111.JPG,.jpg,5930158,01,01,2014-04-17,60_69,60-69,,,ignored,,,01::0183_20140417_SZi_01_RAY,filename_trailing_number,medium,4896,3264,JPEG,readable,d9cd48954610ff327974b2d9c5551ffd775265fc2871fe1f7d249882d6116bb6,unknown,pending,unreviewed,,
IMG_c3a5e3e457786a21,60-69/0184_20140417_SZi_01_RAY_0112.JPG,0184_20140417_SZi_01_RAY_0112.JPG,.jpg,5813687,01,01,2014-04-17,60_69,60-69,,,ignored,,,01::0184_20140417_SZi_01_RAY,filename_trailing_number,medium,4896,3264,JPEG,readable,efd00e4d09fbff2f80d62d64dfdbcccf92b7c0a213f5f51642fd030d751f7e9b,unknown,pending,unreviewed,,
IMG_7836de6168d20c55,60-69/0190_20140417_SZi_01_RAY_0120.JPG,0190_20140417_SZi_01_RAY_0120.JPG,.jpg,5767352,01,01,2014-04-17,60_69,60-69,,,ignored,,,01::0190_20140417_SZi_01_RAY,filename_trailing_number,medium,4896,3264,JPEG,readable,dc484a90a038402cb66f3139e43427cdf5b96f3e7a84ba3d61f1f2ee944c05e6,unknown,pending,unreviewed,,
IMG_f0152447f432fba3,60-69/0191_20140417_SZi_01_RAY_0121.JPG,0191_20140417_SZi_01_RAY_0121.JPG,.jpg,5471803,01,01,2014-04-17,60_69,60-69,,,ignored,,,01::0191_20140417_SZi_01_RAY,filename_trailing_number,medium,4896,3264,JPEG,readable,1bfbeef10226d75f2fcc1cad5f823780d89f18b1a89aed6e40fc49571e36afbb,unknown,pending,unreviewed,,
IMG_a618e12ec8f40b96,60-69/0192_20140417_SZi_01_RAY_0123.JPG,0192_20140417_SZi_01_RAY_0123.JPG,.jpg,5662313,01,01,2014-04-17,60_69,60-69,,,ignored,,,01::0192_20140417_SZi_01_RAY,filename_trailing_number,medium,4896,3264,JPEG,readable,c8550671f1147b9ce9b069280a63f93ddbd3e01615f0d51fe09c7b63716fb561,unknown,pending,unreviewed,,
IMG_d6cb96acc835265d,60-69/0193_20140417_SZi_01_RAY_0124.JPG,0193_20140417_SZi_01_RAY_0124.JPG,.jpg,5653885,01,01,2014-04-17,60_69,60-69,,,ignored,,,01::0193_20140417_SZi_01_RAY,filename_trailing_number,medium,4896,3264,JPEG,readable,d0b6afb286828fd94a6aabfbd8795c4ed448910f201bb0615b02b5d05b5b1e2d,unknown,pending,unreviewed,,
IMG_c6b16e65909dd951,60-69/0194_20140417_SZi_01_RAY_0132.JPG,0194_20140417_SZi_01_RAY_0132.JPG,.jpg,5830743,01,01,2014-04-17,60_69,60-69,,,ignored,,,01::0194_20140417_SZi_01_RAY,filename_trailing_number,medium,4896,3264,JPEG,readable,1631c9daee34824c208edd32a4dad0191e8ada6746a4ba3d297ef754e4dc20e5,unknown,pending,unreviewed,,
IMG_b846e8dbea0f7800,60-69/0198_20140417_SZi_01_RAY_0141.JPG,0198_20140417_SZi_01_RAY_0141.JPG,.jpg,5419570,01,01,2014-04-17,60_69,60-69,,,ignored,,,01::0198_20140417_SZi_01_RAY,filename_trailing_number,medium,4896,3264,JPEG,readable,6c23073863118d045d4bca47393b942e79d1a70f097ad907e5b574bf38944030,unknown,pending,unreviewed,,
IMG_e003aeb8ff451e89,60-69/0199_20140417_SZi_01_RAY_0142.JPG,0199_20140417_SZi_01_RAY_0142.JPG,.jpg,7122123,01,01,2014-04-17,60_69,60-69,,,ignored,,,01::0199_20140417_SZi_01_RAY,filename_trailing_number,medium,4896,3264,JPEG,readable,dc20dcb8a671c4683e064baa55eec0518b6e8fa0a6b88273b5282ddebab5bf0e,unknown,pending,unreviewed,,
IMG_43665dceb672f347,60-69/0201_20140417_SZi_01_RAY_0146.JPG,0201_20140417_SZi_01_RAY_0146.JPG,.jpg,5402433,01,01,2014-04-17,60_69,60-69,,,ignored,,,01::0201_20140417_SZi_01_RAY,filename_trailing_number,medium,4896,3264,JPEG,readable,c8178e386be8057436935b233e998d30041581983c8518aa16fe073fa7feb25f,unknown,pending,unreviewed,,
IMG_873cf4ac700f3188,60-69/0203_20140417_SZi_01_RAY_0150.JPG,0203_20140417_SZi_01_RAY_0150.JPG,.jpg,5504399,01,01,2014-04-17,60_69,60-69,,,ignored,,,01::0203_20140417_SZi_01_RAY,filename_trailing_number,medium,4896,3264,JPEG,readable,c6ae891a233744f33abccde0dd140759b515ad1fd0b5a6a4a3f572a8f8e43d3f,unknown,pending,unreviewed,,
IMG_f737135ce4802378,60-69/0210_20140417_SZi_01_RAY_0163.JPG,0210_20140417_SZi_01_RAY_0163.JPG,.jpg,5321204,01,01,2014-04-17,60_69,60-69,,,ignored,,,01::0210_20140417_SZi_01_RAY,filename_trailing_number,medium,4896,3264,JPEG,readable,51e462b370acfe97508445f8fac95ddaaaa5a21ce618dfb0d4755de958eaec90,unknown,pending,unreviewed,,
IMG_a68371bf55efa90b,60-69/0211_20140417_SZi_01_RAY_0164.JPG,0211_20140417_SZi_01_RAY_0164.JPG,.jpg,5301720,01,01,2014-04-17,60_69,60-69,,,ignored,,,01::0211_20140417_SZi_01_RAY,filename_trailing_number,medium,4896,3264,JPEG,readable,69cd7a4f241b2d21ffc3af255264322b04860d371d6f2a0d448ce8686291818d,unknown,pending,unreviewed,,
IMG_9d5a3179c8376f17,60-69/0226_20140417_SZi_01_RAY_0187.JPG,0226_20140417_SZi_01_RAY_0187.JPG,.jpg,5418927,01,01,2014-04-17,60_69,60-69,,,ignored,,,01::0226_20140417_SZi_01_RAY,filename_trailing_number,medium,4896,3264,JPEG,readable,a80879e7965d73c5523a4330e1a81fc5087b0f81bec95135a3f5f28fab28211f,unknown,pending,unreviewed,,
IMG_73e71d6248606140,60-69/0227_20140417_SZi_01_RAY_0188.JPG,0227_20140417_SZi_01_RAY_0188.JPG,.jpg,5463969,01,01,2014-04-17,60_69,60-69,,,ignored,,,01::0227_20140417_SZi_01_RAY,filename_trailing_number,medium,4896,3264,JPEG,readable,458433a5c16395818ec162679ae1faa457be7c3b7638bbf10bd52a28bbb66b78,unknown,pending,unreviewed,,
IMG_df69ed322cf9b0f1,60-69/0235_20140417_SZi_01_RAY_0197.JPG,0235_20140417_SZi_01_RAY_0197.JPG,.jpg,5741438,01,01,2014-04-17,60_69,60-69,,,ignored,,,01::0235_20140417_SZi_01_RAY,filename_trailing_number,medium,4896,3264,JPEG,readable,b92cebce25fbb7f86edbf5216de324c0e31309642fea4470a14f74dbc4bf2592,unknown,pending,unreviewed,,
IMG_8b4da8ee4376f746,60-69/0241_20140417_SZi_01_RAY_0218.JPG,0241_20140417_SZi_01_RAY_0218.JPG,.jpg,5828453,01,01,2014-04-17,60_69,60-69,,,ignored,,,01::0241_20140417_SZi_01_RAY,filename_trailing_number,medium,4896,3264,JPEG,readable,c391ec1d660e19eefb19472ec8308b4ae0108a3c096a0ea33bad34c886cb72f9,unknown,pending,unreviewed,,
IMG_80aab7810281dbd2,60-69/0242_20140417_SZi_01_RAY_0226.JPG,0242_20140417_SZi_01_RAY_0226.JPG,.jpg,5563724,01,01,2014-04-17,60_69,60-69,,,ignored,,,01::0242_20140417_SZi_01_RAY,filename_trailing_number,medium,4896,3264,JPEG,readable,44dd081b96b2a22198e26b42a1f04db05076f8616d22e714b83009e67908c7e7,unknown,pending,unreviewed,,
IMG_77c078003337abce,60-69/0243_20140417_SZi_01_RAY_0227.JPG,0243_20140417_SZi_01_RAY_0227.JPG,.jpg,5510241,01,01,2014-04-17,60_69,60-69,,,ignored,,,01::0243_20140417_SZi_01_RAY,filename_trailing_number,medium,4896,3264,JPEG,readable,38e7075f28beffece956c21fdfaeff65716eb273863c7c34200b91b1e55c5f62,unknown,pending,unreviewed,,
IMG_19238e19d8220bff,60-69/0251_20140417_SZi_01_RAY_0239.JPG,0251_20140417_SZi_01_RAY_0239.JPG,.jpg,5468022,01,01,2014-04-17,60_69,60-69,,,ignored,,,01::0251_20140417_SZi_01_RAY,filename_trailing_number,medium,4896,3264,JPEG,readable,2a1680b52cef469f3491e76ae57ba3d834b0caebf61570cb0538d771fd95981c,unknown,pending,unreviewed,,
IMG_7b74245d2c949f52,60-69/0252_20140417_SZi_01_RAY_0241.JPG,0252_20140417_SZi_01_RAY_0241.JPG,.jpg,5628645,01,01,2014-04-17,60_69,60-69,,,ignored,,,01::0252_20140417_SZi_01_RAY,filename_trailing_number,medium,4896,3264,JPEG,readable,1072ee9cb4fcc9fe471ae8464e00878448f8ea1fe744d4b1ddb7bac6b0d3fb15,unknown,pending,unreviewed,,
IMG_c73ef1fe883609f3,60-69/0253_20140417_SZi_01_RAY_0242.JPG,0253_20140417_SZi_01_RAY_0242.JPG,.jpg,5590331,01,01,2014-04-17,60_69,60-69,,,ignored,,,01::0253_20140417_SZi_01_RAY,filename_trailing_number,medium,4896,3264,JPEG,readable,9477fa1e4bf30f127297a57e9ad18b77ddf77e667579c13023b44e1a754e9815,unknown,pending,unreviewed,,
IMG_11ff99429b9b32ad,60-69/0262_20140417_SZi_01_RAY_0263.JPG,0262_20140417_SZi_01_RAY_0263.JPG,.jpg,5429388,01,01,2014-04-17,60_69,60-69,,,ignored,,,01::0262_20140417_SZi_01_RAY,filename_trailing_number,medium,4896,3264,JPEG,readable,d5210e545eb334651b586df9cc3eb6684b089d07faa96c655395a3b25099201a,unknown,pending,unreviewed,,
IMG_35ce70d8b9652757,60-69/0264_20140417_SZi_01_RAY_0265.JPG,0264_20140417_SZi_01_RAY_0265.JPG,.jpg,5519952,01,01,2014-04-17,60_69,60-69,,,ignored,,,01::0264_20140417_SZi_01_RAY,filename_trailing_number,medium,4896,3264,JPEG,readable,8da3fb90ab8bcbc305dd068c47d4f02d2dce5da125de3b863ae2c8ceb55fc2a4,unknown,pending,unreviewed,,
IMG_a31626e48a300012,60-69/0266_20140417_SZi_01_RAY_0269.JPG,0266_20140417_SZi_01_RAY_0269.JPG,.jpg,5570707,01,01,2014-04-17,60_69,60-69,,,ignored,,,01::0266_20140417_SZi_01_RAY,filename_trailing_number,medium,4896,3264,JPEG,readable,fa8e1842a502894df8973efc853adf139c4e7b3c4eadbf7231dc49691f38d621,unknown,pending,unreviewed,,
IMG_d83f1a5c4a3c9888,60-69/0273_20140417_SZi_01_RAY_0283.JPG,0273_20140417_SZi_01_RAY_0283.JPG,.jpg,5467916,01,01,2014-04-17,60_69,60-69,,,ignored,,,01::0273_20140417_SZi_01_RAY,filename_trailing_number,medium,4896,3264,JPEG,readable,f6d285b37b1a2067dba84b159c72c3ffff662771a3ceec7176dc9a8eb7a76770,unknown,pending,unreviewed,,
IMG_ae767f882596a362,60-69/0274_20140417_SZi_01_RAY_0293.JPG,0274_20140417_SZi_01_RAY_0293.JPG,.jpg,5474208,01,01,2014-04-17,60_69,60-69,,,ignored,,,01::0274_20140417_SZi_01_RAY,filename_trailing_number,medium,4896,3264,JPEG,readable,750bde959369b4d22c683ec4c371009969ad9c83ad98ad6770ce36bae311de92,unknown,pending,unreviewed,,
IMG_55bf08165317058d,60-69/0275_20140417_SZi_01_RAY_0295.JPG,0275_20140417_SZi_01_RAY_0295.JPG,.jpg,5488694,01,01,2014-04-17,60_69,60-69,,,ignored,,,01::0275_20140417_SZi_01_RAY,filename_trailing_number,medium,4896,3264,JPEG,readable,ad907a6874e2da51877cfb8aa7e2ab6a05bf04f9d0485b78ec68e3d379bbbea2,unknown,pending,unreviewed,,
IMG_5c4b38648b79c6ca,60-69/0285_20140417_SZi_01_RAY_0316.JPG,0285_20140417_SZi_01_RAY_0316.JPG,.jpg,5562130,01,01,2014-04-17,60_69,60-69,,,ignored,,,01::0285_20140417_SZi_01_RAY,filename_trailing_number,medium,4896,3264,JPEG,readable,ed67a16b6341a8e53fa30b62ab314dafa0f6851864b62189501aca2e5288b30d,unknown,pending,unreviewed,,
IMG_2e98f6d95b88809b,60-69/0286_20140417_SZi_01_RAY_0317.JPG,0286_20140417_SZi_01_RAY_0317.JPG,.jpg,5603536,01,01,2014-04-17,60_69,60-69,,,ignored,,,01::0286_20140417_SZi_01_RAY,filename_trailing_number,medium,4896,3264,JPEG,readable,7ee27a86a6cfb0b90483b768adf689edf74e7674a78a5f117e9699f93e583727,unknown,pending,unreviewed,,
IMG_9067c0d1187faad2,60-69/0287_20140417_SZi_01_RAY_0318.JPG,0287_20140417_SZi_01_RAY_0318.JPG,.jpg,6025992,01,01,2014-04-17,60_69,60-69,,,ignored,,,01::0287_20140417_SZi_01_RAY,filename_trailing_number,medium,4896,3264,JPEG,readable,6c74db1db553a4d64a82dc6437f5b41d703648a88f8b100a5bcb042fe4dbe585,unknown,pending,unreviewed,,
IMG_939d5cb1fb978022,60-69/0288_20140417_SZi_01_RAY_0319.JPG,0288_20140417_SZi_01_RAY_0319.JPG,.jpg,5858693,01,01,2014-04-17,60_69,60-69,,,ignored,,,01::0288_20140417_SZi_01_RAY,filename_trailing_number,medium,4896,3264,JPEG,readable,b093a255ed9b1bfc30c65368bd166504ceb8996e1bc01a0f5c0f350a8c303914,unknown,pending,unreviewed,,
IMG_4330950360be56d4,60-69/0291_20140417_SZi_01_RAY_0325.JPG,0291_20140417_SZi_01_RAY_0325.JPG,.jpg,5631213,01,01,2014-04-17,60_69,60-69,,,ignored,,,01::0291_20140417_SZi_01_RAY,filename_trailing_number,medium,4896,3264,JPEG,readable,e53a7972362d11dcc8bd874e8a4910e6fc7964332ed7ff342230ed029554aa8b,unknown,pending,unreviewed,,
IMG_65d2cead270048ac,60-69/0292_20140417_SZi_01_RAY_0326.JPG,0292_20140417_SZi_01_RAY_0326.JPG,.jpg,5586757,01,01,2014-04-17,60_69,60-69,,,ignored,,,01::0292_20140417_SZi_01_RAY,filename_trailing_number,medium,4896,3264,JPEG,readable,f0ef28c70652f631e1a2a8207d9a447d417f7589ea8f4a2586b5b710c9161732,unknown,pending,unreviewed,,
IMG_546eecf2cde6e995,60-69/0294_20140417_SZi_01_RAY_0328.JPG,0294_20140417_SZi_01_RAY_0328.JPG,.jpg,5682629,01,01,2014-04-17,60_69,60-69,,,ignored,,,01::0294_20140417_SZi_01_RAY,filename_trailing_number,medium,4896,3264,JPEG,readable,996129abbdadc38987596726df11189f101409c87a3a611434d04f31ddfd721b,unknown,pending,unreviewed,,
IMG_d9663c2eb78a5d72,60-69/0295_20140417_SZi_01_RAY_0329.JPG,0295_20140417_SZi_01_RAY_0329.JPG,.jpg,5715886,01,01,2014-04-17,60_69,60-69,,,ignored,,,01::0295_20140417_SZi_01_RAY,filename_trailing_number,medium,4896,3264,JPEG,readable,8976610f23d9558c5872fa15c64b0781fc6812e4a4f80e04a39b2de60762cc5e,unknown,pending,unreviewed,,
IMG_173d8dd53cc6e73a,60-69/0296_20140417_SZi_01_RAY_0334.JPG,0296_20140417_SZi_01_RAY_0334.JPG,.jpg,5611686,01,01,2014-04-17,60_69,60-69,,,ignored,,,01::0296_20140417_SZi_01_RAY,filename_trailing_number,medium,4896,3264,JPEG,readable,e35d5722f2dabffae5cc50352ee04195d6e07f0f4a558fe5fbc4e54c399390e6,unknown,pending,unreviewed,,
IMG_93330d5e57f32e4b,60-69/0298_20140417_SZi_01_RAY_0337.JPG,0298_20140417_SZi_01_RAY_0337.JPG,.jpg,5605878,01,01,2014-04-17,60_69,60-69,,,ignored,,,01::0298_20140417_SZi_01_RAY,filename_trailing_number,medium,4896,3264,JPEG,readable,e2c035286658760e9f37ea924b412985d9831cb0adb84da670ff1e5b731e5c98,unknown,pending,unreviewed,,
IMG_458d0b43545de07f,60-69/0304_20140417_SZi_01_RAY_0350.JPG,0304_20140417_SZi_01_RAY_0350.JPG,.jpg,5643276,01,01,2014-04-17,60_69,60-69,,,ignored,,,01::0304_20140417_SZi_01_RAY,filename_trailing_number,medium,4896,3264,JPEG,readable,eb27a51dcbcaa021c9c502d2bf97233fe1679abf4da31d751a2afc52802a561b,unknown,pending,unreviewed,,
IMG_024d2899089f35b4,60-69/0305_20140417_SZi_01_RAY_0351.JPG,0305_20140417_SZi_01_RAY_0351.JPG,.jpg,5617382,01,01,2014-04-17,60_69,60-69,,,ignored,,,01::0305_20140417_SZi_01_RAY,filename_trailing_number,medium,4896,3264,JPEG,readable,5f58e884ca3cbcfe0ca666bd7ff39f154d73c5706b93a700cbac28df9d2438a3,unknown,pending,unreviewed,,
IMG_53c6e4490df6ec1d,60-69/0306_20140417_SZi_01_RAY_0352.JPG,0306_20140417_SZi_01_RAY_0352.JPG,.jpg,5624443,01,01,2014-04-17,60_69,60-69,,,ignored,,,01::0306_20140417_SZi_01_RAY,filename_trailing_number,medium,4896,3264,JPEG,readable,299f0ace68b6310d144043b91e816b696cb73c66ea01fc6c1e924f2c2fef808c,unknown,pending,unreviewed,,
IMG_ae8c645cffcd7535,60-69/0307_20140417_SZi_01_RAY_0353.JPG,0307_20140417_SZi_01_RAY_0353.JPG,.jpg,5609130,01,01,2014-04-17,60_69,60-69,,,ignored,,,01::0307_20140417_SZi_01_RAY,filename_trailing_number,medium,4896,3264,JPEG,readable,ff11c6d19cf28e7db2552fcd9f5749b15bede45377470ea822fc24a4e2ba8970,unknown,pending,unreviewed,,
IMG_8bfe3e64ac9cb539,60-69/0308_20140417_SZi_01_RAY_0354.JPG,0308_20140417_SZi_01_RAY_0354.JPG,.jpg,5598225,01,01,2014-04-17,60_69,60-69,,,ignored,,,01::0308_20140417_SZi_01_RAY,filename_trailing_number,medium,4896,3264,JPEG,readable,0589d2c71cb2d0c8ebdae52f1f65d3beac020ca4d7db613195646f5082f61baa,unknown,pending,unreviewed,,
IMG_49166e98f824921c,60-69/0321_20140417_SZi_01_RAY_0369.JPG,0321_20140417_SZi_01_RAY_0369.JPG,.jpg,5732237,01,01,2014-04-17,60_69,60-69,,,ignored,,,01::0321_20140417_SZi_01_RAY,filename_trailing_number,medium,4896,3264,JPEG,readable,69e54a05fe8ab1fd797c7b266afd2d5231e5f74f02390ee109df8660704674fa,unknown,pending,unreviewed,,
IMG_774a3c4b98c89e9d,60-69/0322_20140417_SZi_01_RAY_0371.JPG,0322_20140417_SZi_01_RAY_0371.JPG,.jpg,5739594,01,01,2014-04-17,60_69,60-69,,,ignored,,,01::0322_20140417_SZi_01_RAY,filename_trailing_number,medium,4896,3264,JPEG,readable,a3daf99c83874f503df33be7ddff545f450965762c5868f155acd302fde90b0e,unknown,pending,unreviewed,,
IMG_f287f08ce4c616de,60-69/0326_20140417_SZi_01_RAY_0380.JPG,0326_20140417_SZi_01_RAY_0380.JPG,.jpg,5455931,01,01,2014-04-17,60_69,60-69,,,ignored,,,01::0326_20140417_SZi_01_RAY,filename_trailing_number,medium,4896,3264,JPEG,readable,dffa5678d1023b390dcbd1313b5ce530df0bb1cca54168cbf5d5242b3076152f,unknown,pending,unreviewed,,
IMG_d9fae255ca8243da,60-69/0327_20140417_SZi_01_RAY_0383.JPG,0327_20140417_SZi_01_RAY_0383.JPG,.jpg,5792546,01,01,2014-04-17,60_69,60-69,,,ignored,,,01::0327_20140417_SZi_01_RAY,filename_trailing_number,medium,4896,3264,JPEG,readable,4f5941c4e2da92f2c2622b0e14a3b3c29a70ee60a3c546a75cf66a51eb6a4589,unknown,pending,unreviewed,,
IMG_eff1247a86e38f86,60-69/0328_20140417_SZi_01_RAY_0384.JPG,0328_20140417_SZi_01_RAY_0384.JPG,.jpg,5779909,01,01,2014-04-17,60_69,60-69,,,ignored,,,01::0328_20140417_SZi_01_RAY,filename_trailing_number,medium,4896,3264,JPEG,readable,1d5b1379f46ee71f77a565756348e1b3734b5bfa1ba34534d328da38e2739315,unknown,pending,unreviewed,,
IMG_a229f491c9de354d,60-69/0330_20140417_SZi_01_RAY_0398.JPG,0330_20140417_SZi_01_RAY_0398.JPG,.jpg,5789615,01,01,2014-04-17,60_69,60-69,,,ignored,,,01::0330_20140417_SZi_01_RAY,filename_trailing_number,medium,4896,3264,JPEG,readable,6445ba490fb5e9fad50c879927bec1ed49dedb768f63028c9308e8da132277ae,unknown,pending,unreviewed,,
IMG_dd69ec721a3342b6,60-69/0331_20140417_SZi_01_RAY_0401.JPG,0331_20140417_SZi_01_RAY_0401.JPG,.jpg,5604855,01,01,2014-04-17,60_69,60-69,,,ignored,,,01::0331_20140417_SZi_01_RAY,filename_trailing_number,medium,4896,3264,JPEG,readable,b1c10e85709f869f49564562e8c83236c62008b4940ff8784d22236e2da1100d,unknown,pending,unreviewed,,
IMG_ed7df01dd028c6b0,60-69/0332_20140417_SZi_01_RAY_0402.JPG,0332_20140417_SZi_01_RAY_0402.JPG,.jpg,5611936,01,01,2014-04-17,60_69,60-69,,,ignored,,,01::0332_20140417_SZi_01_RAY,filename_trailing_number,medium,4896,3264,JPEG,readable,77464d21ef60ceb072ccdd41d178763ae492c0fbe608073dde0ccee4654404fd,unknown,pending,unreviewed,,
IMG_a2cc9783a86a1df1,60-69/0334_20140417_SZi_01_RAY_0412.JPG,0334_20140417_SZi_01_RAY_0412.JPG,.jpg,5502420,01,01,2014-04-17,60_69,60-69,,,ignored,,,01::0334_20140417_SZi_01_RAY,filename_trailing_number,medium,4896,3264,JPEG,readable,fcc7bb00f69c78a8dc0be1f0d6cc7534a358a1553b6a5e6f2ea7c8ad8576e66d,unknown,pending,unreviewed,,
IMG_443759377b86e934,60-69/0336_20140417_SZi_01_RAY_0414.JPG,0336_20140417_SZi_01_RAY_0414.JPG,.jpg,5460195,01,01,2014-04-17,60_69,60-69,,,ignored,,,01::0336_20140417_SZi_01_RAY,filename_trailing_number,medium,4896,3264,JPEG,readable,626e64b4e35af652614b097134bfe0b652d89b0c8dd44c186f3b6d9fb8aa3a7f,unknown,pending,unreviewed,,
IMG_05570198a389f17c,60-69/0340_20140417_SZi_01_RAY_0425.JPG,0340_20140417_SZi_01_RAY_0425.JPG,.jpg,5539002,01,01,2014-04-17,60_69,60-69,,,ignored,,,01::0340_20140417_SZi_01_RAY,filename_trailing_number,medium,4896,3264,JPEG,readable,2808f7e583c3f4e9c82e30f91f4ab0c8bf385af83f7bbadb83e09bb83709a4d8,unknown,pending,unreviewed,,
IMG_38a7ff9ba940e97a,60-69/0345_20140417_SZi_01_RAY_0432.JPG,0345_20140417_SZi_01_RAY_0432.JPG,.jpg,5547949,01,01,2014-04-17,60_69,60-69,,,ignored,,,01::0345_20140417_SZi_01_RAY,filename_trailing_number,medium,4896,3264,JPEG,readable,b2a1f389cf2cf6c1367bc53d9e4d8bb41c76086528372eb04e88eb9b859584cc,unknown,pending,unreviewed,,
IMG_2a713ce2ed319b00,60-69/0361_20140417_SZi_01_RAY_0456.JPG,0361_20140417_SZi_01_RAY_0456.JPG,.jpg,5645532,01,01,2014-04-17,60_69,60-69,,,ignored,,,01::0361_20140417_SZi_01_RAY,filename_trailing_number,medium,4896,3264,JPEG,readable,89d61fa50ea2640c2e8f6416dc15350dd2913b90748b8c38562639f85b890ada,unknown,pending,unreviewed,,
IMG_796128997de1e4c9,60-69/0362_20140417_SZi_01_RAY_0460.JPG,0362_20140417_SZi_01_RAY_0460.JPG,.jpg,5833320,01,01,2014-04-17,60_69,60-69,,,ignored,,,01::0362_20140417_SZi_01_RAY,filename_trailing_number,medium,4896,3264,JPEG,readable,bf9f97608e28d75a39d567a1c1d030d0ad982f1387f8fa9697958327e450a8d9,unknown,pending,unreviewed,,
IMG_c8101b2d67f5d2cb,60-69/0363_20140417_SZi_01_RAY_0463.JPG,0363_20140417_SZi_01_RAY_0463.JPG,.jpg,5570940,01,01,2014-04-17,60_69,60-69,,,ignored,,,01::0363_20140417_SZi_01_RAY,filename_trailing_number,medium,4896,3264,JPEG,readable,d4066924bc4d93935d77b7c7a2942110711b78188b6db081895cc7d6d158e422,unknown,pending,unreviewed,,
IMG_2d48c42e2626ec40,60-69/0364_20140417_SZi_01_RAY_0464.JPG,0364_20140417_SZi_01_RAY_0464.JPG,.jpg,5583844,01,01,2014-04-17,60_69,60-69,,,ignored,,,01::0364_20140417_SZi_01_RAY,filename_trailing_number,medium,4896,3264,JPEG,readable,ba1a6ed32c4629cff7ecf8f7add64780322d31a74ac97db492fc18872a14b561,unknown,pending,unreviewed,,
IMG_0c0a1dcce9ae02f5,60-69/0365_20140417_SZi_01_RAY_0467.JPG,0365_20140417_SZi_01_RAY_0467.JPG,.jpg,5926526,01,01,2014-04-17,60_69,60-69,,,ignored,,,01::0365_20140417_SZi_01_RAY,filename_trailing_number,medium,4896,3264,JPEG,readable,f4c1da80a428609487becd78be0c8f3b85286c34d8c53bd53d26607387828ae0,unknown,pending,unreviewed,,
IMG_4a28fe5b4fa46bdf,60-69/0366_20140417_SZi_01_RAY_0468.JPG,0366_20140417_SZi_01_RAY_0468.JPG,.jpg,5974271,01,01,2014-04-17,60_69,60-69,,,ignored,,,01::0366_20140417_SZi_01_RAY,filename_trailing_number,medium,4896,3264,JPEG,readable,ab9983c7af95a234e34bdcb98e704a0613407e2231a0c2903f16083b164c5d92,unknown,pending,unreviewed,,
IMG_2c29343f3469fbda,60-69/0367_20140417_SZi_01_RAY_0469.JPG,0367_20140417_SZi_01_RAY_0469.JPG,.jpg,6066409,01,01,2014-04-17,60_69,60-69,,,ignored,,,01::0367_20140417_SZi_01_RAY,filename_trailing_number,medium,4896,3264,JPEG,readable,eab66b7456d88dd54612c33b0efabf7ff0481f4de478af8bddf43259f565cf82,unknown,pending,unreviewed,,
IMG_8b636b8447e5e3a8,60-69/0368_20140417_SZi_01_RAY_0470.JPG,0368_20140417_SZi_01_RAY_0470.JPG,.jpg,6048559,01,01,2014-04-17,60_69,60-69,,,ignored,,,01::0368_20140417_SZi_01_RAY,filename_trailing_number,medium,4896,3264,JPEG,readable,26a2a58effebfc57e37f26becfcdd4937f36325b176195ed43c93c3655d06d4b,unknown,pending,unreviewed,,
IMG_a1a2ffa1d52abdb8,60-69/0371_20140417_SZi_01_RAY_0473.JPG,0371_20140417_SZi_01_RAY_0473.JPG,.jpg,5618254,01,01,2014-04-17,60_69,60-69,,,ignored,,,01::0371_20140417_SZi_01_RAY,filename_trailing_number,medium,4896,3264,JPEG,readable,e493ebde4fa80279ce32a1eb613bf32e4b6cc9cdd75ef783d168df66f1234b1d,unknown,pending,unreviewed,,
IMG_5bf5db0e251470c7,60-69/0372_20140417_SZi_01_RAY_0474.JPG,0372_20140417_SZi_01_RAY_0474.JPG,.jpg,5754738,01,01,2014-04-17,60_69,60-69,,,ignored,,,01::0372_20140417_SZi_01_RAY,filename_trailing_number,medium,4896,3264,JPEG,readable,31df717d552bed9b3401a3abe248af87636b757a4f094a75e618c1d51bac7fe4,unknown,pending,unreviewed,,
IMG_cac960cba3cad03a,60-69/0373_20140417_SZi_01_RAY_0475.JPG,0373_20140417_SZi_01_RAY_0475.JPG,.jpg,5622208,01,01,2014-04-17,60_69,60-69,,,ignored,,,01::0373_20140417_SZi_01_RAY,filename_trailing_number,medium,4896,3264,JPEG,readable,f2b864ffd9f832e2905722397a5ae46b3c741d141a583e5dd6c2208f566fb9e8,unknown,pending,unreviewed,,
IMG_05e5350b73a74984,60-69/0374_20140417_SZi_01_RAY_0476.JPG,0374_20140417_SZi_01_RAY_0476.JPG,.jpg,5613078,01,01,2014-04-17,60_69,60-69,,,ignored,,,01::0374_20140417_SZi_01_RAY,filename_trailing_number,medium,4896,3264,JPEG,readable,d74be9ad5d86433722db8a299aefad88fadb16b562af140181d3a46977af1fbc,unknown,pending,unreviewed,,
IMG_e01047f09d59f39c,60-69/0375_20140417_SZi_01_RAY_0477.JPG,0375_20140417_SZi_01_RAY_0477.JPG,.jpg,5603209,01,01,2014-04-17,60_69,60-69,,,ignored,,,01::0375_20140417_SZi_01_RAY,filename_trailing_number,medium,4896,3264,JPEG,readable,9de4600b82d919e89c61639058c1080e8a048916b411d276fcf1e3dfb18a6d68,unknown,pending,unreviewed,,
IMG_482cb5842ad45ecd,60-69/0377_20140417_SZi_01_RAY_0481.JPG,0377_20140417_SZi_01_RAY_0481.JPG,.jpg,6054124,01,01,2014-04-17,60_69,60-69,,,ignored,,,01::0377_20140417_SZi_01_RAY,filename_trailing_number,medium,4896,3264,JPEG,readable,8b3680075a35087b2eb5e2f9679b77607862db64e5e0e1bb9f3d9cafa8339387,unknown,pending,unreviewed,,
IMG_14f95260ac24a94b,60-69/0380_20140417_SZi_01_RAY_0488.JPG,0380_20140417_SZi_01_RAY_0488.JPG,.jpg,5787043,01,01,2014-04-17,60_69,60-69,,,ignored,,,01::0380_20140417_SZi_01_RAY,filename_trailing_number,medium,4896,3264,JPEG,readable,50dd40a2d872d1e7fe486c51941c3cc9ec247b1862936ffa4992c1bc1ef651cf,unknown,pending,unreviewed,,
IMG_91ca9de10bc8da4b,60-69/0385_20140417_SZi_01_RAY_0497.JPG,0385_20140417_SZi_01_RAY_0497.JPG,.jpg,5846372,01,01,2014-04-17,60_69,60-69,,,ignored,,,01::0385_20140417_SZi_01_RAY,filename_trailing_number,medium,4896,3264,JPEG,readable,995c3342e61be4e2faadc536241b19c9451ab3891b0eb514e60ddf7090e5f65d,unknown,pending,unreviewed,,
IMG_c039a5f0985c6aa4,60-69/0386_20140417_SZi_01_RAY_0498.JPG,0386_20140417_SZi_01_RAY_0498.JPG,.jpg,5803266,01,01,2014-04-17,60_69,60-69,,,ignored,,,01::0386_20140417_SZi_01_RAY,filename_trailing_number,medium,4896,3264,JPEG,readable,4cad35dd1fef2069f3fd427e4341cb85d4b192dcc33e86daa091d96fce786201,unknown,pending,unreviewed,,
IMG_b524b28c8c7c6b04,60-69/0387_20140417_SZi_01_RAY_0503.JPG,0387_20140417_SZi_01_RAY_0503.JPG,.jpg,5704486,01,01,2014-04-17,60_69,60-69,,,ignored,,,01::0387_20140417_SZi_01_RAY,filename_trailing_number,medium,4896,3264,JPEG,readable,d584de8b4f8f49854ecbfaaccc682c45e67facbebfa8ea5fdd1b17f2e87d6e56,unknown,pending,unreviewed,,
IMG_b89ce8b7c7d2b536,60-69/0388_20140417_SZi_01_RAY_0504.JPG,0388_20140417_SZi_01_RAY_0504.JPG,.jpg,5723135,01,01,2014-04-17,60_69,60-69,,,ignored,,,01::0388_20140417_SZi_01_RAY,filename_trailing_number,medium,4896,3264,JPEG,readable,bbe45a1c12d3c8fa79f29b1c66ee0cd3437874682feafbaf1f392250da65d3aa,unknown,pending,unreviewed,,
IMG_5400e835f5673de4,60-69/0392_20140417_SZi_01_RAY_0511.JPG,0392_20140417_SZi_01_RAY_0511.JPG,.jpg,5663723,01,01,2014-04-17,60_69,60-69,,,ignored,,,01::0392_20140417_SZi_01_RAY,filename_trailing_number,medium,4896,3264,JPEG,readable,3c8e2fbc1c28bc259acb671cd96cab596b449393f4f9a553c41f96977f2c1c3d,unknown,pending,unreviewed,,
IMG_5731509659b9d898,60-69/0398_20140417_SZi_01_RAY_0527.JPG,0398_20140417_SZi_01_RAY_0527.JPG,.jpg,5542562,01,01,2014-04-17,60_69,60-69,,,ignored,,,01::0398_20140417_SZi_01_RAY,filename_trailing_number,medium,4896,3264,JPEG,readable,02606aaa3928269afbbec5a18cace37470bb0aab79e2fd29f09aaec1de2c0fa0,unknown,pending,unreviewed,,
IMG_76429ab8bf6ca4a7,60-69/0401_20140417_SZi_01_RAY_0542.JPG,0401_20140417_SZi_01_RAY_0542.JPG,.jpg,5814115,01,01,2014-04-17,60_69,60-69,,,ignored,,,01::0401_20140417_SZi_01_RAY,filename_trailing_number,medium,4896,3264,JPEG,readable,b510eebfedc4720b1f9b6c89f4cfa8d92f143f5941f612e5866954e0697b4ca1,unknown,pending,unreviewed,,
IMG_17e7a800fe37334f,60-69/0402_20140417_SZi_01_RAY_0543.JPG,0402_20140417_SZi_01_RAY_0543.JPG,.jpg,5845153,01,01,2014-04-17,60_69,60-69,,,ignored,,,01::0402_20140417_SZi_01_RAY,filename_trailing_number,medium,4896,3264,JPEG,readable,b560645de954772efcbf37d84f12349b8933ae97b7d1d98786aeb92a09581e56,unknown,pending,unreviewed,,
IMG_74570d8625b94dff,60-69/0408_20140417_SZi_01_RAY_0550.JPG,0408_20140417_SZi_01_RAY_0550.JPG,.jpg,5755658,01,01,2014-04-17,60_69,60-69,,,ignored,,,01::0408_20140417_SZi_01_RAY,filename_trailing_number,medium,4896,3264,JPEG,readable,25d35cb81984ea6d94fc163aa7297bc5d8a5496db78bb57735fa7e3ce8dd6217,unknown,pending,unreviewed,,
IMG_c63e71b0a7cadc55,60-69/0411_20140417_SZi_01_RAY_0556.JPG,0411_20140417_SZi_01_RAY_0556.JPG,.jpg,5578436,01,01,2014-04-17,60_69,60-69,,,ignored,,,01::0411_20140417_SZi_01_RAY,filename_trailing_number,medium,4896,3264,JPEG,readable,3673909537fd8971b8ca475b8c75a243e4e1cd07761b0d2b44d4d68b85bab703,unknown,pending,unreviewed,,
IMG_abd0f6f4545de8cc,60-69/0413_20140417_SZi_01_RAY_0560.JPG,0413_20140417_SZi_01_RAY_0560.JPG,.jpg,5775809,01,01,2014-04-17,60_69,60-69,,,ignored,,,01::0413_20140417_SZi_01_RAY,filename_trailing_number,medium,4896,3264,JPEG,readable,d966a4ccd3fb24e5e5e46a991f84003aeafa8af958344fcfb90fffd12d122c60,unknown,pending,unreviewed,,
IMG_e80318f87f14d50e,60-69/0415_20140417_SZi_01_RAY_0564.JPG,0415_20140417_SZi_01_RAY_0564.JPG,.jpg,5501109,01,01,2014-04-17,60_69,60-69,,,ignored,,,01::0415_20140417_SZi_01_RAY,filename_trailing_number,medium,4896,3264,JPEG,readable,fbb2569c39e826ece9546fd93d291bd3a757fda3d6cade0cb5b5ad671f77a51a,unknown,pending,unreviewed,,
IMG_9b255dcd9230335a,60-69/0416_20140417_SZi_01_RAY_0566.JPG,0416_20140417_SZi_01_RAY_0566.JPG,.jpg,5760562,01,01,2014-04-17,60_69,60-69,,,ignored,,,01::0416_20140417_SZi_01_RAY,filename_trailing_number,medium,4896,3264,JPEG,readable,331d977cbbcc0e6764e7f3cfe42a1fa9024803371aef1c613c31deb443b73123,unknown,pending,unreviewed,,
IMG_12281b67f131a4b2,60-69/0417_20140417_SZi_01_RAY_0567.JPG,0417_20140417_SZi_01_RAY_0567.JPG,.jpg,5712018,01,01,2014-04-17,60_69,60-69,,,ignored,,,01::0417_20140417_SZi_01_RAY,filename_trailing_number,medium,4896,3264,JPEG,readable,1451fc0e5625878aade1b3dc7d30cf7ba551f87f8aa3202efb938806821b7933,unknown,pending,unreviewed,,
IMG_7d88f161145b916a,60-69/0420_20140417_SZi_01_RAY_0573.JPG,0420_20140417_SZi_01_RAY_0573.JPG,.jpg,5708426,01,01,2014-04-17,60_69,60-69,,,ignored,,,01::0420_20140417_SZi_01_RAY,filename_trailing_number,medium,4896,3264,JPEG,readable,9347b7cb5e9ccfec19d4d3c2aabf7bfb7caa22c76f2233bd0239649571d881ae,unknown,pending,unreviewed,,
IMG_bcc2539b07d11919,60-69/0421_20140417_SZi_01_RAY_0579.JPG,0421_20140417_SZi_01_RAY_0579.JPG,.jpg,5959633,01,01,2014-04-17,60_69,60-69,,,ignored,,,01::0421_20140417_SZi_01_RAY,filename_trailing_number,medium,4896,3264,JPEG,readable,745d26b72b1bcce3535817727b9cb061c317f47e961d7f805a03c8a55bef39eb,unknown,pending,unreviewed,,
IMG_c3dc2714e2c9cf2c,60-69/0422_20140417_SZi_01_RAY_0580.JPG,0422_20140417_SZi_01_RAY_0580.JPG,.jpg,5985337,01,01,2014-04-17,60_69,60-69,,,ignored,,,01::0422_20140417_SZi_01_RAY,filename_trailing_number,medium,4896,3264,JPEG,readable,7e1b32106c085f9c563a39d8ed42358748606ed3f5d0f2469948b735abce0a53,unknown,pending,unreviewed,,
IMG_195c09d19ee51978,60-69/0425_20140417_SZi_01_RAY_0597.JPG,0425_20140417_SZi_01_RAY_0597.JPG,.jpg,5572475,01,01,2014-04-17,60_69,60-69,,,ignored,,,01::0425_20140417_SZi_01_RAY,filename_trailing_number,medium,4896,3264,JPEG,readable,7c8c2642c6a227bbbd02358e177c0aad32693ea16ccf805baf319fb3fa4b48ac,unknown,pending,unreviewed,,
IMG_2b960e56df7cd84f,70-79/0142_20140417_SZi_01_RAY_0007.JPG,0142_20140417_SZi_01_RAY_0007.JPG,.jpg,7453772,01,01,2014-04-17,70_79,70-79,,,loose_known,,01_05;01_11;01_12;01_13;01_14,01::0142_20140417_SZi_01_RAY,filename_trailing_number,medium,4896,3264,JPEG,readable,be8b770d1a4b8594011ff637f7f481da2758b8cc799d35883b4f2a69c1b9f06b,unknown,pending,unreviewed,,
IMG_c0568dea770bde95,70-79/0144_20140417_SZi_01_RAY_0011.JPG,0144_20140417_SZi_01_RAY_0011.JPG,.jpg,5364398,01,01,2014-04-17,70_79,70-79,,,loose_known,,01_05;01_11;01_12;01_13;01_14,01::0144_20140417_SZi_01_RAY,filename_trailing_number,medium,4896,3264,JPEG,readable,832f75a26cdded7fc1f90e8b9ce9c0cedd38aa994b9d6379593844aa92ac479b,unknown,pending,unreviewed,,
IMG_fd2100c82c996ed6,70-79/0149_20140417_SZi_01_RAY_0021.JPG,0149_20140417_SZi_01_RAY_0021.JPG,.jpg,5510323,01,01,2014-04-17,70_79,70-79,,,loose_known,,01_05;01_11;01_12;01_13;01_14,01::0149_20140417_SZi_01_RAY,filename_trailing_number,medium,4896,3264,JPEG,readable,ffeb7639b9187c63e15d22b123241ae7b18d530e38e8ae14a1f8359ad5ed11b8,unknown,pending,unreviewed,,
IMG_d5b19b7a384abe06,70-79/0150_20140417_SZi_01_RAY_0023.JPG,0150_20140417_SZi_01_RAY_0023.JPG,.jpg,5562353,01,01,2014-04-17,70_79,70-79,,,loose_known,,01_05;01_11;01_12;01_13;01_14,01::0150_20140417_SZi_01_RAY,filename_trailing_number,medium,4896,3264,JPEG,readable,887bdf72fa889bf762b391824d261cbb4f945335147bcf234712880b0e304ec6,unknown,pending,unreviewed,,
IMG_084de06b9679c179,70-79/0157_20140417_SZi_01_RAY_0046.JPG,0157_20140417_SZi_01_RAY_0046.JPG,.jpg,5981500,01,01,2014-04-17,70_79,70-79,,,loose_known,,01_05;01_11;01_12;01_13;01_14,01::0157_20140417_SZi_01_RAY,filename_trailing_number,medium,4896,3264,JPEG,readable,d52557223119980d43da318db3de3c5cf632e70a94ddf300d5bc060e81122fde,unknown,pending,unreviewed,,
IMG_decbf3098bd345e5,70-79/0158_20140417_SZi_01_RAY_0047.JPG,0158_20140417_SZi_01_RAY_0047.JPG,.jpg,5834514,01,01,2014-04-17,70_79,70-79,,,loose_known,,01_05;01_11;01_12;01_13;01_14,01::0158_20140417_SZi_01_RAY,filename_trailing_number,medium,4896,3264,JPEG,readable,21f1258cd189ca551136fcf6aa792ba0eda5810f8be56ca1467e014c0b095ea8,unknown,pending,unreviewed,,
IMG_800a767cb8b3d313,70-79/0159_20140417_SZi_01_RAY_0048.JPG,0159_20140417_SZi_01_RAY_0048.JPG,.jpg,5761736,01,01,2014-04-17,70_79,70-79,,,loose_known,,01_05;01_11;01_12;01_13;01_14,01::0159_20140417_SZi_01_RAY,filename_trailing_number,medium,4896,3264,JPEG,readable,db1ee2118447def542071960bdf9888d1ac7635c9fa44f36ab4a27b1649c18b7,unknown,pending,unreviewed,,
IMG_f8958678e847cf3b,70-79/0160_20140417_SZi_01_RAY_0055.JPG,0160_20140417_SZi_01_RAY_0055.JPG,.jpg,5677451,01,01,2014-04-17,70_79,70-79,,,loose_known,,01_05;01_11;01_12;01_13;01_14,01::0160_20140417_SZi_01_RAY,filename_trailing_number,medium,4896,3264,JPEG,readable,073b6280ca174d51cb80dcd27d2031fe6b911b3250143dc01b16642eab971fc5,unknown,pending,unreviewed,,
IMG_c776ffb7f924ded1,70-79/0161_20140417_SZi_01_RAY_0058.JPG,0161_20140417_SZi_01_RAY_0058.JPG,.jpg,7415610,01,01,2014-04-17,70_79,70-79,,,loose_known,,01_05;01_11;01_12;01_13;01_14,01::0161_20140417_SZi_01_RAY,filename_trailing_number,medium,4896,3264,JPEG,readable,c1917ab29cbaa46599de1c23d2a5d6b00c22d2d936b6095c03b10e45f6e313cf,unknown,pending,unreviewed,,
IMG_d7d7a7c429d1f1b6,70-79/0166_20140417_SZi_01_RAY_0071.JPG,0166_20140417_SZi_01_RAY_0071.JPG,.jpg,5802947,01,01,2014-04-17,70_79,70-79,,,loose_known,,01_05;01_11;01_12;01_13;01_14,01::0166_20140417_SZi_01_RAY,filename_trailing_number,medium,4896,3264,JPEG,readable,698d2502b62c5a437f13a2c20c5ab8e5014ab36829db78ae88512b5972f5107a,unknown,pending,unreviewed,,
IMG_57bcbc44207febf6,70-79/0173_20140417_SZi_01_RAY_0092.JPG,0173_20140417_SZi_01_RAY_0092.JPG,.jpg,5675421,01,01,2014-04-17,70_79,70-79,,,loose_known,,01_05;01_11;01_12;01_13;01_14,01::0173_20140417_SZi_01_RAY,filename_trailing_number,medium,4896,3264,JPEG,readable,a7f83b6b165aa860c3dc1d56d3e84f739425df644bd447552cf692a6cc0213bc,unknown,pending,unreviewed,,
IMG_6b7a1db32dd39106,70-79/0178_20140417_SZi_01_RAY_0104.JPG,0178_20140417_SZi_01_RAY_0104.JPG,.jpg,5676470,01,01,2014-04-17,70_79,70-79,,,loose_known,,01_05;01_11;01_12;01_13;01_14,01::0178_20140417_SZi_01_RAY,filename_trailing_number,medium,4896,3264,JPEG,readable,7f8bb0af27474faf188bb97c96ccdaf2815047a2611a6e614fc2af725a6c796d,unknown,pending,unreviewed,,
IMG_d13c02982e000b6f,70-79/0188_20140417_SZi_01_RAY_0118.JPG,0188_20140417_SZi_01_RAY_0118.JPG,.jpg,5978899,01,01,2014-04-17,70_79,70-79,,,loose_known,,01_05;01_11;01_12;01_13;01_14,01::0188_20140417_SZi_01_RAY,filename_trailing_number,medium,4896,3264,JPEG,readable,b4699c7260165bec29458053813b89c0dd25bfa0451bc182b6477eed465d66d8,unknown,pending,unreviewed,,
IMG_12a3a1ac7544f67f,70-79/0189_20140417_SZi_01_RAY_0119.JPG,0189_20140417_SZi_01_RAY_0119.JPG,.jpg,5779023,01,01,2014-04-17,70_79,70-79,,,loose_known,,01_05;01_11;01_12;01_13;01_14,01::0189_20140417_SZi_01_RAY,filename_trailing_number,medium,4896,3264,JPEG,readable,5a61b88ed00a9733694e8993f27a372199a08f0a6513c88ac9821df1e61846ca,unknown,pending,unreviewed,,
IMG_f41ca6cea397862f,70-79/0202_20140417_SZi_01_RAY_0148.JPG,0202_20140417_SZi_01_RAY_0148.JPG,.jpg,4916859,01,01,2014-04-17,70_79,70-79,,,loose_known,,01_05;01_11;01_12;01_13;01_14,01::0202_20140417_SZi_01_RAY,filename_trailing_number,medium,4896,3264,JPEG,readable,ad7a05d3ad85fabb0c64a80c2949823aba2092b4659cdd7a7d5a87d14486eee9,unknown,pending,unreviewed,,
IMG_9f9f3f6db8386b49,70-79/0204_20140417_SZi_01_RAY_0151.JPG,0204_20140417_SZi_01_RAY_0151.JPG,.jpg,5101874,01,01,2014-04-17,70_79,70-79,,,loose_known,,01_05;01_11;01_12;01_13;01_14,01::0204_20140417_SZi_01_RAY,filename_trailing_number,medium,4896,3264,JPEG,readable,3b0ae70b7c93608a4fd58fc51d3f9a98a95bebea98f7baecbd9d970746dd6faa,unknown,pending,unreviewed,,
IMG_6be60f69715c7142,70-79/0212_20140417_SZi_01_RAY_0165.JPG,0212_20140417_SZi_01_RAY_0165.JPG,.jpg,5183171,01,01,2014-04-17,70_79,70-79,,,loose_known,,01_05;01_11;01_12;01_13;01_14,01::0212_20140417_SZi_01_RAY,filename_trailing_number,medium,4896,3264,JPEG,readable,a2b49cb3e7a1f81c48761ba9819c58ab87cbe347b1dbb594de7f8980d9856799,unknown,pending,unreviewed,,
IMG_e86de629b537aa49,70-79/0216_20140417_SZi_01_RAY_0172.JPG,0216_20140417_SZi_01_RAY_0172.JPG,.jpg,5263949,01,01,2014-04-17,70_79,70-79,,,loose_known,,01_05;01_11;01_12;01_13;01_14,01::0216_20140417_SZi_01_RAY,filename_trailing_number,medium,4896,3264,JPEG,readable,b38b6b3ebfc319a2e6c2714fc9fc5a6b7e80ce1466d13163168066cfac3e25ff,unknown,pending,unreviewed,,
IMG_4b8b5eaad810ebeb,70-79/0217_20140417_SZi_01_RAY_0173.JPG,0217_20140417_SZi_01_RAY_0173.JPG,.jpg,5429166,01,01,2014-04-17,70_79,70-79,,,loose_known,,01_05;01_11;01_12;01_13;01_14,01::0217_20140417_SZi_01_RAY,filename_trailing_number,medium,4896,3264,JPEG,readable,3168987a48d88d68ac8fa3018adbc8513f800d2df17ee297da9b08cfb611175f,unknown,pending,unreviewed,,
IMG_52a7375fb4e90441,70-79/0219_20140417_SZi_01_RAY_0175.JPG,0219_20140417_SZi_01_RAY_0175.JPG,.jpg,5364274,01,01,2014-04-17,70_79,70-79,,,loose_known,,01_05;01_11;01_12;01_13;01_14,01::0219_20140417_SZi_01_RAY,filename_trailing_number,medium,4896,3264,JPEG,readable,661b506026cd0212cf1c1898760d9ac773193583a4ac027c226f0d6aa8840d93,unknown,pending,unreviewed,,
IMG_33756a24d233965f,70-79/0223_20140417_SZi_01_RAY_0184.JPG,0223_20140417_SZi_01_RAY_0184.JPG,.jpg,6951354,01,01,2014-04-17,70_79,70-79,,,loose_known,,01_05;01_11;01_12;01_13;01_14,01::0223_20140417_SZi_01_RAY,filename_trailing_number,medium,4896,3264,JPEG,readable,8995583fde8641262933ad79a1dcb09f32e6a3de90c90e2cc74902395517508c,unknown,pending,unreviewed,,
IMG_ad671fb1d0297986,70-79/0228_20140417_SZi_01_RAY_0189.JPG,0228_20140417_SZi_01_RAY_0189.JPG,.jpg,5464705,01,01,2014-04-17,70_79,70-79,,,loose_known,,01_05;01_11;01_12;01_13;01_14,01::0228_20140417_SZi_01_RAY,filename_trailing_number,medium,4896,3264,JPEG,readable,1f23892c0f520daee67148b1098dab9bc795ecff7e0061de1eff633def2cce36,unknown,pending,unreviewed,,
IMG_2cfd21942f3d9fd2,70-79/0229_20140417_SZi_01_RAY_0190.JPG,0229_20140417_SZi_01_RAY_0190.JPG,.jpg,5528292,01,01,2014-04-17,70_79,70-79,,,loose_known,,01_05;01_11;01_12;01_13;01_14,01::0229_20140417_SZi_01_RAY,filename_trailing_number,medium,4896,3264,JPEG,readable,807c1020411d8f768bb507c302061b911eba98db5ec5e3b922ee9e2e424f5b87,unknown,pending,unreviewed,,
IMG_03b319b882be2339,70-79/0234_20140417_SZi_01_RAY_0196.JPG,0234_20140417_SZi_01_RAY_0196.JPG,.jpg,5398297,01,01,2014-04-17,70_79,70-79,,,loose_known,,01_05;01_11;01_12;01_13;01_14,01::0234_20140417_SZi_01_RAY,filename_trailing_number,medium,4896,3264,JPEG,readable,13984f61d3f696a31f3744a7b61d9d6488b15a38ed44b06b64ef2b358bb9f9aa,unknown,pending,unreviewed,,
IMG_c0cc2c67e4729a86,70-79/0237_20140417_SZi_01_RAY_0210.JPG,0237_20140417_SZi_01_RAY_0210.JPG,.jpg,5614027,01,01,2014-04-17,70_79,70-79,,,loose_known,,01_05;01_11;01_12;01_13;01_14,01::0237_20140417_SZi_01_RAY,filename_trailing_number,medium,4896,3264,JPEG,readable,23b2edfcedab21e0b04f7c042d5170f6bd6a415f5b3070c4157d016d2b7571f1,unknown,pending,unreviewed,,
IMG_fb33824fdf7da49c,70-79/0239_20140417_SZi_01_RAY_0216.JPG,0239_20140417_SZi_01_RAY_0216.JPG,.jpg,7891842,01,01,2014-04-17,70_79,70-79,,,loose_known,,01_05;01_11;01_12;01_13;01_14,01::0239_20140417_SZi_01_RAY,filename_trailing_number,medium,4896,3264,JPEG,readable,1aa9d7dd4c6461d5acc7ad223772701d2a85ca8ddc6bc2de6ba3751fb3e70954,unknown,pending,unreviewed,,
IMG_a57201406f753571,70-79/0244_20140417_SZi_01_RAY_0228.JPG,0244_20140417_SZi_01_RAY_0228.JPG,.jpg,5558843,01,01,2014-04-17,70_79,70-79,,,loose_known,,01_05;01_11;01_12;01_13;01_14,01::0244_20140417_SZi_01_RAY,filename_trailing_number,medium,4896,3264,JPEG,readable,20bcae551c0a948260c69f6c669541d34cf26aeaf6fe0f469062d3edcce486bb,unknown,pending,unreviewed,,
IMG_9f18d42c971aff1c,70-79/0245_20140417_SZi_01_RAY_0229.JPG,0245_20140417_SZi_01_RAY_0229.JPG,.jpg,5554698,01,01,2014-04-17,70_79,70-79,,,loose_known,,01_05;01_11;01_12;01_13;01_14,01::0245_20140417_SZi_01_RAY,filename_trailing_number,medium,4896,3264,JPEG,readable,f1579bbe66dd31872986c16271a893087154bae9812900a955169cea507f8e95,unknown,pending,unreviewed,,
IMG_89164ddd518298ec,70-79/0248_20140417_SZi_01_RAY_0236.JPG,0248_20140417_SZi_01_RAY_0236.JPG,.jpg,5814869,01,01,2014-04-17,70_79,70-79,,,loose_known,,01_05;01_11;01_12;01_13;01_14,01::0248_20140417_SZi_01_RAY,filename_trailing_number,medium,4896,3264,JPEG,readable,f34b013a72d52d3962368d422b17a391be7ceba58e8b965a511954947e124a31,unknown,pending,unreviewed,,
IMG_10b7d19446de45a1,70-79/0250_20140417_SZi_01_RAY_0238.JPG,0250_20140417_SZi_01_RAY_0238.JPG,.jpg,5453795,01,01,2014-04-17,70_79,70-79,,,loose_known,,01_05;01_11;01_12;01_13;01_14,01::0250_20140417_SZi_01_RAY,filename_trailing_number,medium,4896,3264,JPEG,readable,0499a80be3e8b42135458ae253bcded697afebe3479a68965b5983c8f22843bc,unknown,pending,unreviewed,,
IMG_d76bc77721485788,70-79/0254_20140417_SZi_01_RAY_0248.JPG,0254_20140417_SZi_01_RAY_0248.JPG,.jpg,5624171,01,01,2014-04-17,70_79,70-79,,,loose_known,,01_05;01_11;01_12;01_13;01_14,01::0254_20140417_SZi_01_RAY,filename_trailing_number,medium,4896,3264,JPEG,readable,1d8f098ad4f10b5589263b9db4900c8f08e2ec984430960f5e2d613ca68c4250,unknown,pending,unreviewed,,
IMG_a9e0d8c366e77672,70-79/0256_20140417_SZi_01_RAY_0253.JPG,0256_20140417_SZi_01_RAY_0253.JPG,.jpg,5622672,01,01,2014-04-17,70_79,70-79,,,loose_known,,01_05;01_11;01_12;01_13;01_14,01::0256_20140417_SZi_01_RAY,filename_trailing_number,medium,4896,3264,JPEG,readable,981aa65883b98f086bae4f0c519ab9f53ca37f23e058784e00b932a739bd1e65,unknown,pending,unreviewed,,
IMG_0f2d3c45d4af6673,70-79/0257_20140417_SZi_01_RAY_0254.JPG,0257_20140417_SZi_01_RAY_0254.JPG,.jpg,5748184,01,01,2014-04-17,70_79,70-79,,,loose_known,,01_05;01_11;01_12;01_13;01_14,01::0257_20140417_SZi_01_RAY,filename_trailing_number,medium,4896,3264,JPEG,readable,9dd4912763a4e81048ad76d3b8255854da9ef61e4c473a7d0d668226601dd291,unknown,pending,unreviewed,,
IMG_6eafb73ad6a0536d,70-79/0258_20140417_SZi_01_RAY_0255.JPG,0258_20140417_SZi_01_RAY_0255.JPG,.jpg,5710770,01,01,2014-04-17,70_79,70-79,,,loose_known,,01_05;01_11;01_12;01_13;01_14,01::0258_20140417_SZi_01_RAY,filename_trailing_number,medium,4896,3264,JPEG,readable,e5a9c7072f0433e89d94b7d16bd63a7bcc77313d50ba233ff20b9927eebd657d,unknown,pending,unreviewed,,
IMG_2d86a9c167d87a87,70-79/0267_20140417_SZi_01_RAY_0270.JPG,0267_20140417_SZi_01_RAY_0270.JPG,.jpg,5489203,01,01,2014-04-17,70_79,70-79,,,loose_known,,01_05;01_11;01_12;01_13;01_14,01::0267_20140417_SZi_01_RAY,filename_trailing_number,medium,4896,3264,JPEG,readable,1948fdc1ccc11ccef41298cb95a82fac7da6aac2b0fe2c6b4d5c66de6b44cd75,unknown,pending,unreviewed,,
IMG_8aeafd80fb4b4579,70-79/0268_20140417_SZi_01_RAY_0271.JPG,0268_20140417_SZi_01_RAY_0271.JPG,.jpg,5475330,01,01,2014-04-17,70_79,70-79,,,loose_known,,01_05;01_11;01_12;01_13;01_14,01::0268_20140417_SZi_01_RAY,filename_trailing_number,medium,4896,3264,JPEG,readable,f093221b69350f9d6dfc4d7ad2f56221e98c8801ef874b0848c730aac7d428a7,unknown,pending,unreviewed,,
IMG_9eb0d6d1cba0e944,70-79/0272_20140417_SZi_01_RAY_0281.JPG,0272_20140417_SZi_01_RAY_0281.JPG,.jpg,5590957,01,01,2014-04-17,70_79,70-79,,,loose_known,,01_05;01_11;01_12;01_13;01_14,01::0272_20140417_SZi_01_RAY,filename_trailing_number,medium,4896,3264,JPEG,readable,9cd32bc2d5172636382dee19999403637cacda083ffbadc7244e05c143a47560,unknown,pending,unreviewed,,
IMG_243e6ba9482ec01f,70-79/0276_20140417_SZi_01_RAY_0300.JPG,0276_20140417_SZi_01_RAY_0300.JPG,.jpg,5521956,01,01,2014-04-17,70_79,70-79,,,loose_known,,01_05;01_11;01_12;01_13;01_14,01::0276_20140417_SZi_01_RAY,filename_trailing_number,medium,4896,3264,JPEG,readable,e8b67b4753459e593d6e81bc1ca129a7719e04718520f32db7285e720a24bb63,unknown,pending,unreviewed,,
IMG_4766b81119e75bcb,70-79/0277_20140417_SZi_01_RAY_0302.JPG,0277_20140417_SZi_01_RAY_0302.JPG,.jpg,5710515,01,01,2014-04-17,70_79,70-79,,,loose_known,,01_05;01_11;01_12;01_13;01_14,01::0277_20140417_SZi_01_RAY,filename_trailing_number,medium,4896,3264,JPEG,readable,8bba069e5291b8d6cf29a3d76a59edfb4593da69ae30ab9c3617dadad0d74e68,unknown,pending,unreviewed,,
IMG_e0758bdd04f3b9f1,70-79/0278_20140417_SZi_01_RAY_0303.JPG,0278_20140417_SZi_01_RAY_0303.JPG,.jpg,5495004,01,01,2014-04-17,70_79,70-79,,,loose_known,,01_05;01_11;01_12;01_13;01_14,01::0278_20140417_SZi_01_RAY,filename_trailing_number,medium,4896,3264,JPEG,readable,ee9cf9463a872d8b46c173e4ef633b83bf919a294d87364021b0e21020a70328,unknown,pending,unreviewed,,
IMG_49df9fe4de5a41f1,70-79/0279_20140417_SZi_01_RAY_0304.JPG,0279_20140417_SZi_01_RAY_0304.JPG,.jpg,5450386,01,01,2014-04-17,70_79,70-79,,,loose_known,,01_05;01_11;01_12;01_13;01_14,01::0279_20140417_SZi_01_RAY,filename_trailing_number,medium,4896,3264,JPEG,readable,d1866accb290b971b9e19477ee3422f96fc5f75326edfcfaa7bb5c27b1779119,unknown,pending,unreviewed,,
IMG_4075ad3adad593e7,70-79/0283_20140417_SZi_01_RAY_0314.JPG,0283_20140417_SZi_01_RAY_0314.JPG,.jpg,5650613,01,01,2014-04-17,70_79,70-79,,,loose_known,,01_05;01_11;01_12;01_13;01_14,01::0283_20140417_SZi_01_RAY,filename_trailing_number,medium,4896,3264,JPEG,readable,d47df22d0ae89be49d078618c78d89cd60f5d953120016956fd5597d39a76978,unknown,pending,unreviewed,,
IMG_fab1e7b5ba2babde,70-79/0284_20140417_SZi_01_RAY_0315.JPG,0284_20140417_SZi_01_RAY_0315.JPG,.jpg,5639587,01,01,2014-04-17,70_79,70-79,,,loose_known,,01_05;01_11;01_12;01_13;01_14,01::0284_20140417_SZi_01_RAY,filename_trailing_number,medium,4896,3264,JPEG,readable,85513d8ac302a914feaf314e0e830579607327cd54e5f96010465be183773146,unknown,pending,unreviewed,,
IMG_7ddc4201f6b94ee9,70-79/0289_20140417_SZi_01_RAY_0323.JPG,0289_20140417_SZi_01_RAY_0323.JPG,.jpg,5601300,01,01,2014-04-17,70_79,70-79,,,loose_known,,01_05;01_11;01_12;01_13;01_14,01::0289_20140417_SZi_01_RAY,filename_trailing_number,medium,4896,3264,JPEG,readable,ad9d96213f874c5f09c68225d69e15a7971f50556d85c09d08b682968a10f1c8,unknown,pending,unreviewed,,
IMG_3d4dd0d5272bd75b,70-79/0290_20140417_SZi_01_RAY_0324.JPG,0290_20140417_SZi_01_RAY_0324.JPG,.jpg,5542657,01,01,2014-04-17,70_79,70-79,,,loose_known,,01_05;01_11;01_12;01_13;01_14,01::0290_20140417_SZi_01_RAY,filename_trailing_number,medium,4896,3264,JPEG,readable,395eeb0fbbbc259e7defeb4434b3a4f1f82d4d3e0c43838f50ed26ca7862a6b8,unknown,pending,unreviewed,,
IMG_bc5d6baa02e17c10,70-79/0315_20140417_SZi_01_RAY_0363.JPG,0315_20140417_SZi_01_RAY_0363.JPG,.jpg,5636331,01,01,2014-04-17,70_79,70-79,,,loose_known,,01_05;01_11;01_12;01_13;01_14,01::0315_20140417_SZi_01_RAY,filename_trailing_number,medium,4896,3264,JPEG,readable,25505584f498466c6064740a59d2eb45f8d68b1c6cd42d1f95c72968cf89e5b9,unknown,pending,unreviewed,,
IMG_13f359862eaa5956,70-79/0329_20140417_SZi_01_RAY_0397.JPG,0329_20140417_SZi_01_RAY_0397.JPG,.jpg,5883883,01,01,2014-04-17,70_79,70-79,,,loose_known,,01_05;01_11;01_12;01_13;01_14,01::0329_20140417_SZi_01_RAY,filename_trailing_number,medium,4896,3264,JPEG,readable,53d67c5c4f6ed3761f6743edf6c16cb037d5ac2f8d2073f03b2a2923b29ebb6b,unknown,pending,unreviewed,,
IMG_6a063bf13e567aa0,70-79/0342_20140417_SZi_01_RAY_0427.JPG,0342_20140417_SZi_01_RAY_0427.JPG,.jpg,5606747,01,01,2014-04-17,70_79,70-79,,,loose_known,,01_05;01_11;01_12;01_13;01_14,01::0342_20140417_SZi_01_RAY,filename_trailing_number,medium,4896,3264,JPEG,readable,2c44c626383418d6bf17f24bed1c520c1b732ed4f86cbfdb06f7fe2176d6ea08,unknown,pending,unreviewed,,
IMG_fbcf071addc88ed7,70-79/0344_20140417_SZi_01_RAY_0429.JPG,0344_20140417_SZi_01_RAY_0429.JPG,.jpg,7464380,01,01,2014-04-17,70_79,70-79,,,loose_known,,01_05;01_11;01_12;01_13;01_14,01::0344_20140417_SZi_01_RAY,filename_trailing_number,medium,4896,3264,JPEG,readable,5876406835b0ecbd0f5cac0453767fcd68cfdadbf5ff09f3c1cb3345c573d69b,unknown,pending,unreviewed,,
IMG_09628d50eb642cdd,70-79/0352_20140417_SZi_01_RAY_0440.JPG,0352_20140417_SZi_01_RAY_0440.JPG,.jpg,5744638,01,01,2014-04-17,70_79,70-79,,,loose_known,,01_05;01_11;01_12;01_13;01_14,01::0352_20140417_SZi_01_RAY,filename_trailing_number,medium,4896,3264,JPEG,readable,806dfb3f4abb472fa664ac5e693023c06eea9fa08269fd3947c014bb24822037,unknown,pending,unreviewed,,
IMG_0763a5d5fba0602b,70-79/0369_20140417_SZi_01_RAY_0471.JPG,0369_20140417_SZi_01_RAY_0471.JPG,.jpg,6264074,01,01,2014-04-17,70_79,70-79,,,loose_known,,01_05;01_11;01_12;01_13;01_14,01::0369_20140417_SZi_01_RAY,filename_trailing_number,medium,4896,3264,JPEG,readable,88d5e07934b14d057a76e159ffac6324418919738446223ede0b4aecd7b91181,unknown,pending,unreviewed,,
IMG_c1d3de3c7402ed5e,70-79/0370_20140417_SZi_01_RAY_0472.JPG,0370_20140417_SZi_01_RAY_0472.JPG,.jpg,5626805,01,01,2014-04-17,70_79,70-79,,,loose_known,,01_05;01_11;01_12;01_13;01_14,01::0370_20140417_SZi_01_RAY,filename_trailing_number,medium,4896,3264,JPEG,readable,130b3363d86e5846fbaa946dbd959f31fe27d29306f6389f42c51cc2b87c51b5,unknown,pending,unreviewed,,
IMG_52b4836019f67bc9,70-79/0376_20140417_SZi_01_RAY_0480.JPG,0376_20140417_SZi_01_RAY_0480.JPG,.jpg,5998199,01,01,2014-04-17,70_79,70-79,,,loose_known,,01_05;01_11;01_12;01_13;01_14,01::0376_20140417_SZi_01_RAY,filename_trailing_number,medium,4896,3264,JPEG,readable,e59b17b56b090b2c425f898be53da1c00835d79556b0998890fd79857cf43593,unknown,pending,unreviewed,,
IMG_b6725f34d2b64e55,70-79/0379_20140417_SZi_01_RAY_0487.JPG,0379_20140417_SZi_01_RAY_0487.JPG,.jpg,5764754,01,01,2014-04-17,70_79,70-79,,,loose_known,,01_05;01_11;01_12;01_13;01_14,01::0379_20140417_SZi_01_RAY,filename_trailing_number,medium,4896,3264,JPEG,readable,34ef6fc43147897533f3518030aebc97f20de89d5276e6c8ad4abaaea3e158c5,unknown,pending,unreviewed,,
IMG_63100f968ea2c375,70-79/0383_20140417_SZi_01_RAY_0491.JPG,0383_20140417_SZi_01_RAY_0491.JPG,.jpg,5589352,01,01,2014-04-17,70_79,70-79,,,loose_known,,01_05;01_11;01_12;01_13;01_14,01::0383_20140417_SZi_01_RAY,filename_trailing_number,medium,4896,3264,JPEG,readable,2ca82e7e0a723ea0b2fb8201dd7399d5d74a9301491142835894eca4dbb2b4da,unknown,pending,unreviewed,,
IMG_990f8c2142246d90,70-79/0389_20140417_SZi_01_RAY_0506.JPG,0389_20140417_SZi_01_RAY_0506.JPG,.jpg,5689181,01,01,2014-04-17,70_79,70-79,,,loose_known,,01_05;01_11;01_12;01_13;01_14,01::0389_20140417_SZi_01_RAY,filename_trailing_number,medium,4896,3264,JPEG,readable,3bdf1382c99da1a069d98670a71d9284b14ff18bfb95323dd0b9dacaf07e6f5b,unknown,pending,unreviewed,,
IMG_14d44b32906fed16,70-79/0393_20140417_SZi_01_RAY_0516.JPG,0393_20140417_SZi_01_RAY_0516.JPG,.jpg,5942907,01,01,2014-04-17,70_79,70-79,,,loose_known,,01_05;01_11;01_12;01_13;01_14,01::0393_20140417_SZi_01_RAY,filename_trailing_number,medium,4896,3264,JPEG,readable,a9faf636114bc250ebc2684cb46e9ca46d847141ab32bf1eb3a57e8b5b651dc8,unknown,pending,unreviewed,,
IMG_a1da1cac4ed4ad16,70-79/0396_20140417_SZi_01_RAY_0519.JPG,0396_20140417_SZi_01_RAY_0519.JPG,.jpg,5838217,01,01,2014-04-17,70_79,70-79,,,loose_known,,01_05;01_11;01_12;01_13;01_14,01::0396_20140417_SZi_01_RAY,filename_trailing_number,medium,4896,3264,JPEG,readable,3e2e2e8b823d877678bfa36065183aa07bd51fbfa53efbd0ed9f353d3e475338,unknown,pending,unreviewed,,
IMG_41a178ba11fdafae,70-79/0412_20140417_SZi_01_RAY_0558.JPG,0412_20140417_SZi_01_RAY_0558.JPG,.jpg,5725004,01,01,2014-04-17,70_79,70-79,,,loose_known,,01_05;01_11;01_12;01_13;01_14,01::0412_20140417_SZi_01_RAY,filename_trailing_number,medium,4896,3264,JPEG,readable,77f70867808cc2fb24902b5607e72dc9cf23ab2d154b837e9d79a51e2153906f,unknown,pending,unreviewed,,
IMG_ea3c050ed8c0f117,70-79/05/0143_20140417_SZi_01_RAY_0010.JPG,0143_20140417_SZi_01_RAY_0010.JPG,.jpg,175948,01,01,2014-04-17,70_79,05,05,01_05,labeled,,,01::0143_20140417_SZi_01_RAY,filename_trailing_number,medium,768,357,JPEG,readable,cfa4f0780d1d5f2127200ba40b524508295ec295bd4971d07d489f6a4af7850c,unknown,pending,unreviewed,,
IMG_291e2277785cff7b,70-79/11/0148_20140417_SZi_01_RAY_0018.JPG,0148_20140417_SZi_01_RAY_0018.JPG,.jpg,402087,01,01,2014-04-17,70_79,11,11,01_11,labeled,,,01::0148_20140417_SZi_01_RAY,filename_trailing_number,medium,1105,572,JPEG,readable,27729d9c18e5df33af36f5ec70137dca092c1ad231ca63aed267e68461509a01,unknown,pending,unreviewed,,
IMG_87c7629244e02709,70-79/12/0333_20140417_SZi_01_RAY_0403.JPG,0333_20140417_SZi_01_RAY_0403.JPG,.jpg,107660,01,01,2014-04-17,70_79,12,12,01_12,labeled,,,01::0333_20140417_SZi_01_RAY,filename_trailing_number,medium,450,300,JPEG,readable,c3bf1f236eefc67b7bd07685e47e5d19701321c9ff98a3769224e29de4b9bda0,unknown,pending,unreviewed,,
IMG_cfd8413c8fd7adb5,70-79/13/0351_20140417_SZi_01_RAY_0439.JPG,0351_20140417_SZi_01_RAY_0439.JPG,.jpg,481505,01,01,2014-04-17,70_79,13,13,01_13,labeled,,,01::0351_20140417_SZi_01_RAY,filename_trailing_number,medium,1479,524,JPEG,readable,fc70f9d068dd0bece73e60c5230d2a70b8361b8ef5f90d61a503dd74ae396fd3,unknown,pending,unreviewed,,
IMG_79691a75f9b33de6,70-79/14/0341_20140417_SZi_01_RAY_0426.JPG,0341_20140417_SZi_01_RAY_0426.JPG,.jpg,413306,01,01,2014-04-17,70_79,14,14,01_14,labeled,,,01::0341_20140417_SZi_01_RAY,filename_trailing_number,medium,1376,496,JPEG,readable,0dd5036dff5a5afad173dfcdb568c8f0fdcfa00b4636f4ebe3a6648c73f32c4e,unknown,pending,unreviewed,,
IMG_bcf3d9dd1cb6b9e2,80 and above/01/0180_20140417_SZi_01_RAY_0108.JPG,0180_20140417_SZi_01_RAY_0108.JPG,.jpg,7737847,01,01,2014-04-17,80_and_above,01,01,01_01,labeled,,,01::0180_20140417_SZi_01_RAY,filename_trailing_number,medium,4896,3264,JPEG,readable,5abc56ac52ab4b38a9d4ea5f2982da86763d1f8fdce222698ce83657cb7bbb78,unknown,pending,unreviewed,,
IMG_89787964d002fdf6,80 and above/01/0185_20140417_SZi_01_RAY_0113.JPG,0185_20140417_SZi_01_RAY_0113.JPG,.jpg,1988247,01,01,2014-04-17,80_and_above,01,01,01_01,labeled,,,01::0185_20140417_SZi_01_RAY,filename_trailing_number,medium,2746,1212,JPEG,readable,14fa56f795863ef1456a334836a1f6748f9ed316efe3904b871c667fa33fa248,unknown,pending,unreviewed,,
IMG_6dc8f895e31c5f95,80 and above/01/0213_20140417_SZi_01_RAY_0168.JPG,0213_20140417_SZi_01_RAY_0168.JPG,.jpg,5089037,01,01,2014-04-17,80_and_above,01,01,01_01,labeled,,,01::0213_20140417_SZi_01_RAY,filename_trailing_number,medium,4896,3264,JPEG,readable,8552b06fefa28f93de14c1c2352f9afcd9e8c3e888b80094f038fad560403b5a,unknown,pending,unreviewed,,
IMG_c9089614b6a55260,80 and above/02 （sj of 01)/0163_20140417_SZi_01_RAY_0060.JPG,0163_20140417_SZi_01_RAY_0060.JPG,.jpg,5618012,01,01,2014-04-17,80_and_above,02 （sj of 01),02,01_02,labeled,sj_of,,01::0163_20140417_SZi_01_RAY,filename_trailing_number,medium,4896,3264,JPEG,readable,82d926111c537df78b968d44cdd22fe1d44cc8d47c8ab9d653aa597d3a49cf7b,unknown,pending,unreviewed,,
IMG_a1b65ba015bf8a38,80 and above/02 （sj of 01)/0170_20140417_SZi_01_RAY_0089.JPG,0170_20140417_SZi_01_RAY_0089.JPG,.jpg,5837471,01,01,2014-04-17,80_and_above,02 （sj of 01),02,01_02,labeled,sj_of,,01::0170_20140417_SZi_01_RAY,filename_trailing_number,medium,4896,3264,JPEG,readable,86b3d73edaf57b08c43381e6a8830ce0a5c945aa5beb13325af8814ed5b4912a,unknown,pending,unreviewed,,
IMG_cc62dbd148e58905,80 and above/02 （sj of 01)/0171_20140417_SZi_01_RAY_0090.JPG,0171_20140417_SZi_01_RAY_0090.JPG,.jpg,1092819,01,01,2014-04-17,80_and_above,02 （sj of 01),02,01_02,labeled,sj_of,,01::0171_20140417_SZi_01_RAY,filename_trailing_number,medium,1899,1039,JPEG,readable,3fcb9694b884eeabb46195b03f0f0d2629e0ad0f9e0da5f723ac7bb4b1f94caf,unknown,pending,unreviewed,,
IMG_add6681025b7e34c,80 and above/02 （sj of 01)/0207_20140417_SZi_01_RAY_0157.JPG,0207_20140417_SZi_01_RAY_0157.JPG,.jpg,5177978,01,01,2014-04-17,80_and_above,02 （sj of 01),02,01_02,labeled,sj_of,,01::0207_20140417_SZi_01_RAY,filename_trailing_number,medium,4896,3264,JPEG,readable,03c46a25fc712d8015f21bcba74db98c623ad63054411fe6103a47e95248f7d0,unknown,pending,unreviewed,,
IMG_33d44571ee320a90,80 and above/02 （sj of 01)/0208_20140417_SZi_01_RAY_0158.JPG,0208_20140417_SZi_01_RAY_0158.JPG,.jpg,719934,01,01,2014-04-17,80_and_above,02 （sj of 01),02,01_02,labeled,sj_of,,01::0208_20140417_SZi_01_RAY,filename_trailing_number,medium,1773,740,JPEG,readable,a115ce21edcf4482496f92fb869fab10f59dc2f0efb0ed297372450ed78d919f,unknown,pending,unreviewed,,
IMG_bf29c448b7965c34,80 and above/02 （sj of 01)/0209_20140417_SZi_01_RAY_0159.JPG,0209_20140417_SZi_01_RAY_0159.JPG,.jpg,5159699,01,01,2014-04-17,80_and_above,02 （sj of 01),02,01_02,labeled,sj_of,,01::0209_20140417_SZi_01_RAY,filename_trailing_number,medium,4896,3264,JPEG,readable,df59a6b15524d78ea3cb0ff744cbed306cd45bde191170cf94229085b75d08f2,unknown,pending,unreviewed,,
IMG_365230aff6ccf855,80 and above/02 （sj of 01)/0271_20140417_SZi_01_RAY_0276.JPG,0271_20140417_SZi_01_RAY_0276.JPG,.jpg,5792427,01,01,2014-04-17,80_and_above,02 （sj of 01),02,01_02,labeled,sj_of,,01::0271_20140417_SZi_01_RAY,filename_trailing_number,medium,4896,3264,JPEG,readable,efeb298e646c797e13340d0936f1d5f96b96e46527874b5e848ee0bdf2e955a3,unknown,pending,unreviewed,,
IMG_efc367ab53689fa5,80 and above/02 （sj of 01)/0281_20140417_SZi_01_RAY_0312.JPG,0281_20140417_SZi_01_RAY_0312.JPG,.jpg,5925040,01,01,2014-04-17,80_and_above,02 （sj of 01),02,01_02,labeled,sj_of,,01::0281_20140417_SZi_01_RAY,filename_trailing_number,medium,4896,3264,JPEG,readable,2f73715bcabcb0000ac7fa8672e9db36757d5d34d5fcabb31c74e02fae23cfd2,unknown,pending,unreviewed,,
IMG_a6bf15b3e23eea6f,80 and above/02 （sj of 01)/0282_20140417_SZi_01_RAY_0313.JPG,0282_20140417_SZi_01_RAY_0313.JPG,.jpg,5841609,01,01,2014-04-17,80_and_above,02 （sj of 01),02,01_02,labeled,sj_of,,01::0282_20140417_SZi_01_RAY,filename_trailing_number,medium,4896,3264,JPEG,readable,b3f72668fd3f201079ba1ccbbfcc3ac6a625751b2a451c9c9eb16457e083bfc5,unknown,pending,unreviewed,,
IMG_0fda01828547a827,80 and above/03/0218_20140417_SZi_01_RAY_0174.JPG,0218_20140417_SZi_01_RAY_0174.JPG,.jpg,5330875,01,01,2014-04-17,80_and_above,03,03,01_03,labeled,,,01::0218_20140417_SZi_01_RAY,filename_trailing_number,medium,4896,3264,JPEG,readable,b47a287bebd859f44ea6e60973b16d430b8387fa59f309002adfa49edfce2b55,unknown,pending,unreviewed,,
IMG_6609262ac9b0bddd,80 and above/03/0232_20140417_SZi_01_RAY_0194.JPG,0232_20140417_SZi_01_RAY_0194.JPG,.jpg,777269,01,01,2014-04-17,80_and_above,03,03,01_03,labeled,,,01::0232_20140417_SZi_01_RAY,filename_trailing_number,medium,2143,637,JPEG,readable,c86a47d5f6106b5398901daef85e04dc2908c7554ae52ff327a5a12d06e8acd6,unknown,pending,unreviewed,,
IMG_d96a692b8a5e2cd9,80 and above/03/0233_20140417_SZi_01_RAY_0195.JPG,0233_20140417_SZi_01_RAY_0195.JPG,.jpg,5177384,01,01,2014-04-17,80_and_above,03,03,01_03,labeled,,,01::0233_20140417_SZi_01_RAY,filename_trailing_number,medium,4896,3264,JPEG,readable,e546767b40a7f9023c04dc1a01fdd801f7cb0a0eefc3e6accd9a045ebd51996f,unknown,pending,unreviewed,,
IMG_9e6ec1d9efc2e117,80 and above/03/0406_20140417_SZi_01_RAY_0548.JPG,0406_20140417_SZi_01_RAY_0548.JPG,.jpg,998150,01,01,2014-04-17,80_and_above,03,03,01_03,labeled,,,01::0406_20140417_SZi_01_RAY,filename_trailing_number,medium,2063,834,JPEG,readable,ffa9da71cfabfe452f664d447791e4629b43477211f4eff781d65f10b8d2b0e6,unknown,pending,unreviewed,,
IMG_7801983dd0c37889,80 and above/03/0407_20140417_SZi_01_RAY_0549.JPG,0407_20140417_SZi_01_RAY_0549.JPG,.jpg,5797326,01,01,2014-04-17,80_and_above,03,03,01_03,labeled,,,01::0407_20140417_SZi_01_RAY,filename_trailing_number,medium,4896,3264,JPEG,readable,986039f9f7d00d8e674f9c9786cfe08ee2404dbb09bbc6292846afdcdeaaaa62,unknown,pending,unreviewed,,
IMG_fb51e2b2eae54f2d,80 and above/04/0172_20140417_SZi_01_RAY_0091.JPG,0172_20140417_SZi_01_RAY_0091.JPG,.jpg,1025185,01,01,2014-04-17,80_and_above,04,04,01_04,labeled,,,01::0172_20140417_SZi_01_RAY,filename_trailing_number,medium,2119,829,JPEG,readable,0c18a90936dc1521c5454510023a97a29f3be8c63bd4d98bf5d37671c6ebc814,unknown,pending,unreviewed,,
IMG_c28c684416b5dbd8,80 and above/04/0236_20140417_SZi_01_RAY_0205.JPG,0236_20140417_SZi_01_RAY_0205.JPG,.jpg,781086,01,01,2014-04-17,80_and_above,04,04,01_04,labeled,,,01::0236_20140417_SZi_01_RAY,filename_trailing_number,medium,1877,763,JPEG,readable,f44ed36791622068404b8c88dc62f1e00ef2dc764b5ddd571743e92b288bcadf,unknown,pending,unreviewed,,
IMG_7b1e718057af2ab3,80 and above/04/0259_20140417_SZi_01_RAY_0259.JPG,0259_20140417_SZi_01_RAY_0259.JPG,.jpg,5583320,01,01,2014-04-17,80_and_above,04,04,01_04,labeled,,,01::0259_20140417_SZi_01_RAY,filename_trailing_number,medium,4896,3264,JPEG,readable,67f879f073cbde3d4a2c8ec59d9a5ed1ea823a5687a683562b79bfa0ae0ebc46,unknown,pending,unreviewed,,
IMG_c061217b1f39deb1,80 and above/04/0269_20140417_SZi_01_RAY_0272.JPG,0269_20140417_SZi_01_RAY_0272.JPG,.jpg,5645883,01,01,2014-04-17,80_and_above,04,04,01_04,labeled,,,01::0269_20140417_SZi_01_RAY,filename_trailing_number,medium,4896,3264,JPEG,readable,f2fb6abd56e8d1ec2088bce9adf5adb75405886cd79b65712f01d08ce8f392af,unknown,pending,unreviewed,,
IMG_ae391e2574fc9dc0,80 and above/05/0246_20140417_SZi_01_RAY_0234.JPG,0246_20140417_SZi_01_RAY_0234.JPG,.jpg,1523918,01,01,2014-04-17,80_and_above,05,05,01_05,labeled,,,01::0246_20140417_SZi_01_RAY,filename_trailing_number,medium,2634,1035,JPEG,readable,e2ed365e6f3007001118f49c0e5c324170a1093cbfaad42100b65b1eb32098de,unknown,pending,unreviewed,,
IMG_7cad6c99eaf7ed2b,80 and above/06/0249_20140417_SZi_01_RAY_0237.JPG,0249_20140417_SZi_01_RAY_0237.JPG,.jpg,865843,01,01,2014-04-17,80_and_above,06,06,01_06,labeled,,,01::0249_20140417_SZi_01_RAY,filename_trailing_number,medium,1689,852,JPEG,readable,9ef1a4735bd06fa03cd016acb4582b3bcc448ded78ae117575ec8f98de5b3df7,unknown,pending,unreviewed,,
IMG_f57b55836d4dabc0,80 and above/07/0300_20140417_SZi_01_RAY_0340.JPG,0300_20140417_SZi_01_RAY_0340.JPG,.jpg,1346495,01,01,2014-04-17,80_and_above,07,07,01_07,labeled,,,01::0300_20140417_SZi_01_RAY,filename_trailing_number,medium,2508,815,JPEG,readable,8ecebdf42f00553c8664c554a47e243545482227c1baab7daa4f574ac63a385f,unknown,pending,unreviewed,,
IMG_4e11a152cf6d0958,80 and above/08/0316_20140417_SZi_01_RAY_0364.JPG,0316_20140417_SZi_01_RAY_0364.JPG,.jpg,5609750,01,01,2014-04-17,80_and_above,08,08,01_08,labeled,,,01::0316_20140417_SZi_01_RAY,filename_trailing_number,medium,4896,3264,JPEG,readable,8f8296b75de2d0d2cae9c643cb39cbfad916a9c509c06873d9b3d38b48ef0dc7,unknown,pending,unreviewed,,
IMG_911bee6b3260a458,80 and above/08/0390_20140417_SZi_01_RAY_0507.JPG,0390_20140417_SZi_01_RAY_0507.JPG,.jpg,798336,01,01,2014-04-17,80_and_above,08,08,01_08,labeled,,,01::0390_20140417_SZi_01_RAY,filename_trailing_number,medium,1750,768,JPEG,readable,c184a0481b774e0eb777548470f3305d31f402ad0e3907ce18df1fa72e3f268a,unknown,pending,unreviewed,,
IMG_a3c715cc80ef44d8,80 and above/09/0395_20140417_SZi_01_RAY_0518.JPG,0395_20140417_SZi_01_RAY_0518.JPG,.jpg,443151,01,01,2014-04-17,80_and_above,09,09,01_09,labeled,,,01::0395_20140417_SZi_01_RAY,filename_trailing_number,medium,1572,483,JPEG,readable,a6941e8db232d7a918b2acc2cf23a920e13d06cae475a0ccd850ff47e5444982,unknown,pending,unreviewed,,
IMG_31846f0fbdb9d981,80 and above/10/0394_20140417_SZi_01_RAY_0517.JPG,0394_20140417_SZi_01_RAY_0517.JPG,.jpg,903225,01,01,2014-04-17,80_and_above,10,10,01_10,labeled,,,01::0394_20140417_SZi_01_RAY,filename_trailing_number,medium,2195,731,JPEG,readable,0e855b8dc4ef98f04c2488c9d0bf54abde6c84ed9f90f4817453ff3da7ff0a0a,unknown,pending,unreviewed,,
IMG_4d3a07d7a684191b,below 50/0197_20140417_SZi_01_RAY_0136.JPG,0197_20140417_SZi_01_RAY_0136.JPG,.jpg,5647810,01,01,2014-04-17,below_50,below 50,,,ignored,,,01::0197_20140417_SZi_01_RAY,filename_trailing_number,medium,4896,3264,JPEG,readable,ad2f6e4bdd6229616bb182e5ee9bc860fb8e39265c171884e3c70890793e9aab,unknown,pending,unreviewed,,
IMG_a7f415cd79eead37,below 50/0247_20140417_SZi_01_RAY_0235.JPG,0247_20140417_SZi_01_RAY_0235.JPG,.jpg,5704532,01,01,2014-04-17,below_50,below 50,,,ignored,,,01::0247_20140417_SZi_01_RAY,filename_trailing_number,medium,4896,3264,JPEG,readable,f22a4aeabc655374deb4055ae99dbf21ba45a6e442c2d17e735d004c818e1bd3,unknown,pending,unreviewed,,
IMG_0188d889bbd462fe,below 50/0360_20140417_SZi_01_RAY_0454.JPG,0360_20140417_SZi_01_RAY_0454.JPG,.jpg,5671019,01,01,2014-04-17,below_50,below 50,,,ignored,,,01::0360_20140417_SZi_01_RAY,filename_trailing_number,medium,4896,3264,JPEG,readable,243021203c0d5e3531c0caf296b37f56de31c651aebb458da8461b3809430768,unknown,pending,unreviewed,,
IMG_745bcb471ce270f3,miscellaneous/0142_20140417_SZi_01_RAY_0007.JPG,0142_20140417_SZi_01_RAY_0007.JPG,.jpg,5594065,01,01,2014-04-17,unknown,miscellaneous,,,ignored,,,01::0142_20140417_SZi_01_RAY,filename_trailing_number,medium,4896,3264,JPEG,readable,e006b68d2489791ed26f410c4bea96ebbc99e20423817a5eea3d20ec4451a56d,unknown,pending,unreviewed,,
IMG_ca75891cb72c030f,miscellaneous/0156_20140417_SZi_01_RAY_0040.JPG,0156_20140417_SZi_01_RAY_0040.JPG,.jpg,5723760,01,01,2014-04-17,unknown,miscellaneous,,,ignored,,,01::0156_20140417_SZi_01_RAY,filename_trailing_number,medium,4896,3264,JPEG,readable,2b2a782e9bc54d3533943203ce4676edae36f1d40ad7e8d8f0415d9818ed864f,unknown,pending,unreviewed,,
IMG_493958ddde3d2957,miscellaneous/0169_20140417_SZi_01_RAY_0086.JPG,0169_20140417_SZi_01_RAY_0086.JPG,.jpg,5607131,01,01,2014-04-17,unknown,miscellaneous,,,ignored,,,01::0169_20140417_SZi_01_RAY,filename_trailing_number,medium,4896,3264,JPEG,readable,a4dc235b1085da9649050c03ac1d180eecfd2b10ffab8c50154ba093390ca156,unknown,pending,unreviewed,,
IMG_f06e240c24cdd60f,miscellaneous/0180_20140417_SZi_01_RAY_0108.JPG,0180_20140417_SZi_01_RAY_0108.JPG,.jpg,5832265,01,01,2014-04-17,unknown,miscellaneous,,,ignored,,,01::0180_20140417_SZi_01_RAY,filename_trailing_number,medium,4896,3264,JPEG,readable,67e76fd0b766cf98f7fad9fd9a0f8f4beb9485180a79494a429887e1e5b1878d,unknown,pending,unreviewed,,
IMG_c4787ce7f884f696,miscellaneous/0181_20140417_SZi_01_RAY_0109.JPG,0181_20140417_SZi_01_RAY_0109.JPG,.jpg,5851323,01,01,2014-04-17,unknown,miscellaneous,,,ignored,,,01::0181_20140417_SZi_01_RAY,filename_trailing_number,medium,4896,3264,JPEG,readable,13ff5abd8c227f41dc44a20469c1694a9ecae79f8c9e135a2b2d9d5c1c139ac9,unknown,pending,unreviewed,,
IMG_40c88daa3ad575b4,miscellaneous/0182_20140417_SZi_01_RAY_0110.JPG,0182_20140417_SZi_01_RAY_0110.JPG,.jpg,5890114,01,01,2014-04-17,unknown,miscellaneous,,,ignored,,,01::0182_20140417_SZi_01_RAY,filename_trailing_number,medium,4896,3264,JPEG,readable,a4c16624d7ae0ad6531ec9e28093a4f06f44005ba1fb5ce9f04a776652e4fb5b,unknown,pending,unreviewed,,
IMG_b7b023c79557f6a0,miscellaneous/0186_20140417_SZi_01_RAY_0114.JPG,0186_20140417_SZi_01_RAY_0114.JPG,.jpg,5830207,01,01,2014-04-17,unknown,miscellaneous,,,ignored,,,01::0186_20140417_SZi_01_RAY,filename_trailing_number,medium,4896,3264,JPEG,readable,5c76d8ae994d08c635aec98976475527e9f17310c13c1d5c176489e9fc13fbf2,unknown,pending,unreviewed,,
IMG_2ee5ca479f46b528,miscellaneous/0187_20140417_SZi_01_RAY_0115.JPG,0187_20140417_SZi_01_RAY_0115.JPG,.jpg,5760155,01,01,2014-04-17,unknown,miscellaneous,,,ignored,,,01::0187_20140417_SZi_01_RAY,filename_trailing_number,medium,4896,3264,JPEG,readable,c2fc408626e44b435a1e7f1cdb03184a7fc97b4dfb51dc359bfefdbd02c9466e,unknown,pending,unreviewed,,
IMG_3dc5eabaa9ee369b,miscellaneous/0195_20140417_SZi_01_RAY_0133.JPG,0195_20140417_SZi_01_RAY_0133.JPG,.jpg,5835897,01,01,2014-04-17,unknown,miscellaneous,,,ignored,,,01::0195_20140417_SZi_01_RAY,filename_trailing_number,medium,4896,3264,JPEG,readable,8b81e1c64593726381bfcffb32c5cacc4e6791ac055481144af51791ecc96144,unknown,pending,unreviewed,,
IMG_4f0e8bbad057bf38,miscellaneous/0205_20140417_SZi_01_RAY_0154.JPG,0205_20140417_SZi_01_RAY_0154.JPG,.jpg,4839807,01,01,2014-04-17,unknown,miscellaneous,,,ignored,,,01::0205_20140417_SZi_01_RAY,filename_trailing_number,medium,4896,3264,JPEG,readable,b4ba9a21cb2b28d6f58b6a8b7a439070f167bc87ab6bee5cca434ed35c23884b,unknown,pending,unreviewed,,
IMG_79e4899a430a3fc8,miscellaneous/0206_20140417_SZi_01_RAY_0155.JPG,0206_20140417_SZi_01_RAY_0155.JPG,.jpg,5308157,01,01,2014-04-17,unknown,miscellaneous,,,ignored,,,01::0206_20140417_SZi_01_RAY,filename_trailing_number,medium,4896,3264,JPEG,readable,17aee9b5e4a30aa4dab162f257b7611f755f0b231279f9e951b407bf7895401a,unknown,pending,unreviewed,,
IMG_ff1a717c57e9a04c,miscellaneous/0214_20140417_SZi_01_RAY_0169.JPG,0214_20140417_SZi_01_RAY_0169.JPG,.jpg,5209765,01,01,2014-04-17,unknown,miscellaneous,,,ignored,,,01::0214_20140417_SZi_01_RAY,filename_trailing_number,medium,4896,3264,JPEG,readable,63dd17668cf1cc012f72085433a7223f6e2b158deedee1632587cc21f983c144,unknown,pending,unreviewed,,
IMG_6c48e519241ae32f,miscellaneous/0215_20140417_SZi_01_RAY_0171.JPG,0215_20140417_SZi_01_RAY_0171.JPG,.jpg,5181209,01,01,2014-04-17,unknown,miscellaneous,,,ignored,,,01::0215_20140417_SZi_01_RAY,filename_trailing_number,medium,4896,3264,JPEG,readable,cebdf2e38095c855a30e8cbac65a4f79e70720a31c0e75e6e3bb22b8d34bb081,unknown,pending,unreviewed,,
IMG_be6d99394d9c148a,miscellaneous/0260_20140417_SZi_01_RAY_0260.JPG,0260_20140417_SZi_01_RAY_0260.JPG,.jpg,5413376,01,01,2014-04-17,unknown,miscellaneous,,,ignored,,,01::0260_20140417_SZi_01_RAY,filename_trailing_number,medium,4896,3264,JPEG,readable,bbafde911f8b2cad581b2d9b0b23f140e4c3a02e2d48e86d698cddea2113eaab,unknown,pending,unreviewed,,
IMG_06622246a99da748,miscellaneous/0261_20140417_SZi_01_RAY_0261.JPG,0261_20140417_SZi_01_RAY_0261.JPG,.jpg,5573947,01,01,2014-04-17,unknown,miscellaneous,,,ignored,,,01::0261_20140417_SZi_01_RAY,filename_trailing_number,medium,4896,3264,JPEG,readable,c8fceb02ea3f1441c5cf19fa63e4f4df6fbb22930410d42ff4a4c2c77b7bcee9,unknown,pending,unreviewed,,
IMG_060b5472fcb5ce38,miscellaneous/0265_20140417_SZi_01_RAY_0266.JPG,0265_20140417_SZi_01_RAY_0266.JPG,.jpg,5555783,01,01,2014-04-17,unknown,miscellaneous,,,ignored,,,01::0265_20140417_SZi_01_RAY,filename_trailing_number,medium,4896,3264,JPEG,readable,3013944ca4290783f695436246779934f12d76e0605403362ccd07fd3c4520d0,unknown,pending,unreviewed,,
IMG_30329995d9d7291e,miscellaneous/0280_20140417_SZi_01_RAY_0311.JPG,0280_20140417_SZi_01_RAY_0311.JPG,.jpg,5636397,01,01,2014-04-17,unknown,miscellaneous,,,ignored,,,01::0280_20140417_SZi_01_RAY,filename_trailing_number,medium,4896,3264,JPEG,readable,38227755e8c6a03260e902068b138856fa330e0a954a84a7b8c849aa55a15173,unknown,pending,unreviewed,,
IMG_c02d2f293cbe61e2,miscellaneous/0312_20140417_SZi_01_RAY_0358.JPG,0312_20140417_SZi_01_RAY_0358.JPG,.jpg,5638691,01,01,2014-04-17,unknown,miscellaneous,,,ignored,,,01::0312_20140417_SZi_01_RAY,filename_trailing_number,medium,4896,3264,JPEG,readable,4e16938d398dfecc4750385ba734cba3f1de35e6473e46c9249f068ad660f7f6,unknown,pending,unreviewed,,
IMG_bd53b2fe96471388,miscellaneous/0358_20140417_SZi_01_RAY_0450.JPG,0358_20140417_SZi_01_RAY_0450.JPG,.jpg,5397845,01,01,2014-04-17,unknown,miscellaneous,,,ignored,,,01::0358_20140417_SZi_01_RAY,filename_trailing_number,medium,4896,3264,JPEG,readable,d82340c9cf0457466dfcf4873ae8ad05850193abe2d385efe69294d43b117778,unknown,pending,unreviewed,,
IMG_8d2b7ee3a0e332d9,miscellaneous/0359_20140417_SZi_01_RAY_0451.JPG,0359_20140417_SZi_01_RAY_0451.JPG,.jpg,5454660,01,01,2014-04-17,unknown,miscellaneous,,,ignored,,,01::0359_20140417_SZi_01_RAY,filename_trailing_number,medium,4896,3264,JPEG,readable,ac6efb183784b555e29e67eb4925197009da8e08a9c9487058c99b5db082f415,unknown,pending,unreviewed,,
IMG_cac94fa638fe9c51,MO/RES20001.JPG,RES20001.JPG,.jpg,5433752,01,01,,unknown,MO,,,ignored,,,01::MO,parent_folder_fallback,low,4896,3264,JPEG,readable,cbd53dbae3bacaea12806aae12a4c412177cc43390513f95c3601be655b8b9a3,unknown,pending,unreviewed,,
IMG_275cb3ca148cc44b,MO/RES20002.JPG,RES20002.JPG,.jpg,5415292,01,01,,unknown,MO,,,ignored,,,01::MO,parent_folder_fallback,low,4896,3264,JPEG,readable,d3b5607d08c9ad6d00b8e86ecf0e5505142b146e2c16e64d13f8ee8006ec5da1,unknown,pending,unreviewed,,
IMG_810f3bcabd4d3005,MO/RES20003.JPG,RES20003.JPG,.jpg,5429637,01,01,,unknown,MO,,,ignored,,,01::MO,parent_folder_fallback,low,4896,3264,JPEG,readable,7688af9d92013501f9be77eb66c2a2b9f82e825e22d447698fe69e0fc0fc1116,unknown,pending,unreviewed,,
IMG_fddfee7b6e0394be,MO/RES20006.JPG,RES20006.JPG,.jpg,5194718,01,01,,unknown,MO,,,ignored,,,01::MO,parent_folder_fallback,low,4896,3264,JPEG,readable,768f7f16fe47f602df4f6997fd258ae7a2eb928567845a34d8019ee7ad3deeb1,unknown,pending,unreviewed,,
IMG_2b3f16c076b90f2f,MO/RES20007.JPG,RES20007.JPG,.jpg,5148173,01,01,,unknown,MO,,,ignored,,,01::MO,parent_folder_fallback,low,4896,3264,JPEG,readable,952d7cfdd98f3cbe49a2c405d297fea8ac822c17a68534195cf8e27a2a7e77ee,unknown,pending,unreviewed,,
IMG_6ffdba7f89ad305a,MO/RES20008.JPG,RES20008.JPG,.jpg,5124814,01,01,,unknown,MO,,,ignored,,,01::MO,parent_folder_fallback,low,4896,3264,JPEG,readable,e0b1595a081ddf0e8ee414d05fe01e106186e76d5a0d8a48375b85484b727f9b,unknown,pending,unreviewed,,
IMG_0ea927c00e08b14a,MO/RES20009.JPG,RES20009.JPG,.jpg,4995556,01,01,,unknown,MO,,,ignored,,,01::MO,parent_folder_fallback,low,4896,3264,JPEG,readable,7e5d87e0d4821bbe8257710aaf24a8568f70c2e1fc662b3a8df30cc51e2dc40d,unknown,pending,unreviewed,,
IMG_32ab48f1be75dae7,MO/RES20010.JPG,RES20010.JPG,.jpg,5649322,01,01,,unknown,MO,,,ignored,,,01::MO,parent_folder_fallback,low,4896,3264,JPEG,readable,bab95f5b37eeddc6628030c03a7a017da32c3931b35a105cd7c29d326569d572,unknown,pending,unreviewed,,
IMG_5be153b336007e14,MO/RES20011.JPG,RES20011.JPG,.jpg,5581682,01,01,,unknown,MO,,,ignored,,,01::MO,parent_folder_fallback,low,4896,3264,JPEG,readable,140c146c1d21bf1d9e72c22d11c6095f74caa6b48095ec361a37ec868abaacf1,unknown,pending,unreviewed,,
IMG_e0a04f2a132caa11,MO/RES20012.JPG,RES20012.JPG,.jpg,5503417,01,01,,unknown,MO,,,ignored,,,01::MO,parent_folder_fallback,low,4896,3264,JPEG,readable,863445b262d89cb23d68de4e1fc9fb69be1497c23117910fffaf787cae38d808,unknown,pending,unreviewed,,
IMG_52e8424c373d5c31,MO/RES20013.JPG,RES20013.JPG,.jpg,5477603,01,01,,unknown,MO,,,ignored,,,01::MO,parent_folder_fallback,low,4896,3264,JPEG,readable,627a8eb84ca973ae2594b5d72211e32d96e00c99fe071fc20ad2f9b2d5875a54,unknown,pending,unreviewed,,
IMG_d8c0717a8d1f39a5,MO/RES20014.JPG,RES20014.JPG,.jpg,5479029,01,01,,unknown,MO,,,ignored,,,01::MO,parent_folder_fallback,low,4896,3264,JPEG,readable,3fef4b46b0fe99a573d0900f0775b80aedcde7faf29e4997b4e8077b47198553,unknown,pending,unreviewed,,
IMG_ebf4551963f3030d,MO/RES20015.JPG,RES20015.JPG,.jpg,5317806,01,01,,unknown,MO,,,ignored,,,01::MO,parent_folder_fallback,low,4896,3264,JPEG,readable,ffbd5b1463d576e3e4a558885deea6766864fb2fecb19b6fd467a723142bf085,unknown,pending,unreviewed,,
IMG_ac5d7ce1e4f3702f,MO/RES20016.JPG,RES20016.JPG,.jpg,5264040,01,01,,unknown,MO,,,ignored,,,01::MO,parent_folder_fallback,low,4896,3264,JPEG,readable,e48e1e51172fd73861c143990d023fce8884b93367d11e7be29e5ad4de9c567e,unknown,pending,unreviewed,,
IMG_3a81422338b3d79d,MO/RES20017.JPG,RES20017.JPG,.jpg,5071954,01,01,,unknown,MO,,,ignored,,,01::MO,parent_folder_fallback,low,4896,3264,JPEG,readable,2b4309c0f43fe56627ffb8a7b459b43a13b97ccab1545c92fd47214faaf797e8,unknown,pending,unreviewed,,
IMG_86f10c2e893c1b9e,MO/RES20018.JPG,RES20018.JPG,.jpg,4988529,01,01,,unknown,MO,,,ignored,,,01::MO,parent_folder_fallback,low,4896,3264,JPEG,readable,988aa0d047e4eac82c9c9515251ca3fb07c251da0e06de21f50ef6d016c9cf67,unknown,pending,unreviewed,,
IMG_f1031786452b8ec8,MO/RES20019.JPG,RES20019.JPG,.jpg,5073954,01,01,,unknown,MO,,,ignored,,,01::MO,parent_folder_fallback,low,4896,3264,JPEG,readable,ab862cb0fd08cc56b4b883f65954169c73446eb4e552c7728ac0bfc7ecc3ce61,unknown,pending,unreviewed,,
IMG_581e0072efda49b0,MO/RES20020.JPG,RES20020.JPG,.jpg,5436371,01,01,,unknown,MO,,,ignored,,,01::MO,parent_folder_fallback,low,4896,3264,JPEG,readable,1b3135ebe6a59e74dfdfefd4ec0fc4f8089c5e4b321d0cbb2c5ca49e65b2972b,unknown,pending,unreviewed,,
IMG_9c58150d0c1f806e,MO/RES20021.JPG,RES20021.JPG,.jpg,5439452,01,01,,unknown,MO,,,ignored,,,01::MO,parent_folder_fallback,low,4896,3264,JPEG,readable,e822443243cf5072de0d60d5f5adc13680cccde5946fab4b96e503cf36fccea9,unknown,pending,unreviewed,,
IMG_665dd84bab7baa4a,MO/RES20022.JPG,RES20022.JPG,.jpg,5485412,01,01,,unknown,MO,,,ignored,,,01::MO,parent_folder_fallback,low,4896,3264,JPEG,readable,d32e1cda8aa57bf2c114ad5ceb94d3f302dc2638b6f8ef6208e6c892c8796c5c,unknown,pending,unreviewed,,
IMG_02f663751cf87ab9,MO/RES20023.JPG,RES20023.JPG,.jpg,5471926,01,01,,unknown,MO,,,ignored,,,01::MO,parent_folder_fallback,low,4896,3264,JPEG,readable,29817ed7eecdbc6298fa78195b509e25138072918637dcecb4431bc7e1d93370,unknown,pending,unreviewed,,
IMG_4a6bd6a92fbbc3f7,MO/RES20024.JPG,RES20024.JPG,.jpg,5296967,01,01,,unknown,MO,,,ignored,,,01::MO,parent_folder_fallback,low,4896,3264,JPEG,readable,e1987b479cf2187510ebdfde91aafe708c2b6f62d8a58a8aaab30c0c8ee8b273,unknown,pending,unreviewed,,
IMG_0b2f68f3cbe6da61,MO/RES20025.JPG,RES20025.JPG,.jpg,5204778,01,01,,unknown,MO,,,ignored,,,01::MO,parent_folder_fallback,low,4896,3264,JPEG,readable,dd1ca82b05ab9dd4bd088df9ff3ce2f083164c8a890e1d5860fa97502b0c3857,unknown,pending,unreviewed,,
IMG_1973e20485736850,MO/RES20026.JPG,RES20026.JPG,.jpg,5223963,01,01,,unknown,MO,,,ignored,,,01::MO,parent_folder_fallback,low,4896,3264,JPEG,readable,e9ce979d067b332472856f6ad084b066950e7743784c2e2df6a6ca28e771d20c,unknown,pending,unreviewed,,
IMG_92b13e7e42a7c50d,MO/RES20027.JPG,RES20027.JPG,.jpg,5196207,01,01,,unknown,MO,,,ignored,,,01::MO,parent_folder_fallback,low,4896,3264,JPEG,readable,af1aba48aa1f20bf0d2013702c797dbe187876e94d02651292066fdb88967065,unknown,pending,unreviewed,,
IMG_e046f6d58e928f1d,MO/RES20028.JPG,RES20028.JPG,.jpg,5273488,01,01,,unknown,MO,,,ignored,,,01::MO,parent_folder_fallback,low,4896,3264,JPEG,readable,192bb1599bdf8da3440fe719987d28f66920041446e8707ce7dec0f164653f37,unknown,pending,unreviewed,,
IMG_c7ee6624f558657e,MO/RES20030.JPG,RES20030.JPG,.jpg,5368031,01,01,,unknown,MO,,,ignored,,,01::MO,parent_folder_fallback,low,4896,3264,JPEG,readable,8b7c278d36cf3954bcaca699ce83108a161929868e63aaa095f262d9e2857c5a,unknown,pending,unreviewed,,
IMG_0b5ccf47e5e7f3b1,MO/RES20031.JPG,RES20031.JPG,.jpg,5350560,01,01,,unknown,MO,,,ignored,,,01::MO,parent_folder_fallback,low,4896,3264,JPEG,readable,8f34582267ac182116e3d38d218ecfb83ab6ba6f7aa1a92a06418a1b644ee2b2,unknown,pending,unreviewed,,
IMG_1076dec979bba7f5,MO/RES20032.JPG,RES20032.JPG,.jpg,5345625,01,01,,unknown,MO,,,ignored,,,01::MO,parent_folder_fallback,low,4896,3264,JPEG,readable,f45ca08d6a3f31f6f68c7f9ed9fcc4d54d1c96cec273bc03d06ef5fe7276cf99,unknown,pending,unreviewed,,
IMG_e25a6083724bfd00,MO/RES20034.JPG,RES20034.JPG,.jpg,5195520,01,01,,unknown,MO,,,ignored,,,01::MO,parent_folder_fallback,low,4896,3264,JPEG,readable,aef431dd9337f1cb3f1de3a4e6c527a1e9b29a522497f0d4a58bfecfdd6364b1,unknown,pending,unreviewed,,
IMG_6f5a807fde753f53,MO/RES20035.JPG,RES20035.JPG,.jpg,5349275,01,01,,unknown,MO,,,ignored,,,01::MO,parent_folder_fallback,low,4896,3264,JPEG,readable,63fad27a827fe1b9906015808aaf678600be709d53ebf19922484db03ff56fb5,unknown,pending,unreviewed,,
IMG_0602e5ca376e25df,MO/RES20036.JPG,RES20036.JPG,.jpg,5380264,01,01,,unknown,MO,,,ignored,,,01::MO,parent_folder_fallback,low,4896,3264,JPEG,readable,325546b17f247ffa98b59baef30f286d765584d2f8772bedbb769fd2e283f9a2,unknown,pending,unreviewed,,
IMG_76e5e7cdec3d6820,MO/RES20037.JPG,RES20037.JPG,.jpg,5447843,01,01,,unknown,MO,,,ignored,,,01::MO,parent_folder_fallback,low,4896,3264,JPEG,readable,281fcea703d0c795c11a3119026a7cf49d003f7b33d9ded41bad038e6d48d3ba,unknown,pending,unreviewed,,
IMG_945d584e7991788e,MO/RES20039.JPG,RES20039.JPG,.jpg,5318060,01,01,,unknown,MO,,,ignored,,,01::MO,parent_folder_fallback,low,4896,3264,JPEG,readable,aa1406ffffe3cdab6d2804ef8d057cb07feec9150a925e165a4f83dc29460bf1,unknown,pending,unreviewed,,
IMG_6d911f9a98f83fa9,MO/RES20041.JPG,RES20041.JPG,.jpg,5367791,01,01,,unknown,MO,,,ignored,,,01::MO,parent_folder_fallback,low,4896,3264,JPEG,readable,6e82e4babf0022ca15706a5627ae193025497302e1b6cfca4bb3ed83b3071ed8,unknown,pending,unreviewed,,
IMG_e37f506cc15b001c,MO/RES20042.JPG,RES20042.JPG,.jpg,5335003,01,01,,unknown,MO,,,ignored,,,01::MO,parent_folder_fallback,low,4896,3264,JPEG,readable,89124e594c964c86df39e17640b0f8481400ea13c4e91579a3fd8dff9032d990,unknown,pending,unreviewed,,
IMG_cdc2a5cbc54b3ffb,MO/RES20043.JPG,RES20043.JPG,.jpg,5379941,01,01,,unknown,MO,,,ignored,,,01::MO,parent_folder_fallback,low,4896,3264,JPEG,readable,ae4ec7565b1f09b775b8b5cbb1ad7460afac79d52bd2231a67a9c51d837ae2c9,unknown,pending,unreviewed,,
IMG_a9609e9ebb1b23b4,MO/RES20049.JPG,RES20049.JPG,.jpg,5680820,01,01,,unknown,MO,,,ignored,,,01::MO,parent_folder_fallback,low,4896,3264,JPEG,readable,06d58ecbcaea693e8f39dc96b915ec5d13b3cd354b12cc006727a7d6442777ad,unknown,pending,unreviewed,,
IMG_a1196ecf3bbf0697,MO/RES20050.JPG,RES20050.JPG,.jpg,5686575,01,01,,unknown,MO,,,ignored,,,01::MO,parent_folder_fallback,low,4896,3264,JPEG,readable,6d2d15d40fbb81c943fd68f01a58fa5dc97f2dd5bb7396d909f59ee0c5e7bf73,unknown,pending,unreviewed,,
IMG_f275ee1d6105796a,MO/RES20051.JPG,RES20051.JPG,.jpg,5649965,01,01,,unknown,MO,,,ignored,,,01::MO,parent_folder_fallback,low,4896,3264,JPEG,readable,2aa36a74bffede318e4a7a5782493c8a6edcc98149d1dc7bbef2e7ab78a36385,unknown,pending,unreviewed,,
IMG_639f6fc19eab00c8,MO/RES20053.JPG,RES20053.JPG,.jpg,5344770,01,01,,unknown,MO,,,ignored,,,01::MO,parent_folder_fallback,low,4896,3264,JPEG,readable,eb1df2c148c44c9cf85ae8992a29edc579274f3b7fc4b71845a661f63e51b393,unknown,pending,unreviewed,,
IMG_0b8bc7add0f4a71c,MO/RES20054.JPG,RES20054.JPG,.jpg,5334763,01,01,,unknown,MO,,,ignored,,,01::MO,parent_folder_fallback,low,4896,3264,JPEG,readable,8c1c3961662d7cfaf3a31a5946c03b3ab76adb39e459033d3e1ac2328d5d3cbd,unknown,pending,unreviewed,,
IMG_f3e9d5507db3b4ef,MO/RES20056.JPG,RES20056.JPG,.jpg,5085447,01,01,,unknown,MO,,,ignored,,,01::MO,parent_folder_fallback,low,4896,3264,JPEG,readable,982de67565701544a2a17665c8c125daf9f7d56adee91f76b07b880c6e1e787c,unknown,pending,unreviewed,,
IMG_c8b0f8045890a6f4,MO/RES20057.JPG,RES20057.JPG,.jpg,5083969,01,01,,unknown,MO,,,ignored,,,01::MO,parent_folder_fallback,low,4896,3264,JPEG,readable,2b8365219be6954fac9b9998a95c5eb558f5021edeb3ab1e504deeae9611cdcf,unknown,pending,unreviewed,,
IMG_577b91c1e2af6e77,MO/RES20060.JPG,RES20060.JPG,.jpg,5391759,01,01,,unknown,MO,,,ignored,,,01::MO,parent_folder_fallback,low,4896,3264,JPEG,readable,7c1e20721026f68c3e6cb9cf3f8ac8727601372b31309b2e3d3712c3367f573e,unknown,pending,unreviewed,,
IMG_ef3d767015a7a426,MO/RES20061.JPG,RES20061.JPG,.jpg,5375383,01,01,,unknown,MO,,,ignored,,,01::MO,parent_folder_fallback,low,4896,3264,JPEG,readable,d33dda7b7129c131af591734567fbb743dcee5031cc54bc5f8acbdf9ef1cc0b8,unknown,pending,unreviewed,,
IMG_6509f4bb8b61a3c1,MO/RES20064.JPG,RES20064.JPG,.jpg,5362725,01,01,,unknown,MO,,,ignored,,,01::MO,parent_folder_fallback,low,4896,3264,JPEG,readable,d8a0b0cbe1982be04f4ddbe31e474b0528e616c9bcf77ce6c1a55ddf0b1a2847,unknown,pending,unreviewed,,
IMG_60188abef04cf1e7,MO/RES20065.JPG,RES20065.JPG,.jpg,5384044,01,01,,unknown,MO,,,ignored,,,01::MO,parent_folder_fallback,low,4896,3264,JPEG,readable,3774d4c78c01961e3c9ed48435966a3fec69bd0d677d9504461cabe98731ec61,unknown,pending,unreviewed,,
IMG_5bd60f7534a20424,MO/RES20066.JPG,RES20066.JPG,.jpg,5396034,01,01,,unknown,MO,,,ignored,,,01::MO,parent_folder_fallback,low,4896,3264,JPEG,readable,8e827a756eef1157743e79bbbd62969486b2b6b5f9ba403ccf180c8eb1641e23,unknown,pending,unreviewed,,
IMG_88e4510c995694bf,MO/RES20069.JPG,RES20069.JPG,.jpg,5428932,01,01,,unknown,MO,,,ignored,,,01::MO,parent_folder_fallback,low,4896,3264,JPEG,readable,5653d05d18bffc7ad5e144e6b9dec69afb19dc4c702851d6c82a300f39b387db,unknown,pending,unreviewed,,
IMG_79cc87ece4a33f0b,MO/RES20071.JPG,RES20071.JPG,.jpg,5555604,01,01,,unknown,MO,,,ignored,,,01::MO,parent_folder_fallback,low,4896,3264,JPEG,readable,b41c1c623e7c5374e3e183d237f00ddec6ba6d1ef5598493c64ebdb5a3253fbf,unknown,pending,unreviewed,,
IMG_425142f635dfcf19,MO/RES20072.JPG,RES20072.JPG,.jpg,5587774,01,01,,unknown,MO,,,ignored,,,01::MO,parent_folder_fallback,low,4896,3264,JPEG,readable,c5f9b1289a8e1ca98b73b8c53f6b859386bb8548132e66fedde24e23311e3e12,unknown,pending,unreviewed,,
IMG_554b5b7fd0fc28f9,MO/RES20073.JPG,RES20073.JPG,.jpg,5636475,01,01,,unknown,MO,,,ignored,,,01::MO,parent_folder_fallback,low,4896,3264,JPEG,readable,db8f84c0ec00b0bc91b4694441e1fec81bc741af23fc3e7a00c7e22a8facdfb3,unknown,pending,unreviewed,,
IMG_5977f079c65623c6,MO/RES20076.JPG,RES20076.JPG,.jpg,5420616,01,01,,unknown,MO,,,ignored,,,01::MO,parent_folder_fallback,low,4896,3264,JPEG,readable,d62587b78a8614589df990a5cdfcfa2f552d7e30a0b5121c53bfe6d0de795d16,unknown,pending,unreviewed,,
IMG_e134b5826cf5005b,MO/RES20077.JPG,RES20077.JPG,.jpg,5413969,01,01,,unknown,MO,,,ignored,,,01::MO,parent_folder_fallback,low,4896,3264,JPEG,readable,ef38d1f00766ecc575a0af116f5fe3b8fd0cef0db0eff4d439c4ff87b93e1c18,unknown,pending,unreviewed,,
IMG_8a3c66d4f9077347,MO/RES20078.JPG,RES20078.JPG,.jpg,5406378,01,01,,unknown,MO,,,ignored,,,01::MO,parent_folder_fallback,low,4896,3264,JPEG,readable,33858d3dc797afa539fbd3f103e2f49a764acd738fde038e7b40698a0296f8f5,unknown,pending,unreviewed,,
IMG_c2b0a4c8e0c7188d,MO/RES20079.JPG,RES20079.JPG,.jpg,5587956,01,01,,unknown,MO,,,ignored,,,01::MO,parent_folder_fallback,low,4896,3264,JPEG,readable,1649c2b2e1bd37169887eac3d452a8127fa179a2b8baa6066f0cd40d8bc31756,unknown,pending,unreviewed,,
IMG_b810b79a4b50d4b8,MO/RES20080.JPG,RES20080.JPG,.jpg,5446621,01,01,,unknown,MO,,,ignored,,,01::MO,parent_folder_fallback,low,4896,3264,JPEG,readable,c3bac180c23cee1991bc3d5625dd3dc624715069fdb31a556d2701e0e162293a,unknown,pending,unreviewed,,
IMG_6deaeb6dda008909,MO/RES20081.JPG,RES20081.JPG,.jpg,5479762,01,01,,unknown,MO,,,ignored,,,01::MO,parent_folder_fallback,low,4896,3264,JPEG,readable,a387cd8ce9225f61d827e42f88a24fb38c78016f6d5cfe49eccaed1fa904c73d,unknown,pending,unreviewed,,
IMG_f75093d329ae8304,MO/RES20083.JPG,RES20083.JPG,.jpg,5473359,01,01,,unknown,MO,,,ignored,,,01::MO,parent_folder_fallback,low,4896,3264,JPEG,readable,68f855569fca2a5ae0ec21d8df4981c68512185b57b2dddefb6d9a9811d54993,unknown,pending,unreviewed,,
IMG_086c007ba2919a5b,MO/RES20084.JPG,RES20084.JPG,.jpg,5447727,01,01,,unknown,MO,,,ignored,,,01::MO,parent_folder_fallback,low,4896,3264,JPEG,readable,32e5643fa71890561bdab7ebd9d5ff696e2eef0d43edc288ee09db37065d8149,unknown,pending,unreviewed,,
IMG_75015299150e62fc,MO/RES20085.JPG,RES20085.JPG,.jpg,5468879,01,01,,unknown,MO,,,ignored,,,01::MO,parent_folder_fallback,low,4896,3264,JPEG,readable,b115e208edc409cd055110554d09220cc968f324ce9e8bb99a50e08d5599868f,unknown,pending,unreviewed,,
IMG_1dabc9c36ed3892c,MO/RES20086.JPG,RES20086.JPG,.jpg,5444376,01,01,,unknown,MO,,,ignored,,,01::MO,parent_folder_fallback,low,4896,3264,JPEG,readable,4c0ed6b6b48fb175e2dcf243416c3c2e968a0e54f4c4b27be270d171f7708195,unknown,pending,unreviewed,,
IMG_34f0ace4257f15fb,MO/RES20087.JPG,RES20087.JPG,.jpg,5449207,01,01,,unknown,MO,,,ignored,,,01::MO,parent_folder_fallback,low,4896,3264,JPEG,readable,2aecdb7a35310d84fa0688a2dfc41c40fa97c378f1b4471df1c5cf58d1c2bc48,unknown,pending,unreviewed,,
IMG_23dfc90b16e343de,MO/RES20088.JPG,RES20088.JPG,.jpg,5511904,01,01,,unknown,MO,,,ignored,,,01::MO,parent_folder_fallback,low,4896,3264,JPEG,readable,f8563ebc0d628996050caac1ba0c4af6dd6a0120e13adf024046db1da9eae1c7,unknown,pending,unreviewed,,
IMG_1a918b782879461d,MO/RES20089.JPG,RES20089.JPG,.jpg,5522983,01,01,,unknown,MO,,,ignored,,,01::MO,parent_folder_fallback,low,4896,3264,JPEG,readable,0c111a9b0977e1518d9be2d4c63229abae426ac85da8ea5fccdc624d760847b8,unknown,pending,unreviewed,,
IMG_a313d231a029d0ed,MO/RES20090.JPG,RES20090.JPG,.jpg,5410809,01,01,,unknown,MO,,,ignored,,,01::MO,parent_folder_fallback,low,4896,3264,JPEG,readable,b20c50b875e0739139c006e70872d1d67d3aa4ee104ad2cd628a7117fbcf9b11,unknown,pending,unreviewed,,
IMG_34f1f3443c6dad9c,MO/RES20091.JPG,RES20091.JPG,.jpg,5410503,01,01,,unknown,MO,,,ignored,,,01::MO,parent_folder_fallback,low,4896,3264,JPEG,readable,12f4200337038d3a454b6120808e86ab264a29705d8128a799f3d8f29cba0e2c,unknown,pending,unreviewed,,
IMG_43ef8627169a694d,MO/RES20092.JPG,RES20092.JPG,.jpg,5429806,01,01,,unknown,MO,,,ignored,,,01::MO,parent_folder_fallback,low,4896,3264,JPEG,readable,76c828cda897d351dae9eef5126221a00e7f30f87d309f8b2fdc16deb9796fc8,unknown,pending,unreviewed,,
IMG_b7a83704b76c2ee5,MO/RES20093.JPG,RES20093.JPG,.jpg,5419104,01,01,,unknown,MO,,,ignored,,,01::MO,parent_folder_fallback,low,4896,3264,JPEG,readable,354c20a296c6e7b8e4cf1ce63f5c0cb18d4f7eff674d59c9b2a01444112e608b,unknown,pending,unreviewed,,
IMG_d410cd38823a97ef,MO/RES20094.JPG,RES20094.JPG,.jpg,5395509,01,01,,unknown,MO,,,ignored,,,01::MO,parent_folder_fallback,low,4896,3264,JPEG,readable,8eaacd757cb8a6c087470c758f31c8768b1ec6b1c3951b6ef81a0ad3336ed250,unknown,pending,unreviewed,,
IMG_ce1e4800713fe333,MO/RES20097.JPG,RES20097.JPG,.jpg,5357749,01,01,,unknown,MO,,,ignored,,,01::MO,parent_folder_fallback,low,4896,3264,JPEG,readable,b6a4818c5b83e655c0e8618c3ed4bef74b1203ee972668ea6f92c33a2ca01244,unknown,pending,unreviewed,,
IMG_1649294dc8b0ecce,MO/RES20098.JPG,RES20098.JPG,.jpg,5357200,01,01,,unknown,MO,,,ignored,,,01::MO,parent_folder_fallback,low,4896,3264,JPEG,readable,0a293327567049fe5e59b94907d7602f11862130911b4cbe743f9dc82aa1a428,unknown,pending,unreviewed,,
IMG_edcac84b5248b6d6,MO/RES20100.JPG,RES20100.JPG,.jpg,5617297,01,01,,unknown,MO,,,ignored,,,01::MO,parent_folder_fallback,low,4896,3264,JPEG,readable,84987a160751c0bd667654e6e6da508aa270e939ad887fb2444674d8a0052b12,unknown,pending,unreviewed,,
IMG_9e755463a21d46f6,MO/RES20101.JPG,RES20101.JPG,.jpg,5606824,01,01,,unknown,MO,,,ignored,,,01::MO,parent_folder_fallback,low,4896,3264,JPEG,readable,f466026b0177a94f53f26616ec8396e5bc7c4189fd6513e0cf01fe6a78e1a171,unknown,pending,unreviewed,,
IMG_517dc5acebb26ca4,MO/RES20102.JPG,RES20102.JPG,.jpg,5553740,01,01,,unknown,MO,,,ignored,,,01::MO,parent_folder_fallback,low,4896,3264,JPEG,readable,76a23be8911922ca369ca7ab2506cbb6bbe3910b85eb516c33f03f02d56c2957,unknown,pending,unreviewed,,
IMG_b5b564d33de0a721,MO/RES20105.JPG,RES20105.JPG,.jpg,5906713,01,01,,unknown,MO,,,ignored,,,01::MO,parent_folder_fallback,low,4896,3264,JPEG,readable,cf6a62449261753eb7e10ea695351ac32b69b81cffa4fb96e84600140213246a,unknown,pending,unreviewed,,
IMG_1edfb217fcc1f5eb,MO/RES20106.JPG,RES20106.JPG,.jpg,5928552,01,01,,unknown,MO,,,ignored,,,01::MO,parent_folder_fallback,low,4896,3264,JPEG,readable,40cde48db46d56b9318a97d733fb8d076ec1e3cbc3480c859cff272a40964187,unknown,pending,unreviewed,,
IMG_3ba3d57d874d0e37,MO/RES20107.JPG,RES20107.JPG,.jpg,5873620,01,01,,unknown,MO,,,ignored,,,01::MO,parent_folder_fallback,low,4896,3264,JPEG,readable,93094475596c97d551c64a512a4d992d21a21b0f66002c6646934c92fc150bca,unknown,pending,unreviewed,,
IMG_08fdd7253835f200,MO/RES20108.JPG,RES20108.JPG,.jpg,5908897,01,01,,unknown,MO,,,ignored,,,01::MO,parent_folder_fallback,low,4896,3264,JPEG,readable,3ab30266b60a0f672455798719495dc33fe5a2c930e0e1a6278e62d1a4ead673,unknown,pending,unreviewed,,
IMG_3a7de6db0bd24fb7,MO/RES20109.JPG,RES20109.JPG,.jpg,5932516,01,01,,unknown,MO,,,ignored,,,01::MO,parent_folder_fallback,low,4896,3264,JPEG,readable,d6c4201970e86fbdab95147a5259dfdf6794ba0568405c15f196a7dc348a9cfe,unknown,pending,unreviewed,,
IMG_3ae0302c8aa0174f,MO/RES20110.JPG,RES20110.JPG,.jpg,5851986,01,01,,unknown,MO,,,ignored,,,01::MO,parent_folder_fallback,low,4896,3264,JPEG,readable,708bd2d169fb8c76eadff178210d53db007208b181f573e4a6abdef5c9bd5c31,unknown,pending,unreviewed,,
IMG_9bed552499efa9bd,MO/RES20111.JPG,RES20111.JPG,.jpg,5931552,01,01,,unknown,MO,,,ignored,,,01::MO,parent_folder_fallback,low,4896,3264,JPEG,readable,773bde33903087626a4e10bfd5f06ed7962bf3d7611c76a20ff7c17b988ac836,unknown,pending,unreviewed,,
IMG_ab66831a081f7f06,MO/RES20112.JPG,RES20112.JPG,.jpg,5904362,01,01,,unknown,MO,,,ignored,,,01::MO,parent_folder_fallback,low,4896,3264,JPEG,readable,be24de8ebd781721dbdf9d1bbbb3e95eb8a462e6882892d025c4b4459dcca82e,unknown,pending,unreviewed,,
IMG_d7f596ec60487064,MO/RES20116.JPG,RES20116.JPG,.jpg,5461158,01,01,,unknown,MO,,,ignored,,,01::MO,parent_folder_fallback,low,4896,3264,JPEG,readable,8a344977655502c119cd8916b3d940a7d2c9d997767e1d94a14012314b38d172,unknown,pending,unreviewed,,
IMG_f685db637e1e6d74,MO/RES20117.JPG,RES20117.JPG,.jpg,5337773,01,01,,unknown,MO,,,ignored,,,01::MO,parent_folder_fallback,low,4896,3264,JPEG,readable,ac2ece6bd96fa269259a983d04619383ada2769242d7c1688f2975b5ac71efd2,unknown,pending,unreviewed,,
IMG_e1d75b4b49314440,MO/RES20118.JPG,RES20118.JPG,.jpg,5393800,01,01,,unknown,MO,,,ignored,,,01::MO,parent_folder_fallback,low,4896,3264,JPEG,readable,f679235c93a1d484cfe6ef4b3fcde179421015c96dd2273d6044896505749871,unknown,pending,unreviewed,,
IMG_4b0414c7667b868e,MO/RES20119.JPG,RES20119.JPG,.jpg,5641499,01,01,,unknown,MO,,,ignored,,,01::MO,parent_folder_fallback,low,4896,3264,JPEG,readable,393ee959ae9f82e13be3c06d45c8ebd55cb4e3e8972b91f5a523b3dd8ae31dbf,unknown,pending,unreviewed,,
IMG_a964fc63cdb43400,MO/RES20121.JPG,RES20121.JPG,.jpg,5598706,01,01,,unknown,MO,,,ignored,,,01::MO,parent_folder_fallback,low,4896,3264,JPEG,readable,fd4401dc5288edccd56a9209c53d616b456a1f121633ac28ba88fde2b945916c,unknown,pending,unreviewed,,
IMG_f21444adddd7403b,MO/RES20122.JPG,RES20122.JPG,.jpg,5619100,01,01,,unknown,MO,,,ignored,,,01::MO,parent_folder_fallback,low,4896,3264,JPEG,readable,67e5cb6f7e765465785f921b1b5b3036441f0ac3c2bec606912796a8a13f4a75,unknown,pending,unreviewed,,
IMG_76e649a139fcdaaf,MO/RES20123.JPG,RES20123.JPG,.jpg,5601778,01,01,,unknown,MO,,,ignored,,,01::MO,parent_folder_fallback,low,4896,3264,JPEG,readable,0932aced7dfab57ff32a99d385c3e729a16b43ae50e46de0335e6746871ac359,unknown,pending,unreviewed,,
IMG_72133bc43542d7e5,MO/RES20124.JPG,RES20124.JPG,.jpg,5592822,01,01,,unknown,MO,,,ignored,,,01::MO,parent_folder_fallback,low,4896,3264,JPEG,readable,d536d2828325ea70b098262d42e5f64461bfb02677b012b888d0da6c7e9c8992,unknown,pending,unreviewed,,
IMG_e6a3cc44eaa576fd,MO/RES20125.JPG,RES20125.JPG,.jpg,5677901,01,01,,unknown,MO,,,ignored,,,01::MO,parent_folder_fallback,low,4896,3264,JPEG,readable,fb0246029bd1f808f7aa2c2bb31402d88659a6755c00af12c72f6f141e4d7c21,unknown,pending,unreviewed,,
IMG_f7cbaafb09bdf308,MO/RES20126.JPG,RES20126.JPG,.jpg,5438396,01,01,,unknown,MO,,,ignored,,,01::MO,parent_folder_fallback,low,4896,3264,JPEG,readable,b945daf79fcc9276a5da237056fc98565831d46ca28b30b9f4bcd4952cb4519f,unknown,pending,unreviewed,,
IMG_748957a5f2a0e54e,MO/RES20127.JPG,RES20127.JPG,.jpg,5500118,01,01,,unknown,MO,,,ignored,,,01::MO,parent_folder_fallback,low,4896,3264,JPEG,readable,371785d681e27ef6e99bc735b3878be56e008bb80a40878225e835a481b2d022,unknown,pending,unreviewed,,
IMG_2d4233a0100d8e81,MO/RES20128.JPG,RES20128.JPG,.jpg,5469320,01,01,,unknown,MO,,,ignored,,,01::MO,parent_folder_fallback,low,4896,3264,JPEG,readable,f2648a29a027779eec372b07941d22c3503420b41b9cdd31e2d5976e19c5704f,unknown,pending,unreviewed,,
IMG_c0eb9a6cd56fb667,MO/RES20129.JPG,RES20129.JPG,.jpg,5446021,01,01,,unknown,MO,,,ignored,,,01::MO,parent_folder_fallback,low,4896,3264,JPEG,readable,b31393e3f41ff49f83f3e3a7556beb2d2ae3ee7da851c4b67999dc573d396ea4,unknown,pending,unreviewed,,
IMG_b3c747b015018be3,MO/RES20130.JPG,RES20130.JPG,.jpg,5371260,01,01,,unknown,MO,,,ignored,,,01::MO,parent_folder_fallback,low,4896,3264,JPEG,readable,5b9594e22e0e0c5ecec4ce86a7a48787d88ccf5440d93361bee1948d96b590c1,unknown,pending,unreviewed,,
IMG_bdf42c39c6415383,MO/RES20132.JPG,RES20132.JPG,.jpg,5839513,01,01,,unknown,MO,,,ignored,,,01::MO,parent_folder_fallback,low,4896,3264,JPEG,readable,22fbbe1e67af319a2cd9ea9ffd460f3c2fa019fd7b2ee4415f94363dce9d93ef,unknown,pending,unreviewed,,
IMG_1a3c18a54c72374a,MO/RES20133.JPG,RES20133.JPG,.jpg,5927296,01,01,,unknown,MO,,,ignored,,,01::MO,parent_folder_fallback,low,4896,3264,JPEG,readable,81f1539d75dcb28460e4ccb5a234d9974e38f8a6340d5656fc758e721a78cb24,unknown,pending,unreviewed,,
IMG_92021f5d09f4137e,MO/RES20134.JPG,RES20134.JPG,.jpg,6012142,01,01,,unknown,MO,,,ignored,,,01::MO,parent_folder_fallback,low,4896,3264,JPEG,readable,70821055b8fca958be1d93f9109b34b7b5adccc1d583c263c9da3869a8f5b20c,unknown,pending,unreviewed,,
IMG_ee379c72c01df822,MO/RES20135.JPG,RES20135.JPG,.jpg,5901252,01,01,,unknown,MO,,,ignored,,,01::MO,parent_folder_fallback,low,4896,3264,JPEG,readable,6559e810cb455e1d918ab187bda88d63e2cc0f5eb5bc86d61ee63df37e67069a,unknown,pending,unreviewed,,
IMG_b59cc802c4ba1cad,MO/RES20136.JPG,RES20136.JPG,.jpg,5697837,01,01,,unknown,MO,,,ignored,,,01::MO,parent_folder_fallback,low,4896,3264,JPEG,readable,45fa7dd8c2a3c05dd3e108db29ad7622aaab36644555ae77a0fb3ad6cc592114,unknown,pending,unreviewed,,
IMG_a073ee4bc7be5836,MO/RES20137.JPG,RES20137.JPG,.jpg,5744210,01,01,,unknown,MO,,,ignored,,,01::MO,parent_folder_fallback,low,4896,3264,JPEG,readable,c0a26543da1549e395e4902977d986f2918940dcf8a5eed1a924d0b68a84044f,unknown,pending,unreviewed,,
IMG_dfad31d29b9cb391,MO/RES20138.JPG,RES20138.JPG,.jpg,5748910,01,01,,unknown,MO,,,ignored,,,01::MO,parent_folder_fallback,low,4896,3264,JPEG,readable,4dd441ad54a911c07a6c723c457a4fc395cc5f5526dc0c294f1ea9a532bf97a5,unknown,pending,unreviewed,,
IMG_bddb37e779a82189,MO/RES20139.JPG,RES20139.JPG,.jpg,5699013,01,01,,unknown,MO,,,ignored,,,01::MO,parent_folder_fallback,low,4896,3264,JPEG,readable,a6a5832b870024d1c2f3801d9ce903a2449230f64f8662858a45e67c661222b3,unknown,pending,unreviewed,,
IMG_be2c8a2df1025e22,MO/RES20140.JPG,RES20140.JPG,.jpg,5408902,01,01,,unknown,MO,,,ignored,,,01::MO,parent_folder_fallback,low,4896,3264,JPEG,readable,1b14a121c9adf3ba3af13f0288daf769c80f70e36948cd48514361fb5dbb2810,unknown,pending,unreviewed,,
IMG_7f50fb9174a757c9,MO/RES20141.JPG,RES20141.JPG,.jpg,5325259,01,01,,unknown,MO,,,ignored,,,01::MO,parent_folder_fallback,low,4896,3264,JPEG,readable,61a33ed288ceda922d80d6e53fb103b78a2ff02f1d9a474174d838ef9b985cc8,unknown,pending,unreviewed,,
IMG_585c7a7537822c4d,MO/RES20144.JPG,RES20144.JPG,.jpg,5355244,01,01,,unknown,MO,,,ignored,,,01::MO,parent_folder_fallback,low,4896,3264,JPEG,readable,c5f73638d121e15dd8e24553bcb3e5bb883fdfed37fc374281bc4e95ccbc8ae0,unknown,pending,unreviewed,,
IMG_00fb5fe97d880feb,MO/RES20145.JPG,RES20145.JPG,.jpg,5370652,01,01,,unknown,MO,,,ignored,,,01::MO,parent_folder_fallback,low,4896,3264,JPEG,readable,597283b575b3c9f2065e4c744a548b06efcafff6fec6ab44fda35cef8d5b783b,unknown,pending,unreviewed,,
IMG_cf9452c5c5b3d820,MO/RES20146.JPG,RES20146.JPG,.jpg,5371279,01,01,,unknown,MO,,,ignored,,,01::MO,parent_folder_fallback,low,4896,3264,JPEG,readable,48e6682f1c0e1935729d9d5acd5e5bba61c571d8be36555b3eda559ec8912640,unknown,pending,unreviewed,,
IMG_7787beaaed9b654e,MO/RES20155.JPG,RES20155.JPG,.jpg,5427311,01,01,,unknown,MO,,,ignored,,,01::MO,parent_folder_fallback,low,4896,3264,JPEG,readable,e98bc0785602d8277c63a64856cb5228be71302273ed80034a17e9e8c08e3023,unknown,pending,unreviewed,,
IMG_5504f1d0b0245bf4,MO/RES20156.JPG,RES20156.JPG,.jpg,5369303,01,01,,unknown,MO,,,ignored,,,01::MO,parent_folder_fallback,low,4896,3264,JPEG,readable,6ff9865a9e9c4122388fbc339649d64fbf71e15ae99a90ac1076ae6914ef01c6,unknown,pending,unreviewed,,
IMG_1e1ee449a0b22404,MO/RES20159.JPG,RES20159.JPG,.jpg,5567757,01,01,,unknown,MO,,,ignored,,,01::MO,parent_folder_fallback,low,4896,3264,JPEG,readable,8097f81a910956d88e075aeb6404f1ef8b24aad933c74b16ba6fc78d52f69bcb,unknown,pending,unreviewed,,
IMG_276144f968de43e9,MO/RES20160.JPG,RES20160.JPG,.jpg,5502965,01,01,,unknown,MO,,,ignored,,,01::MO,parent_folder_fallback,low,4896,3264,JPEG,readable,053dd54c115441a5d690c5aaa5459ca66ebfc018c8f6cdd2460c2e15fb0b4431,unknown,pending,unreviewed,,
IMG_48ab1aefd2f4e800,MO/RES20161.JPG,RES20161.JPG,.jpg,5528146,01,01,,unknown,MO,,,ignored,,,01::MO,parent_folder_fallback,low,4896,3264,JPEG,readable,716dde2c9e026fb1fe05fc7f0814801255b9f1e4ee45110b2520804baa4ed625,unknown,pending,unreviewed,,
IMG_96fe4e32a23e892c,MO/RES20166.JPG,RES20166.JPG,.jpg,5099447,01,01,,unknown,MO,,,ignored,,,01::MO,parent_folder_fallback,low,4896,3264,JPEG,readable,5895c2a4825f4323cbd67f355a95a3184c4a3359351832abbd0114fca36e6f10,unknown,pending,unreviewed,,
IMG_242ea09261298304,MO/RES20167.JPG,RES20167.JPG,.jpg,5216076,01,01,,unknown,MO,,,ignored,,,01::MO,parent_folder_fallback,low,4896,3264,JPEG,readable,49bd386237c53438133151aa5211c63efcff66d7acc71b2febb0404d4ed30c1f,unknown,pending,unreviewed,,
IMG_cb5d93c99c384b0b,MO/RES20168.JPG,RES20168.JPG,.jpg,5208296,01,01,,unknown,MO,,,ignored,,,01::MO,parent_folder_fallback,low,4896,3264,JPEG,readable,f15eee1dba932bf445b73cb2046c6987df3c36669fa09c2569924e09946fe176,unknown,pending,unreviewed,,
IMG_9f6d9b2a3bd0084f,MO/RES20169.JPG,RES20169.JPG,.jpg,5183663,01,01,,unknown,MO,,,ignored,,,01::MO,parent_folder_fallback,low,4896,3264,JPEG,readable,be552c5788d99469bf42961d1b566834080dff0fbcef53fccccd55d6e1afc590,unknown,pending,unreviewed,,
IMG_8ebbf3bed7cf4d9c,MO/RES20171.JPG,RES20171.JPG,.jpg,5016474,01,01,,unknown,MO,,,ignored,,,01::MO,parent_folder_fallback,low,4896,3264,JPEG,readable,3bd1cd83aa711e7dcfd6fea54db069aad05f4d56c9f9b5b44339d72c8df19fba,unknown,pending,unreviewed,,
IMG_f3d547ea7a258178,MO/RES20172.JPG,RES20172.JPG,.jpg,5035176,01,01,,unknown,MO,,,ignored,,,01::MO,parent_folder_fallback,low,4896,3264,JPEG,readable,d8bf2798cd14c2a7a94bac75c2025c139ed67617e224e698b12ed227eb974eba,unknown,pending,unreviewed,,
IMG_841a01ef06b8baed,MO/RES20173.JPG,RES20173.JPG,.jpg,5038749,01,01,,unknown,MO,,,ignored,,,01::MO,parent_folder_fallback,low,4896,3264,JPEG,readable,e10aa2f1910eec1cac1231f2e8f12c8694e2642b99660b92a4925d5c6254fb9f,unknown,pending,unreviewed,,
IMG_70c3a4e51de8d01b,MO/RES20174.JPG,RES20174.JPG,.jpg,4806724,01,01,,unknown,MO,,,ignored,,,01::MO,parent_folder_fallback,low,4896,3264,JPEG,readable,c93358a0db0fba7125f4281e039affab74f71013ac621911338a2126396bf23c,unknown,pending,unreviewed,,
IMG_86233bbf1a441c06,MO/RES20175.JPG,RES20175.JPG,.jpg,5284401,01,01,,unknown,MO,,,ignored,,,01::MO,parent_folder_fallback,low,4896,3264,JPEG,readable,0684a351b72e1c7ea9e42474b5b0a937dc646b21c32d99156e265fdd0e741649,unknown,pending,unreviewed,,
IMG_9931646d5fd7f309,MO/RES20176.JPG,RES20176.JPG,.jpg,4777314,01,01,,unknown,MO,,,ignored,,,01::MO,parent_folder_fallback,low,4896,3264,JPEG,readable,99a92fff2b0e0cc0beb67a5105a4501c0f49cab96e20b9705334f2f7b4c4abbf,unknown,pending,unreviewed,,
IMG_0ccee4c6662bc53b,MO/RES20177.JPG,RES20177.JPG,.jpg,4765902,01,01,,unknown,MO,,,ignored,,,01::MO,parent_folder_fallback,low,4896,3264,JPEG,readable,c76d3b70613afbaba1aaed3a58e072ae11dd0a2a7023cdfc0beeb6a5493e4755,unknown,pending,unreviewed,,
IMG_eadb749844b5b3d2,MO/RES20178.JPG,RES20178.JPG,.jpg,4935510,01,01,,unknown,MO,,,ignored,,,01::MO,parent_folder_fallback,low,4896,3264,JPEG,readable,8a70a4c8ea34e1a7851e38b9d4f674b5b4bad0a71d056cb015e23bbb8834b59b,unknown,pending,unreviewed,,
IMG_50736868e32df779,MO/RES20179.JPG,RES20179.JPG,.jpg,4949288,01,01,,unknown,MO,,,ignored,,,01::MO,parent_folder_fallback,low,4896,3264,JPEG,readable,944a1a1d56f7dabe1be6edcf94339fdb8a70c5ee8e8a430c483ac5091a6fc48d,unknown,pending,unreviewed,,
IMG_5c350ab6e0c223e7,MO/RES20180.JPG,RES20180.JPG,.jpg,4846064,01,01,,unknown,MO,,,ignored,,,01::MO,parent_folder_fallback,low,4896,3264,JPEG,readable,baa06fd0437198f41593766c7dea3b28c5cd5100aa5ef7bbb09ceae6341d6f61,unknown,pending,unreviewed,,
IMG_549a3a5fb9185a09,MO/RES20181.JPG,RES20181.JPG,.jpg,5347894,01,01,,unknown,MO,,,ignored,,,01::MO,parent_folder_fallback,low,4896,3264,JPEG,readable,84716ddad2b4875b7d594a825b65caf199f9e19b4f91aaabb29ae7c7d4a18a1d,unknown,pending,unreviewed,,
IMG_b7e8ba57b8cfce2e,MO/RES20184.JPG,RES20184.JPG,.jpg,5405471,01,01,,unknown,MO,,,ignored,,,01::MO,parent_folder_fallback,low,4896,3264,JPEG,readable,4958dca4cbcdfdfe1b339d0ca7f8e38a22fc4d561ab6cfb219f8da2110e0fc0c,unknown,pending,unreviewed,,
IMG_641ab5426ba49914,MO/RES20185.JPG,RES20185.JPG,.jpg,5419407,01,01,,unknown,MO,,,ignored,,,01::MO,parent_folder_fallback,low,4896,3264,JPEG,readable,8190e7ad558a799837284ad891d42178d863259bb2d7a3fabd761b530cec97dc,unknown,pending,unreviewed,,
IMG_bb525d3f0c44a267,MO/RES20186.JPG,RES20186.JPG,.jpg,5300693,01,01,,unknown,MO,,,ignored,,,01::MO,parent_folder_fallback,low,4896,3264,JPEG,readable,dbda08f03bb3995b4164a172329769a8bcae8d99a8274e4df8e2e63683e46b87,unknown,pending,unreviewed,,
IMG_f765a64d3c6595d0,MO/RES20187.JPG,RES20187.JPG,.jpg,4985813,01,01,,unknown,MO,,,ignored,,,01::MO,parent_folder_fallback,low,4896,3264,JPEG,readable,2a157c2ce7c0d089fba32ff1b2c3d020dbbf2afecef4dff864bec82a335af78e,unknown,pending,unreviewed,,
IMG_03ada41d230c2ab6,MO/RES20188.JPG,RES20188.JPG,.jpg,5293754,01,01,,unknown,MO,,,ignored,,,01::MO,parent_folder_fallback,low,4896,3264,JPEG,readable,00d4429e1997601246468f77dbac96c46e8ae13554f2386d1e71c5354418b216,unknown,pending,unreviewed,,
IMG_c2eb8948dcca76da,MO/RES20189.JPG,RES20189.JPG,.jpg,5251315,01,01,,unknown,MO,,,ignored,,,01::MO,parent_folder_fallback,low,4896,3264,JPEG,readable,e869d7125f1387881cac4257c62d0378926e0632ff72fe61804d827d3ec96b0a,unknown,pending,unreviewed,,
IMG_2b241e38ccee4988,MO/RES20191.JPG,RES20191.JPG,.jpg,5293261,01,01,,unknown,MO,,,ignored,,,01::MO,parent_folder_fallback,low,4896,3264,JPEG,readable,4f0b0f5c8a82d2408b18e5f3bac332bad11fe46963ddfd7ddd46ada38f602adf,unknown,pending,unreviewed,,
IMG_70e22bdb57aca180,MO/RES20192.JPG,RES20192.JPG,.jpg,5069416,01,01,,unknown,MO,,,ignored,,,01::MO,parent_folder_fallback,low,4896,3264,JPEG,readable,8fada9a5297665bff53c088df53eee10f1e455b10f9465111dfa397618ec76a4,unknown,pending,unreviewed,,
IMG_9c9667f50eab96fa,MO/RES20193.JPG,RES20193.JPG,.jpg,5096095,01,01,,unknown,MO,,,ignored,,,01::MO,parent_folder_fallback,low,4896,3264,JPEG,readable,095563c0382d2c2b2be72dd5aa7b6aba398e6af4a8e75832458c3a2a95b161ee,unknown,pending,unreviewed,,
IMG_28001fd12a63fcb8,MO/RES20194.JPG,RES20194.JPG,.jpg,5049506,01,01,,unknown,MO,,,ignored,,,01::MO,parent_folder_fallback,low,4896,3264,JPEG,readable,9ba90c1ebc88266172fd997a76909581d23fb0718a0f22dda8694865be36b414,unknown,pending,unreviewed,,
IMG_ee0833793ba4d8c7,MO/RES20197.JPG,RES20197.JPG,.jpg,4796779,01,01,,unknown,MO,,,ignored,,,01::MO,parent_folder_fallback,low,4896,3264,JPEG,readable,b120dc142ca1f8997bcb759f907db8f01e873d2579293f58927c460d0f596149,unknown,pending,unreviewed,,
IMG_e3b468bc71de6e78,MO/RES20198.JPG,RES20198.JPG,.jpg,4872945,01,01,,unknown,MO,,,ignored,,,01::MO,parent_folder_fallback,low,4896,3264,JPEG,readable,a4de29f862153ffc5664e38fa565ef4650ed0646762525afe07fcdcddf96187c,unknown,pending,unreviewed,,
IMG_1aed78063d4ef1cc,MO/RES20199.JPG,RES20199.JPG,.jpg,4851355,01,01,,unknown,MO,,,ignored,,,01::MO,parent_folder_fallback,low,4896,3264,JPEG,readable,10953f60cfd2093423d51b2a30467312621349a98cf1b716434ceddc8b0e9e73,unknown,pending,unreviewed,,
IMG_ed1b71900896df96,MO/RES20200.JPG,RES20200.JPG,.jpg,5318696,01,01,,unknown,MO,,,ignored,,,01::MO,parent_folder_fallback,low,4896,3264,JPEG,readable,f891741c2cf83cf9c5ca41ef6550b582e251f48a45b0c89f637c5f4007c6bc9b,unknown,pending,unreviewed,,
IMG_f9addc439c19dfa8,MO/RES20201.JPG,RES20201.JPG,.jpg,5332186,01,01,,unknown,MO,,,ignored,,,01::MO,parent_folder_fallback,low,4896,3264,JPEG,readable,e492b6ff83410402691d6b851fb96b63f8821dbcc36c9b347c0c65267c942666,unknown,pending,unreviewed,,
IMG_cb07a16dba4c77da,MO/RES20202.JPG,RES20202.JPG,.jpg,5235062,01,01,,unknown,MO,,,ignored,,,01::MO,parent_folder_fallback,low,4896,3264,JPEG,readable,b33faad7ecc18a99f2e957426a46f14ea980d1f8200adfbf96faf208e08dcfbf,unknown,pending,unreviewed,,
IMG_003f03fb7378ab32,MO/RES20203.JPG,RES20203.JPG,.jpg,5144209,01,01,,unknown,MO,,,ignored,,,01::MO,parent_folder_fallback,low,4896,3264,JPEG,readable,0384944284a680b0031fe28de69061a2706546c41977bab3ee2f4bdcf60e42e4,unknown,pending,unreviewed,,
IMG_487d70119155a12d,MO/RES20204.JPG,RES20204.JPG,.jpg,5165969,01,01,,unknown,MO,,,ignored,,,01::MO,parent_folder_fallback,low,4896,3264,JPEG,readable,14ce5762b2731321f95d72fbea7e8aebdc32ee32e602bed3a0d8a11333db992c,unknown,pending,unreviewed,,
IMG_9fb0102826874cf5,MO/RES20205.JPG,RES20205.JPG,.jpg,5151414,01,01,,unknown,MO,,,ignored,,,01::MO,parent_folder_fallback,low,4896,3264,JPEG,readable,fcfd879f196dfc5c743d0f2663db37a8f948f4bd2f2fe356b94bdbd6443ef7c5,unknown,pending,unreviewed,,
IMG_f3baffc2aee34f81,MO/RES20208.JPG,RES20208.JPG,.jpg,4575495,01,01,,unknown,MO,,,ignored,,,01::MO,parent_folder_fallback,low,4896,3264,JPEG,readable,c07df9ac16e085ea98bf717664e9c0e27666e374afbe782500d847cf795a3fe2,unknown,pending,unreviewed,,
IMG_73e3deaa3fba5a46,MO/RES20209.JPG,RES20209.JPG,.jpg,4550467,01,01,,unknown,MO,,,ignored,,,01::MO,parent_folder_fallback,low,4896,3264,JPEG,readable,a67a9a1645a4126cef7fc82a48eae66605fd39747ae9ef93e47a059d2166809a,unknown,pending,unreviewed,,
IMG_6361c981763b8a1d,MO/RES20210.JPG,RES20210.JPG,.jpg,4985050,01,01,,unknown,MO,,,ignored,,,01::MO,parent_folder_fallback,low,4896,3264,JPEG,readable,df6c7860a39209fd69c215eb86478aec0650acca24d5cac2aea6c92a3abc2bdc,unknown,pending,unreviewed,,
IMG_72550ea5f5e4f3a9,MO/RES20211.JPG,RES20211.JPG,.jpg,5137835,01,01,,unknown,MO,,,ignored,,,01::MO,parent_folder_fallback,low,4896,3264,JPEG,readable,8f8eed566a3744e1414f11767ea68c99d019798a52be451e7134c57f5cb1b56c,unknown,pending,unreviewed,,
IMG_8809fd0432c82047,MO/RES20212.JPG,RES20212.JPG,.jpg,5003846,01,01,,unknown,MO,,,ignored,,,01::MO,parent_folder_fallback,low,4896,3264,JPEG,readable,cc4ce68810fab5bec12205ac6f3828cdf547987d79e5c2c177f0d5fdf4fb5b96,unknown,pending,unreviewed,,
IMG_47360c58bd8fe711,MO/RES20213.JPG,RES20213.JPG,.jpg,5074205,01,01,,unknown,MO,,,ignored,,,01::MO,parent_folder_fallback,low,4896,3264,JPEG,readable,cdea7c6425a91b4c450d886ee0db81d697311192a42f5861db12a5eedeb19e6d,unknown,pending,unreviewed,,
IMG_9a411edc4aace82c,MO/RES20214.JPG,RES20214.JPG,.jpg,5026796,01,01,,unknown,MO,,,ignored,,,01::MO,parent_folder_fallback,low,4896,3264,JPEG,readable,8581f02514e1c4b7f239670030557a9157c48496c7e69d9f525f8c93814447d1,unknown,pending,unreviewed,,
IMG_9e1ab899e8144882,MO/RES20215.JPG,RES20215.JPG,.jpg,5398276,01,01,,unknown,MO,,,ignored,,,01::MO,parent_folder_fallback,low,4896,3264,JPEG,readable,d9a41ca21672ef605aaa9e45de0472ff4228ef5506e2108f4499d93cd8aa15aa,unknown,pending,unreviewed,,
IMG_01c594e5c206f773,MO/RES20216.JPG,RES20216.JPG,.jpg,5405333,01,01,,unknown,MO,,,ignored,,,01::MO,parent_folder_fallback,low,4896,3264,JPEG,readable,b35107faa16090c2f10a910dd6663bb89539d5869d23c10f6f278f55c9825494,unknown,pending,unreviewed,,
IMG_279b14d29e60a203,MO/RES20217.JPG,RES20217.JPG,.jpg,5311775,01,01,,unknown,MO,,,ignored,,,01::MO,parent_folder_fallback,low,4896,3264,JPEG,readable,7472d1a0bb4cf9e1251013e4c67d895a44d6b8d8c7dfb618070a72d0f7a42992,unknown,pending,unreviewed,,
IMG_d586fedf550eab1a,MO/RES20218.JPG,RES20218.JPG,.jpg,5299841,01,01,,unknown,MO,,,ignored,,,01::MO,parent_folder_fallback,low,4896,3264,JPEG,readable,c965bf629f3abde3c3e7340433b02fa2232d1555a701c8df827a8f699ca3d2a0,unknown,pending,unreviewed,,
IMG_a75a609dc2f98fab,MO/RES20219.JPG,RES20219.JPG,.jpg,5236357,01,01,,unknown,MO,,,ignored,,,01::MO,parent_folder_fallback,low,4896,3264,JPEG,readable,6e7a1286bc684810581ca06b00ef387e8e9ed543455d299c864ae9b1011b815b,unknown,pending,unreviewed,,
IMG_33f8b87b3bc78059,MO/RES20220.JPG,RES20220.JPG,.jpg,5195189,01,01,,unknown,MO,,,ignored,,,01::MO,parent_folder_fallback,low,4896,3264,JPEG,readable,6bfd46017a6b0fb5c3466f4f4bf507d3976bb679afcdc9fed6347e4af9e383c8,unknown,pending,unreviewed,,
IMG_2a3f1f31e236f5f2,MO/RES20221.JPG,RES20221.JPG,.jpg,5178679,01,01,,unknown,MO,,,ignored,,,01::MO,parent_folder_fallback,low,4896,3264,JPEG,readable,7cdf49a656b0daa0bf28111bc4ce004857e618778d630e2eaa526d2b3bc1e9d4,unknown,pending,unreviewed,,
IMG_7138ccf6d80f8624,MO/RES20222.JPG,RES20222.JPG,.jpg,5062757,01,01,,unknown,MO,,,ignored,,,01::MO,parent_folder_fallback,low,4896,3264,JPEG,readable,5c429372ff3b3a5882e44112a2d16edfc342de7e193025eef87b294090aaaf92,unknown,pending,unreviewed,,
IMG_d1320242186b5d44,MO/RES20223.JPG,RES20223.JPG,.jpg,5217585,01,01,,unknown,MO,,,ignored,,,01::MO,parent_folder_fallback,low,4896,3264,JPEG,readable,19291af55cd0f8a8a1f05d40b86126670b9e5afa9d2c6d87b0f3146b077be856,unknown,pending,unreviewed,,
IMG_af5ae0845115da05,MO/RES20224.JPG,RES20224.JPG,.jpg,5129271,01,01,,unknown,MO,,,ignored,,,01::MO,parent_folder_fallback,low,4896,3264,JPEG,readable,97910fe3099514714cc6a57d81df705b9d64dc374b6723a383e607e9dfbf8f27,unknown,pending,unreviewed,,
IMG_47b8153f63f31777,MO/RES20228.JPG,RES20228.JPG,.jpg,5364839,01,01,,unknown,MO,,,ignored,,,01::MO,parent_folder_fallback,low,4896,3264,JPEG,readable,b2082fbaa88c64b26de9d444837636620ad9554424c260ace29c54b951ae6034,unknown,pending,unreviewed,,
IMG_09064e7462a89c8e,MO/RES20229.JPG,RES20229.JPG,.jpg,5414612,01,01,,unknown,MO,,,ignored,,,01::MO,parent_folder_fallback,low,4896,3264,JPEG,readable,56ce751f8c9cb780ada8614e19a12341ab01cef00fb4f1e10f9fbfefcdffcaa3,unknown,pending,unreviewed,,
IMG_e69dce6cccecd760,MO/RES20230.JPG,RES20230.JPG,.jpg,5394533,01,01,,unknown,MO,,,ignored,,,01::MO,parent_folder_fallback,low,4896,3264,JPEG,readable,0b26940c09e1b5c9c8687480fbfd6bdfb92ca3299bf9ea08fe3f19a13a394af4,unknown,pending,unreviewed,,
IMG_ae4f1acbd39d9f00,MO/RES20231.JPG,RES20231.JPG,.jpg,5368866,01,01,,unknown,MO,,,ignored,,,01::MO,parent_folder_fallback,low,4896,3264,JPEG,readable,8e9cf26c1ac60762b70f07e47992a5aa26e71f7e7df2ad18e9da3e2fe192ec31,unknown,pending,unreviewed,,
IMG_15c7a94f0d88845c,MO/RES20232.JPG,RES20232.JPG,.jpg,5536744,01,01,,unknown,MO,,,ignored,,,01::MO,parent_folder_fallback,low,4896,3264,JPEG,readable,45d178b2711f4a2a73317a8b7d7fc4abf66d12621ec67dbe9db43ffe33dbd22e,unknown,pending,unreviewed,,
IMG_f59149de44cb4f49,MO/RES20233.JPG,RES20233.JPG,.jpg,5130548,01,01,,unknown,MO,,,ignored,,,01::MO,parent_folder_fallback,low,4896,3264,JPEG,readable,4d54e88336d8f7e992555336bf6ac4104be228eacebe74935181f918c50acfe7,unknown,pending,unreviewed,,
IMG_858a8970ac105ddf,MO/RES20234.JPG,RES20234.JPG,.jpg,5260200,01,01,,unknown,MO,,,ignored,,,01::MO,parent_folder_fallback,low,4896,3264,JPEG,readable,359ff777899ae4f7c9cd7b716797884745586292c82ecdb07e923f3a9d743998,unknown,pending,unreviewed,,
IMG_6f54f31166b2f7d1,MO/RES20235.JPG,RES20235.JPG,.jpg,5303307,01,01,,unknown,MO,,,ignored,,,01::MO,parent_folder_fallback,low,4896,3264,JPEG,readable,4b34ec7929a132bf4ceb483b1714bc56e6d8c488af33a6b99496f49a9b8349c8,unknown,pending,unreviewed,,
IMG_dbbd48e8d78ae5be,MO/RES20236.JPG,RES20236.JPG,.jpg,4854963,01,01,,unknown,MO,,,ignored,,,01::MO,parent_folder_fallback,low,4896,3264,JPEG,readable,7e96cc02dfef69b318f1038f9c1bd2fe930655525594b557ca0644e2c150e1f8,unknown,pending,unreviewed,,
IMG_4b7279735e9092a7,MO/RES20237.JPG,RES20237.JPG,.jpg,4811186,01,01,,unknown,MO,,,ignored,,,01::MO,parent_folder_fallback,low,4896,3264,JPEG,readable,5fd670021fdf2da190ebd898fae73b6dbb73d874108c23c14a285353cb57ac9f,unknown,pending,unreviewed,,
IMG_7a2f6083bb5eba47,MO/RES20240.JPG,RES20240.JPG,.jpg,4623080,01,01,,unknown,MO,,,ignored,,,01::MO,parent_folder_fallback,low,4896,3264,JPEG,readable,14b51367b352ef2f6108113c6c03d4ebfef4db10ee59d706ee57e0a25541c751,unknown,pending,unreviewed,,
IMG_18e6c05c6644af34,MO/RES20241.JPG,RES20241.JPG,.jpg,4537421,01,01,,unknown,MO,,,ignored,,,01::MO,parent_folder_fallback,low,4896,3264,JPEG,readable,9bd78f601fe82551dda45df3d016010d08442f7e0b95bcd8c75549c606879e73,unknown,pending,unreviewed,,
IMG_2289d82d993d6585,MO/RES20242.JPG,RES20242.JPG,.jpg,4609770,01,01,,unknown,MO,,,ignored,,,01::MO,parent_folder_fallback,low,4896,3264,JPEG,readable,b904bc29b22cd69b443ead7100ed2050e5555126eba7bbd616d7a142d3836885,unknown,pending,unreviewed,,
IMG_9673911319154a56,MO/RES20244.JPG,RES20244.JPG,.jpg,5247894,01,01,,unknown,MO,,,ignored,,,01::MO,parent_folder_fallback,low,4896,3264,JPEG,readable,4171eb0a207004258fac3ae3da4f5a31d30ad5d5f4d1960e1ee3e265f24e78fc,unknown,pending,unreviewed,,
IMG_1d14bbdf9aae5e3b,MO/RES20245.JPG,RES20245.JPG,.jpg,5159459,01,01,,unknown,MO,,,ignored,,,01::MO,parent_folder_fallback,low,4896,3264,JPEG,readable,8786ba9771024d3cd9dc74caa8a559f4f67aca1fb0ade773d5a63ffab9f22000,unknown,pending,unreviewed,,
IMG_9d2b83b3af25c1bb,MO/RES20246.JPG,RES20246.JPG,.jpg,5149469,01,01,,unknown,MO,,,ignored,,,01::MO,parent_folder_fallback,low,4896,3264,JPEG,readable,3e253a39f5aa2682b9eb69b084b33c2ff4299557843a53a62ea5b8d77cbf16ee,unknown,pending,unreviewed,,
IMG_184d5d7d40597c0a,MO/RES20248.JPG,RES20248.JPG,.jpg,5635579,01,01,,unknown,MO,,,ignored,,,01::MO,parent_folder_fallback,low,4896,3264,JPEG,readable,15d9bda2f220d0ba9532ed4a20f89b6751c7de989cc47a65e4a92de8c28b669e,unknown,pending,unreviewed,,
IMG_3d7ffb961defecc5,MO/RES20249.JPG,RES20249.JPG,.jpg,5714367,01,01,,unknown,MO,,,ignored,,,01::MO,parent_folder_fallback,low,4896,3264,JPEG,readable,f67a2995d04ea5452c72082bf2b534e8bdeecbfd98bbda663fd0ea837e52c2cc,unknown,pending,unreviewed,,
IMG_f04eda262dc4d688,MO/RES20250.JPG,RES20250.JPG,.jpg,5657832,01,01,,unknown,MO,,,ignored,,,01::MO,parent_folder_fallback,low,4896,3264,JPEG,readable,480a0d667fe0a295d2188b6620b8a95e0de8b367ff09d17c76b74330cfbb70ea,unknown,pending,unreviewed,,
IMG_4c7791817a04c527,MO/RES20251.JPG,RES20251.JPG,.jpg,5540707,01,01,,unknown,MO,,,ignored,,,01::MO,parent_folder_fallback,low,4896,3264,JPEG,readable,78abfccd1d8cfb1605872e1c58e0bacf7a2b067bc184c9fa6924b81de61c4ed7,unknown,pending,unreviewed,,
IMG_4875c8b5de818bef,MO/RES20255.JPG,RES20255.JPG,.jpg,5114188,01,01,,unknown,MO,,,ignored,,,01::MO,parent_folder_fallback,low,4896,3264,JPEG,readable,a96c7641f44d9bdb3ebdfa3a335ff9352145b0a04cf42952da2f5c3b4c280ecb,unknown,pending,unreviewed,,
IMG_7294ace3ff763702,MO/RES20256.JPG,RES20256.JPG,.jpg,5248143,01,01,,unknown,MO,,,ignored,,,01::MO,parent_folder_fallback,low,4896,3264,JPEG,readable,bb4f792c0696e1ce6bc85bc31a6eba0ed480bd3f8b48fe486fc780dabb2751e3,unknown,pending,unreviewed,,
IMG_672ac94c81a3be9d,MO/RES20257.JPG,RES20257.JPG,.jpg,5274602,01,01,,unknown,MO,,,ignored,,,01::MO,parent_folder_fallback,low,4896,3264,JPEG,readable,928497d30ca3d1430e7db58991955a929845ce51b2fef25259552f1cd539fefa,unknown,pending,unreviewed,,
IMG_0d224aa394f236fb,MO/RES20258.JPG,RES20258.JPG,.jpg,5682439,01,01,,unknown,MO,,,ignored,,,01::MO,parent_folder_fallback,low,4896,3264,JPEG,readable,78f1349e2e06adb43b4a8ad054b55914b01a7dd75bd9f58bd9537e5bfb78483c,unknown,pending,unreviewed,,
IMG_19b852ff5080aaf5,MO/RES20259.JPG,RES20259.JPG,.jpg,5663104,01,01,,unknown,MO,,,ignored,,,01::MO,parent_folder_fallback,low,4896,3264,JPEG,readable,045d3aa580768c8427bb7f4dbdcf597a0f1850dee7a918d2ea00a9fd06cd9d7e,unknown,pending,unreviewed,,
IMG_08297472ce40140e,MO/RES20260.JPG,RES20260.JPG,.jpg,5409038,01,01,,unknown,MO,,,ignored,,,01::MO,parent_folder_fallback,low,4896,3264,JPEG,readable,9bfef61025448915c15adfa778f826169e1a6bccc8ee64d7b052a12e543b8751,unknown,pending,unreviewed,,
IMG_eee750e9acd53234,MO/RES20264.JPG,RES20264.JPG,.jpg,5467081,01,01,,unknown,MO,,,ignored,,,01::MO,parent_folder_fallback,low,4896,3264,JPEG,readable,8cd34f0bdf6ad18f58c8ba8f07ccb26bfcfd899deab45dc7003da4d93ed37bda,unknown,pending,unreviewed,,
IMG_7dd917df72060e3e,MO/RES20265.JPG,RES20265.JPG,.jpg,5451862,01,01,,unknown,MO,,,ignored,,,01::MO,parent_folder_fallback,low,4896,3264,JPEG,readable,47e54e16a382249c8a936998d80ca05cf849489b83ffd8957843e55f534cf7be,unknown,pending,unreviewed,,
IMG_d23be1ae903a7e55,MO/RES20268.JPG,RES20268.JPG,.jpg,5310768,01,01,,unknown,MO,,,ignored,,,01::MO,parent_folder_fallback,low,4896,3264,JPEG,readable,10e4fb9a71edcfb0aa70de43bc11ca927e30a3e827b17b95fdc143eb930bf2cd,unknown,pending,unreviewed,,
IMG_6946296f0afc0493,MO/RES20269.JPG,RES20269.JPG,.jpg,5374329,01,01,,unknown,MO,,,ignored,,,01::MO,parent_folder_fallback,low,4896,3264,JPEG,readable,b5924a8747537bbd37bfbaa9cea17d07da3cb633016dd57627962cec24cc5efa,unknown,pending,unreviewed,,
IMG_a9c4ff0a3cf4234f,MO/RES20272.JPG,RES20272.JPG,.jpg,5407809,01,01,,unknown,MO,,,ignored,,,01::MO,parent_folder_fallback,low,4896,3264,JPEG,readable,a6379f73d28a6fc16a40bef607412fba671598f05fbe43d83a8b9e737419b102,unknown,pending,unreviewed,,
IMG_13e9954cd0f4b448,MO/RES20273.JPG,RES20273.JPG,.jpg,5440312,01,01,,unknown,MO,,,ignored,,,01::MO,parent_folder_fallback,low,4896,3264,JPEG,readable,d5bfc12febfb528b68a129f25dc7fb2f09d13a4118788488404b60993ada39bf,unknown,pending,unreviewed,,
IMG_f3c8eac7f9b1d0c0,MO/RES20274.JPG,RES20274.JPG,.jpg,5450054,01,01,,unknown,MO,,,ignored,,,01::MO,parent_folder_fallback,low,4896,3264,JPEG,readable,1bae476cb76e12ff99a8ee91b737e58872b58c7dd7504e21f4acf81fa7e94cb9,unknown,pending,unreviewed,,
IMG_7103ac6d2ab25fa0,MO/RES20275.JPG,RES20275.JPG,.jpg,5426692,01,01,,unknown,MO,,,ignored,,,01::MO,parent_folder_fallback,low,4896,3264,JPEG,readable,69fcc2f93ee7cab9b758d8b8e6e3c6fd5a4926caaea3a31123ba65b752df2c86,unknown,pending,unreviewed,,
IMG_61b54a9f2c4e8cbb,MO/RES20276.JPG,RES20276.JPG,.jpg,5434827,01,01,,unknown,MO,,,ignored,,,01::MO,parent_folder_fallback,low,4896,3264,JPEG,readable,40d171be60e764f11379d864ef44ad5d6e71312d9fa929ae6ca21f474ae372d2,unknown,pending,unreviewed,,
IMG_9077d40cf68f0e74,MO/RES20277.JPG,RES20277.JPG,.jpg,5487429,01,01,,unknown,MO,,,ignored,,,01::MO,parent_folder_fallback,low,4896,3264,JPEG,readable,009d619af7b40cbc33f21e62b1e0f49c41a1bf85ed7465240a7c7f61308d6131,unknown,pending,unreviewed,,
IMG_b30742d7307f0be0,MO/RES20278.JPG,RES20278.JPG,.jpg,5300461,01,01,,unknown,MO,,,ignored,,,01::MO,parent_folder_fallback,low,4896,3264,JPEG,readable,91bb6787febbc7f1b4ed61e40ced323db557ba010681388395b29a443467484c,unknown,pending,unreviewed,,
IMG_389628430526426f,MO/RES20279.JPG,RES20279.JPG,.jpg,5266158,01,01,,unknown,MO,,,ignored,,,01::MO,parent_folder_fallback,low,4896,3264,JPEG,readable,1093f8b103e6dbb9681d50f312b8bc267a99f00e1f28357fe954268ee07b890c,unknown,pending,unreviewed,,
IMG_40088b894ba02511,MO/RES20281.JPG,RES20281.JPG,.jpg,5370069,01,01,,unknown,MO,,,ignored,,,01::MO,parent_folder_fallback,low,4896,3264,JPEG,readable,913412f874a853e624808df01ca3a4f93c6d4900205b6bb02ecc1b2bb9ab348f,unknown,pending,unreviewed,,
IMG_3e78950902bcce08,MO/RES20282.JPG,RES20282.JPG,.jpg,5381216,01,01,,unknown,MO,,,ignored,,,01::MO,parent_folder_fallback,low,4896,3264,JPEG,readable,825154ffc1fd9c6a4b9ba3078cedd825f3d359f8c905268b818f3c17e80a844a,unknown,pending,unreviewed,,
IMG_45906e26bb0c5478,MO/RES20283.JPG,RES20283.JPG,.jpg,5338622,01,01,,unknown,MO,,,ignored,,,01::MO,parent_folder_fallback,low,4896,3264,JPEG,readable,67b9dcd1dd65fb706a28d3cdb363e35e72a7a52e292951e2b2bb2b3f6b8b864d,unknown,pending,unreviewed,,
IMG_5df978384defa7af,MO/RES20286.JPG,RES20286.JPG,.jpg,5421423,01,01,,unknown,MO,,,ignored,,,01::MO,parent_folder_fallback,low,4896,3264,JPEG,readable,06a6748b9d90c643ff15a23fd5709a6cc89aa00c00cee88b8f77260ea02bb352,unknown,pending,unreviewed,,
IMG_be4c930d743685d8,MO/RES20287.JPG,RES20287.JPG,.jpg,5453073,01,01,,unknown,MO,,,ignored,,,01::MO,parent_folder_fallback,low,4896,3264,JPEG,readable,47c063bb3a36f562153b925fba51cf8508dc36104d83fc9d021147e2f14fe010,unknown,pending,unreviewed,,
IMG_1357d436a4da406a,MO/RES20288.JPG,RES20288.JPG,.jpg,5429266,01,01,,unknown,MO,,,ignored,,,01::MO,parent_folder_fallback,low,4896,3264,JPEG,readable,bfa60f1f30a7918ce274d8d5e1fb3b2a4b8d0d24a55a8587adb26aa67ecd09f2,unknown,pending,unreviewed,,
IMG_91523b6663f43235,MO/RES20289.JPG,RES20289.JPG,.jpg,5511892,01,01,,unknown,MO,,,ignored,,,01::MO,parent_folder_fallback,low,4896,3264,JPEG,readable,4c2cbd71c54116f6acb3ebec966461a44babe1f70fb4844780d407c5b1e7872d,unknown,pending,unreviewed,,
IMG_852356c697f1c565,MO/RES20290.JPG,RES20290.JPG,.jpg,5537239,01,01,,unknown,MO,,,ignored,,,01::MO,parent_folder_fallback,low,4896,3264,JPEG,readable,3b096c4b3d9bc6186bf629f0057cd3d0f92e3b4b7ce55b8ad69f415e761058d3,unknown,pending,unreviewed,,
IMG_16c585079f2e6791,MO/RES20291.JPG,RES20291.JPG,.jpg,5620921,01,01,,unknown,MO,,,ignored,,,01::MO,parent_folder_fallback,low,4896,3264,JPEG,readable,40985bb6c6187acd2b15590f95a6373313880439396304725abbac5d8d52574f,unknown,pending,unreviewed,,
IMG_d49d42062573cff8,MO/RES20292.JPG,RES20292.JPG,.jpg,5507733,01,01,,unknown,MO,,,ignored,,,01::MO,parent_folder_fallback,low,4896,3264,JPEG,readable,8142a3dd9bfdfb8f9eb31760651c078de0a17a201b33c7ca9045d1bcfe7de1ce,unknown,pending,unreviewed,,
IMG_0a335257730905dc,MO/RES20293.JPG,RES20293.JPG,.jpg,5443414,01,01,,unknown,MO,,,ignored,,,01::MO,parent_folder_fallback,low,4896,3264,JPEG,readable,8d5ce6b387278b2e461a5a28d1163f00572859294e7066752a51835d13bfc334,unknown,pending,unreviewed,,
IMG_596baa002ef116a4,MO/RES20295.JPG,RES20295.JPG,.jpg,5273813,01,01,,unknown,MO,,,ignored,,,01::MO,parent_folder_fallback,low,4896,3264,JPEG,readable,25540a88c0bcac8b78d89f7cfede297846d9b3040bcd2428a417af51cc47fcba,unknown,pending,unreviewed,,
IMG_b18c1563d44f28c6,MO/RES20296.JPG,RES20296.JPG,.jpg,5292737,01,01,,unknown,MO,,,ignored,,,01::MO,parent_folder_fallback,low,4896,3264,JPEG,readable,41f7a31d53ddf6a70dc663fd9142b8f4ff7cedc41e46caa136c9efdacb5243d8,unknown,pending,unreviewed,,
IMG_714862d5a2689490,MO/RES20297.JPG,RES20297.JPG,.jpg,5300455,01,01,,unknown,MO,,,ignored,,,01::MO,parent_folder_fallback,low,4896,3264,JPEG,readable,acf6fb54f101d5b214a3b924181aa07d2e8423a8eca136d17c78bc14af18af68,unknown,pending,unreviewed,,
IMG_2fa9f3055a1663d2,MO/RES20298.JPG,RES20298.JPG,.jpg,5248387,01,01,,unknown,MO,,,ignored,,,01::MO,parent_folder_fallback,low,4896,3264,JPEG,readable,c8bed10c9791c622b53a5b818c29c5940b7dd244bad2015a56755983b8f52e67,unknown,pending,unreviewed,,
IMG_2930d164a17e9af4,MO/RES20303.JPG,RES20303.JPG,.jpg,5617855,01,01,,unknown,MO,,,ignored,,,01::MO,parent_folder_fallback,low,4896,3264,JPEG,readable,9e9bb896ff731700dd48e37e35b7b3c3f1287aae21e5b4166ed4c62e6ea51ee6,unknown,pending,unreviewed,,
IMG_5e5a0ce4ee12ea4b,MO/RES20304.JPG,RES20304.JPG,.jpg,5673008,01,01,,unknown,MO,,,ignored,,,01::MO,parent_folder_fallback,low,4896,3264,JPEG,readable,6c9f27d51535d992ca438275110b078f5572d9d51f237ecbf46214f790425cae,unknown,pending,unreviewed,,
IMG_aa0c5a00dd4b5504,MO/RES20305.JPG,RES20305.JPG,.jpg,5705585,01,01,,unknown,MO,,,ignored,,,01::MO,parent_folder_fallback,low,4896,3264,JPEG,readable,af00f9f59924fb35e5ff1df2714dde4fc56ab41d61c3dabe04bfba4cdad859f4,unknown,pending,unreviewed,,
IMG_a27c9e895e615d32,MO/RES20306.JPG,RES20306.JPG,.jpg,5705256,01,01,,unknown,MO,,,ignored,,,01::MO,parent_folder_fallback,low,4896,3264,JPEG,readable,c4a57a2eefd03ba1a673391b2781925aa6696852acf5a943e96e4ce2d5432c36,unknown,pending,unreviewed,,
IMG_98d8fc31125d0fe9,MO/RES20311.JPG,RES20311.JPG,.jpg,5393591,01,01,,unknown,MO,,,ignored,,,01::MO,parent_folder_fallback,low,4896,3264,JPEG,readable,8d6b59e494da1f4dd7f5b61b66b6c7db56ba903a5de1f9b64997f8a723c22052,unknown,pending,unreviewed,,
IMG_fbab51a612827dc6,MO/RES20312.JPG,RES20312.JPG,.jpg,5454572,01,01,,unknown,MO,,,ignored,,,01::MO,parent_folder_fallback,low,4896,3264,JPEG,readable,3af60c5939d56e257d24cec1d0cd9bbfebdfe2e130f79737ea89fe363ef2cec8,unknown,pending,unreviewed,,
IMG_7049ab9f4ce53b25,MO/RES20315.JPG,RES20315.JPG,.jpg,5308603,01,01,,unknown,MO,,,ignored,,,01::MO,parent_folder_fallback,low,4896,3264,JPEG,readable,43a1e940c4524c0fb786d69238b8aabe3f1d5680fa7311d625c243cdebf087f1,unknown,pending,unreviewed,,
IMG_d93e32d9ca4d479b,MO/RES20316.JPG,RES20316.JPG,.jpg,5292332,01,01,,unknown,MO,,,ignored,,,01::MO,parent_folder_fallback,low,4896,3264,JPEG,readable,970af4dda20735f3899cf208a4dee498625b5d5fb408d3825a37feec110796e0,unknown,pending,unreviewed,,
IMG_ede8c91780b382b1,MO/RES20317.JPG,RES20317.JPG,.jpg,5329604,01,01,,unknown,MO,,,ignored,,,01::MO,parent_folder_fallback,low,4896,3264,JPEG,readable,f6b0bfa49de9b48fa6f86cfb72b3e7a9e28bbc7e01f21303f2c94f028b10bb95,unknown,pending,unreviewed,,
IMG_85b47a72babcf1c9,MO/RES20318.JPG,RES20318.JPG,.jpg,5214586,01,01,,unknown,MO,,,ignored,,,01::MO,parent_folder_fallback,low,4896,3264,JPEG,readable,56b014bdb91be29465d1b0cf991dfac1106d7df30aafe06f504b9bbf96317108,unknown,pending,unreviewed,,
IMG_017642ef8d0161c7,MO/RES20319.JPG,RES20319.JPG,.jpg,5274524,01,01,,unknown,MO,,,ignored,,,01::MO,parent_folder_fallback,low,4896,3264,JPEG,readable,272bdd2a8e0182cb93456704b1b2421db7cd6ea773bcdeb72efd464ae02762f3,unknown,pending,unreviewed,,
IMG_bd69c231c91eb6ba,MO/RES20320.JPG,RES20320.JPG,.jpg,5419775,01,01,,unknown,MO,,,ignored,,,01::MO,parent_folder_fallback,low,4896,3264,JPEG,readable,4faeb54802e9ac90e15509449539b1c866bcf48f9226698964b6ba5df5c45bc8,unknown,pending,unreviewed,,
IMG_685ea4aaa82810da,MO/RES20321.JPG,RES20321.JPG,.jpg,5519559,01,01,,unknown,MO,,,ignored,,,01::MO,parent_folder_fallback,low,4896,3264,JPEG,readable,309a9555bab556c793f497f6308cbfb4a6f4c1c604b037b73c931b5989adf6ae,unknown,pending,unreviewed,,
IMG_c867454fe42700c6,MO/RES20322.JPG,RES20322.JPG,.jpg,5414405,01,01,,unknown,MO,,,ignored,,,01::MO,parent_folder_fallback,low,4896,3264,JPEG,readable,35639be915a1121e0634703c3fe05c4896d6e28a5785a4a244bdbe80b5d4429b,unknown,pending,unreviewed,,
IMG_4fc5cf077457cf6d,MO/RES20323.JPG,RES20323.JPG,.jpg,5484197,01,01,,unknown,MO,,,ignored,,,01::MO,parent_folder_fallback,low,4896,3264,JPEG,readable,bf3fac95c3fb4306e818f418f933f1ed45c310fac832a2c248a6866d2ef392a8,unknown,pending,unreviewed,,
IMG_4d10634968e61416,MO/RES20324.JPG,RES20324.JPG,.jpg,5312521,01,01,,unknown,MO,,,ignored,,,01::MO,parent_folder_fallback,low,4896,3264,JPEG,readable,16256deebbd7937f4c7c4c4b7c92265cb4c694d6f86d7eb1f72ff06400b3322a,unknown,pending,unreviewed,,
IMG_cfcfa61629a323e7,MO/RES20325.JPG,RES20325.JPG,.jpg,5298419,01,01,,unknown,MO,,,ignored,,,01::MO,parent_folder_fallback,low,4896,3264,JPEG,readable,2dfe882a2f0a598a28f9c849f5034ecae29e3454bde2098430db7f12c2677221,unknown,pending,unreviewed,,
IMG_9b85e59ce55b011b,MO/RES20326.JPG,RES20326.JPG,.jpg,5383866,01,01,,unknown,MO,,,ignored,,,01::MO,parent_folder_fallback,low,4896,3264,JPEG,readable,eb7420f0ed4a5649efd0f83e758dadf8b74fdd1b88ea06545acb8422b5cbb0bb,unknown,pending,unreviewed,,
IMG_b97c5d20c0459e9f,MO/RES20327.JPG,RES20327.JPG,.jpg,5409631,01,01,,unknown,MO,,,ignored,,,01::MO,parent_folder_fallback,low,4896,3264,JPEG,readable,788f99f1f0e345c50fd64d2c115c4901c24d87d01f696c38536ede87016181f7,unknown,pending,unreviewed,,
IMG_10e25bdd332a48fe,MO/RES20328.JPG,RES20328.JPG,.jpg,5446290,01,01,,unknown,MO,,,ignored,,,01::MO,parent_folder_fallback,low,4896,3264,JPEG,readable,23b1ac9da3f45ec560fe421f408073d7f5c5dc5ef8958982a8212e4ea7e64c05,unknown,pending,unreviewed,,
IMG_e08e27e080b6b5dc,MO/RES20329.JPG,RES20329.JPG,.jpg,5532558,01,01,,unknown,MO,,,ignored,,,01::MO,parent_folder_fallback,low,4896,3264,JPEG,readable,9f9e3c3b07713e381a6313127291c8b54bdd65ec3a9311a2146c3a5191b1409c,unknown,pending,unreviewed,,
IMG_402f56c215aa6c86,MO/RES20330.JPG,RES20330.JPG,.jpg,5503777,01,01,,unknown,MO,,,ignored,,,01::MO,parent_folder_fallback,low,4896,3264,JPEG,readable,092e72dfe7d9aae583c52201e11472f1a5025c52d01bc2b1bfe13b036e31bc88,unknown,pending,unreviewed,,
IMG_dc05763715aa06e1,MO/RES20331.JPG,RES20331.JPG,.jpg,5536188,01,01,,unknown,MO,,,ignored,,,01::MO,parent_folder_fallback,low,4896,3264,JPEG,readable,129a990dabde215126f94e8dca6b5af077d9db314436616af3f157499c0e8eb8,unknown,pending,unreviewed,,
IMG_b0d81b9c6eb6d51a,MO/RES20332.JPG,RES20332.JPG,.jpg,5434632,01,01,,unknown,MO,,,ignored,,,01::MO,parent_folder_fallback,low,4896,3264,JPEG,readable,6ffd29459b6bb4ae8dd6f4273b7eff988197ba47a40ffc1eba4434a639f762cd,unknown,pending,unreviewed,,
IMG_99bb81f8b13df782,MO/RES20333.JPG,RES20333.JPG,.jpg,5284602,01,01,,unknown,MO,,,ignored,,,01::MO,parent_folder_fallback,low,4896,3264,JPEG,readable,d402b327d669b68732754a4e116194df043406eae424c09fce343cf5e656a22f,unknown,pending,unreviewed,,
IMG_4b5bf1c9b39d1bcb,MO/RES20334.JPG,RES20334.JPG,.jpg,5262430,01,01,,unknown,MO,,,ignored,,,01::MO,parent_folder_fallback,low,4896,3264,JPEG,readable,9cfd13c4096d7489ebf6d5cf2fc3bccfd36213ccb72fe11819470f78b0911f82,unknown,pending,unreviewed,,
IMG_2ab4277d399e5b4e,MO/RES20336.JPG,RES20336.JPG,.jpg,5272015,01,01,,unknown,MO,,,ignored,,,01::MO,parent_folder_fallback,low,4896,3264,JPEG,readable,c14d6f4fba98b8d60f51f6a03906d5d0b27448da993f4f1763b8a24f87065aa4,unknown,pending,unreviewed,,
IMG_d179c6cd3932f91c,MO/RES20337.JPG,RES20337.JPG,.jpg,5257896,01,01,,unknown,MO,,,ignored,,,01::MO,parent_folder_fallback,low,4896,3264,JPEG,readable,e07b92e53fef906d0063fb9bc83872847d9096501a3e5dbed0229780225351a0,unknown,pending,unreviewed,,
IMG_7f6ba003f1658842,MO/RES20338.JPG,RES20338.JPG,.jpg,5218644,01,01,,unknown,MO,,,ignored,,,01::MO,parent_folder_fallback,low,4896,3264,JPEG,readable,188eba62573a06ee30850acbbf5734b5908baa748a22a51abcca136299ea90c0,unknown,pending,unreviewed,,
IMG_fe9dc6ef9a180cd9,MO/RES20339.JPG,RES20339.JPG,.jpg,5230933,01,01,,unknown,MO,,,ignored,,,01::MO,parent_folder_fallback,low,4896,3264,JPEG,readable,a2776cbbac1eb4e07dec0f17c705b1e92ab9adc47bcf3d7aa54682d9f924bfe3,unknown,pending,unreviewed,,
IMG_f91368ac2d2eb19b,MO/RES20342.JPG,RES20342.JPG,.jpg,5194847,01,01,,unknown,MO,,,ignored,,,01::MO,parent_folder_fallback,low,4896,3264,JPEG,readable,01d52b6ade3560d4d3fc4b9a32b5506a18a8b98e282b1845201d8359d665fc37,unknown,pending,unreviewed,,
IMG_41da0be1628f8fa8,MO/RES20343.JPG,RES20343.JPG,.jpg,5194348,01,01,,unknown,MO,,,ignored,,,01::MO,parent_folder_fallback,low,4896,3264,JPEG,readable,08e58e96e86c755840b277bbaf12f4aaf36710bbb57f1a4c8c9e6ceb24435c23,unknown,pending,unreviewed,,
IMG_151b58c3ace8f891,MO/RES20344.JPG,RES20344.JPG,.jpg,5203476,01,01,,unknown,MO,,,ignored,,,01::MO,parent_folder_fallback,low,4896,3264,JPEG,readable,02512b411557d3dce5d7a052d5d1b06a8e76e8b808d9aa84f0d28875195fc475,unknown,pending,unreviewed,,
IMG_5a00a6763f8a307d,MO/RES20345.JPG,RES20345.JPG,.jpg,5257685,01,01,,unknown,MO,,,ignored,,,01::MO,parent_folder_fallback,low,4896,3264,JPEG,readable,1ac438c690c2ceebf66a58930a49dd886483e20194ea021017d5c1a34fade74a,unknown,pending,unreviewed,,
IMG_67df89e07aeea386,MO/RES20346.JPG,RES20346.JPG,.jpg,5441558,01,01,,unknown,MO,,,ignored,,,01::MO,parent_folder_fallback,low,4896,3264,JPEG,readable,24e856f215db46125e259bac8b4906a6a90842956d06a99e38fc30e13662a251,unknown,pending,unreviewed,,
IMG_0abec18779581b84,MO/RES20349.JPG,RES20349.JPG,.jpg,5337015,01,01,,unknown,MO,,,ignored,,,01::MO,parent_folder_fallback,low,4896,3264,JPEG,readable,6311d02df60182b08fcee9896975332ebd17c598b08aba77295b12126600b29e,unknown,pending,unreviewed,,
IMG_bb5f72928efda4bc,MO/RES20352.JPG,RES20352.JPG,.jpg,5188224,01,01,,unknown,MO,,,ignored,,,01::MO,parent_folder_fallback,low,4896,3264,JPEG,readable,c58e86171380263b5ac783a19d43449aae15b44730affc07b4e8c84c466579f7,unknown,pending,unreviewed,,
IMG_021b981c4fe5eff4,MO/RES20353.JPG,RES20353.JPG,.jpg,5132781,01,01,,unknown,MO,,,ignored,,,01::MO,parent_folder_fallback,low,4896,3264,JPEG,readable,521f759669b5cb2486f06260b615cf77f2b4653da3923064e47f63bb53f982a9,unknown,pending,unreviewed,,
IMG_57c1271a9ebaa0e0,MO/RES20354.JPG,RES20354.JPG,.jpg,5152877,01,01,,unknown,MO,,,ignored,,,01::MO,parent_folder_fallback,low,4896,3264,JPEG,readable,9f64fa183bd34bdece3697f83af01c399d2bd795a5727002f0810a8e9bc819ce,unknown,pending,unreviewed,,
IMG_e959327a41394b77,MO/RES20355.JPG,RES20355.JPG,.jpg,5375658,01,01,,unknown,MO,,,ignored,,,01::MO,parent_folder_fallback,low,4896,3264,JPEG,readable,66e49b48401bbc3f62db64648245000cd5a6a9aaf6636f6ae1d5020248fed125,unknown,pending,unreviewed,,
IMG_5cbdeb449890dcc0,MO/RES20356.JPG,RES20356.JPG,.jpg,5332375,01,01,,unknown,MO,,,ignored,,,01::MO,parent_folder_fallback,low,4896,3264,JPEG,readable,9ed8bc1a88206db0b458fcecaa2f68da36a982a2891fcd77e285afcda98b814f,unknown,pending,unreviewed,,
IMG_5569fd6ff6b2e659,MO/RES20357.JPG,RES20357.JPG,.jpg,5296868,01,01,,unknown,MO,,,ignored,,,01::MO,parent_folder_fallback,low,4896,3264,JPEG,readable,542f1f3e076a2004898b3200897b8a0bc3ee5fd32846898a61fbde43422f3290,unknown,pending,unreviewed,,
IMG_9df65e1022f19e74,MO/RES20358.JPG,RES20358.JPG,.jpg,5246324,01,01,,unknown,MO,,,ignored,,,01::MO,parent_folder_fallback,low,4896,3264,JPEG,readable,5de95b5ccd1af1fb7af352f92e128c4cc764d9cd68db268044116d052a2c294b,unknown,pending,unreviewed,,
IMG_291b58fdaafb1840,MO/RES20359.JPG,RES20359.JPG,.jpg,5435962,01,01,,unknown,MO,,,ignored,,,01::MO,parent_folder_fallback,low,4896,3264,JPEG,readable,bfa4c44869ec6efcf92174923da87b95abfbf91aec9f554d5324889e5bd371a6,unknown,pending,unreviewed,,
IMG_6fcdd8cd9c5b875c,MO/RES20360.JPG,RES20360.JPG,.jpg,5446979,01,01,,unknown,MO,,,ignored,,,01::MO,parent_folder_fallback,low,4896,3264,JPEG,readable,0e76cfc6312dcb93ac381e855d5b2a02a63933ee093890d34ff29800ecd1fe9f,unknown,pending,unreviewed,,
IMG_ab77b30548a3a917,MO/RES20361.JPG,RES20361.JPG,.jpg,5457832,01,01,,unknown,MO,,,ignored,,,01::MO,parent_folder_fallback,low,4896,3264,JPEG,readable,b2768d4e5f27236af3ab11e31c3824c288fc11bee5f2d8254867b2beb49af9d1,unknown,pending,unreviewed,,
IMG_efeb84268d0a3ac7,MO/RES20362.JPG,RES20362.JPG,.jpg,5476564,01,01,,unknown,MO,,,ignored,,,01::MO,parent_folder_fallback,low,4896,3264,JPEG,readable,cb83a8edfbec75f7cfff5a6052f07ddc63300653aafcb5ef6a56b02a726389ef,unknown,pending,unreviewed,,
IMG_75bd434c9a9aeb2b,MO/RES20363.JPG,RES20363.JPG,.jpg,5287818,01,01,,unknown,MO,,,ignored,,,01::MO,parent_folder_fallback,low,4896,3264,JPEG,readable,10af35452d9c3bf25b15691c6532a89e359d1b68ba8e5b87331bb7a14609dd85,unknown,pending,unreviewed,,
IMG_a47e3811c620acb5,MO/RES20365.JPG,RES20365.JPG,.jpg,5433076,01,01,,unknown,MO,,,ignored,,,01::MO,parent_folder_fallback,low,4896,3264,JPEG,readable,d37b5d4b4f801d8b6d2b789cf963d0830594e9cd7d54d057a73b90fdc6a26721,unknown,pending,unreviewed,,
IMG_ba2c0a3f4281f901,MO/RES20366.JPG,RES20366.JPG,.jpg,5469440,01,01,,unknown,MO,,,ignored,,,01::MO,parent_folder_fallback,low,4896,3264,JPEG,readable,0f04cff372de26abe0a9036ef8f3686c78243e9ca65b213c2639408252e4c85e,unknown,pending,unreviewed,,
IMG_89292487f921db1b,MO/RES20367.JPG,RES20367.JPG,.jpg,5454777,01,01,,unknown,MO,,,ignored,,,01::MO,parent_folder_fallback,low,4896,3264,JPEG,readable,b181bb90b5b09e400d4b444bd99c5b6fccaedf1d88e654976cb3b687bf2d161b,unknown,pending,unreviewed,,
IMG_e98f486504e1ba9e,MO/RES20376.JPG,RES20376.JPG,.jpg,5539204,01,01,,unknown,MO,,,ignored,,,01::MO,parent_folder_fallback,low,4896,3264,JPEG,readable,326ba6abcaaaeb5cd5179180f77fb17df167aa22735b1c2a3a2d4063f0e7aaec,unknown,pending,unreviewed,,
IMG_ae5495ad641cce66,MO/RES20380.JPG,RES20380.JPG,.jpg,5339459,01,01,,unknown,MO,,,ignored,,,01::MO,parent_folder_fallback,low,4896,3264,JPEG,readable,27ac707c58f2dc4b3986b4782a4d2624004833bbdfdc93ea1f7b54a68619b7b9,unknown,pending,unreviewed,,
IMG_6c3cbab7629e8d7b,MO/RES20386.JPG,RES20386.JPG,.jpg,5246770,01,01,,unknown,MO,,,ignored,,,01::MO,parent_folder_fallback,low,4896,3264,JPEG,readable,9275d1bf451254b6e78f5cc30ec6f2c78dea14a1eff09a8cdfae2b9dc9db0ec7,unknown,pending,unreviewed,,
IMG_f373c7d65f84bcf1,MO/RES20387.JPG,RES20387.JPG,.jpg,5265896,01,01,,unknown,MO,,,ignored,,,01::MO,parent_folder_fallback,low,4896,3264,JPEG,readable,bc77a097dce8e39139cde53d5707f6c29957c064b1997b67d39888fa2c8b9c4f,unknown,pending,unreviewed,,
IMG_b60719868ec16bdf,MO/RES20388.JPG,RES20388.JPG,.jpg,5292032,01,01,,unknown,MO,,,ignored,,,01::MO,parent_folder_fallback,low,4896,3264,JPEG,readable,abf9a6b017b023c458a5e0f253f957243f117d46f15136b13ff0f044d22ae6e7,unknown,pending,unreviewed,,
IMG_54c378a7ddf73e2b,MO/RES20389.JPG,RES20389.JPG,.jpg,5306623,01,01,,unknown,MO,,,ignored,,,01::MO,parent_folder_fallback,low,4896,3264,JPEG,readable,6b188bfa52369eaf449821eb236a03d3845460d69b4699a3da7bba7accef7440,unknown,pending,unreviewed,,
IMG_ad0dfe7642fdc584,MO/RES20390.JPG,RES20390.JPG,.jpg,5380078,01,01,,unknown,MO,,,ignored,,,01::MO,parent_folder_fallback,low,4896,3264,JPEG,readable,4cb7551c321d4565b9d45b9a438d0f3ee3ce2f4cc26971e7fda20f4cfce79e57,unknown,pending,unreviewed,,
IMG_484702b20c6ef3b9,MO/RES20391.JPG,RES20391.JPG,.jpg,5367972,01,01,,unknown,MO,,,ignored,,,01::MO,parent_folder_fallback,low,4896,3264,JPEG,readable,01ee00506d438eca96fc3a6960a69203535a39bc7d1a039d2ff1cc5c2a21bd5e,unknown,pending,unreviewed,,
IMG_d1e7a68d8e3c5508,MO/RES20392.JPG,RES20392.JPG,.jpg,5310819,01,01,,unknown,MO,,,ignored,,,01::MO,parent_folder_fallback,low,4896,3264,JPEG,readable,bbca972285148d4e2df350ce80581a5727dad616fa37cc5123afcdce4bea729f,unknown,pending,unreviewed,,
IMG_73fd374909f14f41,MO/RES20398.JPG,RES20398.JPG,.jpg,5375269,01,01,,unknown,MO,,,ignored,,,01::MO,parent_folder_fallback,low,4896,3264,JPEG,readable,73967bed80cae0d4c523174a1eb70a80cf6faf5bfcfb12540e0ba773857c5090,unknown,pending,unreviewed,,
IMG_2fbf5be9e99c933f,MO/RES20399.JPG,RES20399.JPG,.jpg,5250679,01,01,,unknown,MO,,,ignored,,,01::MO,parent_folder_fallback,low,4896,3264,JPEG,readable,002116207142e30dce6fcd0d3d641debb651415b0612d7ea23394d70bedf9f3d,unknown,pending,unreviewed,,
IMG_c131574bcee53709,MO/RES20402.JPG,RES20402.JPG,.jpg,5304208,01,01,,unknown,MO,,,ignored,,,01::MO,parent_folder_fallback,low,4896,3264,JPEG,readable,3d9bd48f552992d9c4d8fa8376676ee4dceab82e1e75acc5ea432cc1a54a3aba,unknown,pending,unreviewed,,
IMG_c3363838cffc8f09,MO/RES20403.JPG,RES20403.JPG,.jpg,5327657,01,01,,unknown,MO,,,ignored,,,01::MO,parent_folder_fallback,low,4896,3264,JPEG,readable,c68697bff89936fb574248f68f2c2e432c23961f76b7c2b8f8dd69969b998bb2,unknown,pending,unreviewed,,
IMG_ba063bbfa5c4c6a8,MO/RES20405.JPG,RES20405.JPG,.jpg,5210465,01,01,,unknown,MO,,,ignored,,,01::MO,parent_folder_fallback,low,4896,3264,JPEG,readable,0249037d325581ec69c6713268ad87cac93c79eca5f94b2be76c945ece7e7feb,unknown,pending,unreviewed,,
IMG_dce4531083769390,MO/RES20409.JPG,RES20409.JPG,.jpg,5193432,01,01,,unknown,MO,,,ignored,,,01::MO,parent_folder_fallback,low,4896,3264,JPEG,readable,833693db44c37e7768b8980ba813bfe95a7eac75c0195efb983ef6748b7ffd06,unknown,pending,unreviewed,,
IMG_3037441f07bdd07a,MO/RES20410.JPG,RES20410.JPG,.jpg,5154814,01,01,,unknown,MO,,,ignored,,,01::MO,parent_folder_fallback,low,4896,3264,JPEG,readable,3385b4b7d4e8e55c3ea56d1778ce336f1df01ed9a3386372c8520fda4678cb20,unknown,pending,unreviewed,,
IMG_824c8064e96356b1,MO/RES20411.JPG,RES20411.JPG,.jpg,5154121,01,01,,unknown,MO,,,ignored,,,01::MO,parent_folder_fallback,low,4896,3264,JPEG,readable,ce325a423a081997ff1703f4dee3a2abe773316c8731cecc95aa9101c666b7df,unknown,pending,unreviewed,,
IMG_f018133295121ab0,MO/RES20415.JPG,RES20415.JPG,.jpg,5110711,01,01,,unknown,MO,,,ignored,,,01::MO,parent_folder_fallback,low,4896,3264,JPEG,readable,aef8ad97e81848c424171a799f66066624fe1efb2ceaded16afb5358a5ae0ddd,unknown,pending,unreviewed,,
IMG_bdcfcccde3bab424,MO/RES20416.JPG,RES20416.JPG,.jpg,5175568,01,01,,unknown,MO,,,ignored,,,01::MO,parent_folder_fallback,low,4896,3264,JPEG,readable,4126d4781fb81a02deea6ad886812b9e4d02434ecc60d662b975e247f24337a6,unknown,pending,unreviewed,,
IMG_7fdab59121f23278,MO/RES20417.JPG,RES20417.JPG,.jpg,5287248,01,01,,unknown,MO,,,ignored,,,01::MO,parent_folder_fallback,low,4896,3264,JPEG,readable,cb1fda1d0f6213100819ecacad097a7e5562b6d86639e49660b7e6741189797d,unknown,pending,unreviewed,,
IMG_7229e13b2450b60c,MO/RES20418.JPG,RES20418.JPG,.jpg,5263844,01,01,,unknown,MO,,,ignored,,,01::MO,parent_folder_fallback,low,4896,3264,JPEG,readable,3cf05aa4a999a1b3ee56b40526159fb2a378c0ea24995d9361a181f0af88d17a,unknown,pending,unreviewed,,
IMG_fbc5caf34db086b9,MO/RES20427.JPG,RES20427.JPG,.jpg,5369485,01,01,,unknown,MO,,,ignored,,,01::MO,parent_folder_fallback,low,4896,3264,JPEG,readable,3ca202a4be7aeb518fa12d56f0b261db2956e6f7ad10c0818c5ade63250ff0ac,unknown,pending,unreviewed,,
IMG_6db190f07663ebb0,MO/RES20428.JPG,RES20428.JPG,.jpg,5389259,01,01,,unknown,MO,,,ignored,,,01::MO,parent_folder_fallback,low,4896,3264,JPEG,readable,f8b30b41e7e482d6bc29d25ba8d86e021f7283febc54a7dd6c6df7c510b98e2a,unknown,pending,unreviewed,,
IMG_00151cad004f600a,MO/RES20431.JPG,RES20431.JPG,.jpg,5249848,01,01,,unknown,MO,,,ignored,,,01::MO,parent_folder_fallback,low,4896,3264,JPEG,readable,a35f4378246243fb551ca0f559494be2d4942ed949459435d4c95438a49d08ab,unknown,pending,unreviewed,,
IMG_b9faac322d84f483,MO/RES20432.JPG,RES20432.JPG,.jpg,5205489,01,01,,unknown,MO,,,ignored,,,01::MO,parent_folder_fallback,low,4896,3264,JPEG,readable,f55fabc7a5a546028d70698c2eb8d9ad2dd35235b33d049a1e5277ebaea4bd71,unknown,pending,unreviewed,,
IMG_83267e5a945a90b0,MO/RES20433.JPG,RES20433.JPG,.jpg,5251650,01,01,,unknown,MO,,,ignored,,,01::MO,parent_folder_fallback,low,4896,3264,JPEG,readable,af89e75f80430dcbeab01f4882b9c51858c6d29c973e32578bada05006220b39,unknown,pending,unreviewed,,
IMG_80e966f261202fdc,MO/RES20435.JPG,RES20435.JPG,.jpg,5269821,01,01,,unknown,MO,,,ignored,,,01::MO,parent_folder_fallback,low,4896,3264,JPEG,readable,960de0b0bf1d0c2b8d9aa4dc5cd52169438819f71a191f3ced4dc86c99ee579c,unknown,pending,unreviewed,,
IMG_a4f16ffc48103990,MO/RES20436.JPG,RES20436.JPG,.jpg,5315777,01,01,,unknown,MO,,,ignored,,,01::MO,parent_folder_fallback,low,4896,3264,JPEG,readable,e2f50f79ce6bd221dab6f321777007c6a43a9e0778be6b6addb75ab2e4d8d8a6,unknown,pending,unreviewed,,
IMG_3df154a70ca5db36,MO/RES20438.JPG,RES20438.JPG,.jpg,5281495,01,01,,unknown,MO,,,ignored,,,01::MO,parent_folder_fallback,low,4896,3264,JPEG,readable,c57cd524992f0d7b9aa685b6ae8367304379f0bad3e701265bea0b30858f0bfa,unknown,pending,unreviewed,,
IMG_acdc6499768bb714,MO/RES20439.JPG,RES20439.JPG,.jpg,5159578,01,01,,unknown,MO,,,ignored,,,01::MO,parent_folder_fallback,low,4896,3264,JPEG,readable,1568805bde7c609589e0a667cb4872d1c4537a1e471e39c4c6c5e66b4b913f45,unknown,pending,unreviewed,,
IMG_5b3f9d39d182e878,MO/RES20440.JPG,RES20440.JPG,.jpg,5198847,01,01,,unknown,MO,,,ignored,,,01::MO,parent_folder_fallback,low,4896,3264,JPEG,readable,fa8f3a71cd7a16e684be1614eef7a2a0655627c29928773dc0e1da5448d60302,unknown,pending,unreviewed,,
IMG_7f7ba784e7875a7a,MO/RES20441.JPG,RES20441.JPG,.jpg,5191986,01,01,,unknown,MO,,,ignored,,,01::MO,parent_folder_fallback,low,4896,3264,JPEG,readable,82e63196a7e890b89c7f5d53a9a8a0765a994554aeb1228800d7fc21ebdbd1a0,unknown,pending,unreviewed,,
IMG_911972ec54522f6a,MO/RES20442.JPG,RES20442.JPG,.jpg,5151520,01,01,,unknown,MO,,,ignored,,,01::MO,parent_folder_fallback,low,4896,3264,JPEG,readable,41b2340c7d80c87c6ab0417904d569d879864efa05f1a1789659c9c7033dbaf9,unknown,pending,unreviewed,,
IMG_35b30fec57b53f70,MO/RES20443.JPG,RES20443.JPG,.jpg,5289762,01,01,,unknown,MO,,,ignored,,,01::MO,parent_folder_fallback,low,4896,3264,JPEG,readable,e7949c6cab36afa63c0043a4cbca3d5f393a11009c2a35a4914cbb69b990fd9a,unknown,pending,unreviewed,,
IMG_9e13e30ee07d9d75,MO/RES20444.JPG,RES20444.JPG,.jpg,5618877,01,01,,unknown,MO,,,ignored,,,01::MO,parent_folder_fallback,low,4896,3264,JPEG,readable,706e24d17405a52039a65bbe57954a450a30ac03b859dc3749d5b7bc247ea77e,unknown,pending,unreviewed,,
IMG_fbffd71bfada8840,MO/RES20445.JPG,RES20445.JPG,.jpg,5628951,01,01,,unknown,MO,,,ignored,,,01::MO,parent_folder_fallback,low,4896,3264,JPEG,readable,24b3af7c7830bc94098a5e821b509489e18e4554cda43ead0c71e98e0add9450,unknown,pending,unreviewed,,
IMG_3638fa4d0bdc4569,MO/RES20449.JPG,RES20449.JPG,.jpg,5366404,01,01,,unknown,MO,,,ignored,,,01::MO,parent_folder_fallback,low,4896,3264,JPEG,readable,6334e9c6e510f127abe7cbfbe3b23cc1b0712ca8902c036387909049aca46af6,unknown,pending,unreviewed,,
IMG_d50924bc10da79ce,MO/RES20450.JPG,RES20450.JPG,.jpg,5407393,01,01,,unknown,MO,,,ignored,,,01::MO,parent_folder_fallback,low,4896,3264,JPEG,readable,3136bd497ce2ee08744295a6ced409f4edb41290e37f37e8b861336d6ee82a6d,unknown,pending,unreviewed,,
IMG_51bffb40110a0b7d,MO/RES20451.JPG,RES20451.JPG,.jpg,5354034,01,01,,unknown,MO,,,ignored,,,01::MO,parent_folder_fallback,low,4896,3264,JPEG,readable,e2a924996bcaead09429cc122b583464fe00822dbeea3eb73bbcc19524d3021a,unknown,pending,unreviewed,,
IMG_65d4ee560c953a6f,MO/RES20452.JPG,RES20452.JPG,.jpg,5399811,01,01,,unknown,MO,,,ignored,,,01::MO,parent_folder_fallback,low,4896,3264,JPEG,readable,11dcfad079002f4bc231913adf9f61f5c2278118545b939da6d7274564bd5f9c,unknown,pending,unreviewed,,
IMG_c1c9bbfa0f498421,MO/RES20453.JPG,RES20453.JPG,.jpg,5434312,01,01,,unknown,MO,,,ignored,,,01::MO,parent_folder_fallback,low,4896,3264,JPEG,readable,9c0226daf98df8f5d9d60e42c15297e3c590c78f81f125254cffec93c4974193,unknown,pending,unreviewed,,
IMG_4887ca54465f0f89,MO/RES20454.JPG,RES20454.JPG,.jpg,5481867,01,01,,unknown,MO,,,ignored,,,01::MO,parent_folder_fallback,low,4896,3264,JPEG,readable,cf97822bc26ca57cc5001d4f56ca2cf540a8d095493d9f1535d8cbfed6d3b843,unknown,pending,unreviewed,,
IMG_4c7f0d74887f8bc8,MO/RES20455.JPG,RES20455.JPG,.jpg,5462956,01,01,,unknown,MO,,,ignored,,,01::MO,parent_folder_fallback,low,4896,3264,JPEG,readable,43d243b2a3df2922a06d9b3755774a428970ea6c3d9540784365a270adb32fea,unknown,pending,unreviewed,,
IMG_afdb9a88c8e18c23,MO/RES20456.JPG,RES20456.JPG,.jpg,5458784,01,01,,unknown,MO,,,ignored,,,01::MO,parent_folder_fallback,low,4896,3264,JPEG,readable,0179e5aa5d148db47ef778a6a500116f71352c44e9159e038b47f94fa9b42623,unknown,pending,unreviewed,,
IMG_6a21a58bb8156445,MO/RES20461.JPG,RES20461.JPG,.jpg,5466926,01,01,,unknown,MO,,,ignored,,,01::MO,parent_folder_fallback,low,4896,3264,JPEG,readable,bbabc7d98ce4f415256dc1021263b86d8840ad47a3bd08a34e7e37229ccc5cb9,unknown,pending,unreviewed,,
IMG_d149221de2e8449c,MO/RES20469.JPG,RES20469.JPG,.jpg,5532100,01,01,,unknown,MO,,,ignored,,,01::MO,parent_folder_fallback,low,4896,3264,JPEG,readable,e3fe93f1222416382b17dc4f5b282ba21566c3020e3af4c08afb62189889c3ed,unknown,pending,unreviewed,,
IMG_383e0e94d54cf4b2,MO/RES20470.JPG,RES20470.JPG,.jpg,5608034,01,01,,unknown,MO,,,ignored,,,01::MO,parent_folder_fallback,low,4896,3264,JPEG,readable,bc5b8630bb0cc0b16f2495e742ea6da6add5bb7952205154a33eefff25472339,unknown,pending,unreviewed,,
IMG_d72d624be420f7c0,MO/RES20471.JPG,RES20471.JPG,.jpg,5487880,01,01,,unknown,MO,,,ignored,,,01::MO,parent_folder_fallback,low,4896,3264,JPEG,readable,370388018c9cd69ac1b8bedb8472a6fe7e8c45961eef4bd1a0e0b926859a0e0b,unknown,pending,unreviewed,,
IMG_a8f7ddbfac0a45c3,MO/RES20475.JPG,RES20475.JPG,.jpg,5284455,01,01,,unknown,MO,,,ignored,,,01::MO,parent_folder_fallback,low,4896,3264,JPEG,readable,cbcd16fa3a6f501ad65a759fd0af8123734906c7cb2554039b345056cfdc4915,unknown,pending,unreviewed,,
IMG_c5bc3ef7c45d90b7,MO/RES20476.JPG,RES20476.JPG,.jpg,5332572,01,01,,unknown,MO,,,ignored,,,01::MO,parent_folder_fallback,low,4896,3264,JPEG,readable,e218226788e9a2bb3d30b6df69726ea767d77771e7a860dfcf0c565a258bef92,unknown,pending,unreviewed,,
IMG_0080b4bf04bc4f87,MO/RES20481.JPG,RES20481.JPG,.jpg,5281665,01,01,,unknown,MO,,,ignored,,,01::MO,parent_folder_fallback,low,4896,3264,JPEG,readable,f1b5284a11558378ccd5fc4302cc482ad21a096e2f807ebaafb62904bf9ae703,unknown,pending,unreviewed,,
IMG_3464b0531221f946,MO/RES20485.JPG,RES20485.JPG,.jpg,5466970,01,01,,unknown,MO,,,ignored,,,01::MO,parent_folder_fallback,low,4896,3264,JPEG,readable,b54402c951e5e3d0f2789bfa535063bd99639fdbab733bdc9cf086de3a50c76d,unknown,pending,unreviewed,,
IMG_f947a3d3491ad50b,MO/RES20486.JPG,RES20486.JPG,.jpg,5459585,01,01,,unknown,MO,,,ignored,,,01::MO,parent_folder_fallback,low,4896,3264,JPEG,readable,298550e104a662e79489b1c08842ef5675efe50ac7cc923b3297a031d14879f5,unknown,pending,unreviewed,,
IMG_63fe6576fce3938b,MO/RES20487.JPG,RES20487.JPG,.jpg,5449706,01,01,,unknown,MO,,,ignored,,,01::MO,parent_folder_fallback,low,4896,3264,JPEG,readable,f930a8492490836918f7748400d86d1e0adf0551bd9db710b784a5b47a9f4648,unknown,pending,unreviewed,,
IMG_c3120f277ee998a1,MO/RES20488.JPG,RES20488.JPG,.jpg,5344154,01,01,,unknown,MO,,,ignored,,,01::MO,parent_folder_fallback,low,4896,3264,JPEG,readable,9120ff10dd024ed6183626a1403365eb9715332455ef5a765084a5bef9fc650a,unknown,pending,unreviewed,,
IMG_d95e05f3e3ce1792,MO/RES20489.JPG,RES20489.JPG,.jpg,5400148,01,01,,unknown,MO,,,ignored,,,01::MO,parent_folder_fallback,low,4896,3264,JPEG,readable,330b1873629a5cc310673884ab7cc5a621ff206b076f512cff56a12f9d3b8983,unknown,pending,unreviewed,,
IMG_2d725566e0b0f04a,MO/RES20490.JPG,RES20490.JPG,.jpg,5378041,01,01,,unknown,MO,,,ignored,,,01::MO,parent_folder_fallback,low,4896,3264,JPEG,readable,50e0c59775e5703633847d45a72c0b52864475872d61de91ba907c94c13e0749,unknown,pending,unreviewed,,
IMG_4f08ad3fb97d8ff1,MO/RES20491.JPG,RES20491.JPG,.jpg,5387671,01,01,,unknown,MO,,,ignored,,,01::MO,parent_folder_fallback,low,4896,3264,JPEG,readable,6f2902130141597ea56efac0c08675121fcf7cf7904c14da3d89be8a5dec57cb,unknown,pending,unreviewed,,
IMG_33411c7004923f4b,MO/RES20492.JPG,RES20492.JPG,.jpg,5383814,01,01,,unknown,MO,,,ignored,,,01::MO,parent_folder_fallback,low,4896,3264,JPEG,readable,38f01fa477339ebdfa011280ce83f00099a25ade847a591cc3e6d8a618e2aa04,unknown,pending,unreviewed,,
IMG_a077820ac62fa58b,MO/RES20493.JPG,RES20493.JPG,.jpg,5493052,01,01,,unknown,MO,,,ignored,,,01::MO,parent_folder_fallback,low,4896,3264,JPEG,readable,676007765f1d1c98d161ff5106d0b9a81b961ad6136e831bebb9b5d1a86f3904,unknown,pending,unreviewed,,
IMG_25da5231e67071f7,MO/RES20494.JPG,RES20494.JPG,.jpg,5514165,01,01,,unknown,MO,,,ignored,,,01::MO,parent_folder_fallback,low,4896,3264,JPEG,readable,c083917cdc46318b48e55386772c638e6e89fb897ba09c76b11e61dad0c762d8,unknown,pending,unreviewed,,
IMG_ef42b2d446adc7ef,MO/RES20495.JPG,RES20495.JPG,.jpg,5398603,01,01,,unknown,MO,,,ignored,,,01::MO,parent_folder_fallback,low,4896,3264,JPEG,readable,dd9662c41daa6fd96b89840dae2b098f50c41353c74f42ab78bb4e58cded8a29,unknown,pending,unreviewed,,
IMG_fc17ebdeada69028,MO/RES20496.JPG,RES20496.JPG,.jpg,5387014,01,01,,unknown,MO,,,ignored,,,01::MO,parent_folder_fallback,low,4896,3264,JPEG,readable,725068a75b15067694c11262783957359ca58baf9fcbebfb82ec0f9aec13fdd6,unknown,pending,unreviewed,,
IMG_3a938b1b3e27e96c,MO/RES20497.JPG,RES20497.JPG,.jpg,5551216,01,01,,unknown,MO,,,ignored,,,01::MO,parent_folder_fallback,low,4896,3264,JPEG,readable,383e8a99dd3a79226d1c88ec119123a43ef4c13f4b6ab354243a6447c1e7dc7c,unknown,pending,unreviewed,,
IMG_88e8edf5c65ccffb,MO/RES20498.JPG,RES20498.JPG,.jpg,5354937,01,01,,unknown,MO,,,ignored,,,01::MO,parent_folder_fallback,low,4896,3264,JPEG,readable,4daa8f6ce9180ba8579529e31bfafe255e96ae981785307b87187b76fb0760d7,unknown,pending,unreviewed,,
IMG_e92e8a7d4af0827d,MO/RES20499.JPG,RES20499.JPG,.jpg,5351835,01,01,,unknown,MO,,,ignored,,,01::MO,parent_folder_fallback,low,4896,3264,JPEG,readable,5c0ff5d3f191aa9d2f3c43c0f412177a356a3d76cf50a2c545137d2879a2470d,unknown,pending,unreviewed,,
IMG_7091f81448417460,MO/RES20500.JPG,RES20500.JPG,.jpg,5376619,01,01,,unknown,MO,,,ignored,,,01::MO,parent_folder_fallback,low,4896,3264,JPEG,readable,a790a9d941d923bec5e504289e8a3f81e8cae4863ab2da0738426bd82a24de82,unknown,pending,unreviewed,,
IMG_c42ff39dc0c48718,MO/RES20505.JPG,RES20505.JPG,.jpg,5329280,01,01,,unknown,MO,,,ignored,,,01::MO,parent_folder_fallback,low,4896,3264,JPEG,readable,e4a313733691426e884e21f8d680c90719c8c5c98241c3e9e2f431b65d6cde86,unknown,pending,unreviewed,,
IMG_686ead07dfd3c1a6,MO/RES20506.JPG,RES20506.JPG,.jpg,5352019,01,01,,unknown,MO,,,ignored,,,01::MO,parent_folder_fallback,low,4896,3264,JPEG,readable,1d5eb8e31f5c974b4977e3bbd8c36a93ef011a84555226aad100c6167f61fe77,unknown,pending,unreviewed,,
IMG_da3c61da951e249a,MO/RES20507.JPG,RES20507.JPG,.jpg,5385288,01,01,,unknown,MO,,,ignored,,,01::MO,parent_folder_fallback,low,4896,3264,JPEG,readable,0ee6e921f25ae49330b6f289b850a7a47c93eaf09708ed3318df10edc011c970,unknown,pending,unreviewed,,
IMG_803c49d26dd27e16,MO/RES20508.JPG,RES20508.JPG,.jpg,5370516,01,01,,unknown,MO,,,ignored,,,01::MO,parent_folder_fallback,low,4896,3264,JPEG,readable,cab4886873360d23141dce35e1fb2609a5e05b554b185a1aed522f603cd0845f,unknown,pending,unreviewed,,
IMG_a4dad1850d488fe7,MO/RES20509.JPG,RES20509.JPG,.jpg,5315461,01,01,,unknown,MO,,,ignored,,,01::MO,parent_folder_fallback,low,4896,3264,JPEG,readable,b501040105fbd43f641411e909ecaee9776e462fb4f38e0a633f77d57b64bb36,unknown,pending,unreviewed,,
IMG_cdd9817ba9244326,MO/RES20510.JPG,RES20510.JPG,.jpg,5400371,01,01,,unknown,MO,,,ignored,,,01::MO,parent_folder_fallback,low,4896,3264,JPEG,readable,30b433f89f7aa725b3e459a64710ad6e7b0eb374805053ecdd3c78fcf275038f,unknown,pending,unreviewed,,
IMG_e306c1f59bf04c8c,MO/RES20511.JPG,RES20511.JPG,.jpg,5273877,01,01,,unknown,MO,,,ignored,,,01::MO,parent_folder_fallback,low,4896,3264,JPEG,readable,0578eb0b4b6be7694c9580a39283064e813f3a8b4253760e2808778a9e2de3e8,unknown,pending,unreviewed,,
IMG_65d3cda8e6ef4fc6,MO/RES20512.JPG,RES20512.JPG,.jpg,5345362,01,01,,unknown,MO,,,ignored,,,01::MO,parent_folder_fallback,low,4896,3264,JPEG,readable,acb7873051d22797c5891d2560dfdfd39b13ed8a24cd2a0ed8b033cf62c75560,unknown,pending,unreviewed,,
IMG_013816d201e7b9d6,MO/RES20513.JPG,RES20513.JPG,.jpg,5395249,01,01,,unknown,MO,,,ignored,,,01::MO,parent_folder_fallback,low,4896,3264,JPEG,readable,093b867043e22a93ae619999393fb071a53e192e3e86b2896178f99ef3c15993,unknown,pending,unreviewed,,
IMG_f7cfb983fc471904,MO/RES20514.JPG,RES20514.JPG,.jpg,5528939,01,01,,unknown,MO,,,ignored,,,01::MO,parent_folder_fallback,low,4896,3264,JPEG,readable,f9a9c1fbbfa6c39a8c5d8e3021c87036ddb6a41b49c3a681291d660ace9ecea0,unknown,pending,unreviewed,,
IMG_5845594a0ed4ddfc,MO/RES20515.JPG,RES20515.JPG,.jpg,5350395,01,01,,unknown,MO,,,ignored,,,01::MO,parent_folder_fallback,low,4896,3264,JPEG,readable,dc7469ec3b88ddc998090fa8340a43dd1cd4dc38808bde8c5c5cac46984f5fdc,unknown,pending,unreviewed,,
IMG_addb8f677278ea3a,MO/RES20516.JPG,RES20516.JPG,.jpg,5491260,01,01,,unknown,MO,,,ignored,,,01::MO,parent_folder_fallback,low,4896,3264,JPEG,readable,9770d8ef6f8e646dff0405d15f9e42ff7971113630d0d09ec31c1a815ed8d70a,unknown,pending,unreviewed,,
IMG_b4420541c297145a,MO/RES20517.JPG,RES20517.JPG,.jpg,5559096,01,01,,unknown,MO,,,ignored,,,01::MO,parent_folder_fallback,low,4896,3264,JPEG,readable,c964c6bdcb4d2c6572fb08cb96242965d12ec58aa93dbcc250668d1ef5472c76,unknown,pending,unreviewed,,
IMG_9ff194cd7382cbf6,MO/RES20518.JPG,RES20518.JPG,.jpg,5545711,01,01,,unknown,MO,,,ignored,,,01::MO,parent_folder_fallback,low,4896,3264,JPEG,readable,a99fe652b789df16c078ade54ced3fa0dba07020c095dc032a50d63e439c7640,unknown,pending,unreviewed,,
IMG_2abe311b53840c64,MO/RES20519.JPG,RES20519.JPG,.jpg,5439724,01,01,,unknown,MO,,,ignored,,,01::MO,parent_folder_fallback,low,4896,3264,JPEG,readable,ca3ae3ab11d5adffc50f826c390b9f6e3198fc299c465213ba6336a19dd355b7,unknown,pending,unreviewed,,
IMG_3512ea66102b8584,MO/RES20520.JPG,RES20520.JPG,.jpg,5445738,01,01,,unknown,MO,,,ignored,,,01::MO,parent_folder_fallback,low,4896,3264,JPEG,readable,902a07a16a7a8c6230d9f9fb1193fa37f41bdf54b990e832c861c1aa6f72166e,unknown,pending,unreviewed,,
IMG_9c02d1962141ce62,MO/RES20523.JPG,RES20523.JPG,.jpg,5356640,01,01,,unknown,MO,,,ignored,,,01::MO,parent_folder_fallback,low,4896,3264,JPEG,readable,51ee9cf52fc755824306b59543216b82b5504584d629b5fe85a51c050607e360,unknown,pending,unreviewed,,
IMG_4d87c82cf2953874,MO/RES20524.JPG,RES20524.JPG,.jpg,5258507,01,01,,unknown,MO,,,ignored,,,01::MO,parent_folder_fallback,low,4896,3264,JPEG,readable,a48042e9fce270e250530251963cbb4abb718cf6349f2677a28f8134cf3b4844,unknown,pending,unreviewed,,
IMG_1ca679c5b4ff4473,MO/RES20525.JPG,RES20525.JPG,.jpg,5265383,01,01,,unknown,MO,,,ignored,,,01::MO,parent_folder_fallback,low,4896,3264,JPEG,readable,b341bb6c604e0b56105438320e4581e6064236b1afd85aa2e73188d675c6a389,unknown,pending,unreviewed,,
IMG_2230940d031c961a,MO/RES20526.JPG,RES20526.JPG,.jpg,5474280,01,01,,unknown,MO,,,ignored,,,01::MO,parent_folder_fallback,low,4896,3264,JPEG,readable,4d0c740c8be0b9e0d99e3384bfb2bf1f8e1c7ea2754565b159a8dd7d2f1cd2cc,unknown,pending,unreviewed,,
IMG_1166d1080d03a9cb,MO/RES20527.JPG,RES20527.JPG,.jpg,5494245,01,01,,unknown,MO,,,ignored,,,01::MO,parent_folder_fallback,low,4896,3264,JPEG,readable,0309bf5a0ec53eb3dd4a69ea0a129da4f5d51c72d064ca0398eec2d26faef31d,unknown,pending,unreviewed,,
IMG_3686208b51cf021a,MO/RES20530.JPG,RES20530.JPG,.jpg,5478551,01,01,,unknown,MO,,,ignored,,,01::MO,parent_folder_fallback,low,4896,3264,JPEG,readable,90629218489bcc4b97d2700cab6ce39d6975f33d16a42135a89887ba4c5f6ebb,unknown,pending,unreviewed,,
IMG_bd79bccc8cbbdf20,MO/RES20531.JPG,RES20531.JPG,.jpg,5522532,01,01,,unknown,MO,,,ignored,,,01::MO,parent_folder_fallback,low,4896,3264,JPEG,readable,94f56b15f71d2e24e1c15dc697f1d51a1e0f19f34b40041b106cc40f9db6613c,unknown,pending,unreviewed,,
IMG_44a5ed0998ab85e1,MO/RES20536.JPG,RES20536.JPG,.jpg,5501098,01,01,,unknown,MO,,,ignored,,,01::MO,parent_folder_fallback,low,4896,3264,JPEG,readable,a33eb5c29fc31a9c017b6f89d595874c12afa74caf5441f51893cf1d3a279d8b,unknown,pending,unreviewed,,
IMG_d0bf30d47fb9f0b6,MO/RES20540.JPG,RES20540.JPG,.jpg,5388472,01,01,,unknown,MO,,,ignored,,,01::MO,parent_folder_fallback,low,4896,3264,JPEG,readable,07961317b9f088c0f4e53ea758bbb913acfb24052118b2de264939496054dbb2,unknown,pending,unreviewed,,
IMG_874144d492f9af97,MO/RES20544.JPG,RES20544.JPG,.jpg,5426553,01,01,,unknown,MO,,,ignored,,,01::MO,parent_folder_fallback,low,4896,3264,JPEG,readable,2a53def967bf8541aaf225d619f727ad68a2d76a32dddf086a903b07a2cf3946,unknown,pending,unreviewed,,
IMG_f82292bdb70fee8f,MO/RES20552.JPG,RES20552.JPG,.jpg,5623636,01,01,,unknown,MO,,,ignored,,,01::MO,parent_folder_fallback,low,4896,3264,JPEG,readable,e7f28f35d8f4e30caa115ddb1ef221f9741a9e1dacfeaf95b994e49824c87c29,unknown,pending,unreviewed,,
IMG_ce63818b93c94356,MO/RES20554.JPG,RES20554.JPG,.jpg,5366640,01,01,,unknown,MO,,,ignored,,,01::MO,parent_folder_fallback,low,4896,3264,JPEG,readable,29c4e473b77f05a089e6dfe342fa4208a24d4e8074d9cbf40d81d6f8af704fc8,unknown,pending,unreviewed,,
IMG_c6c2d71a8af3b221,MO/RES20555.JPG,RES20555.JPG,.jpg,5332015,01,01,,unknown,MO,,,ignored,,,01::MO,parent_folder_fallback,low,4896,3264,JPEG,readable,657890ef7f481b8bc139f265f9c1ec28706836e4e918809d3b7291a433baa61d,unknown,pending,unreviewed,,
IMG_4a0f6ce06ca94899,MO/RES20563.JPG,RES20563.JPG,.jpg,5426167,01,01,,unknown,MO,,,ignored,,,01::MO,parent_folder_fallback,low,4896,3264,JPEG,readable,a66f529d1b95e9ef0a7fd035c768329f361636ceb6bd39b267d344fafac04098,unknown,pending,unreviewed,,
IMG_7a11f44a18c06970,MO/RES20564.JPG,RES20564.JPG,.jpg,5450419,01,01,,unknown,MO,,,ignored,,,01::MO,parent_folder_fallback,low,4896,3264,JPEG,readable,c8afbde996adc844a6b1a5099885a47c92dc956ae716651e37a6805cc2355ae0,unknown,pending,unreviewed,,
IMG_9f015aef3dc8e32d,MO/RES20565.JPG,RES20565.JPG,.jpg,5426299,01,01,,unknown,MO,,,ignored,,,01::MO,parent_folder_fallback,low,4896,3264,JPEG,readable,8835f398d9c7377f9965004a93582c2c2608bce685c18eb16df5aea7bdde7d4e,unknown,pending,unreviewed,,
IMG_ca8ea6c7fc348593,MO/RES20570.JPG,RES20570.JPG,.jpg,5453993,01,01,,unknown,MO,,,ignored,,,01::MO,parent_folder_fallback,low,4896,3264,JPEG,readable,d9db2e5bb24132e954307209d64b8babbf8e51317f4b53ea7235c2caf50b4f40,unknown,pending,unreviewed,,
IMG_9acc36237f62c473,MO/RES20571.JPG,RES20571.JPG,.jpg,5501734,01,01,,unknown,MO,,,ignored,,,01::MO,parent_folder_fallback,low,4896,3264,JPEG,readable,89031aa15238e7c977bd2583afbc06a67cd4f62f73a30cec259d86768bd0f19b,unknown,pending,unreviewed,,
IMG_221df40c659bd92c,MO/RES20572.JPG,RES20572.JPG,.jpg,5377048,01,01,,unknown,MO,,,ignored,,,01::MO,parent_folder_fallback,low,4896,3264,JPEG,readable,a78eda8b6c00d2f3025db07ff5dcc9f326ce8195120854508022f71cbf3448c4,unknown,pending,unreviewed,,
IMG_5e73c74c928729a2,MO/RES20573.JPG,RES20573.JPG,.jpg,5315116,01,01,,unknown,MO,,,ignored,,,01::MO,parent_folder_fallback,low,4896,3264,JPEG,readable,530badaa5d31da6fa595c60a57b6a7f8fa6dedbb4f0aab9765d8ec52dd6bcd14,unknown,pending,unreviewed,,
IMG_f00c8e68881d1fbd,MO/RES20574.JPG,RES20574.JPG,.jpg,5395544,01,01,,unknown,MO,,,ignored,,,01::MO,parent_folder_fallback,low,4896,3264,JPEG,readable,d78ed138e1d45776940b025e44357451e26a78551cb5d47863433cb36fd4e563,unknown,pending,unreviewed,,
IMG_c20d61dabdc628f4,MO/RES20575.JPG,RES20575.JPG,.jpg,5447204,01,01,,unknown,MO,,,ignored,,,01::MO,parent_folder_fallback,low,4896,3264,JPEG,readable,1a2221fb591833cf2d19abec3b7af963f1e07e169f71af69b499e81d5181334e,unknown,pending,unreviewed,,
IMG_aa8e668a3f3a193a,MO/RES20577.JPG,RES20577.JPG,.jpg,5365450,01,01,,unknown,MO,,,ignored,,,01::MO,parent_folder_fallback,low,4896,3264,JPEG,readable,0369251599aa48f0787fc10802486bf0c59c419c132f6b459dfafcb3ed96018a,unknown,pending,unreviewed,,
IMG_33c7455eb7c37d36,MO/RES20578.JPG,RES20578.JPG,.jpg,5418312,01,01,,unknown,MO,,,ignored,,,01::MO,parent_folder_fallback,low,4896,3264,JPEG,readable,82e5ceb77646d87fa35c6e68d4e0f6d2773a5bad5ef754ecd9a9710e2a6f5abd,unknown,pending,unreviewed,,
IMG_e84e77ebdef61c4f,MO/RES20579.JPG,RES20579.JPG,.jpg,5409578,01,01,,unknown,MO,,,ignored,,,01::MO,parent_folder_fallback,low,4896,3264,JPEG,readable,ff0aa9a1e24a9ffa6d3720ca059616d21299e124276692f1413cb0d8f97bb8dd,unknown,pending,unreviewed,,
IMG_380cc3355127408b,MO/RES20580.JPG,RES20580.JPG,.jpg,5209135,01,01,,unknown,MO,,,ignored,,,01::MO,parent_folder_fallback,low,4896,3264,JPEG,readable,7f2fc63ffa51da3a6a7333d587f03c45bdbbc44c2ca4f680c6e4bdb5381d5348,unknown,pending,unreviewed,,
IMG_f2c68c461b6d0d7d,MO/RES20581.JPG,RES20581.JPG,.jpg,5288151,01,01,,unknown,MO,,,ignored,,,01::MO,parent_folder_fallback,low,4896,3264,JPEG,readable,efe3fc751f917bd899a98a804cba1d20e1813965d34464650cbe1ff2fecffcf4,unknown,pending,unreviewed,,
IMG_e4a523cd8a9b715a,MO/RES20582.JPG,RES20582.JPG,.jpg,5253416,01,01,,unknown,MO,,,ignored,,,01::MO,parent_folder_fallback,low,4896,3264,JPEG,readable,fb6c05fcce9972fd698ddfab0c09194e28f503f3aebde2c81aa1e0c5ee00ae0a,unknown,pending,unreviewed,,
IMG_3a97d1c1792a74b0,MO/RES20583.JPG,RES20583.JPG,.jpg,5234912,01,01,,unknown,MO,,,ignored,,,01::MO,parent_folder_fallback,low,4896,3264,JPEG,readable,8a863ac2849d9b2974c1548b14e923229f2d2e9c84e28484c22fe6566a7a986a,unknown,pending,unreviewed,,
IMG_9ff782199ca836fd,MO/RES20585.JPG,RES20585.JPG,.jpg,5544507,01,01,,unknown,MO,,,ignored,,,01::MO,parent_folder_fallback,low,4896,3264,JPEG,readable,b2fcbfd3e8822041025e7a3d57fb984d132d8f8c5910654f4ee5114b3490c4fc,unknown,pending,unreviewed,,
IMG_74d27d47cf94141a,MO/RES20586.JPG,RES20586.JPG,.jpg,5603239,01,01,,unknown,MO,,,ignored,,,01::MO,parent_folder_fallback,low,4896,3264,JPEG,readable,f9d4872ecc15feef3658083d81d0b37961ee959b68848725c2b27064dc61aefd,unknown,pending,unreviewed,,
IMG_28092369c1839041,MO/RES20587.JPG,RES20587.JPG,.jpg,5570623,01,01,,unknown,MO,,,ignored,,,01::MO,parent_folder_fallback,low,4896,3264,JPEG,readable,0a263ca3bd0477484829721ffec3034f478229e2dbf67fada0e9cde6c4ed8bc0,unknown,pending,unreviewed,,
IMG_e82a3446a187f110,MO/RES20588.JPG,RES20588.JPG,.jpg,5530364,01,01,,unknown,MO,,,ignored,,,01::MO,parent_folder_fallback,low,4896,3264,JPEG,readable,2ec45a3e237883a2a5517d2fee6360d2c8a4dfefeb6701716f92120b6e8874b1,unknown,pending,unreviewed,,
IMG_248e6ae6a2baad23,MO/RES20589.JPG,RES20589.JPG,.jpg,5468361,01,01,,unknown,MO,,,ignored,,,01::MO,parent_folder_fallback,low,4896,3264,JPEG,readable,4590497559d87d42b1262483a4206e9f212a89ec46a3f9fe59dec4e80512813a,unknown,pending,unreviewed,,
IMG_ebb6f6e9619350d4,MO/RES20590.JPG,RES20590.JPG,.jpg,5271324,01,01,,unknown,MO,,,ignored,,,01::MO,parent_folder_fallback,low,4896,3264,JPEG,readable,795b2c1637e12b04f1b17383cc6680457e4e25622dc38daef6e8393d78db8b4d,unknown,pending,unreviewed,,
IMG_d6f292b16e5cf931,MO/RES20593.JPG,RES20593.JPG,.jpg,5270795,01,01,,unknown,MO,,,ignored,,,01::MO,parent_folder_fallback,low,4896,3264,JPEG,readable,a4fa1b3a05e4bcdcb2051494e7825cf40c79cc03ec0eaafdc9160898015fa7ae,unknown,pending,unreviewed,,
IMG_49975fa5c563ecc4,MO/RES20594.JPG,RES20594.JPG,.jpg,5261524,01,01,,unknown,MO,,,ignored,,,01::MO,parent_folder_fallback,low,4896,3264,JPEG,readable,5b436ceae6df10f2b55ef3df172a7981285ec4e4e88dda9d7ddeaa8f645bb0ac,unknown,pending,unreviewed,,
IMG_c5a3d1a8b18888c6,MO/RES20599.JPG,RES20599.JPG,.jpg,5228894,01,01,,unknown,MO,,,ignored,,,01::MO,parent_folder_fallback,low,4896,3264,JPEG,readable,d426770022af6b5238ee2d9e31ad5079fb5e2b2c6f6ceff7c982627908bce6e9,unknown,pending,unreviewed,,
IMG_5e92d0695244b61f,MO/RES20600.JPG,RES20600.JPG,.jpg,5312412,01,01,,unknown,MO,,,ignored,,,01::MO,parent_folder_fallback,low,4896,3264,JPEG,readable,c78056f18b11eb5733c243b4254f531a911e76fd378381245a1a0fcfd7607c89,unknown,pending,unreviewed,,
IMG_9a31e174a662cc55,MO/RES20602.JPG,RES20602.JPG,.jpg,5262724,01,01,,unknown,MO,,,ignored,,,01::MO,parent_folder_fallback,low,4896,3264,JPEG,readable,62980fafc2d59abb1d2006a78fe224952f7cd668eac669b173bad3aff53d5369,unknown,pending,unreviewed,,
IMG_844d5512289ddf93,MO/RES20604.JPG,RES20604.JPG,.jpg,5493047,01,01,,unknown,MO,,,ignored,,,01::MO,parent_folder_fallback,low,4896,3264,JPEG,readable,62533dff7ce0e901d8e4d106e557c611a54f202f4ffdec34c543a40ac45087c8,unknown,pending,unreviewed,,
IMG_2d73747f63e6d2aa,MO/RES20605.JPG,RES20605.JPG,.jpg,5468354,01,01,,unknown,MO,,,ignored,,,01::MO,parent_folder_fallback,low,4896,3264,JPEG,readable,74aad81ed4c3a6be955e330ba912f03db59350efb0f3f982c370d05d1a6dc36d,unknown,pending,unreviewed,,
IMG_ba39ece37187b7b9,MO/RES20606.JPG,RES20606.JPG,.jpg,5437381,01,01,,unknown,MO,,,ignored,,,01::MO,parent_folder_fallback,low,4896,3264,JPEG,readable,cc87068c8b730d36b645a103310ba11314ceaed547be98068747e57a676a08a9,unknown,pending,unreviewed,,
IMG_bbae4d79e893b0f8,MO/RES20607.JPG,RES20607.JPG,.jpg,5442955,01,01,,unknown,MO,,,ignored,,,01::MO,parent_folder_fallback,low,4896,3264,JPEG,readable,85f523c6f1c9c9051966d713cffd9e5f626bbe14771fec150527ef2c16fcda36,unknown,pending,unreviewed,,
IMG_546a0c5a87fe35d3,MO/RES20608.JPG,RES20608.JPG,.jpg,5446624,01,01,,unknown,MO,,,ignored,,,01::MO,parent_folder_fallback,low,4896,3264,JPEG,readable,ee58cecf74f542e8b35b8aef81e76c05c9c9babe7f61b9febf01e7d3d81b5e89,unknown,pending,unreviewed,,
IMG_408dab6155d2b873,MO/RES20609.JPG,RES20609.JPG,.jpg,5486635,01,01,,unknown,MO,,,ignored,,,01::MO,parent_folder_fallback,low,4896,3264,JPEG,readable,e1e06130497ead48929c384b74748e867f2295aab2d4216ff135aa155aba0df7,unknown,pending,unreviewed,,
IMG_e23d365d594256e2,MO/RES20612.JPG,RES20612.JPG,.jpg,5274533,01,01,,unknown,MO,,,ignored,,,01::MO,parent_folder_fallback,low,4896,3264,JPEG,readable,9c740d33db6cc1b2214572b8adf3c64bc3154bc77a458c4d433ad839d1dd4e7e,unknown,pending,unreviewed,,
IMG_8df568ab37d9bc0d,MO/RES20613.JPG,RES20613.JPG,.jpg,5253827,01,01,,unknown,MO,,,ignored,,,01::MO,parent_folder_fallback,low,4896,3264,JPEG,readable,0425d2081b312b2e01d3b2a4f3eae012962f1ccda59dee9115161566b470ff02,unknown,pending,unreviewed,,
IMG_e81c5c2f25f2d53d,MO/RES20615.JPG,RES20615.JPG,.jpg,5194460,01,01,,unknown,MO,,,ignored,,,01::MO,parent_folder_fallback,low,4896,3264,JPEG,readable,b286ae1aa7386c377fabd0dbb96570984e7924fe591884208a5c7be7960df041,unknown,pending,unreviewed,,
IMG_223c391f310d6ff2,MO/RES20618.JPG,RES20618.JPG,.jpg,5596917,01,01,,unknown,MO,,,ignored,,,01::MO,parent_folder_fallback,low,4896,3264,JPEG,readable,a0ab4e11c50c497c6386f63e33a3d02ad6256214348009e213709c17b3eb2e47,unknown,pending,unreviewed,,
IMG_ee0b9dcbe5882728,MO/RES20619.JPG,RES20619.JPG,.jpg,5638750,01,01,,unknown,MO,,,ignored,,,01::MO,parent_folder_fallback,low,4896,3264,JPEG,readable,b5f0cb1bea332cf70cc027529a527475b7f9115a74900204b75ed27c3a0f46b1,unknown,pending,unreviewed,,
IMG_1c66aa7c4a8a56c2,MO/RES20620.JPG,RES20620.JPG,.jpg,5607177,01,01,,unknown,MO,,,ignored,,,01::MO,parent_folder_fallback,low,4896,3264,JPEG,readable,02b7e793ba3adc98c0393fd40c028a45cb26194447124948cce44defd6e3a799,unknown,pending,unreviewed,,
IMG_a20dcca4ab519bed,MO/RES20623.JPG,RES20623.JPG,.jpg,5674080,01,01,,unknown,MO,,,ignored,,,01::MO,parent_folder_fallback,low,4896,3264,JPEG,readable,835a06af9fe66b91dac728ed0f0616ad16668c72786971c20c15eae06c8458bb,unknown,pending,unreviewed,,
IMG_1b46388815e83240,MO/RES20624.JPG,RES20624.JPG,.jpg,5631323,01,01,,unknown,MO,,,ignored,,,01::MO,parent_folder_fallback,low,4896,3264,JPEG,readable,38bdbeacb8a74a403396b7a36f52278ef6f4349cd7e07d6868fa5b6485ef6e77,unknown,pending,unreviewed,,
IMG_7560637fe93d2527,MO/RES20625.JPG,RES20625.JPG,.jpg,5589373,01,01,,unknown,MO,,,ignored,,,01::MO,parent_folder_fallback,low,4896,3264,JPEG,readable,bf3d91f6e0fcf3fbc8f1429341b99d8d49e14bccc0db5bc165ebe3141dd28b54,unknown,pending,unreviewed,,
IMG_08a694cba34e5bd9,MO/RES20626.JPG,RES20626.JPG,.jpg,6104567,01,01,,unknown,MO,,,ignored,,,01::MO,parent_folder_fallback,low,4896,3264,JPEG,readable,974e4447f0f0a5bd5322eef938b8b6896c8dd20f122c9d942f64ea591647580a,unknown,pending,unreviewed,,
IMG_acc8e15f11492c2f,MO/RES20627.JPG,RES20627.JPG,.jpg,6007560,01,01,,unknown,MO,,,ignored,,,01::MO,parent_folder_fallback,low,4896,3264,JPEG,readable,bdd31cec7f357acc8d1933e85061aeb3a6803cfbc1951350f50348fea9b5f450,unknown,pending,unreviewed,,
IMG_227b77f1dfa1df18,MO/RES20628.JPG,RES20628.JPG,.jpg,5764827,01,01,,unknown,MO,,,ignored,,,01::MO,parent_folder_fallback,low,4896,3264,JPEG,readable,3e677d13924b094fa19b0519ad7e1af4211a2a27df5e3e9b92f0e5f33a06a90b,unknown,pending,unreviewed,,
IMG_cd15403888b06bb7,MO/RES20629.JPG,RES20629.JPG,.jpg,5514341,01,01,,unknown,MO,,,ignored,,,01::MO,parent_folder_fallback,low,4896,3264,JPEG,readable,fa727339377358c68837828d34f0fae8fcc234f25a51338e752741d28101a8ad,unknown,pending,unreviewed,,
IMG_029440efae856a9e,MO/RES20630.JPG,RES20630.JPG,.jpg,5491422,01,01,,unknown,MO,,,ignored,,,01::MO,parent_folder_fallback,low,4896,3264,JPEG,readable,8634cfcfd315c7c435a08478fab772f966d73ae564adad1def249ebb87967f32,unknown,pending,unreviewed,,
IMG_495b07a100109665,MO/RES20631.JPG,RES20631.JPG,.jpg,5428553,01,01,,unknown,MO,,,ignored,,,01::MO,parent_folder_fallback,low,4896,3264,JPEG,readable,32274db332da964a4a76e472c5c06ad8542fab22080b608fd9d7b77333a7c0a1,unknown,pending,unreviewed,,
IMG_a3af0170748e737d,MO/RES20632.JPG,RES20632.JPG,.jpg,5386016,01,01,,unknown,MO,,,ignored,,,01::MO,parent_folder_fallback,low,4896,3264,JPEG,readable,df3318c126e4d4c86ffc6888f3806f1021c69e0c377960ea6abe33ad010c77da,unknown,pending,unreviewed,,
IMG_858ab8bd9947136e,MO/RES20633.JPG,RES20633.JPG,.jpg,5456865,01,01,,unknown,MO,,,ignored,,,01::MO,parent_folder_fallback,low,4896,3264,JPEG,readable,907aced42f2cfa9c1088e6b7176b48f3f71dfed2efe7f43b2492dc3ab0988b0a,unknown,pending,unreviewed,,
IMG_e49e75c295f2cbba,MO/RES20634.JPG,RES20634.JPG,.jpg,5285298,01,01,,unknown,MO,,,ignored,,,01::MO,parent_folder_fallback,low,4896,3264,JPEG,readable,ccab0ead089963f1193dadd29574ca2121d644c3d088759330850b73890d5809,unknown,pending,unreviewed,,
IMG_2c857986444df1c6,MO/RES20635.JPG,RES20635.JPG,.jpg,5446052,01,01,,unknown,MO,,,ignored,,,01::MO,parent_folder_fallback,low,4896,3264,JPEG,readable,e778c5168fff206dd83fd1e2772ca6b06d909020f796c2c7bacda9294add3247,unknown,pending,unreviewed,,
IMG_a04285cd3b03bbaf,MO/RES20636.JPG,RES20636.JPG,.jpg,5558632,01,01,,unknown,MO,,,ignored,,,01::MO,parent_folder_fallback,low,4896,3264,JPEG,readable,c2664c454264d227fee37ed55e0734bcddb89f614f7e5997137694dc8accbb3f,unknown,pending,unreviewed,,
IMG_9d9d30a9d05ef53f,MO/RES20637.JPG,RES20637.JPG,.jpg,5456732,01,01,,unknown,MO,,,ignored,,,01::MO,parent_folder_fallback,low,4896,3264,JPEG,readable,44a3df37460152d26ffd8903560b6d5e527a067425d671ebd0d4cb625d69e0c4,unknown,pending,unreviewed,,
IMG_31710301990bf439,MO/RES20639.JPG,RES20639.JPG,.jpg,5343287,01,01,,unknown,MO,,,ignored,,,01::MO,parent_folder_fallback,low,4896,3264,JPEG,readable,89fae7a1bbcbb8a9305c8ac7bf3c8fd654522668ea376329c618a6a0f090d174,unknown,pending,unreviewed,,
IMG_fd1a16cb03fa36fa,MO/RES20640.JPG,RES20640.JPG,.jpg,5314561,01,01,,unknown,MO,,,ignored,,,01::MO,parent_folder_fallback,low,4896,3264,JPEG,readable,7a7b7cfe075181ce9bfd4b2363ed6b83af089f757de7eb52486910b5ae4cbfdc,unknown,pending,unreviewed,,
IMG_c42edc1ec9b56a90,MO/RES20641.JPG,RES20641.JPG,.jpg,5316627,01,01,,unknown,MO,,,ignored,,,01::MO,parent_folder_fallback,low,4896,3264,JPEG,readable,b861198bec3514697f65a1b8dd03445d2b14f0814ab1d943fc034fdc5bd8b643,unknown,pending,unreviewed,,
IMG_b1de29657a6cd798,MO/RES20642.JPG,RES20642.JPG,.jpg,5302469,01,01,,unknown,MO,,,ignored,,,01::MO,parent_folder_fallback,low,4896,3264,JPEG,readable,10c7f6dff8a05b8ce76e413a30a00557a9f4c2d6408720886b7024d1d3f2d088,unknown,pending,unreviewed,,
IMG_c5effe04da4d4bff,MO/RES20644.JPG,RES20644.JPG,.jpg,5512826,01,01,,unknown,MO,,,ignored,,,01::MO,parent_folder_fallback,low,4896,3264,JPEG,readable,a3e3d1d9b25ca3dcb16482374827116b706abf07db4c1960f1adfa3cca1203ec,unknown,pending,unreviewed,,
IMG_1377c2be48be9279,MO/RES20645.JPG,RES20645.JPG,.jpg,5684388,01,01,,unknown,MO,,,ignored,,,01::MO,parent_folder_fallback,low,4896,3264,JPEG,readable,d4c2358bccee3b035716111a93acdf52f5a92863e898705efd84e264e93fb8e6,unknown,pending,unreviewed,,
IMG_4e523cf7b2148445,MO/RES20646.JPG,RES20646.JPG,.jpg,5576626,01,01,,unknown,MO,,,ignored,,,01::MO,parent_folder_fallback,low,4896,3264,JPEG,readable,69285a5fb729e6337c47feac276885acd069cc39b1d5f9b73ccd6f8329c8c9d6,unknown,pending,unreviewed,,
IMG_8559ccf5f07ec2bb,MO/RES20656.JPG,RES20656.JPG,.jpg,5485763,01,01,,unknown,MO,,,ignored,,,01::MO,parent_folder_fallback,low,4896,3264,JPEG,readable,95b7c369f03c7b9a9d135c19372c76d6b3b9889bdc38bca01bd7a0f74320f6d6,unknown,pending,unreviewed,,
IMG_6b32395dd7a9425b,MO/RES20657.JPG,RES20657.JPG,.jpg,5566312,01,01,,unknown,MO,,,ignored,,,01::MO,parent_folder_fallback,low,4896,3264,JPEG,readable,605791e3614f8e856c53c1b66de6cf899dcb2b78516c95a807417fe0c3c1caa1,unknown,pending,unreviewed,,
IMG_941d133fb411ab47,MO/RES20658.JPG,RES20658.JPG,.jpg,5524620,01,01,,unknown,MO,,,ignored,,,01::MO,parent_folder_fallback,low,4896,3264,JPEG,readable,a222c8bbebd97c062329101006dafcafb6d5341369cb2cad7d2250abd020ba5f,unknown,pending,unreviewed,,
IMG_edf08fbbdc8e8113,MO/RES20659.JPG,RES20659.JPG,.jpg,5522415,01,01,,unknown,MO,,,ignored,,,01::MO,parent_folder_fallback,low,4896,3264,JPEG,readable,1e7ea7c62b0f8cf0f1fa0d657b637a35ee1403befc975c39d09a263566d77d05,unknown,pending,unreviewed,,
IMG_86e73e3e1c4ee2c7,MO/RES20660.JPG,RES20660.JPG,.jpg,5364018,01,01,,unknown,MO,,,ignored,,,01::MO,parent_folder_fallback,low,4896,3264,JPEG,readable,3315ad130c7c504b9a4c5ac213aea8408df05e16d2487a47a52aea44d07cb4ee,unknown,pending,unreviewed,,
IMG_f01326944232e513,MO/RES20661.JPG,RES20661.JPG,.jpg,5296324,01,01,,unknown,MO,,,ignored,,,01::MO,parent_folder_fallback,low,4896,3264,JPEG,readable,a3651135654abb25e23c907d709b06bbc4c596dd41a01528eab550b838a17217,unknown,pending,unreviewed,,
IMG_0c6b6e9967ee11a2,MO/RES20671.JPG,RES20671.JPG,.jpg,5582462,01,01,,unknown,MO,,,ignored,,,01::MO,parent_folder_fallback,low,4896,3264,JPEG,readable,b8c6f5c25000a0af3439a119c11ab1369ec86e96169d3682e715426e08032367,unknown,pending,unreviewed,,
IMG_19bda05a28d9171e,MO/RES20672.JPG,RES20672.JPG,.jpg,5594141,01,01,,unknown,MO,,,ignored,,,01::MO,parent_folder_fallback,low,4896,3264,JPEG,readable,f18bb83c9672badecc5e584ed54934baf32e79f860e09e43557c5ea1e9550840,unknown,pending,unreviewed,,
IMG_b72b58cf4dea4e7d,MO/RES20673.JPG,RES20673.JPG,.jpg,5576980,01,01,,unknown,MO,,,ignored,,,01::MO,parent_folder_fallback,low,4896,3264,JPEG,readable,9a6cf2dde5c9c870996126b770bcfd93744a1af8553f0cbb3629f2de93c35a9b,unknown,pending,unreviewed,,
IMG_f3ed1afc294448fb,MO/RES20674.JPG,RES20674.JPG,.jpg,5490980,01,01,,unknown,MO,,,ignored,,,01::MO,parent_folder_fallback,low,4896,3264,JPEG,readable,8f84050f4885e697e6b6a2121b23e8b59288a750d4216f815235a2911799f056,unknown,pending,unreviewed,,
IMG_f840be6c53094ce3,MO/RES20675.JPG,RES20675.JPG,.jpg,5274168,01,01,,unknown,MO,,,ignored,,,01::MO,parent_folder_fallback,low,4896,3264,JPEG,readable,67fb818f43b1a24b6fd168b2cc70e298610fc3db89dd56b358b76d4064960ed3,unknown,pending,unreviewed,,
IMG_57c2b1a7562bdb5a,MO/RES20678.JPG,RES20678.JPG,.jpg,5415989,01,01,,unknown,MO,,,ignored,,,01::MO,parent_folder_fallback,low,4896,3264,JPEG,readable,364c67bc3a6d10a14e0100ef5f8112f851ad6ac31e7a50a1488743a5608f453e,unknown,pending,unreviewed,,
IMG_946348e64845baed,MO/RES20679.JPG,RES20679.JPG,.jpg,5445934,01,01,,unknown,MO,,,ignored,,,01::MO,parent_folder_fallback,low,4896,3264,JPEG,readable,d8de2a854a6b59666e3333d10379ee1ec9f6fdd850cb7ec1417fd7429032ee8f,unknown,pending,unreviewed,,
IMG_62a8fa139a6404b2,MO/RES20680.JPG,RES20680.JPG,.jpg,5477527,01,01,,unknown,MO,,,ignored,,,01::MO,parent_folder_fallback,low,4896,3264,JPEG,readable,695c931b11d52fc7d8d5dccc1a78f746ab9d5d3e2d1631c98b83bdf86eefc3fa,unknown,pending,unreviewed,,
IMG_70d68949c66bc076,MO/RES20681.JPG,RES20681.JPG,.jpg,5400864,01,01,,unknown,MO,,,ignored,,,01::MO,parent_folder_fallback,low,4896,3264,JPEG,readable,679677cebec96ff0507108dc0e26c468e4afa2cdb674ccf84fc6dc17593b9022,unknown,pending,unreviewed,,
IMG_747aa8d339d53462,MO/RES20682.JPG,RES20682.JPG,.jpg,5372328,01,01,,unknown,MO,,,ignored,,,01::MO,parent_folder_fallback,low,4896,3264,JPEG,readable,35480e4a020c5d7b05252cc9be371d42b9e5429415e6191abd7d3e1cc636a0b9,unknown,pending,unreviewed,,
IMG_7adc2782c3a49d14,MO/RES20683.JPG,RES20683.JPG,.jpg,5421953,01,01,,unknown,MO,,,ignored,,,01::MO,parent_folder_fallback,low,4896,3264,JPEG,readable,970be5df5d2b946d0c443a065bd6b23d5703198b83b8ed2b5e5e8b3ff2705025,unknown,pending,unreviewed,,
IMG_9b8f049ecedf586e,MO/RES20686.JPG,RES20686.JPG,.jpg,5511101,01,01,,unknown,MO,,,ignored,,,01::MO,parent_folder_fallback,low,4896,3264,JPEG,readable,b07bc855d6e62a0e9fab920211681da762392565ed4c752072999c5fa282b1dc,unknown,pending,unreviewed,,
IMG_4b173e174fdc1119,MO/RES20687.JPG,RES20687.JPG,.jpg,5459415,01,01,,unknown,MO,,,ignored,,,01::MO,parent_folder_fallback,low,4896,3264,JPEG,readable,fed2f9a8aadcf3b4d63c69a7bcc60e20a87fca5bdf929acdc6080ec34020431b,unknown,pending,unreviewed,,
IMG_94bfe70c36615d7d,MO/RES20688.JPG,RES20688.JPG,.jpg,5489122,01,01,,unknown,MO,,,ignored,,,01::MO,parent_folder_fallback,low,4896,3264,JPEG,readable,28c2014e96b6afcec8a911a7100397f8a6985e9ebe15df1995211b903da8bdb7,unknown,pending,unreviewed,,
IMG_0d66403ca2e71b65,MO/RES20689.JPG,RES20689.JPG,.jpg,5648697,01,01,,unknown,MO,,,ignored,,,01::MO,parent_folder_fallback,low,4896,3264,JPEG,readable,5d8d112742528aeae2422eb0c84c5d03cbac1b825053e18c355ed0c446d38d39,unknown,pending,unreviewed,,
IMG_f26c0b235fa2192f,MO/RES20690.JPG,RES20690.JPG,.jpg,5395330,01,01,,unknown,MO,,,ignored,,,01::MO,parent_folder_fallback,low,4896,3264,JPEG,readable,ffce214d655ae57d45fc566d0ce52498d3c24119568a0d074a20439bc09e0fea,unknown,pending,unreviewed,,
IMG_807fe19fe59bcad8,MO/RES20691.JPG,RES20691.JPG,.jpg,5606029,01,01,,unknown,MO,,,ignored,,,01::MO,parent_folder_fallback,low,4896,3264,JPEG,readable,6cfb73d93774a1035c757576ba9eadef6cee4536913cf888e801fda6bbfd2631,unknown,pending,unreviewed,,
IMG_c7f39ccc82f7dc7f,MO/RES20692.JPG,RES20692.JPG,.jpg,5614452,01,01,,unknown,MO,,,ignored,,,01::MO,parent_folder_fallback,low,4896,3264,JPEG,readable,1eb4911893487428095c0aca97468f695baa336c31cff48ac64df6f1d207d80f,unknown,pending,unreviewed,,
IMG_08abfc4b45f41376,MO/RES20693.JPG,RES20693.JPG,.jpg,5591975,01,01,,unknown,MO,,,ignored,,,01::MO,parent_folder_fallback,low,4896,3264,JPEG,readable,5fcabfca674ceef7b53210e49f566df6fc4b4edfbd28eea816dbdfaccdfbb861,unknown,pending,unreviewed,,
IMG_7bb3ea3f09c3d27d,MO/RES20694.JPG,RES20694.JPG,.jpg,5593482,01,01,,unknown,MO,,,ignored,,,01::MO,parent_folder_fallback,low,4896,3264,JPEG,readable,dff219ccb8026344d898e9198c760a0519dee76f58d3fc15ac8265164b70014a,unknown,pending,unreviewed,,
IMG_ea99f24e42db98e9,MO/RES20695.JPG,RES20695.JPG,.jpg,5550813,01,01,,unknown,MO,,,ignored,,,01::MO,parent_folder_fallback,low,4896,3264,JPEG,readable,1d5decaba47d1db89fd13e5398cc61ac7f2a24ae7da0cc9033df052aca74e91e,unknown,pending,unreviewed,,
IMG_9357923418b71aea,MO/RES20696.JPG,RES20696.JPG,.jpg,5469473,01,01,,unknown,MO,,,ignored,,,01::MO,parent_folder_fallback,low,4896,3264,JPEG,readable,a11b26a22ea7fd3fcd7fcee97b779910200bce46bcd0bffb011865d6a3b2309e,unknown,pending,unreviewed,,
IMG_9b39848a487155c1,MO/RES20697.JPG,RES20697.JPG,.jpg,5486117,01,01,,unknown,MO,,,ignored,,,01::MO,parent_folder_fallback,low,4896,3264,JPEG,readable,e5c2c8a5ab387d84ac15b9e0d5651ac16ed87dbc3a005db56483d9c0401d1298,unknown,pending,unreviewed,,
IMG_b3b83b6187123aac,MO/RES20698.JPG,RES20698.JPG,.jpg,5486458,01,01,,unknown,MO,,,ignored,,,01::MO,parent_folder_fallback,low,4896,3264,JPEG,readable,37975f986dad8e3ddc38bb35e0018ca34a7988c5e1c86b895827c4c848fc6ac4,unknown,pending,unreviewed,,
IMG_cae0d76a712fea32,MO/RES20699.JPG,RES20699.JPG,.jpg,5420093,01,01,,unknown,MO,,,ignored,,,01::MO,parent_folder_fallback,low,4896,3264,JPEG,readable,c625fd6e4f5c5187b45eebc1ed63888bca75ed14a9d76efb97e6b5d2c909e4ad,unknown,pending,unreviewed,,
IMG_4f0953111328150a,MO/RES20700.JPG,RES20700.JPG,.jpg,5433279,01,01,,unknown,MO,,,ignored,,,01::MO,parent_folder_fallback,low,4896,3264,JPEG,readable,2f86a30d2f6fcfc7c55f6d9b7dc15fe5fdcb9b15bdf581e934efde380ea1ec41,unknown,pending,unreviewed,,
IMG_d19e12b0a8c64009,MO/RES20701.JPG,RES20701.JPG,.jpg,5426958,01,01,,unknown,MO,,,ignored,,,01::MO,parent_folder_fallback,low,4896,3264,JPEG,readable,e1fc5b9c024b6cdb28c1a9c38c503d62c43c3ca6bc604908792ef93bb63fa2c7,unknown,pending,unreviewed,,
IMG_e50305c445362417,MO/RES20702.JPG,RES20702.JPG,.jpg,5490266,01,01,,unknown,MO,,,ignored,,,01::MO,parent_folder_fallback,low,4896,3264,JPEG,readable,62ce6039de2d935c9b89eb493f605f1904f6c1ce49a69fe7f6668439a4fcd985,unknown,pending,unreviewed,,
IMG_2e0b0b03d94273c2,MO/RES20704.JPG,RES20704.JPG,.jpg,5629727,01,01,,unknown,MO,,,ignored,,,01::MO,parent_folder_fallback,low,4896,3264,JPEG,readable,09f23abb4a0d8508c5079f281c768a809431f29161bd432fea5c9c66a184ee8f,unknown,pending,unreviewed,,
IMG_b4438f6b0f0fb4c1,MO/RES20705.JPG,RES20705.JPG,.jpg,5661353,01,01,,unknown,MO,,,ignored,,,01::MO,parent_folder_fallback,low,4896,3264,JPEG,readable,68eeec20ea610e24bdfaf22c9e8b2e33607e597d6b6a8ea129c0655f0cf54121,unknown,pending,unreviewed,,
IMG_c6f4342d160b6a37,MO/RES20706.JPG,RES20706.JPG,.jpg,5657960,01,01,,unknown,MO,,,ignored,,,01::MO,parent_folder_fallback,low,4896,3264,JPEG,readable,70e238eec9b18be8917078cd4e4a606dd641f525501abb162dfe6926bcf76958,unknown,pending,unreviewed,,
IMG_d9e22be222a6370b,MO/RES20707.JPG,RES20707.JPG,.jpg,5614304,01,01,,unknown,MO,,,ignored,,,01::MO,parent_folder_fallback,low,4896,3264,JPEG,readable,6abf59a1c487ace0d1df366fe50360d9c8bc35ca3fc489f32261c8caaf433291,unknown,pending,unreviewed,,
IMG_98bd39d6030f7e09,MO/RES20710.JPG,RES20710.JPG,.jpg,5412880,01,01,,unknown,MO,,,ignored,,,01::MO,parent_folder_fallback,low,4896,3264,JPEG,readable,8d4d5c3a08528627bec2c7f41cf37474bc08139754e64350a1504472055d734e,unknown,pending,unreviewed,,
IMG_59d50480adc705f2,MO/RES20711.JPG,RES20711.JPG,.jpg,5290032,01,01,,unknown,MO,,,ignored,,,01::MO,parent_folder_fallback,low,4896,3264,JPEG,readable,2bf8fe47a5868411ce9aa3c3154386fbef8546094fb43f419fb9cafb15bfba55,unknown,pending,unreviewed,,
IMG_368df78d62d10a32,MO/RES20715.JPG,RES20715.JPG,.jpg,5694274,01,01,,unknown,MO,,,ignored,,,01::MO,parent_folder_fallback,low,4896,3264,JPEG,readable,5e793c0e38af244105091799f0a97c1931683cfe4b60872f28e7387d97efa46b,unknown,pending,unreviewed,,
IMG_b7920e1122a9bc59,MO/RES20716.JPG,RES20716.JPG,.jpg,5645033,01,01,,unknown,MO,,,ignored,,,01::MO,parent_folder_fallback,low,4896,3264,JPEG,readable,21602950e13978c96032562546e5ad051546eb49ccdb02e608c35c23f947b2c7,unknown,pending,unreviewed,,
IMG_1d98dec49f095b6a,MO/RES20722.JPG,RES20722.JPG,.jpg,5454209,01,01,,unknown,MO,,,ignored,,,01::MO,parent_folder_fallback,low,4896,3264,JPEG,readable,907f8b344e5c56c02cfd9225b07e26ec6dc13248bd36832027bbba08cefc3113,unknown,pending,unreviewed,,
IMG_0380d568513dd338,MO/RES20723.JPG,RES20723.JPG,.jpg,5350543,01,01,,unknown,MO,,,ignored,,,01::MO,parent_folder_fallback,low,4896,3264,JPEG,readable,650f31d37909833255744ef7b78885d365c300aeceec1ce72096b814b50f2972,unknown,pending,unreviewed,,
IMG_a586d2e836ba08bc,MO/RES20724.JPG,RES20724.JPG,.jpg,5451959,01,01,,unknown,MO,,,ignored,,,01::MO,parent_folder_fallback,low,4896,3264,JPEG,readable,e57fe5ad0e2bff1e3dbec4b143d6aa2cf14c86d8227e3cfc16d8932bb3eabf05,unknown,pending,unreviewed,,
IMG_75a1cb4627b83b7e,MO/RES20725.JPG,RES20725.JPG,.jpg,5456985,01,01,,unknown,MO,,,ignored,,,01::MO,parent_folder_fallback,low,4896,3264,JPEG,readable,0d38bd18bb87c275fe3c0d2b7d3d6388815e34b262e45fb76514804d3c3a9cbf,unknown,pending,unreviewed,,
IMG_64831f88c84d36c4,MO/RES20726.JPG,RES20726.JPG,.jpg,5515729,01,01,,unknown,MO,,,ignored,,,01::MO,parent_folder_fallback,low,4896,3264,JPEG,readable,82ec05e53054ee0ccb81c6959fb315548a4ba5dfa2cff33085d378b5998060d2,unknown,pending,unreviewed,,
IMG_cfecfceb1d16effe,MO/RES20728.JPG,RES20728.JPG,.jpg,5574037,01,01,,unknown,MO,,,ignored,,,01::MO,parent_folder_fallback,low,4896,3264,JPEG,readable,ff0f1d64015056974f183e4e712d0719a0b7f38fe4500a4fb499895698e942c6,unknown,pending,unreviewed,,
IMG_d92f32150bf3251d,MO/RES20729.JPG,RES20729.JPG,.jpg,5607468,01,01,,unknown,MO,,,ignored,,,01::MO,parent_folder_fallback,low,4896,3264,JPEG,readable,79bce080bd8bc4fbc43571464e0f89edb76d208ae8651036a39607a8de928d76,unknown,pending,unreviewed,,
IMG_d4516cb24c044b2c,MO/RES20730.JPG,RES20730.JPG,.jpg,5566949,01,01,,unknown,MO,,,ignored,,,01::MO,parent_folder_fallback,low,4896,3264,JPEG,readable,573741d48d6077cf44ef741d3f0285f1f020f456e7d21d9c6af48bea883cd364,unknown,pending,unreviewed,,
IMG_a6736409cba72bbc,MO/RES20731.JPG,RES20731.JPG,.jpg,5525060,01,01,,unknown,MO,,,ignored,,,01::MO,parent_folder_fallback,low,4896,3264,JPEG,readable,5509393cda3f4201c68a7ade255340b1abf728dc8a9e91beb5386640e96a4416,unknown,pending,unreviewed,,
IMG_85413a90e00603d1,MO/RES20733.JPG,RES20733.JPG,.jpg,5458164,01,01,,unknown,MO,,,ignored,,,01::MO,parent_folder_fallback,low,4896,3264,JPEG,readable,87d46857fdde7fef5e9ed69766fac74bff452c50c7169d7ffb0455e3f1b58521,unknown,pending,unreviewed,,
IMG_31b45d59f21d6631,MO/RES20734.JPG,RES20734.JPG,.jpg,5425975,01,01,,unknown,MO,,,ignored,,,01::MO,parent_folder_fallback,low,4896,3264,JPEG,readable,b2ef2f40752b5545aeec107850f16bd02c28b1856bed913b36c3cf87db309bea,unknown,pending,unreviewed,,
IMG_e6e1cba83413d44f,MO/RES20735.JPG,RES20735.JPG,.jpg,5379172,01,01,,unknown,MO,,,ignored,,,01::MO,parent_folder_fallback,low,4896,3264,JPEG,readable,af7325e3caa09d1ca27c94692dea7de1cef62cb9743503d1e3a95a6850028d6c,unknown,pending,unreviewed,,
IMG_9e9b2004b4731c72,MO/RES20736.JPG,RES20736.JPG,.jpg,5339370,01,01,,unknown,MO,,,ignored,,,01::MO,parent_folder_fallback,low,4896,3264,JPEG,readable,6b9ef2edb772f01d00df2faa3bc854a1ef453856a50c8877cded278fc2ef9391,unknown,pending,unreviewed,,
IMG_7f2cd00f81d047fc,MO/RES20737.JPG,RES20737.JPG,.jpg,5500622,01,01,,unknown,MO,,,ignored,,,01::MO,parent_folder_fallback,low,4896,3264,JPEG,readable,ee330cc8ba4339ed0b37486f4cb4005228bf3d6f6c00941d7c1a7da1c95d61b8,unknown,pending,unreviewed,,
IMG_808951ba308ba5d7,MO/RES20738.JPG,RES20738.JPG,.jpg,5546462,01,01,,unknown,MO,,,ignored,,,01::MO,parent_folder_fallback,low,4896,3264,JPEG,readable,6081586171ddd130ba1d8eccb3939a7d38d1d52791fa129f963b6bf38bf2c963,unknown,pending,unreviewed,,
IMG_f3f98ba850d9f0f1,MO/RES20741.JPG,RES20741.JPG,.jpg,5618462,01,01,,unknown,MO,,,ignored,,,01::MO,parent_folder_fallback,low,4896,3264,JPEG,readable,567e3fec4b493165424e53b34e89a49623be3e8cb182f0b81d97bfb8f14e36d3,unknown,pending,unreviewed,,
IMG_dbc62f67564ad245,MO/RES20742.JPG,RES20742.JPG,.jpg,5706076,01,01,,unknown,MO,,,ignored,,,01::MO,parent_folder_fallback,low,4896,3264,JPEG,readable,30d44c858e410c27d42cfb8e5c4c4bff7ed0eebd279918f4a91a73af52c97416,unknown,pending,unreviewed,,
IMG_b0e37e3350c25a0d,MO/RES20743.JPG,RES20743.JPG,.jpg,5697588,01,01,,unknown,MO,,,ignored,,,01::MO,parent_folder_fallback,low,4896,3264,JPEG,readable,2280cb55fd1927a25897262fdc439dd5a21601039cc07ec59250c397f446a06d,unknown,pending,unreviewed,,
IMG_c552ea166c62b9b6,MO/RES20744.JPG,RES20744.JPG,.jpg,5692662,01,01,,unknown,MO,,,ignored,,,01::MO,parent_folder_fallback,low,4896,3264,JPEG,readable,f60dcb1106c498920813f5c22becdd40fa6ec9b15ffff20ade4b4f03b61e065a,unknown,pending,unreviewed,,
IMG_bb8cace687f364ea,MO/RES20745.JPG,RES20745.JPG,.jpg,5492147,01,01,,unknown,MO,,,ignored,,,01::MO,parent_folder_fallback,low,4896,3264,JPEG,readable,538e5832638320afdd76be6af9a9b92762989b9cedbf83931ab0af909a8203b3,unknown,pending,unreviewed,,
IMG_6acdc214dbd5932e,MO/RES20746.JPG,RES20746.JPG,.jpg,5520658,01,01,,unknown,MO,,,ignored,,,01::MO,parent_folder_fallback,low,4896,3264,JPEG,readable,2e7e6bce1217f6a7e9d205410aadffaaaeb9660e5068b7fdb46d9aeeeb67ddb7,unknown,pending,unreviewed,,
IMG_26be49265253515e,MO/RES20749.JPG,RES20749.JPG,.jpg,5358529,01,01,,unknown,MO,,,ignored,,,01::MO,parent_folder_fallback,low,4896,3264,JPEG,readable,c79960ee29ad1be56d3d63a855b7b100630d15414bd726d907c495bf7b6047b7,unknown,pending,unreviewed,,
IMG_9efd208ac274afaf,MO/RES20753.JPG,RES20753.JPG,.jpg,5521759,01,01,,unknown,MO,,,ignored,,,01::MO,parent_folder_fallback,low,4896,3264,JPEG,readable,84dad03739cb3dfb8c8b27c004e299e3ab29e1df32b3d4ef57fd82871de02c22,unknown,pending,unreviewed,,
IMG_9aa2d02d0191b8d5,MO/RES20754.JPG,RES20754.JPG,.jpg,5493730,01,01,,unknown,MO,,,ignored,,,01::MO,parent_folder_fallback,low,4896,3264,JPEG,readable,6813b2bc066939c3850d89fb612bf8cf4c35cc989dffb0cd1f4ae538817beed2,unknown,pending,unreviewed,,
IMG_75b8cea423f47946,MO/RES20755.JPG,RES20755.JPG,.jpg,5452908,01,01,,unknown,MO,,,ignored,,,01::MO,parent_folder_fallback,low,4896,3264,JPEG,readable,8eba97ede1e35b3f5131a64993bc8a995391ef029a4dd4975bd13b8b90ebc02c,unknown,pending,unreviewed,,
IMG_2d0549595412b304,MO/RES20756.JPG,RES20756.JPG,.jpg,5398388,01,01,,unknown,MO,,,ignored,,,01::MO,parent_folder_fallback,low,4896,3264,JPEG,readable,dcea851fab445396d7222737f9780f3174bef488d2e387b227bb9675389ac5f3,unknown,pending,unreviewed,,
IMG_37b6ac51cf0f9efe,MO/RES20757.JPG,RES20757.JPG,.jpg,5581683,01,01,,unknown,MO,,,ignored,,,01::MO,parent_folder_fallback,low,4896,3264,JPEG,readable,d8c0d5053f7b38849f0a91e2f8bc3e39a201653c7947e9dfade2decc47711e82,unknown,pending,unreviewed,,
IMG_80551d7f028bc20e,MO/RES20758.JPG,RES20758.JPG,.jpg,5675661,01,01,,unknown,MO,,,ignored,,,01::MO,parent_folder_fallback,low,4896,3264,JPEG,readable,de1e876e7a19ca7a61388827fae7700114c131c2e18eb5264087fd42768f4b79,unknown,pending,unreviewed,,
IMG_b46361e428181f06,MO/RES20759.JPG,RES20759.JPG,.jpg,5658185,01,01,,unknown,MO,,,ignored,,,01::MO,parent_folder_fallback,low,4896,3264,JPEG,readable,04dff0e075c1d1e4ae2e5a5b63e55ed2952ce9bf0c9dc9668223a31adadfed26,unknown,pending,unreviewed,,
IMG_fbe9f55a7d66c234,MO/RES20760.JPG,RES20760.JPG,.jpg,5677596,01,01,,unknown,MO,,,ignored,,,01::MO,parent_folder_fallback,low,4896,3264,JPEG,readable,4bd07da47a7a15448a432589f74b2bdaa970a832ce92b3eaa26d4e9d44a6a767,unknown,pending,unreviewed,,
IMG_715e0f1f3c892061,MO/RES20761.JPG,RES20761.JPG,.jpg,5667889,01,01,,unknown,MO,,,ignored,,,01::MO,parent_folder_fallback,low,4896,3264,JPEG,readable,0adb1f49b01ece4663fd947549889e58c6350bccb99fe14b6bdcbf76711bca68,unknown,pending,unreviewed,,
IMG_5f5ebabb7fc0e756,MO/RES20764.JPG,RES20764.JPG,.jpg,5502753,01,01,,unknown,MO,,,ignored,,,01::MO,parent_folder_fallback,low,4896,3264,JPEG,readable,95144717cab23d9de2ced11575bad0e8e946aa52ac7840cf66604fde9706df14,unknown,pending,unreviewed,,
IMG_59b1d52f67c0559f,MO/RES20765.JPG,RES20765.JPG,.jpg,5501854,01,01,,unknown,MO,,,ignored,,,01::MO,parent_folder_fallback,low,4896,3264,JPEG,readable,4da2334d63de096eb0ec3f75cb6171fc8af340f15b1ae4541446beb83a014a7d,unknown,pending,unreviewed,,
IMG_8eec99c2e40bcd95,MO/RES20766.JPG,RES20766.JPG,.jpg,5547315,01,01,,unknown,MO,,,ignored,,,01::MO,parent_folder_fallback,low,4896,3264,JPEG,readable,794d34269776499299ca0ad6755bdbefd1ef54e40b383301d76843fd37d2af28,unknown,pending,unreviewed,,
IMG_14c929cdb9c4b012,MO/RES20767.JPG,RES20767.JPG,.jpg,5393186,01,01,,unknown,MO,,,ignored,,,01::MO,parent_folder_fallback,low,4896,3264,JPEG,readable,c83bd030eb9ce57b69b81ad9e765f647c55ab1b9f401ab6c99a1359fb2ac0f64,unknown,pending,unreviewed,,
IMG_14f6f2f233dd9c5a,MO/RES20771.JPG,RES20771.JPG,.jpg,5628725,01,01,,unknown,MO,,,ignored,,,01::MO,parent_folder_fallback,low,4896,3264,JPEG,readable,933c0fdba11d6c9335d54b28891eb98022be50368a567a4ae30ff8cf2dfb4967,unknown,pending,unreviewed,,
IMG_9990ab6ea7709ecc,MO/RES20772.JPG,RES20772.JPG,.jpg,5600504,01,01,,unknown,MO,,,ignored,,,01::MO,parent_folder_fallback,low,4896,3264,JPEG,readable,a21ffe444dd1b70ef266d4d977752b70b47e437528f3c0edd4ecff215c71f5bf,unknown,pending,unreviewed,,
IMG_29dda6dfb6339c77,MO/RES20773.JPG,RES20773.JPG,.jpg,5585250,01,01,,unknown,MO,,,ignored,,,01::MO,parent_folder_fallback,low,4896,3264,JPEG,readable,d71c239ecc3195eb3e46cd1ddb370b134dee7ffb50258138edf8edfbb2c74ae1,unknown,pending,unreviewed,,
IMG_e12eafbc69f41dd5,MO/RES20774.JPG,RES20774.JPG,.jpg,5540897,01,01,,unknown,MO,,,ignored,,,01::MO,parent_folder_fallback,low,4896,3264,JPEG,readable,3576ecbf692c8db5471eeaaa46f47f08bd9a5ed5bd7dd0b6f4bdb831256906cc,unknown,pending,unreviewed,,
IMG_856da6534acd37f0,MO/RES20779.JPG,RES20779.JPG,.jpg,5519167,01,01,,unknown,MO,,,ignored,,,01::MO,parent_folder_fallback,low,4896,3264,JPEG,readable,1ff98a6f6b77d67b8c25e2147cb40c43318007497e9fe2c440e4160b7a65f2af,unknown,pending,unreviewed,,
IMG_c7a7e4db1c2992ba,MO/RES20780.JPG,RES20780.JPG,.jpg,5498934,01,01,,unknown,MO,,,ignored,,,01::MO,parent_folder_fallback,low,4896,3264,JPEG,readable,499332df9e25689823daa108de1a70fa74a551866416ea571a0287117d98557b,unknown,pending,unreviewed,,
IMG_007c2e695a959782,MO/RES20781.JPG,RES20781.JPG,.jpg,5495933,01,01,,unknown,MO,,,ignored,,,01::MO,parent_folder_fallback,low,4896,3264,JPEG,readable,5e891223681a372243afae64b2866639637b6eb04bcb13711906596a209e9194,unknown,pending,unreviewed,,
IMG_26d4c6da421568e4,MO/RES20782.JPG,RES20782.JPG,.jpg,5447374,01,01,,unknown,MO,,,ignored,,,01::MO,parent_folder_fallback,low,4896,3264,JPEG,readable,5d6b34a4fe3e34a0ea67dbccd6d5180d6ceb549be84876dcee6d6f0e1a9611da,unknown,pending,unreviewed,,
IMG_8be787e8439e85e5,MO/RES20783.JPG,RES20783.JPG,.jpg,5453275,01,01,,unknown,MO,,,ignored,,,01::MO,parent_folder_fallback,low,4896,3264,JPEG,readable,4d24f3c3643c5bca1fe635a169e27d0475947a48c6b37fd1bcb4011430ffe415,unknown,pending,unreviewed,,
IMG_c2697837366b1ef2,MO/RES20784.JPG,RES20784.JPG,.jpg,5667598,01,01,,unknown,MO,,,ignored,,,01::MO,parent_folder_fallback,low,4896,3264,JPEG,readable,796d7c6b21f69b0e83b861797c1c49760d9acb908fdacb6eed88ef10ecfef22e,unknown,pending,unreviewed,,
IMG_810a24884ff4358d,MO/RES20786.JPG,RES20786.JPG,.jpg,5451558,01,01,,unknown,MO,,,ignored,,,01::MO,parent_folder_fallback,low,4896,3264,JPEG,readable,7077bee105cff0a4967acc62d89bf39ab149ddf5e56bb3407f55cb78c2ca5bfe,unknown,pending,unreviewed,,
IMG_eb06723167fceaac,MO/RES20787.JPG,RES20787.JPG,.jpg,5349420,01,01,,unknown,MO,,,ignored,,,01::MO,parent_folder_fallback,low,4896,3264,JPEG,readable,25b2a833ef6ed77d7c963367cd2c7f9aa5a5fdb57478f36eb887d9f13a588fa1,unknown,pending,unreviewed,,
IMG_e072c7f2120ba1be,MO/RES20792.JPG,RES20792.JPG,.jpg,5545543,01,01,,unknown,MO,,,ignored,,,01::MO,parent_folder_fallback,low,4896,3264,JPEG,readable,9edced77aa412d9508c59f0b57ab3d32bc4eed1222b4cfc695cea923c8fb46f7,unknown,pending,unreviewed,,
IMG_8c6d79b2f0121b00,MO/RES20793.JPG,RES20793.JPG,.jpg,5515195,01,01,,unknown,MO,,,ignored,,,01::MO,parent_folder_fallback,low,4896,3264,JPEG,readable,45c50f85a2fa5996e95e0a76ffbf14710f9bdb9e06be7c7211eb94c7744c0893,unknown,pending,unreviewed,,
IMG_2a1d30b277d4c8a6,MO/RES20794.JPG,RES20794.JPG,.jpg,5461620,01,01,,unknown,MO,,,ignored,,,01::MO,parent_folder_fallback,low,4896,3264,JPEG,readable,707f054974f9bc949510632d066dc2ddd330c58ce92317dd9ded8824673a4581,unknown,pending,unreviewed,,
IMG_2f610ef40adbe170,MO/RES20795.JPG,RES20795.JPG,.jpg,5443849,01,01,,unknown,MO,,,ignored,,,01::MO,parent_folder_fallback,low,4896,3264,JPEG,readable,e2362e1e012b4f541565298092cbb1dbd1efea0fff6ddb18910c1dd1d44d3893,unknown,pending,unreviewed,,
IMG_a5a34dd505cac92e,MO/RES20808.JPG,RES20808.JPG,.jpg,5322103,01,01,,unknown,MO,,,ignored,,,01::MO,parent_folder_fallback,low,4896,3264,JPEG,readable,ecd92b5ba2318a032f178b6c38910d44cc3eb1353c60cbc8aa42de19eb86459a,unknown,pending,unreviewed,,
IMG_22c5c58ca2202568,MO/RES20809.JPG,RES20809.JPG,.jpg,5343931,01,01,,unknown,MO,,,ignored,,,01::MO,parent_folder_fallback,low,4896,3264,JPEG,readable,acb0bd2a199fa98d93867121a4f5e597a70e5430d6b92237cf85e7b2b8984ead,unknown,pending,unreviewed,,
IMG_b3084f2fef84d0f4,MO/RES20810.JPG,RES20810.JPG,.jpg,5376517,01,01,,unknown,MO,,,ignored,,,01::MO,parent_folder_fallback,low,4896,3264,JPEG,readable,5349b3c8d9ba17ce5771ec1a0df86e59d841147251e19c5b64590a28e5bdda39,unknown,pending,unreviewed,,
IMG_b9184584152c89b5,nn relationship/0142_20140417_SZi_01_RAY_0007.JPG,0142_20140417_SZi_01_RAY_0007.JPG,.jpg,7453772,01,01,2014-04-17,unknown,nn relationship,,,ignored,,,01::0142_20140417_SZi_01_RAY,filename_trailing_number,medium,4896,3264,JPEG,readable,be8b770d1a4b8594011ff637f7f481da2758b8cc799d35883b4f2a69c1b9f06b,unknown,pending,unreviewed,,
IMG_3f5b055f31ac6f23,nn relationship/0145_20140417_SZi_01_RAY_0012.JPG,0145_20140417_SZi_01_RAY_0012.JPG,.jpg,5817267,01,01,2014-04-17,unknown,nn relationship,,,ignored,,,01::0145_20140417_SZi_01_RAY,filename_trailing_number,medium,4896,3264,JPEG,readable,cc7783ede39fa402764d3e8d6824ab90c6e815b10e66d9ca6b92eff2aed796b8,unknown,pending,unreviewed,,
IMG_9be34a3aceb8353a,nn relationship/0161_20140417_SZi_01_RAY_0058.JPG,0161_20140417_SZi_01_RAY_0058.JPG,.jpg,5565329,01,01,2014-04-17,unknown,nn relationship,,,ignored,,,01::0161_20140417_SZi_01_RAY,filename_trailing_number,medium,4896,3264,JPEG,readable,f09d9231c5088e563efca43d0b5d9d560f86a0c0faf20c28dd638ca8ef6e9e7e,unknown,pending,unreviewed,,
IMG_23bfa55dabe60968,nn relationship/0162_20140417_SZi_01_RAY_0059.JPG,0162_20140417_SZi_01_RAY_0059.JPG,.jpg,5533543,01,01,2014-04-17,unknown,nn relationship,,,ignored,,,01::0162_20140417_SZi_01_RAY,filename_trailing_number,medium,4896,3264,JPEG,readable,5358885222bd3215a9a7b01c50f83dbdfef0b623f58ad31ca53e231de1275031,unknown,pending,unreviewed,,
IMG_e7d81bcd993007b3,nn relationship/0167_20140417_SZi_01_RAY_0082.JPG,0167_20140417_SZi_01_RAY_0082.JPG,.jpg,5473853,01,01,2014-04-17,unknown,nn relationship,,,ignored,,,01::0167_20140417_SZi_01_RAY,filename_trailing_number,medium,4896,3264,JPEG,readable,6f7f79805a4f37a1d68f5365c490d85800486e6308bad2bc43e5d9484f5762ba,unknown,pending,unreviewed,,
IMG_380322e236317d88,nn relationship/0174_20140417_SZi_01_RAY_0095.JPG,0174_20140417_SZi_01_RAY_0095.JPG,.jpg,5929903,01,01,2014-04-17,unknown,nn relationship,,,ignored,,,01::0174_20140417_SZi_01_RAY,filename_trailing_number,medium,4896,3264,JPEG,readable,5bc5a24416b4c1575d301590c270c169ab529a30602683761c99a6408b3e316c,unknown,pending,unreviewed,,
IMG_948220b742173867,nn relationship/0175_20140417_SZi_01_RAY_0096.JPG,0175_20140417_SZi_01_RAY_0096.JPG,.jpg,6099841,01,01,2014-04-17,unknown,nn relationship,,,ignored,,,01::0175_20140417_SZi_01_RAY,filename_trailing_number,medium,4896,3264,JPEG,readable,aae48c4b0230970df9c651a595dd51cc132e2b77e6b552ff57e57b10fb96a0d5,unknown,pending,unreviewed,,
IMG_1a02b7f19d63d5c5,nn relationship/0176_20140417_SZi_01_RAY_0098.JPG,0176_20140417_SZi_01_RAY_0098.JPG,.jpg,6176452,01,01,2014-04-17,unknown,nn relationship,,,ignored,,,01::0176_20140417_SZi_01_RAY,filename_trailing_number,medium,4896,3264,JPEG,readable,d9409d2de24bda5f31fc5146ba5ef71ac30f86892cc7a10d49741eb0a81211de,unknown,pending,unreviewed,,
IMG_e4d5913a387c659c,nn relationship/0177_20140417_SZi_01_RAY_0099.JPG,0177_20140417_SZi_01_RAY_0099.JPG,.jpg,6135355,01,01,2014-04-17,unknown,nn relationship,,,ignored,,,01::0177_20140417_SZi_01_RAY,filename_trailing_number,medium,4896,3264,JPEG,readable,7015a740e5cdcc850a14e90fd5262ac64820adceda7014d7eb61c8133ad80dcf,unknown,pending,unreviewed,,
IMG_ca152e1f104788e2,nn relationship/0199_20140417_SZi_01_RAY_0142.JPG,0199_20140417_SZi_01_RAY_0142.JPG,.jpg,5263700,01,01,2014-04-17,unknown,nn relationship,,,ignored,,,01::0199_20140417_SZi_01_RAY,filename_trailing_number,medium,4896,3264,JPEG,readable,e080852a5c7ca2aad1316ec062e685063b358d8a91dc8839372e06cb80965aea,unknown,pending,unreviewed,,
IMG_6da6d007dddb2487,nn relationship/0200_20140417_SZi_01_RAY_0143.JPG,0200_20140417_SZi_01_RAY_0143.JPG,.jpg,5226511,01,01,2014-04-17,unknown,nn relationship,,,ignored,,,01::0200_20140417_SZi_01_RAY,filename_trailing_number,medium,4896,3264,JPEG,readable,3ab24d6440f98618b6eaf6d3a552c35094d34c4a7e54fd327a018022d21f548c,unknown,pending,unreviewed,,
IMG_82a251119485326d,nn relationship/0220_20140417_SZi_01_RAY_0178.JPG,0220_20140417_SZi_01_RAY_0178.JPG,.jpg,5542042,01,01,2014-04-17,unknown,nn relationship,,,ignored,,,01::0220_20140417_SZi_01_RAY,filename_trailing_number,medium,4896,3264,JPEG,readable,cfea8e2a2129bc9757f1752bdeac794a8668bd1b8cdb95617a4353df56e58991,unknown,pending,unreviewed,,
IMG_f84a7a41a02431ce,nn relationship/0221_20140417_SZi_01_RAY_0179.JPG,0221_20140417_SZi_01_RAY_0179.JPG,.jpg,5572655,01,01,2014-04-17,unknown,nn relationship,,,ignored,,,01::0221_20140417_SZi_01_RAY,filename_trailing_number,medium,4896,3264,JPEG,readable,8c27f6afcf7e3ffcffb341ea5ff194c9a8a44d927dd25cd853f1d29b585230c2,unknown,pending,unreviewed,,
IMG_bca7eb6f1fbb7f52,nn relationship/0222_20140417_SZi_01_RAY_0180.JPG,0222_20140417_SZi_01_RAY_0180.JPG,.jpg,5513797,01,01,2014-04-17,unknown,nn relationship,,,ignored,,,01::0222_20140417_SZi_01_RAY,filename_trailing_number,medium,4896,3264,JPEG,readable,d325b176a63ace4e72caf37150aa910fe94a861255e1b409c1579a754ca7748e,unknown,pending,unreviewed,,
IMG_fb093072446798cb,nn relationship/0223_20140417_SZi_01_RAY_0184.JPG,0223_20140417_SZi_01_RAY_0184.JPG,.jpg,5078244,01,01,2014-04-17,unknown,nn relationship,,,ignored,,,01::0223_20140417_SZi_01_RAY,filename_trailing_number,medium,4896,3264,JPEG,readable,f7035b391d980a34d24edae6dc8c0c155ce16ea86c26b29ca90805a005bb496a,unknown,pending,unreviewed,,
IMG_ccd9ba87880509e3,nn relationship/0224_20140417_SZi_01_RAY_0185.JPG,0224_20140417_SZi_01_RAY_0185.JPG,.jpg,4614274,01,01,2014-04-17,unknown,nn relationship,,,ignored,,,01::0224_20140417_SZi_01_RAY,filename_trailing_number,medium,4896,3264,JPEG,readable,95c665480ff7a1b02a057cc974406857023101d573626a485c0d714ae8d30b44,unknown,pending,unreviewed,,
IMG_ba49e9443a664161,nn relationship/0225_20140417_SZi_01_RAY_0186.JPG,0225_20140417_SZi_01_RAY_0186.JPG,.jpg,5189630,01,01,2014-04-17,unknown,nn relationship,,,ignored,,,01::0225_20140417_SZi_01_RAY,filename_trailing_number,medium,4896,3264,JPEG,readable,559047bab9df4f3a48a5e03d0c969cb4edabaad20fec77d387eb4045a375c104,unknown,pending,unreviewed,,
IMG_5af9cec8a8b13dc0,nn relationship/0230_20140417_SZi_01_RAY_0191.JPG,0230_20140417_SZi_01_RAY_0191.JPG,.jpg,5403130,01,01,2014-04-17,unknown,nn relationship,,,ignored,,,01::0230_20140417_SZi_01_RAY,filename_trailing_number,medium,4896,3264,JPEG,readable,3de44e06865a0ee86f3f413a3f0c39c98f3a8ec8cb3d2ca6fddaa67b364ef870,unknown,pending,unreviewed,,
IMG_7a8b37bb9e3db78b,nn relationship/0231_20140417_SZi_01_RAY_0193.JPG,0231_20140417_SZi_01_RAY_0193.JPG,.jpg,5145242,01,01,2014-04-17,unknown,nn relationship,,,ignored,,,01::0231_20140417_SZi_01_RAY,filename_trailing_number,medium,4896,3264,JPEG,readable,d6d95ad9d61fd627310b0f350622ecf998f0b1546f942b4f81d812d90dc74cbc,unknown,pending,unreviewed,,
IMG_3fc510feb02b66c5,nn relationship/0238_20140417_SZi_01_RAY_0215.JPG,0238_20140417_SZi_01_RAY_0215.JPG,.jpg,5993987,01,01,2014-04-17,unknown,nn relationship,,,ignored,,,01::0238_20140417_SZi_01_RAY,filename_trailing_number,medium,4896,3264,JPEG,readable,8c98b753eeee220f3734eb049371e3cc64bfbeb3e6ab5ceea66ea25c3004fe61,unknown,pending,unreviewed,,
IMG_5765b3af9a3fc1ca,nn relationship/0239_20140417_SZi_01_RAY_0216.JPG,0239_20140417_SZi_01_RAY_0216.JPG,.jpg,6002559,01,01,2014-04-17,unknown,nn relationship,,,ignored,,,01::0239_20140417_SZi_01_RAY,filename_trailing_number,medium,4896,3264,JPEG,readable,a9aa5aea5ffab62ea323f74e7594705f1e564fc7d274520944a712f5b990ea9f,unknown,pending,unreviewed,,
IMG_4f29e855daed4478,nn relationship/0240_20140417_SZi_01_RAY_0217.JPG,0240_20140417_SZi_01_RAY_0217.JPG,.jpg,5769160,01,01,2014-04-17,unknown,nn relationship,,,ignored,,,01::0240_20140417_SZi_01_RAY,filename_trailing_number,medium,4896,3264,JPEG,readable,407e06496f02869d1522e940938b24b282e1404ada1bdaba2942b63457deeefb,unknown,pending,unreviewed,,
IMG_6dda07747925083a,nn relationship/0255_20140417_SZi_01_RAY_0252.JPG,0255_20140417_SZi_01_RAY_0252.JPG,.jpg,5645157,01,01,2014-04-17,unknown,nn relationship,,,ignored,,,01::0255_20140417_SZi_01_RAY,filename_trailing_number,medium,4896,3264,JPEG,readable,5a282f5301aa0d76cbc656e59823eb716e3732e2961a96657790e6cf3a06ddac,unknown,pending,unreviewed,,
IMG_f990e47f9e11cdb7,nn relationship/0263_20140417_SZi_01_RAY_0264.JPG,0263_20140417_SZi_01_RAY_0264.JPG,.jpg,5454179,01,01,2014-04-17,unknown,nn relationship,,,ignored,,,01::0263_20140417_SZi_01_RAY,filename_trailing_number,medium,4896,3264,JPEG,readable,be30c990bf755b4b0c1b0b49adefda87a60ba446cc1caa30d359a178de1f81df,unknown,pending,unreviewed,,
IMG_901bfe7cdac17401,nn relationship/0270_20140417_SZi_01_RAY_0275.JPG,0270_20140417_SZi_01_RAY_0275.JPG,.jpg,5652526,01,01,2014-04-17,unknown,nn relationship,,,ignored,,,01::0270_20140417_SZi_01_RAY,filename_trailing_number,medium,4896,3264,JPEG,readable,9dc2c68fccca32cdb7c38bfc062aab5204aa72b9e918ff03bccbb0f74985461a,unknown,pending,unreviewed,,
IMG_e6047ea323a17d78,nn relationship/0293_20140417_SZi_01_RAY_0327.JPG,0293_20140417_SZi_01_RAY_0327.JPG,.jpg,5556784,01,01,2014-04-17,unknown,nn relationship,,,ignored,,,01::0293_20140417_SZi_01_RAY,filename_trailing_number,medium,4896,3264,JPEG,readable,88ff45faf3c1019d9e7125e0e51ed565fdf6561e0d016af8583e4b5b5c21580f,unknown,pending,unreviewed,,
IMG_3446c5d24f2e9e8a,nn relationship/0299_20140417_SZi_01_RAY_0339.JPG,0299_20140417_SZi_01_RAY_0339.JPG,.jpg,5629699,01,01,2014-04-17,unknown,nn relationship,,,ignored,,,01::0299_20140417_SZi_01_RAY,filename_trailing_number,medium,4896,3264,JPEG,readable,5a812625f27c7dc4af1167cfdbb5d21865879a71d5b21f03188a5a380039e7ee,unknown,pending,unreviewed,,
IMG_c76719e0793c72fa,nn relationship/0300_20140417_SZi_01_RAY_0340.JPG,0300_20140417_SZi_01_RAY_0340.JPG,.jpg,5884855,01,01,2014-04-17,unknown,nn relationship,,,ignored,,,01::0300_20140417_SZi_01_RAY,filename_trailing_number,medium,4896,3264,JPEG,readable,1286fb42dbacbb9be11025071e3e4e494e4318e1346a7173748caeb082d483ee,unknown,pending,unreviewed,,
IMG_2c52b005195aec30,nn relationship/0301_20140417_SZi_01_RAY_0341.JPG,0301_20140417_SZi_01_RAY_0341.JPG,.jpg,5675961,01,01,2014-04-17,unknown,nn relationship,,,ignored,,,01::0301_20140417_SZi_01_RAY,filename_trailing_number,medium,4896,3264,JPEG,readable,8a708961271746030aa3c2bd2c0c03430cb36b2e889dd0a88b4b6643dd8fbb46,unknown,pending,unreviewed,,
IMG_ab84ee80de34349f,nn relationship/0302_20140417_SZi_01_RAY_0342.JPG,0302_20140417_SZi_01_RAY_0342.JPG,.jpg,5754565,01,01,2014-04-17,unknown,nn relationship,,,ignored,,,01::0302_20140417_SZi_01_RAY,filename_trailing_number,medium,4896,3264,JPEG,readable,19f69b08d355c548efa21ec46664da87b3c55327ce56ba0780265d9991ee2ed5,unknown,pending,unreviewed,,
IMG_532d3180a98f2785,nn relationship/0303_20140417_SZi_01_RAY_0343.JPG,0303_20140417_SZi_01_RAY_0343.JPG,.jpg,5700597,01,01,2014-04-17,unknown,nn relationship,,,ignored,,,01::0303_20140417_SZi_01_RAY,filename_trailing_number,medium,4896,3264,JPEG,readable,5b25f583aa74477c33846486887c0cf0b0955fe7ba8dcc5828a33c2de361ccf8,unknown,pending,unreviewed,,
IMG_a1c5b3e379cabf5b,nn relationship/0309_20140417_SZi_01_RAY_0355.JPG,0309_20140417_SZi_01_RAY_0355.JPG,.jpg,5505287,01,01,2014-04-17,unknown,nn relationship,,,ignored,,,01::0309_20140417_SZi_01_RAY,filename_trailing_number,medium,4896,3264,JPEG,readable,36743988f38b52dc850b07de0305c9c299136576a6df8e76e059cf48865e1da8,unknown,pending,unreviewed,,
IMG_b091ce31d24704f0,nn relationship/0310_20140417_SZi_01_RAY_0356.JPG,0310_20140417_SZi_01_RAY_0356.JPG,.jpg,5627709,01,01,2014-04-17,unknown,nn relationship,,,ignored,,,01::0310_20140417_SZi_01_RAY,filename_trailing_number,medium,4896,3264,JPEG,readable,dbf06d349bc562d876f754425a5ce29ed2436c028edf412d9850dd63ba2d407b,unknown,pending,unreviewed,,
IMG_7bc1152f15f765d1,nn relationship/0311_20140417_SZi_01_RAY_0357.JPG,0311_20140417_SZi_01_RAY_0357.JPG,.jpg,5572307,01,01,2014-04-17,unknown,nn relationship,,,ignored,,,01::0311_20140417_SZi_01_RAY,filename_trailing_number,medium,4896,3264,JPEG,readable,9d8b33658426dc5a9c45220f582c2504403a7f0b4813f63967437a58c3142fc7,unknown,pending,unreviewed,,
IMG_fc0bbb115b82273b,nn relationship/0317_20140417_SZi_01_RAY_0365.JPG,0317_20140417_SZi_01_RAY_0365.JPG,.jpg,5735934,01,01,2014-04-17,unknown,nn relationship,,,ignored,,,01::0317_20140417_SZi_01_RAY,filename_trailing_number,medium,4896,3264,JPEG,readable,1bf96e2e7ef14c068653162adaaed9a0c23e043c7786e1e07393376ee268db25,unknown,pending,unreviewed,,
IMG_b60936fe01da0f89,nn relationship/0318_20140417_SZi_01_RAY_0366.JPG,0318_20140417_SZi_01_RAY_0366.JPG,.jpg,5797837,01,01,2014-04-17,unknown,nn relationship,,,ignored,,,01::0318_20140417_SZi_01_RAY,filename_trailing_number,medium,4896,3264,JPEG,readable,f20f60b7151b715262ad5d2a4cf3ec1432e6ee1fb05e9d77b28a062077628156,unknown,pending,unreviewed,,
IMG_7307a476a977f96b,nn relationship/0324_20140417_SZi_01_RAY_0374.JPG,0324_20140417_SZi_01_RAY_0374.JPG,.jpg,5663215,01,01,2014-04-17,unknown,nn relationship,,,ignored,,,01::0324_20140417_SZi_01_RAY,filename_trailing_number,medium,4896,3264,JPEG,readable,8cfad80c028cb6e194b31e67e1f60a5a5d39a65e3a7b2a8ac827d2460b7f97be,unknown,pending,unreviewed,,
IMG_dbf8a8663b3f841f,nn relationship/0325_20140417_SZi_01_RAY_0375.JPG,0325_20140417_SZi_01_RAY_0375.JPG,.jpg,5603377,01,01,2014-04-17,unknown,nn relationship,,,ignored,,,01::0325_20140417_SZi_01_RAY,filename_trailing_number,medium,4896,3264,JPEG,readable,7d21282c82dc6be50e81af4a91da7e6dcdbf6be55fa2393a8c49bfe89bda388f,unknown,pending,unreviewed,,
IMG_b955f3574879bde4,nn relationship/0337_20140417_SZi_01_RAY_0419.JPG,0337_20140417_SZi_01_RAY_0419.JPG,.jpg,5733611,01,01,2014-04-17,unknown,nn relationship,,,ignored,,,01::0337_20140417_SZi_01_RAY,filename_trailing_number,medium,4896,3264,JPEG,readable,e5d6c457ba89c64a814ece8a580cefbd9036f89508a577f31b08ce5a93cda5fb,unknown,pending,unreviewed,,
IMG_d8b88172a4cd54ef,nn relationship/0338_20140417_SZi_01_RAY_0420.JPG,0338_20140417_SZi_01_RAY_0420.JPG,.jpg,5881268,01,01,2014-04-17,unknown,nn relationship,,,ignored,,,01::0338_20140417_SZi_01_RAY,filename_trailing_number,medium,4896,3264,JPEG,readable,3a7362729bc45920786b95703638b6a3dabd54e39d175a985784156c6eba30bd,unknown,pending,unreviewed,,
IMG_7bcb32b023aaa878,nn relationship/0339_20140417_SZi_01_RAY_0423.JPG,0339_20140417_SZi_01_RAY_0423.JPG,.jpg,5624396,01,01,2014-04-17,unknown,nn relationship,,,ignored,,,01::0339_20140417_SZi_01_RAY,filename_trailing_number,medium,4896,3264,JPEG,readable,5d91c2e5ee84c96124a8eb58951540179143013a0fbc69c1dba9f2cf4feddcc8,unknown,pending,unreviewed,,
IMG_0c1be037d9525384,nn relationship/0343_20140417_SZi_01_RAY_0428.JPG,0343_20140417_SZi_01_RAY_0428.JPG,.jpg,5503696,01,01,2014-04-17,unknown,nn relationship,,,ignored,,,01::0343_20140417_SZi_01_RAY,filename_trailing_number,medium,4896,3264,JPEG,readable,9406729c9b1eb81f5ea709caa0c9ca7b778ca45cb94ef8138242eed92e6b720c,unknown,pending,unreviewed,,
IMG_0ae2ac6e894d2fef,nn relationship/0344_20140417_SZi_01_RAY_0429.JPG,0344_20140417_SZi_01_RAY_0429.JPG,.jpg,5611656,01,01,2014-04-17,unknown,nn relationship,,,ignored,,,01::0344_20140417_SZi_01_RAY,filename_trailing_number,medium,4896,3264,JPEG,readable,4ebb9d034173d3d0087fd5a7bfa77695a7cc8314c5a39be07cce89221275054d,unknown,pending,unreviewed,,
IMG_945e3eb6b5873a1e,nn relationship/0346_20140417_SZi_01_RAY_0434.JPG,0346_20140417_SZi_01_RAY_0434.JPG,.jpg,5694366,01,01,2014-04-17,unknown,nn relationship,,,ignored,,,01::0346_20140417_SZi_01_RAY,filename_trailing_number,medium,4896,3264,JPEG,readable,ea9351c42150f6d2718ef0987147785940d0c91bac14ec750a34e0f87804bb38,unknown,pending,unreviewed,,
IMG_39fe28b119a27a54,nn relationship/0347_20140417_SZi_01_RAY_0435.JPG,0347_20140417_SZi_01_RAY_0435.JPG,.jpg,5797721,01,01,2014-04-17,unknown,nn relationship,,,ignored,,,01::0347_20140417_SZi_01_RAY,filename_trailing_number,medium,4896,3264,JPEG,readable,461e1d3b99406b994af5108035d52d917074d0c6032823729bda205480bc3cda,unknown,pending,unreviewed,,
IMG_12c9c51e54b1af94,nn relationship/0348_20140417_SZi_01_RAY_0436.JPG,0348_20140417_SZi_01_RAY_0436.JPG,.jpg,5783650,01,01,2014-04-17,unknown,nn relationship,,,ignored,,,01::0348_20140417_SZi_01_RAY,filename_trailing_number,medium,4896,3264,JPEG,readable,ea1ef9a7a7c19c00a5c8f4f46035ef4bfb5736d1bde3fe69960cceec968501ea,unknown,pending,unreviewed,,
IMG_d2be3f3bb91a05d0,nn relationship/0349_20140417_SZi_01_RAY_0437.JPG,0349_20140417_SZi_01_RAY_0437.JPG,.jpg,5610145,01,01,2014-04-17,unknown,nn relationship,,,ignored,,,01::0349_20140417_SZi_01_RAY,filename_trailing_number,medium,4896,3264,JPEG,readable,b3e78e7d3b62b1d6cf4ba23bf5d9cca87301159e95d41e041025d4560ccc8c5c,unknown,pending,unreviewed,,
IMG_db004ebd61953be7,nn relationship/0350_20140417_SZi_01_RAY_0438.JPG,0350_20140417_SZi_01_RAY_0438.JPG,.jpg,5598289,01,01,2014-04-17,unknown,nn relationship,,,ignored,,,01::0350_20140417_SZi_01_RAY,filename_trailing_number,medium,4896,3264,JPEG,readable,0e2b9783c936115c58e8dd6910dfd9afc199d048182dfe703650aca99f124c80,unknown,pending,unreviewed,,
IMG_8dee4ca1a6afec80,nn relationship/0353_20140417_SZi_01_RAY_0441.JPG,0353_20140417_SZi_01_RAY_0441.JPG,.jpg,5579153,01,01,2014-04-17,unknown,nn relationship,,,ignored,,,01::0353_20140417_SZi_01_RAY,filename_trailing_number,medium,4896,3264,JPEG,readable,cff78288cb4bd8f8254d999c1aa37a2a1c0e32ce03d4114b7d3b80ac75f3b91a,unknown,pending,unreviewed,,
IMG_2a0d50f2b2d3d9e2,nn relationship/0354_20140417_SZi_01_RAY_0442.JPG,0354_20140417_SZi_01_RAY_0442.JPG,.jpg,5545888,01,01,2014-04-17,unknown,nn relationship,,,ignored,,,01::0354_20140417_SZi_01_RAY,filename_trailing_number,medium,4896,3264,JPEG,readable,c565b387a5e75f0a18c2f93373be269d12b24a627a6c539059c5909b74b602ec,unknown,pending,unreviewed,,
IMG_d4946ba0d8d36a31,nn relationship/0355_20140417_SZi_01_RAY_0443.JPG,0355_20140417_SZi_01_RAY_0443.JPG,.jpg,5551064,01,01,2014-04-17,unknown,nn relationship,,,ignored,,,01::0355_20140417_SZi_01_RAY,filename_trailing_number,medium,4896,3264,JPEG,readable,c0e1ceaa3bd3d1b05d193f961e99fcc5279a0a31edf8f3c6d5c700c5cc79cbf8,unknown,pending,unreviewed,,
IMG_f2d849c85b29e092,nn relationship/0356_20140417_SZi_01_RAY_0444.JPG,0356_20140417_SZi_01_RAY_0444.JPG,.jpg,5584502,01,01,2014-04-17,unknown,nn relationship,,,ignored,,,01::0356_20140417_SZi_01_RAY,filename_trailing_number,medium,4896,3264,JPEG,readable,03dfbbaaab6e03b56d31e568b09a0eda9a750271856986e8f5a0a7e888a49083,unknown,pending,unreviewed,,
IMG_615205fa93e935f5,nn relationship/0378_20140417_SZi_01_RAY_0483.JPG,0378_20140417_SZi_01_RAY_0483.JPG,.jpg,5891237,01,01,2014-04-17,unknown,nn relationship,,,ignored,,,01::0378_20140417_SZi_01_RAY,filename_trailing_number,medium,4896,3264,JPEG,readable,6f37f59c40db5d29f1ae6290e8ae7b8419f93849ab7992f6f54db70b4cbd9c6f,unknown,pending,unreviewed,,
IMG_a456a2d3a8b2bde4,nn relationship/0381_20140417_SZi_01_RAY_0489.JPG,0381_20140417_SZi_01_RAY_0489.JPG,.jpg,5505320,01,01,2014-04-17,unknown,nn relationship,,,ignored,,,01::0381_20140417_SZi_01_RAY,filename_trailing_number,medium,4896,3264,JPEG,readable,1126bf92c6644dedd3f7945abab231fdd06936a77e2a8b6e876b329f1d94725a,unknown,pending,unreviewed,,
IMG_dc4f63a94cdca766,nn relationship/0382_20140417_SZi_01_RAY_0490.JPG,0382_20140417_SZi_01_RAY_0490.JPG,.jpg,5561652,01,01,2014-04-17,unknown,nn relationship,,,ignored,,,01::0382_20140417_SZi_01_RAY,filename_trailing_number,medium,4896,3264,JPEG,readable,0a154d89d0240d09f7924358555cf4b6b9755807012614506dcdf563fbb23e47,unknown,pending,unreviewed,,
IMG_68691a00b5da530a,nn relationship/0391_20140417_SZi_01_RAY_0508.JPG,0391_20140417_SZi_01_RAY_0508.JPG,.jpg,5717894,01,01,2014-04-17,unknown,nn relationship,,,ignored,,,01::0391_20140417_SZi_01_RAY,filename_trailing_number,medium,4896,3264,JPEG,readable,12ba20f655997ac415cffae13667434d4b239abc25e011f7921914c9325891ba,unknown,pending,unreviewed,,
IMG_5736054828e526bc,nn relationship/0397_20140417_SZi_01_RAY_0523.JPG,0397_20140417_SZi_01_RAY_0523.JPG,.jpg,5827684,01,01,2014-04-17,unknown,nn relationship,,,ignored,,,01::0397_20140417_SZi_01_RAY,filename_trailing_number,medium,4896,3264,JPEG,readable,b5ca7af34bd95ad588d9e7b26ca9a653f31ca63240c1a7ca6f593d59993407bc,unknown,pending,unreviewed,,
IMG_e2973443fbd91717,nn relationship/0399_20140417_SZi_01_RAY_0538.JPG,0399_20140417_SZi_01_RAY_0538.JPG,.jpg,5767101,01,01,2014-04-17,unknown,nn relationship,,,ignored,,,01::0399_20140417_SZi_01_RAY,filename_trailing_number,medium,4896,3264,JPEG,readable,930e85452785dd1e1e6c70e5859b3998176a2a19eff289dbd89abafc348b3973,unknown,pending,unreviewed,,
IMG_50c6bf5ca0945e16,nn relationship/0400_20140417_SZi_01_RAY_0540.JPG,0400_20140417_SZi_01_RAY_0540.JPG,.jpg,5935043,01,01,2014-04-17,unknown,nn relationship,,,ignored,,,01::0400_20140417_SZi_01_RAY,filename_trailing_number,medium,4896,3264,JPEG,readable,fff87d06c7d372914b6bf1f642aeb7373e8da9673909eac3ea71fa3882704120,unknown,pending,unreviewed,,
IMG_b6108dfc5f621ce4,nn relationship/0403_20140417_SZi_01_RAY_0544.JPG,0403_20140417_SZi_01_RAY_0544.JPG,.jpg,5682329,01,01,2014-04-17,unknown,nn relationship,,,ignored,,,01::0403_20140417_SZi_01_RAY,filename_trailing_number,medium,4896,3264,JPEG,readable,84e7cb4fde5dc790340e6cf15ff0e9f530bec6f6e839cc4dfa87f3020ddb3f8a,unknown,pending,unreviewed,,
IMG_fdc2edd309bd3a6a,nn relationship/0404_20140417_SZi_01_RAY_0545.JPG,0404_20140417_SZi_01_RAY_0545.JPG,.jpg,5716754,01,01,2014-04-17,unknown,nn relationship,,,ignored,,,01::0404_20140417_SZi_01_RAY,filename_trailing_number,medium,4896,3264,JPEG,readable,0a2bf70b9bd72c508aef8c2c2f1fadfa708d844c929a401a80f23784002dab4f,unknown,pending,unreviewed,,
IMG_ff96d19108989f04,nn relationship/0405_20140417_SZi_01_RAY_0546.JPG,0405_20140417_SZi_01_RAY_0546.JPG,.jpg,5672197,01,01,2014-04-17,unknown,nn relationship,,,ignored,,,01::0405_20140417_SZi_01_RAY,filename_trailing_number,medium,4896,3264,JPEG,readable,61874a6345c936d93e9e765112b2ae3f8864bde6cdf5280640e6a146060d11ef,unknown,pending,unreviewed,,
IMG_b852c9f136f2447e,nn relationship/0409_20140417_SZi_01_RAY_0554.JPG,0409_20140417_SZi_01_RAY_0554.JPG,.jpg,5692161,01,01,2014-04-17,unknown,nn relationship,,,ignored,,,01::0409_20140417_SZi_01_RAY,filename_trailing_number,medium,4896,3264,JPEG,readable,f0f5f698174ffc012527e9ed8e4be463836f3d568a29cec2535c8138174cb61b,unknown,pending,unreviewed,,
IMG_e7a26fea9cfb15f4,nn relationship/0410_20140417_SZi_01_RAY_0555.JPG,0410_20140417_SZi_01_RAY_0555.JPG,.jpg,5770991,01,01,2014-04-17,unknown,nn relationship,,,ignored,,,01::0410_20140417_SZi_01_RAY,filename_trailing_number,medium,4896,3264,JPEG,readable,bc29bdc23a3e16f4331c266706f798483dc5c931425f181d43f3416aa5b625ea,unknown,pending,unreviewed,,
IMG_a653ff28122d9921,nn relationship/0414_20140417_SZi_01_RAY_0561.JPG,0414_20140417_SZi_01_RAY_0561.JPG,.jpg,5607664,01,01,2014-04-17,unknown,nn relationship,,,ignored,,,01::0414_20140417_SZi_01_RAY,filename_trailing_number,medium,4896,3264,JPEG,readable,82b0cc329affe94267a2a8acc9ab06e4f39e909391d02b3e3c753a49db452f46,unknown,pending,unreviewed,,
IMG_bd0c8c143414b5a1,50-59/0145_20140417_HBi_03_RAY_0632.JPG,0145_20140417_HBi_03_RAY_0632.JPG,.jpg,6219644,03,03,2014-04-17,50_59,50-59,,,ignored,,,03::0145_20140417_HBi_03_RAY,filename_trailing_number,medium,4896,3264,JPEG,readable,040b3cb2c5d7cea091748369a02cf6e33a533ece63f27d055ffa6a0e8f49dee6,unknown,pending,unreviewed,,
IMG_37eb32ddd3f0112d,50-59/0180_20140417_HBi_03_RAY_0687.JPG,0180_20140417_HBi_03_RAY_0687.JPG,.jpg,5022763,03,03,2014-04-17,50_59,50-59,,,ignored,,,03::0180_20140417_HBi_03_RAY,filename_trailing_number,medium,4896,3264,JPEG,readable,2a913190bcaa2e473b0b0ae806fb9caa70d2a49f52e39c4db4a9cbc42ef58f68,unknown,pending,unreviewed,,
IMG_e9609e67858015c2,50-59/0185_20140417_HBi_03_RAY_2162.JPG,0185_20140417_HBi_03_RAY_2162.JPG,.jpg,5634827,03,03,2014-04-17,50_59,50-59,,,ignored,,,03::0185_20140417_HBi_03_RAY,filename_trailing_number,medium,4896,3264,JPEG,readable,a8430b6983c6ee33d50aff4385dc5e156e4cf65b2b51435585a9e43f7de12fa6,unknown,pending,unreviewed,,
IMG_b1d6f506867434b7,50-59/0190_20140417_HBi_03_RAY_2180.JPG,0190_20140417_HBi_03_RAY_2180.JPG,.jpg,5714202,03,03,2014-04-17,50_59,50-59,,,ignored,,,03::0190_20140417_HBi_03_RAY,filename_trailing_number,medium,4896,3264,JPEG,readable,50bce98fff3002742dd8a660bc0e758e4bd1b62888babe0bc49e10d2bf2d229e,unknown,pending,unreviewed,,
IMG_58f14c8247720bc6,50-59/0195_20140417_HBi_03_RAY_0712.JPG,0195_20140417_HBi_03_RAY_0712.JPG,.jpg,6140697,03,03,2014-04-17,50_59,50-59,,,ignored,,,03::0195_20140417_HBi_03_RAY,filename_trailing_number,medium,4896,3264,JPEG,readable,7f219b72f9637763f3bf24cd72268b828fd11bafb6cb288740c1b02c7694314e,unknown,pending,unreviewed,,
IMG_a4245489e305b956,50-59/0446_20140417_HBi_03_RAY_1136.JPG,0446_20140417_HBi_03_RAY_1136.JPG,.jpg,6886401,03,03,2014-04-17,50_59,50-59,,,ignored,,,03::0446_20140417_HBi_03_RAY,filename_trailing_number,medium,4896,3264,JPEG,readable,b30b80f75a4efc1eaa51b1b6643bd2372606307a7e71b93d43fe39a791731008,unknown,pending,unreviewed,,
IMG_b9d34fafcec37eb7,50-59/0453_20140417_HBi_03_RAY_1158.JPG,0453_20140417_HBi_03_RAY_1158.JPG,.jpg,6395285,03,03,2014-04-17,50_59,50-59,,,ignored,,,03::0453_20140417_HBi_03_RAY,filename_trailing_number,medium,4896,3264,JPEG,readable,58cffad715140865cd1a685d5ad83aa56e4c22414ccfbbb32ec11a98a7017d7d,unknown,pending,unreviewed,,
IMG_83a304eac08dc864,50-59/0483_20140417_HBi_03_RAY_1207.JPG,0483_20140417_HBi_03_RAY_1207.JPG,.jpg,6849357,03,03,2014-04-17,50_59,50-59,,,ignored,,,03::0483_20140417_HBi_03_RAY,filename_trailing_number,medium,4896,3264,JPEG,readable,455eb71feab4ea4f9e803bb76da04d81ead7b79564c2aacd2877f2f1d5a8bfd1,unknown,pending,unreviewed,,
IMG_aa1ce99be94ad42c,50-59/0590_20140417_HBi_03_RAY_1383.JPG,0590_20140417_HBi_03_RAY_1383.JPG,.jpg,6559087,03,03,2014-04-17,50_59,50-59,,,ignored,,,03::0590_20140417_HBi_03_RAY,filename_trailing_number,medium,4896,3264,JPEG,readable,23e16c5729c37101ddd158c0035be42b4d008b604d190364e902b7fb502f7a96,unknown,pending,unreviewed,,
IMG_72e1544852a6d5a3,50-59/0593_20140417_HBi_03_RAY_1395.JPG,0593_20140417_HBi_03_RAY_1395.JPG,.jpg,6756850,03,03,2014-04-17,50_59,50-59,,,ignored,,,03::0593_20140417_HBi_03_RAY,filename_trailing_number,medium,4896,3264,JPEG,readable,4d6c7c0e5640076454216497951f62a5d3a49842aea8f95a0c52069036a6a47a,unknown,pending,unreviewed,,
IMG_157c430d638211ca,50-59/0596_20140417_HBi_03_RAY_1398.JPG,0596_20140417_HBi_03_RAY_1398.JPG,.jpg,6482375,03,03,2014-04-17,50_59,50-59,,,ignored,,,03::0596_20140417_HBi_03_RAY,filename_trailing_number,medium,4896,3264,JPEG,readable,4a73e763b8c6313d0f7bd8df756d8936ba0c43d216ddd0cc413cbe43e554169b,unknown,pending,unreviewed,,
IMG_6b3378260a4e19d9,50-59/0738_20140417_HBi_03_RAY_1689.JPG,0738_20140417_HBi_03_RAY_1689.JPG,.jpg,6365161,03,03,2014-04-17,50_59,50-59,,,ignored,,,03::0738_20140417_HBi_03_RAY,filename_trailing_number,medium,4896,3264,JPEG,readable,d910fb6b0e4d611c41ad986f43eb476f1fe801d12905714850a65e18b17fc722,unknown,pending,unreviewed,,
IMG_9fa97d246eb37a24,50-59/0742_20140417_HBi_03_RAY_1694.JPG,0742_20140417_HBi_03_RAY_1694.JPG,.jpg,5918282,03,03,2014-04-17,50_59,50-59,,,ignored,,,03::0742_20140417_HBi_03_RAY,filename_trailing_number,medium,4896,3264,JPEG,readable,3b579966143c6e4825f326ed0371b2ed84a96a76d6285abfa78a02e37156577e,unknown,pending,unreviewed,,
IMG_1073728cb8009a71,50-59/0743_20140417_HBi_03_RAY_1695.JPG,0743_20140417_HBi_03_RAY_1695.JPG,.jpg,6073735,03,03,2014-04-17,50_59,50-59,,,ignored,,,03::0743_20140417_HBi_03_RAY,filename_trailing_number,medium,4896,3264,JPEG,readable,8294610a4ca32a9cb7b10576ade1d21a02d283507ec53e6d13441c39e612e0c3,unknown,pending,unreviewed,,
IMG_7be0d0131c96e340,50-59/0777_20140417_HBi_03_RAY_1770.JPG,0777_20140417_HBi_03_RAY_1770.JPG,.jpg,6104906,03,03,2014-04-17,50_59,50-59,,,ignored,,,03::0777_20140417_HBi_03_RAY,filename_trailing_number,medium,4896,3264,JPEG,readable,1b4c17c0b26a3d4d3eed182e572439d370346d49e40d2f44f4857c166ac3bfef,unknown,pending,unreviewed,,
IMG_89f29ea508feb5f8,50-59/0833_20140417_HBi_03_RAY_1867.JPG,0833_20140417_HBi_03_RAY_1867.JPG,.jpg,6426149,03,03,2014-04-17,50_59,50-59,,,ignored,,,03::0833_20140417_HBi_03_RAY,filename_trailing_number,medium,4896,3264,JPEG,readable,f68271aef2724dd99868f49023d623d1fc20b628b3b4e2efb326f9cce32cbe25,unknown,pending,unreviewed,,
IMG_8790d6a0471d63aa,50-59/0843_20140417_HBi_03_RAY_1882.JPG,0843_20140417_HBi_03_RAY_1882.JPG,.jpg,6176212,03,03,2014-04-17,50_59,50-59,,,ignored,,,03::0843_20140417_HBi_03_RAY,filename_trailing_number,medium,4896,3264,JPEG,readable,087e85039e417965c92d9502fb275e7d26e95cbe1a1926fb8ff59172c8e6c3f0,unknown,pending,unreviewed,,
IMG_9cceabded7ddfbb1,50-59/0864_20140417_HBi_03_RAY_1921.JPG,0864_20140417_HBi_03_RAY_1921.JPG,.jpg,5781928,03,03,2014-04-17,50_59,50-59,,,ignored,,,03::0864_20140417_HBi_03_RAY,filename_trailing_number,medium,4896,3264,JPEG,readable,1dc2f28fc51333f583b1368b72fe3d7fef6c1a963905759474fe21ae55830859,unknown,pending,unreviewed,,
IMG_71c98d96315fd9d1,50-59/0919_20140417_HBi_03_RAY_1992.JPG,0919_20140417_HBi_03_RAY_1992.JPG,.jpg,6168486,03,03,2014-04-17,50_59,50-59,,,ignored,,,03::0919_20140417_HBi_03_RAY,filename_trailing_number,medium,4896,3264,JPEG,readable,4539d38df4bdc393258da7d0a4c5e32812e7b67266aa34e3eff11fb41fd64c5a,unknown,pending,unreviewed,,
IMG_c6793f7e088cdf98,60-69/0141_20140417_HBi_03_RAY_0622.JPG,0141_20140417_HBi_03_RAY_0622.JPG,.jpg,6213143,03,03,2014-04-17,60_69,60-69,,,ignored,,,03::0141_20140417_HBi_03_RAY,filename_trailing_number,medium,4896,3264,JPEG,readable,1219a2597b63d7b347ec6852c172e22750a5803c6be54abb4f42594a9f1fe877,unknown,pending,unreviewed,,
IMG_773df931134ddc4c,60-69/0142_20140417_HBi_03_RAY_0626.JPG,0142_20140417_HBi_03_RAY_0626.JPG,.jpg,5652967,03,03,2014-04-17,60_69,60-69,,,ignored,,,03::0142_20140417_HBi_03_RAY,filename_trailing_number,medium,4896,3264,JPEG,readable,e2dd8d20b96b47d91973d24399713afbf26f2d08d35432c4bc86402c06adf42a,unknown,pending,unreviewed,,
IMG_e6816c053cfd5e9a,60-69/0149_20140417_HBi_03_RAY_0641.JPG,0149_20140417_HBi_03_RAY_0641.JPG,.jpg,6596786,03,03,2014-04-17,60_69,60-69,,,ignored,,,03::0149_20140417_HBi_03_RAY,filename_trailing_number,medium,4896,3264,JPEG,readable,6033255266624c07912a7d673cf8baef6312bd988d979ab23b90e348ca8af93e,unknown,pending,unreviewed,,
IMG_876ee158fa5b4396,60-69/0150_20140417_HBi_03_RAY_0642.JPG,0150_20140417_HBi_03_RAY_0642.JPG,.jpg,6508024,03,03,2014-04-17,60_69,60-69,,,ignored,,,03::0150_20140417_HBi_03_RAY,filename_trailing_number,medium,4896,3264,JPEG,readable,26463c093e11e3ad5bc54c5ef94a43037c2fbe3a304755b358f611294c939fae,unknown,pending,unreviewed,,
IMG_590a912d506c6936,60-69/0154_20140417_HBi_03_RAY_0650.JPG,0154_20140417_HBi_03_RAY_0650.JPG,.jpg,6355260,03,03,2014-04-17,60_69,60-69,,,ignored,,,03::0154_20140417_HBi_03_RAY,filename_trailing_number,medium,4896,3264,JPEG,readable,a992b23709769c030407cfe40d649539bdb44654c871809c7e4db673100c3ebc,unknown,pending,unreviewed,,
IMG_7f04722d8a525ddc,60-69/0154_20140417_HBi_03_RAY_2070.JPG,0154_20140417_HBi_03_RAY_2070.JPG,.jpg,5598929,03,03,2014-04-17,60_69,60-69,,,ignored,,,03::0154_20140417_HBi_03_RAY,filename_trailing_number,medium,4896,3264,JPEG,readable,8d9b0324cfa2c6b73358631460bc87cf0cada7c99d40418dbce602f887a150b0,unknown,pending,unreviewed,,
IMG_7fb47f3d59386bf6,60-69/0155_20140417_HBi_03_RAY_0651.JPG,0155_20140417_HBi_03_RAY_0651.JPG,.jpg,6340576,03,03,2014-04-17,60_69,60-69,,,ignored,,,03::0155_20140417_HBi_03_RAY,filename_trailing_number,medium,4896,3264,JPEG,readable,ac02d645d31bd99414fed358f188ded4d12e2494b76bc1668e8de90b0bb2e06f,unknown,pending,unreviewed,,
IMG_78351418787f3c4b,60-69/0156_20140417_HBi_03_RAY_0652.JPG,0156_20140417_HBi_03_RAY_0652.JPG,.jpg,6242213,03,03,2014-04-17,60_69,60-69,,,ignored,,,03::0156_20140417_HBi_03_RAY,filename_trailing_number,medium,4896,3264,JPEG,readable,83d8e5c33df74a6d83c2c9916ee941a2cb8b65cc72c1a50a4b3f690631bf8cb2,unknown,pending,unreviewed,,
IMG_ecbd0f3cc24fd19b,60-69/0161_20140417_HBi_03_RAY_0657.JPG,0161_20140417_HBi_03_RAY_0657.JPG,.jpg,6493969,03,03,2014-04-17,60_69,60-69,,,ignored,,,03::0161_20140417_HBi_03_RAY,filename_trailing_number,medium,4896,3264,JPEG,readable,5fca3100f22b4a768424758de1c03eb450d8bdb5990683a7b18ae499100c974c,unknown,pending,unreviewed,,
IMG_e28f746f515ae30b,60-69/0163_20140417_HBi_03_RAY_0664.JPG,0163_20140417_HBi_03_RAY_0664.JPG,.jpg,5113348,03,03,2014-04-17,60_69,60-69,,,ignored,,,03::0163_20140417_HBi_03_RAY,filename_trailing_number,medium,4896,3264,JPEG,readable,050dc0b8fa4386f4dd59f09bd6a17bd3a34ac227faf9fc2d0004380141e956f7,unknown,pending,unreviewed,,
IMG_c37d057cda871e2c,60-69/0168_20140417_HBi_03_RAY_2112.JPG,0168_20140417_HBi_03_RAY_2112.JPG,.jpg,5894483,03,03,2014-04-17,60_69,60-69,,,ignored,,,03::0168_20140417_HBi_03_RAY,filename_trailing_number,medium,4896,3264,JPEG,readable,f8515d56cb42ea54c0f81c39501003ae2a2ae01934446270c375b98d4874bd5d,unknown,pending,unreviewed,,
IMG_ca95420f85e86353,60-69/0169_20140417_HBi_03_RAY_2117.JPG,0169_20140417_HBi_03_RAY_2117.JPG,.jpg,5209195,03,03,2014-04-17,60_69,60-69,,,ignored,,,03::0169_20140417_HBi_03_RAY,filename_trailing_number,medium,4896,3264,JPEG,readable,554b605967c6af25e02c1c712922160bab558487f1b744e47afe0ee11e77de61,unknown,pending,unreviewed,,
IMG_3d93d15584b80d7e,60-69/0170_20140417_HBi_03_RAY_2118.JPG,0170_20140417_HBi_03_RAY_2118.JPG,.jpg,5371683,03,03,2014-04-17,60_69,60-69,,,ignored,,,03::0170_20140417_HBi_03_RAY,filename_trailing_number,medium,4896,3264,JPEG,readable,1cf78cf15b8040fbdc2a0cb8a356d0efabbe35f6b8ee7a407c65da17057e6714,unknown,pending,unreviewed,,
IMG_a932401b0f61e70c,60-69/0172_20140417_HBi_03_RAY_2123.JPG,0172_20140417_HBi_03_RAY_2123.JPG,.jpg,5312007,03,03,2014-04-17,60_69,60-69,,,ignored,,,03::0172_20140417_HBi_03_RAY,filename_trailing_number,medium,4896,3264,JPEG,readable,aae517159e801cbabbd4fa23b832de226d4942a8d8b37f2346432a34e027dcad,unknown,pending,unreviewed,,
IMG_514b112ff025435f,60-69/0173_20140417_HBi_03_RAY_2128.JPG,0173_20140417_HBi_03_RAY_2128.JPG,.jpg,5378488,03,03,2014-04-17,60_69,60-69,,,ignored,,,03::0173_20140417_HBi_03_RAY,filename_trailing_number,medium,4896,3264,JPEG,readable,1334d17f1fb0f38ab4f63030c5bb8357a689417c3539d4e655d27df21321aa77,unknown,pending,unreviewed,,
IMG_cae66f5ac587c8e2,60-69/0174_20140417_HBi_03_RAY_2131.JPG,0174_20140417_HBi_03_RAY_2131.JPG,.jpg,5450647,03,03,2014-04-17,60_69,60-69,,,ignored,,,03::0174_20140417_HBi_03_RAY,filename_trailing_number,medium,4896,3264,JPEG,readable,20821b89b3547439e1c2b97961af1838d93fb8fbb8d32995938ee8d6c79fb45e,unknown,pending,unreviewed,,
IMG_3398b2c88aba2872,60-69/0182_20140417_HBi_03_RAY_0691.JPG,0182_20140417_HBi_03_RAY_0691.JPG,.jpg,6165750,03,03,2014-04-17,60_69,60-69,,,ignored,,,03::0182_20140417_HBi_03_RAY,filename_trailing_number,medium,4896,3264,JPEG,readable,9f99c1ee661a935354006444c72b44522c752ad64a46ffee73b4aa27ee89841c,unknown,pending,unreviewed,,
IMG_24c695e455e1e380,60-69/0183_20140417_HBi_03_RAY_0692.JPG,0183_20140417_HBi_03_RAY_0692.JPG,.jpg,6572059,03,03,2014-04-17,60_69,60-69,,,ignored,,,03::0183_20140417_HBi_03_RAY,filename_trailing_number,medium,4896,3264,JPEG,readable,99f7ee89a14165580cf29120575205b916f95bc7a37c630a39ba5bf35b7efbe1,unknown,pending,unreviewed,,
IMG_6f86733dadcce7b6,60-69/0183_20140417_HBi_03_RAY_2156.JPG,0183_20140417_HBi_03_RAY_2156.JPG,.jpg,6191937,03,03,2014-04-17,60_69,60-69,,,ignored,,,03::0183_20140417_HBi_03_RAY,filename_trailing_number,medium,4896,3264,JPEG,readable,8adb14000d04517eeca37ca5448dcca90a02b988fefd2623af35e1e9671ad15f,unknown,pending,unreviewed,,
IMG_db44845d3d90b54d,60-69/0184_20140417_HBi_03_RAY_0693.JPG,0184_20140417_HBi_03_RAY_0693.JPG,.jpg,6578054,03,03,2014-04-17,60_69,60-69,,,ignored,,,03::0184_20140417_HBi_03_RAY,filename_trailing_number,medium,4896,3264,JPEG,readable,3d45955a1723e14c90b0852f1d6c20812c09bb4b3aefd8998040bea8a130f4f2,unknown,pending,unreviewed,,
IMG_dd153fb2b5194901,60-69/0184_20140417_HBi_03_RAY_2159.JPG,0184_20140417_HBi_03_RAY_2159.JPG,.jpg,5780415,03,03,2014-04-17,60_69,60-69,,,ignored,,,03::0184_20140417_HBi_03_RAY,filename_trailing_number,medium,4896,3264,JPEG,readable,1b9d5d1c283d4beac7a421b863cc21ff03de823e348214aa5d31e0e1f066346f,unknown,pending,unreviewed,,
IMG_4c597ff2830a27d1,60-69/0186_20140417_HBi_03_RAY_2165.JPG,0186_20140417_HBi_03_RAY_2165.JPG,.jpg,5990439,03,03,2014-04-17,60_69,60-69,,,ignored,,,03::0186_20140417_HBi_03_RAY,filename_trailing_number,medium,4896,3264,JPEG,readable,5384e749bc7991a094c78a82eaa806bf38762b0f3b6d98fc4a78ebeedba26eb1,unknown,pending,unreviewed,,
IMG_0286066e20cc7737,60-69/0187_20140417_HBi_03_RAY_2167.JPG,0187_20140417_HBi_03_RAY_2167.JPG,.jpg,5776728,03,03,2014-04-17,60_69,60-69,,,ignored,,,03::0187_20140417_HBi_03_RAY,filename_trailing_number,medium,4896,3264,JPEG,readable,39eecad73ed6544460d2cf33bf0758a3c13dd2a49461653ba281119c6cc8afd4,unknown,pending,unreviewed,,
IMG_7e450977b70f5eda,60-69/0191_20140417_HBi_03_RAY_2183.JPG,0191_20140417_HBi_03_RAY_2183.JPG,.jpg,6655318,03,03,2014-04-17,60_69,60-69,,,ignored,,,03::0191_20140417_HBi_03_RAY,filename_trailing_number,medium,4896,3264,JPEG,readable,c81c8c98d6f3afefda1f80b96f3cf99cfd14430e990f8f474f5283e78c7fd7a8,unknown,pending,unreviewed,,
IMG_4bd44bf518fb2c64,60-69/0192_20140417_HBi_03_RAY_2188.JPG,0192_20140417_HBi_03_RAY_2188.JPG,.jpg,5495695,03,03,2014-04-17,60_69,60-69,,,ignored,,,03::0192_20140417_HBi_03_RAY,filename_trailing_number,medium,4896,3264,JPEG,readable,a54d1b7f0f0ec2616a90b517f94569628ecf062970ab6fdd5f27389c5313ef4b,unknown,pending,unreviewed,,
IMG_231dde85a53f8dfc,60-69/0193_20140417_HBi_03_RAY_2192.JPG,0193_20140417_HBi_03_RAY_2192.JPG,.jpg,5726665,03,03,2014-04-17,60_69,60-69,,,ignored,,,03::0193_20140417_HBi_03_RAY,filename_trailing_number,medium,4896,3264,JPEG,readable,44b5581d4250cf528fe9312fd0c1ec5e207e4f8d71108885f76883bef080085c,unknown,pending,unreviewed,,
IMG_b94fe19ba715ed62,60-69/0194_20140417_HBi_03_RAY_0709.JPG,0194_20140417_HBi_03_RAY_0709.JPG,.jpg,5484447,03,03,2014-04-17,60_69,60-69,,,ignored,,,03::0194_20140417_HBi_03_RAY,filename_trailing_number,medium,4896,3264,JPEG,readable,e117954069704e91d9551f15060b4d40b66a0f8c418abadafffafa5251de330b,unknown,pending,unreviewed,,
IMG_c2035be695547960,60-69/0194_20140417_HBi_03_RAY_2198.JPG,0194_20140417_HBi_03_RAY_2198.JPG,.jpg,6041501,03,03,2014-04-17,60_69,60-69,,,ignored,,,03::0194_20140417_HBi_03_RAY,filename_trailing_number,medium,4896,3264,JPEG,readable,126bda36c508f0e13f4b068d25122daac48f0115b0f272e015bef7184822f19c,unknown,pending,unreviewed,,
IMG_ef610d03c998f41f,60-69/0195_20140417_HBi_03_RAY_2200.JPG,0195_20140417_HBi_03_RAY_2200.JPG,.jpg,5100326,03,03,2014-04-17,60_69,60-69,,,ignored,,,03::0195_20140417_HBi_03_RAY,filename_trailing_number,medium,4896,3264,JPEG,readable,59742c6f26e6201510e9a7a4a65d3be34229a690d36eef113c6f76f15029f183,unknown,pending,unreviewed,,
IMG_76451b88241f16d3,60-69/0196_20140417_HBi_03_RAY_2203.JPG,0196_20140417_HBi_03_RAY_2203.JPG,.jpg,5743192,03,03,2014-04-17,60_69,60-69,,,ignored,,,03::0196_20140417_HBi_03_RAY,filename_trailing_number,medium,4896,3264,JPEG,readable,af5b1f4c2381ee7ba1e3628a7e6c4b08a4fa577559c2f30325d9b606b6e3eda2,unknown,pending,unreviewed,,
IMG_32574777129d7d8c,60-69/0197_20140417_HBi_03_RAY_2206.JPG,0197_20140417_HBi_03_RAY_2206.JPG,.jpg,5326492,03,03,2014-04-17,60_69,60-69,,,ignored,,,03::0197_20140417_HBi_03_RAY,filename_trailing_number,medium,4896,3264,JPEG,readable,f604c08bb74d44910765954892bd0dba3ec258780d24a242f31fb8cceb894acb,unknown,pending,unreviewed,,
IMG_814e9930efdf161e,60-69/0198_20140417_HBi_03_RAY_2213.JPG,0198_20140417_HBi_03_RAY_2213.JPG,.jpg,5316325,03,03,2014-04-17,60_69,60-69,,,ignored,,,03::0198_20140417_HBi_03_RAY,filename_trailing_number,medium,4896,3264,JPEG,readable,696ce19312be19b979e085ffbf4d75b17f2fe0a0f2ad3ffd9803d5bb889b5ab5,unknown,pending,unreviewed,,
IMG_d5de321cddb64a86,60-69/0199_20140417_HBi_03_RAY_2215.JPG,0199_20140417_HBi_03_RAY_2215.JPG,.jpg,6113565,03,03,2014-04-17,60_69,60-69,,,ignored,,,03::0199_20140417_HBi_03_RAY,filename_trailing_number,medium,4896,3264,JPEG,readable,6c17ca72b7a5590b187c3f05148c8abf8dc2ba88490bcee33701ba9cc501096e,unknown,pending,unreviewed,,
IMG_e3960056eaf9be34,60-69/0200_20140417_HBi_03_RAY_2264.JPG,0200_20140417_HBi_03_RAY_2264.JPG,.jpg,6147362,03,03,2014-04-17,60_69,60-69,,,ignored,,,03::0200_20140417_HBi_03_RAY,filename_trailing_number,medium,4896,3264,JPEG,readable,197b959703c0cc9029debb90eb1005353d1a728c2fa0bffa09262adaa7a46d78,unknown,pending,unreviewed,,
IMG_2036568149e73596,60-69/0201_20140417_HBi_03_RAY_2267.JPG,0201_20140417_HBi_03_RAY_2267.JPG,.jpg,6451684,03,03,2014-04-17,60_69,60-69,,,ignored,,,03::0201_20140417_HBi_03_RAY,filename_trailing_number,medium,4896,3264,JPEG,readable,c5ef973ecae241850c7da96dba66a460c5f8fbc692e1a86a616de05e55dc0b45,unknown,pending,unreviewed,,
IMG_9efe36512a21d092,60-69/0204_20140417_HBi_03_RAY_2290.JPG,0204_20140417_HBi_03_RAY_2290.JPG,.jpg,6129938,03,03,2014-04-17,60_69,60-69,,,ignored,,,03::0204_20140417_HBi_03_RAY,filename_trailing_number,medium,4896,3264,JPEG,readable,5e70292729678dfef6d4dadd68f4dec33a1e1cda1441fe3d93b1a566707dbf30,unknown,pending,unreviewed,,
IMG_21ce41965c605f9f,60-69/0205_20140417_HBi_03_RAY_2291.JPG,0205_20140417_HBi_03_RAY_2291.JPG,.jpg,6908002,03,03,2014-04-17,60_69,60-69,,,ignored,,,03::0205_20140417_HBi_03_RAY,filename_trailing_number,medium,4896,3264,JPEG,readable,8d754ebef44edc2e5107854e09e133025d476111478b5c936a9fce8fea743afe,unknown,pending,unreviewed,,
IMG_e55963ecef4aabf5,60-69/0264_20140417_HBi_03_RAY_0857.JPG,0264_20140417_HBi_03_RAY_0857.JPG,.jpg,5537997,03,03,2014-04-17,60_69,60-69,,,ignored,,,03::0264_20140417_HBi_03_RAY,filename_trailing_number,medium,4896,3264,JPEG,readable,15532f1e5a2844cdc1fad09421cfa9aa9a0d03fa2c0a34ed361dc5f55f9f8da7,unknown,pending,unreviewed,,
IMG_0db5da676bd0d4b6,60-69/0265_20140417_HBi_03_RAY_0858.JPG,0265_20140417_HBi_03_RAY_0858.JPG,.jpg,5532499,03,03,2014-04-17,60_69,60-69,,,ignored,,,03::0265_20140417_HBi_03_RAY,filename_trailing_number,medium,4896,3264,JPEG,readable,3c3d755e7e3ed96c6265ddea3bdc25a5cffca5fcbe84dad5a9810e4f8f47d32a,unknown,pending,unreviewed,,
IMG_3d8700bb11eb0f4f,60-69/0275_20140417_HBi_03_RAY_0873.JPG,0275_20140417_HBi_03_RAY_0873.JPG,.jpg,4864604,03,03,2014-04-17,60_69,60-69,,,ignored,,,03::0275_20140417_HBi_03_RAY,filename_trailing_number,medium,4896,3264,JPEG,readable,f7547d22ae7db65fa1af58e3461548f6b31076f26d82afac63a9c9edde90b5db,unknown,pending,unreviewed,,
IMG_f8697b7221cd2921,60-69/0278_20140417_HBi_03_RAY_0876.JPG,0278_20140417_HBi_03_RAY_0876.JPG,.jpg,5546201,03,03,2014-04-17,60_69,60-69,,,ignored,,,03::0278_20140417_HBi_03_RAY,filename_trailing_number,medium,4896,3264,JPEG,readable,2a663639f35a14ea98727e4247d9f12a2c8e9a317c7fdf796fa34d3281c1bf60,unknown,pending,unreviewed,,
IMG_9b30abc926847822,60-69/0279_20140417_HBi_03_RAY_0878.JPG,0279_20140417_HBi_03_RAY_0878.JPG,.jpg,5570342,03,03,2014-04-17,60_69,60-69,,,ignored,,,03::0279_20140417_HBi_03_RAY,filename_trailing_number,medium,4896,3264,JPEG,readable,c136ab4252a6536d1c2bba0bf4e5b97dc9bde6540864c3be939741e2fe4817fd,unknown,pending,unreviewed,,
IMG_4e108fcd94422f33,60-69/0291_20140417_HBi_03_RAY_0891.JPG,0291_20140417_HBi_03_RAY_0891.JPG,.jpg,5508357,03,03,2014-04-17,60_69,60-69,,,ignored,,,03::0291_20140417_HBi_03_RAY,filename_trailing_number,medium,4896,3264,JPEG,readable,a2662c7552ae1a31871eb6a388123183c3fcb17f1232e03ec19522ba06ff97c1,unknown,pending,unreviewed,,
IMG_d905bfeade0b1548,60-69/0294_20140417_HBi_03_RAY_0895.JPG,0294_20140417_HBi_03_RAY_0895.JPG,.jpg,5594494,03,03,2014-04-17,60_69,60-69,,,ignored,,,03::0294_20140417_HBi_03_RAY,filename_trailing_number,medium,4896,3264,JPEG,readable,cf10fe7a7a0e5bfc06b82919f8f7d71b033757ecd06c92cc49c59f1c67712b92,unknown,pending,unreviewed,,
IMG_2d35af4ff8961fbd,60-69/0303_20140417_HBi_03_RAY_0906.JPG,0303_20140417_HBi_03_RAY_0906.JPG,.jpg,6146021,03,03,2014-04-17,60_69,60-69,,,ignored,,,03::0303_20140417_HBi_03_RAY,filename_trailing_number,medium,4896,3264,JPEG,readable,16ee1d3f6bbae91019c4dfaa0909cc92e2f109ff44e6360bf3e3e89839b5dc40,unknown,pending,unreviewed,,
IMG_88b58f780d73a0fe,60-69/0304_20140417_HBi_03_RAY_0907.JPG,0304_20140417_HBi_03_RAY_0907.JPG,.jpg,5709461,03,03,2014-04-17,60_69,60-69,,,ignored,,,03::0304_20140417_HBi_03_RAY,filename_trailing_number,medium,4896,3264,JPEG,readable,0cc3c955e7daae809285e68230c4eac309baffa96110a5ede10ba2ffd376abcd,unknown,pending,unreviewed,,
IMG_17c45f3e9359bb27,60-69/0305_20140417_HBi_03_RAY_0908.JPG,0305_20140417_HBi_03_RAY_0908.JPG,.jpg,5831770,03,03,2014-04-17,60_69,60-69,,,ignored,,,03::0305_20140417_HBi_03_RAY,filename_trailing_number,medium,4896,3264,JPEG,readable,5d8fef03c028c404cf2a9c5959a184d54d83738ca9a9d68581b5b85e82f83d3a,unknown,pending,unreviewed,,
IMG_ec1e4d3cc4c8b109,60-69/0323_20140417_HBi_03_RAY_0934.JPG,0323_20140417_HBi_03_RAY_0934.JPG,.jpg,6219194,03,03,2014-04-17,60_69,60-69,,,ignored,,,03::0323_20140417_HBi_03_RAY,filename_trailing_number,medium,4896,3264,JPEG,readable,20bcaf90d12c7b7b35206f2cd3eeee63a4f0a5c21e234d8d4a5ad16ec1bfeab2,unknown,pending,unreviewed,,
IMG_45fa1d35ebab1449,60-69/0324_20140417_HBi_03_RAY_0935.JPG,0324_20140417_HBi_03_RAY_0935.JPG,.jpg,6392000,03,03,2014-04-17,60_69,60-69,,,ignored,,,03::0324_20140417_HBi_03_RAY,filename_trailing_number,medium,4896,3264,JPEG,readable,ee6cf7654d21e95577dd5c3f5a8e47008a637a1140648eae64cf88649d585ce5,unknown,pending,unreviewed,,
IMG_88379195077e567b,60-69/0332_20140417_HBi_03_RAY_0960.JPG,0332_20140417_HBi_03_RAY_0960.JPG,.jpg,6105426,03,03,2014-04-17,60_69,60-69,,,ignored,,,03::0332_20140417_HBi_03_RAY,filename_trailing_number,medium,4896,3264,JPEG,readable,7ecb0d3b5553e16e3a669fe10f6b254d0e620d5e7a83643e70b5364079d2b002,unknown,pending,unreviewed,,
IMG_e479f7588f278301,60-69/0333_20140417_HBi_03_RAY_0961.JPG,0333_20140417_HBi_03_RAY_0961.JPG,.jpg,6217612,03,03,2014-04-17,60_69,60-69,,,ignored,,,03::0333_20140417_HBi_03_RAY,filename_trailing_number,medium,4896,3264,JPEG,readable,8cec8f22888bd8168e51f0934b4ebd25aeda8c2f42d6c9b2e72a1d7780acf8fc,unknown,pending,unreviewed,,
IMG_4f452d4b951643b4,60-69/0336_20140417_HBi_03_RAY_0964.JPG,0336_20140417_HBi_03_RAY_0964.JPG,.jpg,6681830,03,03,2014-04-17,60_69,60-69,,,ignored,,,03::0336_20140417_HBi_03_RAY,filename_trailing_number,medium,4896,3264,JPEG,readable,d94eb78c199d9b4e4c7b03a0b744b5854a7b717713a91565a759a1ba9f7446c5,unknown,pending,unreviewed,,
IMG_272687a97a6e8592,60-69/0349_20140417_HBi_03_RAY_0983.JPG,0349_20140417_HBi_03_RAY_0983.JPG,.jpg,7379572,03,03,2014-04-17,60_69,60-69,,,ignored,,,03::0349_20140417_HBi_03_RAY,filename_trailing_number,medium,4896,3264,JPEG,readable,3e3454706d4124995e36d24ada9d290bc798477d2276050a7d4372b49f5e8878,unknown,pending,unreviewed,,
IMG_7ae5647af5919b7c,60-69/0350_20140417_HBi_03_RAY_0987.JPG,0350_20140417_HBi_03_RAY_0987.JPG,.jpg,6033929,03,03,2014-04-17,60_69,60-69,,,ignored,,,03::0350_20140417_HBi_03_RAY,filename_trailing_number,medium,4896,3264,JPEG,readable,806ccd0daaf20adc3ed7a052e333fd8711a2196f8e971e69807c7ff8e8558c9a,unknown,pending,unreviewed,,
IMG_db7d070aa20c0ce3,60-69/0351_20140417_HBi_03_RAY_0991.JPG,0351_20140417_HBi_03_RAY_0991.JPG,.jpg,6818986,03,03,2014-04-17,60_69,60-69,,,ignored,,,03::0351_20140417_HBi_03_RAY,filename_trailing_number,medium,4896,3264,JPEG,readable,51beb367479f0276e4cd0e1237f2ff0623eb516277638c3c5354287db943dddf,unknown,pending,unreviewed,,
IMG_25e7f01cb5dcac2f,60-69/0353_20140417_HBi_03_RAY_1002.JPG,0353_20140417_HBi_03_RAY_1002.JPG,.jpg,6494941,03,03,2014-04-17,60_69,60-69,,,ignored,,,03::0353_20140417_HBi_03_RAY,filename_trailing_number,medium,4896,3264,JPEG,readable,3cffab2c0f40fe2d0b797a66b9621491bc10b0b3ec567d2ff3eec22c392e13ae,unknown,pending,unreviewed,,
IMG_01c132b9205da3ee,60-69/0356_20140417_HBi_03_RAY_1008.JPG,0356_20140417_HBi_03_RAY_1008.JPG,.jpg,8371541,03,03,2014-04-17,60_69,60-69,,,ignored,,,03::0356_20140417_HBi_03_RAY,filename_trailing_number,medium,4896,3264,JPEG,readable,9e728225b4e2be58e79fac82048ba30ec9042f24d257f6ec33f675370990bb31,unknown,pending,unreviewed,,
IMG_645acdd256c73f1d,60-69/0360_20140417_HBi_03_RAY_1014.JPG,0360_20140417_HBi_03_RAY_1014.JPG,.jpg,6634733,03,03,2014-04-17,60_69,60-69,,,ignored,,,03::0360_20140417_HBi_03_RAY,filename_trailing_number,medium,4896,3264,JPEG,readable,d2f59b364b04525dba182a4094bde489a5a25682185a58b432f9595b65244dd8,unknown,pending,unreviewed,,
IMG_eaadae0cb547b631,60-69/0362_20140417_HBi_03_RAY_1016.JPG,0362_20140417_HBi_03_RAY_1016.JPG,.jpg,6355682,03,03,2014-04-17,60_69,60-69,,,ignored,,,03::0362_20140417_HBi_03_RAY,filename_trailing_number,medium,4896,3264,JPEG,readable,50e99baf55ff8db0798e1099285a5842867469bb7ad51e4ed6a438212365cc0e,unknown,pending,unreviewed,,
IMG_817d23db8c6c3544,60-69/0363_20140417_HBi_03_RAY_1017.JPG,0363_20140417_HBi_03_RAY_1017.JPG,.jpg,6214294,03,03,2014-04-17,60_69,60-69,,,ignored,,,03::0363_20140417_HBi_03_RAY,filename_trailing_number,medium,4896,3264,JPEG,readable,686840d1baee70a986fc25375ba92537634b17de1f341a4141f636b2c8201ee6,unknown,pending,unreviewed,,
IMG_63957c700b8d227e,60-69/0364_20140417_HBi_03_RAY_1019.JPG,0364_20140417_HBi_03_RAY_1019.JPG,.jpg,6408821,03,03,2014-04-17,60_69,60-69,,,ignored,,,03::0364_20140417_HBi_03_RAY,filename_trailing_number,medium,4896,3264,JPEG,readable,d14795c6cd57ca57b28fc6550d4f4ddc03897b0bdfb7a33838ed308eae9cdbde,unknown,pending,unreviewed,,
IMG_1f21fbea7c68af72,60-69/0373_20140417_HBi_03_RAY_1031.JPG,0373_20140417_HBi_03_RAY_1031.JPG,.jpg,6352421,03,03,2014-04-17,60_69,60-69,,,ignored,,,03::0373_20140417_HBi_03_RAY,filename_trailing_number,medium,4896,3264,JPEG,readable,ca546f709df3d2909e3acbea43af5b0d3e205c571aa6036e1e7c69dc528a59b7,unknown,pending,unreviewed,,
IMG_e02be6483d3460aa,60-69/0380_20140417_HBi_03_RAY_1039.JPG,0380_20140417_HBi_03_RAY_1039.JPG,.jpg,6201482,03,03,2014-04-17,60_69,60-69,,,ignored,,,03::0380_20140417_HBi_03_RAY,filename_trailing_number,medium,4896,3264,JPEG,readable,6834cef72964958e0bf687679d3467c3c33be8ef737f8447e8e77374a7d29407,unknown,pending,unreviewed,,
IMG_47fc42a40729aba8,60-69/0383_20140417_HBi_03_RAY_1043.JPG,0383_20140417_HBi_03_RAY_1043.JPG,.jpg,6399276,03,03,2014-04-17,60_69,60-69,,,ignored,,,03::0383_20140417_HBi_03_RAY,filename_trailing_number,medium,4896,3264,JPEG,readable,33c5adc410a3ee4b0b31a0862ca93926c6041ed474b0a81d60d7160242552acd,unknown,pending,unreviewed,,
IMG_bb242aedb1a837d1,60-69/0386_20140417_HBi_03_RAY_1047.JPG,0386_20140417_HBi_03_RAY_1047.JPG,.jpg,5784667,03,03,2014-04-17,60_69,60-69,,,ignored,,,03::0386_20140417_HBi_03_RAY,filename_trailing_number,medium,4896,3264,JPEG,readable,145f17df2b15a2396dc55ab23c399da05b173ce360d2235893b0a8453a03900e,unknown,pending,unreviewed,,
IMG_b51df639d46e4ae8,60-69/0387_20140417_HBi_03_RAY_1048.JPG,0387_20140417_HBi_03_RAY_1048.JPG,.jpg,5789067,03,03,2014-04-17,60_69,60-69,,,ignored,,,03::0387_20140417_HBi_03_RAY,filename_trailing_number,medium,4896,3264,JPEG,readable,2faa3a9aab4e2389f0c5f50dc926a8adefbd33167ddc147e1b60598097c39539,unknown,pending,unreviewed,,
IMG_2641b8e18bf51dc9,60-69/0388_20140417_HBi_03_RAY_1049.JPG,0388_20140417_HBi_03_RAY_1049.JPG,.jpg,6619580,03,03,2014-04-17,60_69,60-69,,,ignored,,,03::0388_20140417_HBi_03_RAY,filename_trailing_number,medium,4896,3264,JPEG,readable,d4612842ec349a5083d54eabe1bf8ce800fd99e02177811ffa0d3593b71e6e22,unknown,pending,unreviewed,,
IMG_bd434fd4987019a6,60-69/0389_20140417_HBi_03_RAY_1050.JPG,0389_20140417_HBi_03_RAY_1050.JPG,.jpg,6399209,03,03,2014-04-17,60_69,60-69,,,ignored,,,03::0389_20140417_HBi_03_RAY,filename_trailing_number,medium,4896,3264,JPEG,readable,1799d886d3e2ac0165ff95d157a4dff4c63acadb9d548b4203bd6f5e85dbe4e1,unknown,pending,unreviewed,,
IMG_0aa8ccdd53276d8a,60-69/0390_20140417_HBi_03_RAY_1051.JPG,0390_20140417_HBi_03_RAY_1051.JPG,.jpg,6332298,03,03,2014-04-17,60_69,60-69,,,ignored,,,03::0390_20140417_HBi_03_RAY,filename_trailing_number,medium,4896,3264,JPEG,readable,ce00a106ec10389101ff5dd741c3387d1351f9a9e7937de7ccc04b9a7ebfe91d,unknown,pending,unreviewed,,
IMG_26212acab46a3cbb,60-69/0397_20140417_HBi_03_RAY_1059.JPG,0397_20140417_HBi_03_RAY_1059.JPG,.jpg,6391187,03,03,2014-04-17,60_69,60-69,,,ignored,,,03::0397_20140417_HBi_03_RAY,filename_trailing_number,medium,4896,3264,JPEG,readable,7c71fbaed1afcb4ded36b8457a47d06caefa3a3eae8a78e50e2703538197944f,unknown,pending,unreviewed,,
IMG_591db76d2edb4ac3,60-69/0398_20140417_HBi_03_RAY_1060.JPG,0398_20140417_HBi_03_RAY_1060.JPG,.jpg,6759974,03,03,2014-04-17,60_69,60-69,,,ignored,,,03::0398_20140417_HBi_03_RAY,filename_trailing_number,medium,4896,3264,JPEG,readable,e1a70c7ba845bede6b7690a3a7550dc16048c0010c162b13074efef36322115b,unknown,pending,unreviewed,,
IMG_a27582f023884c6b,60-69/0402_20140417_HBi_03_RAY_1066.JPG,0402_20140417_HBi_03_RAY_1066.JPG,.jpg,6603140,03,03,2014-04-17,60_69,60-69,,,ignored,,,03::0402_20140417_HBi_03_RAY,filename_trailing_number,medium,4896,3264,JPEG,readable,510fad2661c627b705a51ddfc002ad4f37371af188cae455f4622b0dd88a3181,unknown,pending,unreviewed,,
IMG_7e2b1934c863e99b,60-69/0412_20140417_HBi_03_RAY_1082.JPG,0412_20140417_HBi_03_RAY_1082.JPG,.jpg,5886728,03,03,2014-04-17,60_69,60-69,,,ignored,,,03::0412_20140417_HBi_03_RAY,filename_trailing_number,medium,4896,3264,JPEG,readable,db8afc8840cf174e031c245fe4b3138a50a6f3d5dbe2e6c1b580c07f8c808f82,unknown,pending,unreviewed,,
IMG_e5d57eea60007a2c,60-69/0441_20140417_HBi_03_RAY_1127.JPG,0441_20140417_HBi_03_RAY_1127.JPG,.jpg,5838270,03,03,2014-04-17,60_69,60-69,,,ignored,,,03::0441_20140417_HBi_03_RAY,filename_trailing_number,medium,4896,3264,JPEG,readable,2b2878e267cbd6430a275e5744ad064b8e8e5061a14df98addefbc961e05e864,unknown,pending,unreviewed,,
IMG_9e7d655bdf602293,60-69/0443_20140417_HBi_03_RAY_1130.JPG,0443_20140417_HBi_03_RAY_1130.JPG,.jpg,6166973,03,03,2014-04-17,60_69,60-69,,,ignored,,,03::0443_20140417_HBi_03_RAY,filename_trailing_number,medium,4896,3264,JPEG,readable,442b2579235c82af86bbe09d718c225a7a69832398a3f15860041f06c745321f,unknown,pending,unreviewed,,
IMG_f358f06ba7bc8787,60-69/0451_20140417_HBi_03_RAY_1150.JPG,0451_20140417_HBi_03_RAY_1150.JPG,.jpg,6503761,03,03,2014-04-17,60_69,60-69,,,ignored,,,03::0451_20140417_HBi_03_RAY,filename_trailing_number,medium,4896,3264,JPEG,readable,5bb3d25047fe9e332fb60b440ea8fc342761e438697b591fb2de728792a02371,unknown,pending,unreviewed,,
IMG_3db05c97bc1bcd90,60-69/0454_20140417_HBi_03_RAY_1162.JPG,0454_20140417_HBi_03_RAY_1162.JPG,.jpg,6099503,03,03,2014-04-17,60_69,60-69,,,ignored,,,03::0454_20140417_HBi_03_RAY,filename_trailing_number,medium,4896,3264,JPEG,readable,be02f3e9c9bbfe494c20a5a651a3272e8565b6a1e452f6cdebd47837ade3d4d4,unknown,pending,unreviewed,,
IMG_3ef1ef799cf998d2,60-69/0456_20140417_HBi_03_RAY_1177.JPG,0456_20140417_HBi_03_RAY_1177.JPG,.jpg,6213415,03,03,2014-04-17,60_69,60-69,,,ignored,,,03::0456_20140417_HBi_03_RAY,filename_trailing_number,medium,4896,3264,JPEG,readable,196c6942b39d849c5118a177e4572440a2518df493c44b470f2c0293b0169261,unknown,pending,unreviewed,,
IMG_9f3a26380446149a,60-69/0457_20140417_HBi_03_RAY_1178.JPG,0457_20140417_HBi_03_RAY_1178.JPG,.jpg,6344397,03,03,2014-04-17,60_69,60-69,,,ignored,,,03::0457_20140417_HBi_03_RAY,filename_trailing_number,medium,4896,3264,JPEG,readable,4fa01b68647a3ddb56e2c60de6720a3eb983a69fd4d814f80ec3391d8b775e9d,unknown,pending,unreviewed,,
IMG_e67fb9b638d67a79,60-69/0462_20140417_HBi_03_RAY_1183.JPG,0462_20140417_HBi_03_RAY_1183.JPG,.jpg,6735971,03,03,2014-04-17,60_69,60-69,,,ignored,,,03::0462_20140417_HBi_03_RAY,filename_trailing_number,medium,4896,3264,JPEG,readable,5ddc6a6c99176691ef8566e5ee7a17df94ebaba5d6b76eda455054b23a270d65,unknown,pending,unreviewed,,
IMG_e908af23c6b2d77b,60-69/0476_20140417_HBi_03_RAY_1200.JPG,0476_20140417_HBi_03_RAY_1200.JPG,.jpg,6859145,03,03,2014-04-17,60_69,60-69,,,ignored,,,03::0476_20140417_HBi_03_RAY,filename_trailing_number,medium,4896,3264,JPEG,readable,8c7741f27e6db364074a1abd79f4e19f1e4d267376793b6799e4acf45d40e190,unknown,pending,unreviewed,,
IMG_7f5f406281f0a790,60-69/0478_20140417_HBi_03_RAY_1202.JPG,0478_20140417_HBi_03_RAY_1202.JPG,.jpg,6740260,03,03,2014-04-17,60_69,60-69,,,ignored,,,03::0478_20140417_HBi_03_RAY,filename_trailing_number,medium,4896,3264,JPEG,readable,26464f1a96b3d5c0c3a9a1393472d49d4be9cee37445965ba272185172b6f1c5,unknown,pending,unreviewed,,
IMG_fc9dd6a7c64dbdf0,60-69/0482_20140417_HBi_03_RAY_1206.JPG,0482_20140417_HBi_03_RAY_1206.JPG,.jpg,6908095,03,03,2014-04-17,60_69,60-69,,,ignored,,,03::0482_20140417_HBi_03_RAY,filename_trailing_number,medium,4896,3264,JPEG,readable,e8af7775649df4d6837f77c1aba289c8c7eaaf18a439e3aeb79ab38a3d3a5a5a,unknown,pending,unreviewed,,
IMG_160aeacf15fe03af,60-69/0484_20140417_HBi_03_RAY_1210.JPG,0484_20140417_HBi_03_RAY_1210.JPG,.jpg,6112104,03,03,2014-04-17,60_69,60-69,,,ignored,,,03::0484_20140417_HBi_03_RAY,filename_trailing_number,medium,4896,3264,JPEG,readable,88c720bb4fe9670aa972301001100e2fb10022974c6b56cfb79308cc9ca85a57,unknown,pending,unreviewed,,
IMG_6916185c3b247857,60-69/0485_20140417_HBi_03_RAY_1215.JPG,0485_20140417_HBi_03_RAY_1215.JPG,.jpg,6461158,03,03,2014-04-17,60_69,60-69,,,ignored,,,03::0485_20140417_HBi_03_RAY,filename_trailing_number,medium,4896,3264,JPEG,readable,1efbd4ec245e3738265251bef35a747e73fb262cb04639b667095da453747d1f,unknown,pending,unreviewed,,
IMG_48127f2d8cd6e5e2,60-69/0486_20140417_HBi_03_RAY_1216.JPG,0486_20140417_HBi_03_RAY_1216.JPG,.jpg,6312695,03,03,2014-04-17,60_69,60-69,,,ignored,,,03::0486_20140417_HBi_03_RAY,filename_trailing_number,medium,4896,3264,JPEG,readable,7aa74e975c465dc8790690517cc203b9b25948915b509cd3c1c1102f2be721ce,unknown,pending,unreviewed,,
IMG_2345b1bb2f4dd9ce,60-69/0487_20140417_HBi_03_RAY_1221.JPG,0487_20140417_HBi_03_RAY_1221.JPG,.jpg,6683294,03,03,2014-04-17,60_69,60-69,,,ignored,,,03::0487_20140417_HBi_03_RAY,filename_trailing_number,medium,4896,3264,JPEG,readable,869e01993f1c8f9f760321e960e7cb5ec84b06d86a22ec5d1b447423572d8ebc,unknown,pending,unreviewed,,
IMG_d847b571a145f7ac,60-69/0502_20140417_HBi_03_RAY_1240.JPG,0502_20140417_HBi_03_RAY_1240.JPG,.jpg,7414179,03,03,2014-04-17,60_69,60-69,,,ignored,,,03::0502_20140417_HBi_03_RAY,filename_trailing_number,medium,4896,3264,JPEG,readable,d7525bf12b7e69970b4614872752d2e4141a7661e3a59eba07c265e3c119a16d,unknown,pending,unreviewed,,
IMG_eb0ca80585f2f7e7,60-69/0503_20140417_HBi_03_RAY_1241.JPG,0503_20140417_HBi_03_RAY_1241.JPG,.jpg,7043330,03,03,2014-04-17,60_69,60-69,,,ignored,,,03::0503_20140417_HBi_03_RAY,filename_trailing_number,medium,4896,3264,JPEG,readable,4e632eaa9341306bbfa61a6b67edd550a769e36d75eb1bf8add2f31ef69d5f28,unknown,pending,unreviewed,,
IMG_9dd2b629c6a21e71,60-69/0505_20140417_HBi_03_RAY_1243.JPG,0505_20140417_HBi_03_RAY_1243.JPG,.jpg,6581193,03,03,2014-04-17,60_69,60-69,,,ignored,,,03::0505_20140417_HBi_03_RAY,filename_trailing_number,medium,4896,3264,JPEG,readable,c2911184f47365a71ff465c2259c2875fa216af2c87d139b7d68530b6801bae9,unknown,pending,unreviewed,,
IMG_947614fde73fd960,60-69/0506_20140417_HBi_03_RAY_1244.JPG,0506_20140417_HBi_03_RAY_1244.JPG,.jpg,6824617,03,03,2014-04-17,60_69,60-69,,,ignored,,,03::0506_20140417_HBi_03_RAY,filename_trailing_number,medium,4896,3264,JPEG,readable,55d0338d45546024cd76d749ecfcd17a469875de1282ccd64f2f87b88b2fcd9e,unknown,pending,unreviewed,,
IMG_5b112e7fe83570cf,60-69/0517_20140417_HBi_03_RAY_1256.JPG,0517_20140417_HBi_03_RAY_1256.JPG,.jpg,6457765,03,03,2014-04-17,60_69,60-69,,,ignored,,,03::0517_20140417_HBi_03_RAY,filename_trailing_number,medium,4896,3264,JPEG,readable,fd978e9fe1592ae15ebdb810d3d9c4b5b64c97500695ca0b8d764b7d425c8a1b,unknown,pending,unreviewed,,
IMG_d08258ae7017e4f3,60-69/0518_20140417_HBi_03_RAY_1258.JPG,0518_20140417_HBi_03_RAY_1258.JPG,.jpg,6734375,03,03,2014-04-17,60_69,60-69,,,ignored,,,03::0518_20140417_HBi_03_RAY,filename_trailing_number,medium,4896,3264,JPEG,readable,b4ce403a76b9949fe3469f6e57a31362a797f60f44387e6a24363d5a58487ff9,unknown,pending,unreviewed,,
IMG_e3cf963a6ea08d8a,60-69/0519_20140417_HBi_03_RAY_1259.JPG,0519_20140417_HBi_03_RAY_1259.JPG,.jpg,5949953,03,03,2014-04-17,60_69,60-69,,,ignored,,,03::0519_20140417_HBi_03_RAY,filename_trailing_number,medium,4896,3264,JPEG,readable,d6b08e1d57a77b9f0772c76909bc1a2c1024ac032ebd2f2795ad2054aa3f8cf2,unknown,pending,unreviewed,,
IMG_79c24a91370c96b0,60-69/0529_20140417_HBi_03_RAY_1275.JPG,0529_20140417_HBi_03_RAY_1275.JPG,.jpg,6263154,03,03,2014-04-17,60_69,60-69,,,ignored,,,03::0529_20140417_HBi_03_RAY,filename_trailing_number,medium,4896,3264,JPEG,readable,2297126ac7a9cbf9add0bfeb2dfea1f636c8f0675343e26f0abedb43dde7bcc0,unknown,pending,unreviewed,,
IMG_49e84c6f0d885ed0,60-69/0531_20140417_HBi_03_RAY_1277.JPG,0531_20140417_HBi_03_RAY_1277.JPG,.jpg,6942508,03,03,2014-04-17,60_69,60-69,,,ignored,,,03::0531_20140417_HBi_03_RAY,filename_trailing_number,medium,4896,3264,JPEG,readable,99f038d347fc11d20f2fcdb7a315b631548112cc8b0bf85197844823bea5938b,unknown,pending,unreviewed,,
IMG_a8c0fc2d6a28e345,60-69/0535_20140417_HBi_03_RAY_1299.JPG,0535_20140417_HBi_03_RAY_1299.JPG,.jpg,6368524,03,03,2014-04-17,60_69,60-69,,,ignored,,,03::0535_20140417_HBi_03_RAY,filename_trailing_number,medium,4896,3264,JPEG,readable,383be472ac777db2bb6d85f6ab2c43efbee38c19f67a96e1d434c1e079986a02,unknown,pending,unreviewed,,
IMG_2c52a984df5a26fa,60-69/0539_20140417_HBi_03_RAY_1304.JPG,0539_20140417_HBi_03_RAY_1304.JPG,.jpg,7030965,03,03,2014-04-17,60_69,60-69,,,ignored,,,03::0539_20140417_HBi_03_RAY,filename_trailing_number,medium,4896,3264,JPEG,readable,d0bd90e73bb6a980ffa6097b24f9bf20cc2cc64fde96f82bd32040bbc81fe366,unknown,pending,unreviewed,,
IMG_6a4c809c472b59db,60-69/0548_20140417_HBi_03_RAY_1315.JPG,0548_20140417_HBi_03_RAY_1315.JPG,.jpg,6039193,03,03,2014-04-17,60_69,60-69,,,ignored,,,03::0548_20140417_HBi_03_RAY,filename_trailing_number,medium,4896,3264,JPEG,readable,2c7ff8073873be2a7e02c2327eb4b748b0da4c863bef90725c4b14ae9b8c28ca,unknown,pending,unreviewed,,
IMG_4cc686f0c9007821,60-69/0549_20140417_HBi_03_RAY_1318.JPG,0549_20140417_HBi_03_RAY_1318.JPG,.jpg,5636147,03,03,2014-04-17,60_69,60-69,,,ignored,,,03::0549_20140417_HBi_03_RAY,filename_trailing_number,medium,4896,3264,JPEG,readable,46208e9192a15739a8db361c35842cd5ac14ec2e4e7800c594fca1394b671f26,unknown,pending,unreviewed,,
IMG_691c4b7e50f64025,60-69/0550_20140417_HBi_03_RAY_1321.JPG,0550_20140417_HBi_03_RAY_1321.JPG,.jpg,5831755,03,03,2014-04-17,60_69,60-69,,,ignored,,,03::0550_20140417_HBi_03_RAY,filename_trailing_number,medium,4896,3264,JPEG,readable,0605fa575d37d17506c26bc5e804a1d6ea17bd14bc4d14cc79f4e0f7b8b3f92c,unknown,pending,unreviewed,,
IMG_798ce60089edd247,60-69/0551_20140417_HBi_03_RAY_1322.JPG,0551_20140417_HBi_03_RAY_1322.JPG,.jpg,6008126,03,03,2014-04-17,60_69,60-69,,,ignored,,,03::0551_20140417_HBi_03_RAY,filename_trailing_number,medium,4896,3264,JPEG,readable,81e086c9ebf1bb5b988bebaac19e10b1ded906ac9b8179274a7ad7e3a06040a0,unknown,pending,unreviewed,,
IMG_15b832f78b593394,60-69/0552_20140417_HBi_03_RAY_1323.JPG,0552_20140417_HBi_03_RAY_1323.JPG,.jpg,6343345,03,03,2014-04-17,60_69,60-69,,,ignored,,,03::0552_20140417_HBi_03_RAY,filename_trailing_number,medium,4896,3264,JPEG,readable,0f68cbb54cd2d889d8417849416438e3c8062741717d32887ad97b48955b7b23,unknown,pending,unreviewed,,
IMG_dc2365e820340d5c,60-69/0553_20140417_HBi_03_RAY_1325.JPG,0553_20140417_HBi_03_RAY_1325.JPG,.jpg,5897324,03,03,2014-04-17,60_69,60-69,,,ignored,,,03::0553_20140417_HBi_03_RAY,filename_trailing_number,medium,4896,3264,JPEG,readable,2d0227f6efc64db189f523ef7a540616ddf487be7b87b0506f5c27cc0eddb3fb,unknown,pending,unreviewed,,
IMG_8235fd4659117e37,60-69/0557_20140417_HBi_03_RAY_1333.JPG,0557_20140417_HBi_03_RAY_1333.JPG,.jpg,5854975,03,03,2014-04-17,60_69,60-69,,,ignored,,,03::0557_20140417_HBi_03_RAY,filename_trailing_number,medium,4896,3264,JPEG,readable,5b9fea090d0e10abb10f67902ecafaa36b7b205d77c8b929ebc35bd6118446df,unknown,pending,unreviewed,,
IMG_0030145e410f95d3,60-69/0558_20140417_HBi_03_RAY_1335.JPG,0558_20140417_HBi_03_RAY_1335.JPG,.jpg,5944239,03,03,2014-04-17,60_69,60-69,,,ignored,,,03::0558_20140417_HBi_03_RAY,filename_trailing_number,medium,4896,3264,JPEG,readable,33a7186af1940bd5649711eb944b718bffd5d2154e9df44f46dba550f688fbb5,unknown,pending,unreviewed,,
IMG_593f95f34bb04cf6,60-69/0559_20140417_HBi_03_RAY_1337.JPG,0559_20140417_HBi_03_RAY_1337.JPG,.jpg,6495925,03,03,2014-04-17,60_69,60-69,,,ignored,,,03::0559_20140417_HBi_03_RAY,filename_trailing_number,medium,4896,3264,JPEG,readable,d5b86dacf386c80a63257913d1da7e5f85a1b1f5cff11f1e57521f22b8b66500,unknown,pending,unreviewed,,
IMG_0e9cbeadfd9cca5c,60-69/0573_20140417_HBi_03_RAY_1360.JPG,0573_20140417_HBi_03_RAY_1360.JPG,.jpg,6226417,03,03,2014-04-17,60_69,60-69,,,ignored,,,03::0573_20140417_HBi_03_RAY,filename_trailing_number,medium,4896,3264,JPEG,readable,57be062fee7b55f99c4989ad9aedde9ec2e2cfc1a131debe728733f9fc48292a,unknown,pending,unreviewed,,
IMG_e397789e8791f647,60-69/0574_20140417_HBi_03_RAY_1361.JPG,0574_20140417_HBi_03_RAY_1361.JPG,.jpg,6190311,03,03,2014-04-17,60_69,60-69,,,ignored,,,03::0574_20140417_HBi_03_RAY,filename_trailing_number,medium,4896,3264,JPEG,readable,a9454b9f813b318df221c01ebc210734dd15d2a10ed4f68a663b91bbe8f020ec,unknown,pending,unreviewed,,
IMG_445d21f3185ffabe,60-69/0581_20140417_HBi_03_RAY_1370.JPG,0581_20140417_HBi_03_RAY_1370.JPG,.jpg,6491620,03,03,2014-04-17,60_69,60-69,,,ignored,,,03::0581_20140417_HBi_03_RAY,filename_trailing_number,medium,4896,3264,JPEG,readable,a128e4fac49aa35bcb0f1a5b713b7beea476fbeb335b32149e5d09c093fd828a,unknown,pending,unreviewed,,
IMG_60fc581692ab2de8,60-69/0582_20140417_HBi_03_RAY_1371.JPG,0582_20140417_HBi_03_RAY_1371.JPG,.jpg,6451200,03,03,2014-04-17,60_69,60-69,,,ignored,,,03::0582_20140417_HBi_03_RAY,filename_trailing_number,medium,4896,3264,JPEG,readable,96240fec5729cda34bf23eba70533ad802772361a4952f9e95b13dd8f6dfce4c,unknown,pending,unreviewed,,
IMG_eaab15d99c4e8054,60-69/0583_20140417_HBi_03_RAY_1372.JPG,0583_20140417_HBi_03_RAY_1372.JPG,.jpg,6362337,03,03,2014-04-17,60_69,60-69,,,ignored,,,03::0583_20140417_HBi_03_RAY,filename_trailing_number,medium,4896,3264,JPEG,readable,000b86541a19fb44325ad63ab51595d544ffcf006f05d12865e09f64971e416a,unknown,pending,unreviewed,,
IMG_07ee8ef35a5e4820,60-69/0584_20140417_HBi_03_RAY_1373.JPG,0584_20140417_HBi_03_RAY_1373.JPG,.jpg,6678514,03,03,2014-04-17,60_69,60-69,,,ignored,,,03::0584_20140417_HBi_03_RAY,filename_trailing_number,medium,4896,3264,JPEG,readable,5752daccb75b182032d063ba9366ca9395a93c5caa0d7ca7dad80741bbb56746,unknown,pending,unreviewed,,
IMG_98f8f913e5c0967f,60-69/0585_20140417_HBi_03_RAY_1375.JPG,0585_20140417_HBi_03_RAY_1375.JPG,.jpg,6132272,03,03,2014-04-17,60_69,60-69,,,ignored,,,03::0585_20140417_HBi_03_RAY,filename_trailing_number,medium,4896,3264,JPEG,readable,59d79a91bfb9b1522a88cc5b4d0fb8c06b85765c47d55a54461995bb613d2f38,unknown,pending,unreviewed,,
IMG_f830ab78e4a4898f,60-69/0587_20140417_HBi_03_RAY_1379.JPG,0587_20140417_HBi_03_RAY_1379.JPG,.jpg,6481254,03,03,2014-04-17,60_69,60-69,,,ignored,,,03::0587_20140417_HBi_03_RAY,filename_trailing_number,medium,4896,3264,JPEG,readable,389d84a70aa37a85f95972f42b2fe7c1e6e2237ee0f56a12e926e4c570eb8258,unknown,pending,unreviewed,,
IMG_e743bb6256f2e741,60-69/0588_20140417_HBi_03_RAY_1380.JPG,0588_20140417_HBi_03_RAY_1380.JPG,.jpg,6483604,03,03,2014-04-17,60_69,60-69,,,ignored,,,03::0588_20140417_HBi_03_RAY,filename_trailing_number,medium,4896,3264,JPEG,readable,80521c524852efe5e0cf1a8ecdd6dfc0289fa40f965b61d9e4b213c815003c18,unknown,pending,unreviewed,,
IMG_cb237c1dfb02d724,60-69/0589_20140417_HBi_03_RAY_1382.JPG,0589_20140417_HBi_03_RAY_1382.JPG,.jpg,6640954,03,03,2014-04-17,60_69,60-69,,,ignored,,,03::0589_20140417_HBi_03_RAY,filename_trailing_number,medium,4896,3264,JPEG,readable,6cbd41d976cb54bffaad04bec445b5d9de50cefd7db2507c22df7ae3bd509b83,unknown,pending,unreviewed,,
IMG_8a6d39210a503b1e,60-69/0591_20140417_HBi_03_RAY_1390.JPG,0591_20140417_HBi_03_RAY_1390.JPG,.jpg,6898503,03,03,2014-04-17,60_69,60-69,,,ignored,,,03::0591_20140417_HBi_03_RAY,filename_trailing_number,medium,4896,3264,JPEG,readable,9ab097d2a988bc05fe6a6e1fde6c89861e1d64cea278dcd781462c6c5e7c118f,unknown,pending,unreviewed,,
IMG_d3c3452d5215cbdf,60-69/0592_20140417_HBi_03_RAY_1394.JPG,0592_20140417_HBi_03_RAY_1394.JPG,.jpg,6702418,03,03,2014-04-17,60_69,60-69,,,ignored,,,03::0592_20140417_HBi_03_RAY,filename_trailing_number,medium,4896,3264,JPEG,readable,5ba91069cc22d641b6c031c5c88b14586b51473011de4d627cf1bcf680bbf5b7,unknown,pending,unreviewed,,
IMG_3a99fda6e5b90955,60-69/0597_20140417_HBi_03_RAY_1399.JPG,0597_20140417_HBi_03_RAY_1399.JPG,.jpg,5870772,03,03,2014-04-17,60_69,60-69,,,ignored,,,03::0597_20140417_HBi_03_RAY,filename_trailing_number,medium,4896,3264,JPEG,readable,8156fc2c8907fead3b2400fed5da3cdf8c444d1bcf71bbc4a6aea762dcf17d49,unknown,pending,unreviewed,,
IMG_282cbd0c392bda6a,60-69/0599_20140417_HBi_03_RAY_1401.JPG,0599_20140417_HBi_03_RAY_1401.JPG,.jpg,6381622,03,03,2014-04-17,60_69,60-69,,,ignored,,,03::0599_20140417_HBi_03_RAY,filename_trailing_number,medium,4896,3264,JPEG,readable,56344439d8938009555758b8ba813ddd2286a2c01ad0fb29df86082b365a8045,unknown,pending,unreviewed,,
IMG_01eaa484baa20515,60-69/0603_20140417_HBi_03_RAY_1407.JPG,0603_20140417_HBi_03_RAY_1407.JPG,.jpg,6080762,03,03,2014-04-17,60_69,60-69,,,ignored,,,03::0603_20140417_HBi_03_RAY,filename_trailing_number,medium,4896,3264,JPEG,readable,ba5d4632404d7e419517dfed3095659f717c5b822d5cf14f336a183fa6ff0a4b,unknown,pending,unreviewed,,
IMG_f4b760d565f71d9e,60-69/0604_20140417_HBi_03_RAY_1410.JPG,0604_20140417_HBi_03_RAY_1410.JPG,.jpg,6531425,03,03,2014-04-17,60_69,60-69,,,ignored,,,03::0604_20140417_HBi_03_RAY,filename_trailing_number,medium,4896,3264,JPEG,readable,e14d4f183cbbc9778d5c09fe01c54c4d8c246636fea396b2f3e8d11ef310fce8,unknown,pending,unreviewed,,
IMG_83e1eccb28befd5c,60-69/0606_20140417_HBi_03_RAY_1416.JPG,0606_20140417_HBi_03_RAY_1416.JPG,.jpg,6054017,03,03,2014-04-17,60_69,60-69,,,ignored,,,03::0606_20140417_HBi_03_RAY,filename_trailing_number,medium,4896,3264,JPEG,readable,c571dbf7f4ba398db2286f5b23b0d256a908a991306dc73b3f36c97138dd4fef,unknown,pending,unreviewed,,
IMG_9ced5f08c8e1f145,60-69/0607_20140417_HBi_03_RAY_1418.JPG,0607_20140417_HBi_03_RAY_1418.JPG,.jpg,6025122,03,03,2014-04-17,60_69,60-69,,,ignored,,,03::0607_20140417_HBi_03_RAY,filename_trailing_number,medium,4896,3264,JPEG,readable,58594e0de43de8ba7f78f7398e773448561e80d32b8bbc3ac719a006502d093a,unknown,pending,unreviewed,,
IMG_b3d4bdc8d514ac5e,60-69/0611_20140417_HBi_03_RAY_1422.JPG,0611_20140417_HBi_03_RAY_1422.JPG,.jpg,6357927,03,03,2014-04-17,60_69,60-69,,,ignored,,,03::0611_20140417_HBi_03_RAY,filename_trailing_number,medium,4896,3264,JPEG,readable,4d9475bd30507042525d906415a5578bdf7d118de5bcd33431b6786841810578,unknown,pending,unreviewed,,
IMG_2f32a721cb7d4bf9,60-69/0613_20140417_HBi_03_RAY_1425.JPG,0613_20140417_HBi_03_RAY_1425.JPG,.jpg,5888220,03,03,2014-04-17,60_69,60-69,,,ignored,,,03::0613_20140417_HBi_03_RAY,filename_trailing_number,medium,4896,3264,JPEG,readable,e398af16e2edf35e5301aeb09ac28ed8c7aab4747e016c2b1ed4cc50ac25fa37,unknown,pending,unreviewed,,
IMG_90740b3dd755d65c,60-69/0614_20140417_HBi_03_RAY_1426.JPG,0614_20140417_HBi_03_RAY_1426.JPG,.jpg,6272009,03,03,2014-04-17,60_69,60-69,,,ignored,,,03::0614_20140417_HBi_03_RAY,filename_trailing_number,medium,4896,3264,JPEG,readable,e26ce398c0a83861e2da886961fbfa9002f94c822f821ab1610d249af2a53960,unknown,pending,unreviewed,,
IMG_b950f05f179a761e,60-69/0615_20140417_HBi_03_RAY_1428.JPG,0615_20140417_HBi_03_RAY_1428.JPG,.jpg,6687078,03,03,2014-04-17,60_69,60-69,,,ignored,,,03::0615_20140417_HBi_03_RAY,filename_trailing_number,medium,4896,3264,JPEG,readable,74cb653d02286d194d3662b2c6716a8499d241ec987c065cdf790bf415bf4ff8,unknown,pending,unreviewed,,
IMG_b6bdf8e2964ce554,60-69/0616_20140417_HBi_03_RAY_1430.JPG,0616_20140417_HBi_03_RAY_1430.JPG,.jpg,6722903,03,03,2014-04-17,60_69,60-69,,,ignored,,,03::0616_20140417_HBi_03_RAY,filename_trailing_number,medium,4896,3264,JPEG,readable,67cb0e2299f38a968cd3a65aab80813e9d2fdb0d08ecdad4783d184abe30d9d6,unknown,pending,unreviewed,,
IMG_bb27c7153df358a4,60-69/0617_20140417_HBi_03_RAY_1431.JPG,0617_20140417_HBi_03_RAY_1431.JPG,.jpg,6853184,03,03,2014-04-17,60_69,60-69,,,ignored,,,03::0617_20140417_HBi_03_RAY,filename_trailing_number,medium,4896,3264,JPEG,readable,9c43cb70faaff6ee4051ebee9eea6e3764790dd2dc92d10650ef5159cc4cb590,unknown,pending,unreviewed,,
IMG_43f895947416a8d2,60-69/0618_20140417_HBi_03_RAY_1432.JPG,0618_20140417_HBi_03_RAY_1432.JPG,.jpg,6796122,03,03,2014-04-17,60_69,60-69,,,ignored,,,03::0618_20140417_HBi_03_RAY,filename_trailing_number,medium,4896,3264,JPEG,readable,3f607f085083e544755bf74475e5807cad13d8a74dca2696e3b76876811a2d4f,unknown,pending,unreviewed,,
IMG_6a6537d72a9075bc,60-69/0619_20140417_HBi_03_RAY_1433.JPG,0619_20140417_HBi_03_RAY_1433.JPG,.jpg,6199416,03,03,2014-04-17,60_69,60-69,,,ignored,,,03::0619_20140417_HBi_03_RAY,filename_trailing_number,medium,4896,3264,JPEG,readable,ad497a4c02825b1db6e3352cfd925bb39719ac1551964139096ee6a8999e0910,unknown,pending,unreviewed,,
IMG_b129bdbcff4175ac,60-69/0620_20140417_HBi_03_RAY_1435.JPG,0620_20140417_HBi_03_RAY_1435.JPG,.jpg,5461476,03,03,2014-04-17,60_69,60-69,,,ignored,,,03::0620_20140417_HBi_03_RAY,filename_trailing_number,medium,4896,3264,JPEG,readable,2318ead64fa3e86cb26c1625663a6ee90f736b4199b92ce13cc2d09c3ef9941d,unknown,pending,unreviewed,,
IMG_bf547babce3e107c,60-69/0625_20140417_HBi_03_RAY_1440.JPG,0625_20140417_HBi_03_RAY_1440.JPG,.jpg,6373000,03,03,2014-04-17,60_69,60-69,,,ignored,,,03::0625_20140417_HBi_03_RAY,filename_trailing_number,medium,4896,3264,JPEG,readable,b1b6dfa618967fe0e5c28c8524f94b00de213c95d1d698f85c01e15423852e0e,unknown,pending,unreviewed,,
IMG_27cc52e78dcf2136,60-69/0626_20140417_HBi_03_RAY_1441.JPG,0626_20140417_HBi_03_RAY_1441.JPG,.jpg,6348135,03,03,2014-04-17,60_69,60-69,,,ignored,,,03::0626_20140417_HBi_03_RAY,filename_trailing_number,medium,4896,3264,JPEG,readable,8a02674fdf331f9e165a07fc49bde1baeb94c6d7c11d42849414afd855336dd7,unknown,pending,unreviewed,,
IMG_12cb02361a10b484,60-69/0628_20140417_HBi_03_RAY_1445.JPG,0628_20140417_HBi_03_RAY_1445.JPG,.jpg,6321447,03,03,2014-04-17,60_69,60-69,,,ignored,,,03::0628_20140417_HBi_03_RAY,filename_trailing_number,medium,4896,3264,JPEG,readable,c4681e6b6f1cfb9436a23e795351a628420833405345c2146ab9c1212f990a8a,unknown,pending,unreviewed,,
IMG_089f3f0b3e7b3ee7,60-69/0631_20140417_HBi_03_RAY_1452.JPG,0631_20140417_HBi_03_RAY_1452.JPG,.jpg,6132543,03,03,2014-04-17,60_69,60-69,,,ignored,,,03::0631_20140417_HBi_03_RAY,filename_trailing_number,medium,4896,3264,JPEG,readable,0b1f94f3dace2bebf1deca670e860910820f90b663584ac434cc535e9ca3c5ce,unknown,pending,unreviewed,,
IMG_a53280375000c360,60-69/0632_20140417_HBi_03_RAY_1454.JPG,0632_20140417_HBi_03_RAY_1454.JPG,.jpg,6908264,03,03,2014-04-17,60_69,60-69,,,ignored,,,03::0632_20140417_HBi_03_RAY,filename_trailing_number,medium,4896,3264,JPEG,readable,6b5de09a678b4233ce5dd04b4cd0764dbad30a69314b97756c63dfc4260517a4,unknown,pending,unreviewed,,
IMG_2d7e718a53760655,60-69/0633_20140417_HBi_03_RAY_1457.JPG,0633_20140417_HBi_03_RAY_1457.JPG,.jpg,6847291,03,03,2014-04-17,60_69,60-69,,,ignored,,,03::0633_20140417_HBi_03_RAY,filename_trailing_number,medium,4896,3264,JPEG,readable,2647bd6f02d974edd36da0161b8db144a0f0d8e872720b7293463cec61d32bde,unknown,pending,unreviewed,,
IMG_d7f4db4fa277d80f,60-69/0634_20140417_HBi_03_RAY_1458.JPG,0634_20140417_HBi_03_RAY_1458.JPG,.jpg,6669902,03,03,2014-04-17,60_69,60-69,,,ignored,,,03::0634_20140417_HBi_03_RAY,filename_trailing_number,medium,4896,3264,JPEG,readable,b0c6451db818d5f14392c91ed256136f7492ede6a3f2cd2afbdd6f10e44f34c7,unknown,pending,unreviewed,,
IMG_bfc10ee54281a1bd,60-69/0635_20140417_HBi_03_RAY_1459.JPG,0635_20140417_HBi_03_RAY_1459.JPG,.jpg,6263761,03,03,2014-04-17,60_69,60-69,,,ignored,,,03::0635_20140417_HBi_03_RAY,filename_trailing_number,medium,4896,3264,JPEG,readable,1bb084d4e45eeb6d1002b19285480da3e50fc21dae38857288957c60f9bd96b9,unknown,pending,unreviewed,,
IMG_5b95c4b739a611ae,60-69/0636_20140417_HBi_03_RAY_1462.JPG,0636_20140417_HBi_03_RAY_1462.JPG,.jpg,6060812,03,03,2014-04-17,60_69,60-69,,,ignored,,,03::0636_20140417_HBi_03_RAY,filename_trailing_number,medium,4896,3264,JPEG,readable,a0102dae6cfc1b5ddbab2e3348ba693d57d3ee95d43fd338a576d98c7563eeb7,unknown,pending,unreviewed,,
IMG_ff3c371d9029cd13,60-69/0637_20140417_HBi_03_RAY_1464.JPG,0637_20140417_HBi_03_RAY_1464.JPG,.jpg,6169710,03,03,2014-04-17,60_69,60-69,,,ignored,,,03::0637_20140417_HBi_03_RAY,filename_trailing_number,medium,4896,3264,JPEG,readable,d7d3ac33e2242123e61fc8e329d328d59ef49de6e917cd4724c91618842c8307,unknown,pending,unreviewed,,
IMG_7f0e8bc86c0afaa6,60-69/0638_20140417_HBi_03_RAY_1465.JPG,0638_20140417_HBi_03_RAY_1465.JPG,.jpg,5918903,03,03,2014-04-17,60_69,60-69,,,ignored,,,03::0638_20140417_HBi_03_RAY,filename_trailing_number,medium,4896,3264,JPEG,readable,e1ffd3bf3f3a581cb4ea4fa370fb27eee78cbbd5ee52a2b725eee8ba8cec01e5,unknown,pending,unreviewed,,
IMG_5e017fc15c2c7f83,60-69/0639_20140417_HBi_03_RAY_1471.JPG,0639_20140417_HBi_03_RAY_1471.JPG,.jpg,5812131,03,03,2014-04-17,60_69,60-69,,,ignored,,,03::0639_20140417_HBi_03_RAY,filename_trailing_number,medium,4896,3264,JPEG,readable,8c0bf56d916a3b4a600923cf91751bd13f2d41cb311b3992922e5906b2174293,unknown,pending,unreviewed,,
IMG_a5db172b903c96d9,60-69/0640_20140417_HBi_03_RAY_1475.JPG,0640_20140417_HBi_03_RAY_1475.JPG,.jpg,5535400,03,03,2014-04-17,60_69,60-69,,,ignored,,,03::0640_20140417_HBi_03_RAY,filename_trailing_number,medium,4896,3264,JPEG,readable,da886139844e3913c7b5b8d8b6a2bd1c48231f227e2313d0d2d2805993b18be0,unknown,pending,unreviewed,,
IMG_7d496769bb65fee0,60-69/0641_20140417_HBi_03_RAY_1476.JPG,0641_20140417_HBi_03_RAY_1476.JPG,.jpg,5716869,03,03,2014-04-17,60_69,60-69,,,ignored,,,03::0641_20140417_HBi_03_RAY,filename_trailing_number,medium,4896,3264,JPEG,readable,db808928679ea2f99cf7992101b45098284f3e2f0b8fd2c9b8b56b302f5bae5f,unknown,pending,unreviewed,,
IMG_cf5cdb9513aee747,60-69/0642_20140417_HBi_03_RAY_1477.JPG,0642_20140417_HBi_03_RAY_1477.JPG,.jpg,6026079,03,03,2014-04-17,60_69,60-69,,,ignored,,,03::0642_20140417_HBi_03_RAY,filename_trailing_number,medium,4896,3264,JPEG,readable,bd14d86afc0fe5683af2cc91aa978dab5fa8b63f08eea23ad0b37deba853a867,unknown,pending,unreviewed,,
IMG_8dda1c25f94d07a1,60-69/0643_20140417_HBi_03_RAY_1478.JPG,0643_20140417_HBi_03_RAY_1478.JPG,.jpg,5924566,03,03,2014-04-17,60_69,60-69,,,ignored,,,03::0643_20140417_HBi_03_RAY,filename_trailing_number,medium,4896,3264,JPEG,readable,bd0abcba5d2f37baf043ed2386e12561b0d50253dc8ecbc80592e4d739c9de44,unknown,pending,unreviewed,,
IMG_248e5323abc25600,60-69/0644_20140417_HBi_03_RAY_1480.JPG,0644_20140417_HBi_03_RAY_1480.JPG,.jpg,5953318,03,03,2014-04-17,60_69,60-69,,,ignored,,,03::0644_20140417_HBi_03_RAY,filename_trailing_number,medium,4896,3264,JPEG,readable,3b28604ece29826b4068380d58886643b519022c2738513d8538d39eca1738fe,unknown,pending,unreviewed,,
IMG_18b8858d2bc845d9,60-69/0646_20140417_HBi_03_RAY_1484.JPG,0646_20140417_HBi_03_RAY_1484.JPG,.jpg,6529704,03,03,2014-04-17,60_69,60-69,,,ignored,,,03::0646_20140417_HBi_03_RAY,filename_trailing_number,medium,4896,3264,JPEG,readable,f4e43ecc5d6b2603edcaae5ebcdd5eaf10a81dd5a2c23114c719a38947300be6,unknown,pending,unreviewed,,
IMG_e9ebe7fbf07d0fd2,60-69/0647_20140417_HBi_03_RAY_1485.JPG,0647_20140417_HBi_03_RAY_1485.JPG,.jpg,6405264,03,03,2014-04-17,60_69,60-69,,,ignored,,,03::0647_20140417_HBi_03_RAY,filename_trailing_number,medium,4896,3264,JPEG,readable,17de80d6bcde8b9bd6f63d0ee025432c8b33a1f0a527485b4cb58a57655942a4,unknown,pending,unreviewed,,
IMG_84bcfb846ded21ad,60-69/0653_20140417_HBi_03_RAY_1497.JPG,0653_20140417_HBi_03_RAY_1497.JPG,.jpg,5708279,03,03,2014-04-17,60_69,60-69,,,ignored,,,03::0653_20140417_HBi_03_RAY,filename_trailing_number,medium,4896,3264,JPEG,readable,cf88088d5d1e7066382d5736d6fb8197beb7b7ebf502bd2b31b4ead952db012b,unknown,pending,unreviewed,,
IMG_5dc20359f5fe3723,60-69/0655_20140417_HBi_03_RAY_1500.JPG,0655_20140417_HBi_03_RAY_1500.JPG,.jpg,6444770,03,03,2014-04-17,60_69,60-69,,,ignored,,,03::0655_20140417_HBi_03_RAY,filename_trailing_number,medium,4896,3264,JPEG,readable,09e9a5a4a4abb846efe2e98929d99b7ea24e757afc9cb0831387c8888ab92035,unknown,pending,unreviewed,,
IMG_fcae88ece6f1693c,60-69/0660_20140417_HBi_03_RAY_1512.JPG,0660_20140417_HBi_03_RAY_1512.JPG,.jpg,6296276,03,03,2014-04-17,60_69,60-69,,,ignored,,,03::0660_20140417_HBi_03_RAY,filename_trailing_number,medium,4896,3264,JPEG,readable,e2d3c12aa891ed075263bfd98376e9b2be6fd939b603bab736ad96163231ce39,unknown,pending,unreviewed,,
IMG_9d2015cae1b1e8b6,60-69/0661_20140417_HBi_03_RAY_1520.JPG,0661_20140417_HBi_03_RAY_1520.JPG,.jpg,5824301,03,03,2014-04-17,60_69,60-69,,,ignored,,,03::0661_20140417_HBi_03_RAY,filename_trailing_number,medium,4896,3264,JPEG,readable,64f626ed3046858f5bdd777278e1409adbc93dbb2233c9377c595623dc53e106,unknown,pending,unreviewed,,
IMG_bd1af2f2b085df26,60-69/0663_20140417_HBi_03_RAY_1526.JPG,0663_20140417_HBi_03_RAY_1526.JPG,.jpg,6377761,03,03,2014-04-17,60_69,60-69,,,ignored,,,03::0663_20140417_HBi_03_RAY,filename_trailing_number,medium,4896,3264,JPEG,readable,c40428053509746864d1a7fdba29128e52f6f36b1816ac0cf9e300070ef4a241,unknown,pending,unreviewed,,
IMG_0c9634ee1867f0eb,60-69/0664_20140417_HBi_03_RAY_1527.JPG,0664_20140417_HBi_03_RAY_1527.JPG,.jpg,6299608,03,03,2014-04-17,60_69,60-69,,,ignored,,,03::0664_20140417_HBi_03_RAY,filename_trailing_number,medium,4896,3264,JPEG,readable,72442fc5d4eec0dea541d519f0d3fcbebc171ec6034714d28200f6e307b1f297,unknown,pending,unreviewed,,
IMG_066e6368a4ab7c2c,60-69/0669_20140417_HBi_03_RAY_1536.JPG,0669_20140417_HBi_03_RAY_1536.JPG,.jpg,6099978,03,03,2014-04-17,60_69,60-69,,,ignored,,,03::0669_20140417_HBi_03_RAY,filename_trailing_number,medium,4896,3264,JPEG,readable,dc59ec04baffcf4034ea6ff79655f3103a956be1b26b5426386ae8d3838794d2,unknown,pending,unreviewed,,
IMG_eaaa7bd0eb0ed5f8,60-69/0670_20140417_HBi_03_RAY_1537.JPG,0670_20140417_HBi_03_RAY_1537.JPG,.jpg,6055824,03,03,2014-04-17,60_69,60-69,,,ignored,,,03::0670_20140417_HBi_03_RAY,filename_trailing_number,medium,4896,3264,JPEG,readable,4b2f2b2862e7295e9f04bb6fa3a8da7fccca735999b5169ecdcd59f913465e4a,unknown,pending,unreviewed,,
IMG_36f4125873d85ad4,60-69/0688_20140417_HBi_03_RAY_1614.JPG,0688_20140417_HBi_03_RAY_1614.JPG,.jpg,6095278,03,03,2014-04-17,60_69,60-69,,,ignored,,,03::0688_20140417_HBi_03_RAY,filename_trailing_number,medium,4896,3264,JPEG,readable,0af04695a3db98b8cb1ec99ad6f43dc01caf61904a662330d2e48f2d1027c4ee,unknown,pending,unreviewed,,
IMG_e0e3a7041615e9ea,60-69/0689_20140417_HBi_03_RAY_1615.JPG,0689_20140417_HBi_03_RAY_1615.JPG,.jpg,6093886,03,03,2014-04-17,60_69,60-69,,,ignored,,,03::0689_20140417_HBi_03_RAY,filename_trailing_number,medium,4896,3264,JPEG,readable,47c0123d16d5150cf2f3be3cbb5aadaf8df6a6e6cc59768017daddaeb590e1e7,unknown,pending,unreviewed,,
IMG_9294026a2ad459ea,60-69/0690_20140417_HBi_03_RAY_1619.JPG,0690_20140417_HBi_03_RAY_1619.JPG,.jpg,6686367,03,03,2014-04-17,60_69,60-69,,,ignored,,,03::0690_20140417_HBi_03_RAY,filename_trailing_number,medium,4896,3264,JPEG,readable,c08282c64c3f2a5287b0f3a98e66ecfb5c302441e8fcf3453b09c981e7c765c6,unknown,pending,unreviewed,,
IMG_cb3e271b150a2120,60-69/0693_20140417_HBi_03_RAY_1624.JPG,0693_20140417_HBi_03_RAY_1624.JPG,.jpg,6550169,03,03,2014-04-17,60_69,60-69,,,ignored,,,03::0693_20140417_HBi_03_RAY,filename_trailing_number,medium,4896,3264,JPEG,readable,9b26c27c5d471042bc1c912160801f7c46488a0857ef744ac63576d57cb17691,unknown,pending,unreviewed,,
IMG_6bd71678541ffb67,60-69/0694_20140417_HBi_03_RAY_1626.JPG,0694_20140417_HBi_03_RAY_1626.JPG,.jpg,6588140,03,03,2014-04-17,60_69,60-69,,,ignored,,,03::0694_20140417_HBi_03_RAY,filename_trailing_number,medium,4896,3264,JPEG,readable,be59b87a92a7927d8e03ffe2eb8e2c50f8e73f4e60cece31ac1399890e12ad36,unknown,pending,unreviewed,,
IMG_eda38c3fdb96ebc0,60-69/0695_20140417_HBi_03_RAY_1628.JPG,0695_20140417_HBi_03_RAY_1628.JPG,.jpg,6237931,03,03,2014-04-17,60_69,60-69,,,ignored,,,03::0695_20140417_HBi_03_RAY,filename_trailing_number,medium,4896,3264,JPEG,readable,19780a41e7e2c9bf589e1ae6dfa8f820746186967cd21ee167a9322ed62dd445,unknown,pending,unreviewed,,
IMG_9be568c901cbfc50,60-69/0696_20140417_HBi_03_RAY_1630.JPG,0696_20140417_HBi_03_RAY_1630.JPG,.jpg,6683111,03,03,2014-04-17,60_69,60-69,,,ignored,,,03::0696_20140417_HBi_03_RAY,filename_trailing_number,medium,4896,3264,JPEG,readable,fa5ea8639461ce32a4e20cc0c00bcffc77d26737f0ad6dee71295efb3a3d2a8a,unknown,pending,unreviewed,,
IMG_958d0372b9c4bbb4,60-69/0705_20140417_HBi_03_RAY_1650.JPG,0705_20140417_HBi_03_RAY_1650.JPG,.jpg,6954372,03,03,2014-04-17,60_69,60-69,,,ignored,,,03::0705_20140417_HBi_03_RAY,filename_trailing_number,medium,4896,3264,JPEG,readable,118aee019c1983de93decfda852ca70cd483651154cdfeccc0b9a32d66cb6639,unknown,pending,unreviewed,,
IMG_e16eaec59b15fdaa,60-69/0707_20140417_HBi_03_RAY_1652.JPG,0707_20140417_HBi_03_RAY_1652.JPG,.jpg,5973563,03,03,2014-04-17,60_69,60-69,,,ignored,,,03::0707_20140417_HBi_03_RAY,filename_trailing_number,medium,4896,3264,JPEG,readable,7fc51f8a6c57708341d65ce57d45115ea82d4cfdbf2c9b4be8e3cf13b9fb870c,unknown,pending,unreviewed,,
IMG_1dd2a0025a080dc3,60-69/0708_20140417_HBi_03_RAY_1653.JPG,0708_20140417_HBi_03_RAY_1653.JPG,.jpg,6059989,03,03,2014-04-17,60_69,60-69,,,ignored,,,03::0708_20140417_HBi_03_RAY,filename_trailing_number,medium,4896,3264,JPEG,readable,a7269a6d0939ec5664603e9ab4a89292793d8e469980623c64216410c603814d,unknown,pending,unreviewed,,
IMG_26157ca2e14dce53,60-69/0713_20140417_HBi_03_RAY_1659.JPG,0713_20140417_HBi_03_RAY_1659.JPG,.jpg,7216840,03,03,2014-04-17,60_69,60-69,,,ignored,,,03::0713_20140417_HBi_03_RAY,filename_trailing_number,medium,4896,3264,JPEG,readable,efd911c812e7fa8e7455134eb77763198936a11799ef5a001aed26ed59f2eebb,unknown,pending,unreviewed,,
IMG_22b4e9de5c5ee226,60-69/0714_20140417_HBi_03_RAY_1660.JPG,0714_20140417_HBi_03_RAY_1660.JPG,.jpg,6990144,03,03,2014-04-17,60_69,60-69,,,ignored,,,03::0714_20140417_HBi_03_RAY,filename_trailing_number,medium,4896,3264,JPEG,readable,5e9684cb203f150715e25bcaf953679a9072f3401996b9fd5a55e810a9488b1d,unknown,pending,unreviewed,,
IMG_16957f7306d9bd1f,60-69/0715_20140417_HBi_03_RAY_1661.JPG,0715_20140417_HBi_03_RAY_1661.JPG,.jpg,6407454,03,03,2014-04-17,60_69,60-69,,,ignored,,,03::0715_20140417_HBi_03_RAY,filename_trailing_number,medium,4896,3264,JPEG,readable,643ec6ac7d3be1e01a9ba46090578f3b52e891e43e0a8cb7796c10ba7bc977e4,unknown,pending,unreviewed,,
IMG_0e5a8dff7c1c27bc,60-69/0716_20140417_HBi_03_RAY_1663.JPG,0716_20140417_HBi_03_RAY_1663.JPG,.jpg,6191871,03,03,2014-04-17,60_69,60-69,,,ignored,,,03::0716_20140417_HBi_03_RAY,filename_trailing_number,medium,4896,3264,JPEG,readable,d2b77e029ca4cfa88f2f1a6adbbb15ca31ab66c27163acb44b855313613f6111,unknown,pending,unreviewed,,
IMG_e48eb00a8f2fb91f,60-69/0717_20140417_HBi_03_RAY_1664.JPG,0717_20140417_HBi_03_RAY_1664.JPG,.jpg,6321728,03,03,2014-04-17,60_69,60-69,,,ignored,,,03::0717_20140417_HBi_03_RAY,filename_trailing_number,medium,4896,3264,JPEG,readable,c5131f96f4c157583393008a0b1191ecd30c684e1ac4f91765335a058b4ae4cf,unknown,pending,unreviewed,,
IMG_e0e1bc5ae420477a,60-69/0718_20140417_HBi_03_RAY_1666.JPG,0718_20140417_HBi_03_RAY_1666.JPG,.jpg,6042660,03,03,2014-04-17,60_69,60-69,,,ignored,,,03::0718_20140417_HBi_03_RAY,filename_trailing_number,medium,4896,3264,JPEG,readable,bdad7f949287e89ed6f3558db494ec34aa21966df60f225e60df27a84c9057aa,unknown,pending,unreviewed,,
IMG_16689ce73c4d535e,60-69/0719_20140417_HBi_03_RAY_1667.JPG,0719_20140417_HBi_03_RAY_1667.JPG,.jpg,6692345,03,03,2014-04-17,60_69,60-69,,,ignored,,,03::0719_20140417_HBi_03_RAY,filename_trailing_number,medium,4896,3264,JPEG,readable,0cd1824be65ab5146e3c8cb2a0c8e6c46995a98f4b6dd4214379b3e52b2d7906,unknown,pending,unreviewed,,
IMG_0cadddee064cc313,60-69/0720_20140417_HBi_03_RAY_1668.JPG,0720_20140417_HBi_03_RAY_1668.JPG,.jpg,6783509,03,03,2014-04-17,60_69,60-69,,,ignored,,,03::0720_20140417_HBi_03_RAY,filename_trailing_number,medium,4896,3264,JPEG,readable,ee076ffc7a03840039c0e29f154d3b84748c0ed10361d2449afe164c6eae38ba,unknown,pending,unreviewed,,
IMG_d6ea46e8979506e9,60-69/0723_20140417_HBi_03_RAY_1671.JPG,0723_20140417_HBi_03_RAY_1671.JPG,.jpg,6378760,03,03,2014-04-17,60_69,60-69,,,ignored,,,03::0723_20140417_HBi_03_RAY,filename_trailing_number,medium,4896,3264,JPEG,readable,fc30b343a1838d5e9919d1839ea8f99222aaddf818cf07c76aaee65775d559d4,unknown,pending,unreviewed,,
IMG_82672e8565211597,60-69/0724_20140417_HBi_03_RAY_1672.JPG,0724_20140417_HBi_03_RAY_1672.JPG,.jpg,6504577,03,03,2014-04-17,60_69,60-69,,,ignored,,,03::0724_20140417_HBi_03_RAY,filename_trailing_number,medium,4896,3264,JPEG,readable,86cf230ede88df8cdf88ca5dfbd15c238315a4fb51e9613810ffd13460f61d5f,unknown,pending,unreviewed,,
IMG_81fa70f04b518575,60-69/0725_20140417_HBi_03_RAY_1673.JPG,0725_20140417_HBi_03_RAY_1673.JPG,.jpg,6232304,03,03,2014-04-17,60_69,60-69,,,ignored,,,03::0725_20140417_HBi_03_RAY,filename_trailing_number,medium,4896,3264,JPEG,readable,9565821041e8f0e2ce3ee46f06f84e4e479b96508f461e8e7ff2530aeb61be86,unknown,pending,unreviewed,,
IMG_4341efaae6e61fc7,60-69/0726_20140417_HBi_03_RAY_1674.JPG,0726_20140417_HBi_03_RAY_1674.JPG,.jpg,6588530,03,03,2014-04-17,60_69,60-69,,,ignored,,,03::0726_20140417_HBi_03_RAY,filename_trailing_number,medium,4896,3264,JPEG,readable,04b204cf44cda5aeaf3dbf1791d91074e997190d5ce2d146c2033eff469b433a,unknown,pending,unreviewed,,
IMG_55ef6997a48fabef,60-69/0727_20140417_HBi_03_RAY_1675.JPG,0727_20140417_HBi_03_RAY_1675.JPG,.jpg,6814707,03,03,2014-04-17,60_69,60-69,,,ignored,,,03::0727_20140417_HBi_03_RAY,filename_trailing_number,medium,4896,3264,JPEG,readable,2ed64dfad6ef947657312fe3af74c5b2676701f9a70225f5aea04ecdf5daf130,unknown,pending,unreviewed,,
IMG_bb4bb175f9d109c2,60-69/0728_20140417_HBi_03_RAY_1676.JPG,0728_20140417_HBi_03_RAY_1676.JPG,.jpg,6217782,03,03,2014-04-17,60_69,60-69,,,ignored,,,03::0728_20140417_HBi_03_RAY,filename_trailing_number,medium,4896,3264,JPEG,readable,c8ab4e066c9600ef4c877cc2a847b703adfaa305afe67698de8909ff2e107908,unknown,pending,unreviewed,,
IMG_20ae99eef8bed018,60-69/0730_20140417_HBi_03_RAY_1678.JPG,0730_20140417_HBi_03_RAY_1678.JPG,.jpg,6373223,03,03,2014-04-17,60_69,60-69,,,ignored,,,03::0730_20140417_HBi_03_RAY,filename_trailing_number,medium,4896,3264,JPEG,readable,01872760b5b0446bbecdd7c7bef27735b2dfa25b1e0cb1f43b7788e64f122b86,unknown,pending,unreviewed,,
IMG_af90d04236a9f386,60-69/0731_20140417_HBi_03_RAY_1679.JPG,0731_20140417_HBi_03_RAY_1679.JPG,.jpg,6320493,03,03,2014-04-17,60_69,60-69,,,ignored,,,03::0731_20140417_HBi_03_RAY,filename_trailing_number,medium,4896,3264,JPEG,readable,e1780083f699e5960365c29285cfa209d50964ddcfc08a06a259e9dd55a713e4,unknown,pending,unreviewed,,
IMG_11f5a4bc796432be,60-69/0732_20140417_HBi_03_RAY_1680.JPG,0732_20140417_HBi_03_RAY_1680.JPG,.jpg,6189026,03,03,2014-04-17,60_69,60-69,,,ignored,,,03::0732_20140417_HBi_03_RAY,filename_trailing_number,medium,4896,3264,JPEG,readable,f8270eacbe09cb595c6226a4a4263c0c5b9b5e8c83819190cd3936282922c5ee,unknown,pending,unreviewed,,
IMG_4274d71c1dde831a,60-69/0733_20140417_HBi_03_RAY_1681.JPG,0733_20140417_HBi_03_RAY_1681.JPG,.jpg,6217188,03,03,2014-04-17,60_69,60-69,,,ignored,,,03::0733_20140417_HBi_03_RAY,filename_trailing_number,medium,4896,3264,JPEG,readable,683de9ad937ec50652b52d1d9279bf00a76b9a59b746a74c3ca3b6e7f8c9b6f3,unknown,pending,unreviewed,,
IMG_cbbf3a696afecf96,60-69/0734_20140417_HBi_03_RAY_1682.JPG,0734_20140417_HBi_03_RAY_1682.JPG,.jpg,6045905,03,03,2014-04-17,60_69,60-69,,,ignored,,,03::0734_20140417_HBi_03_RAY,filename_trailing_number,medium,4896,3264,JPEG,readable,2b7a6a49629f54d85d112373c3c67f1da3e5964179bea7c6fddd91f2c4c6f6d6,unknown,pending,unreviewed,,
IMG_3fe6e5474194ef42,60-69/0735_20140417_HBi_03_RAY_1683.JPG,0735_20140417_HBi_03_RAY_1683.JPG,.jpg,6066082,03,03,2014-04-17,60_69,60-69,,,ignored,,,03::0735_20140417_HBi_03_RAY,filename_trailing_number,medium,4896,3264,JPEG,readable,fe1b8f99f2207ffc51229c2561252b6283872b6c766c3545317b04cb0beb53d7,unknown,pending,unreviewed,,
IMG_0e42e64ac90aa734,60-69/0736_20140417_HBi_03_RAY_1685.JPG,0736_20140417_HBi_03_RAY_1685.JPG,.jpg,6298836,03,03,2014-04-17,60_69,60-69,,,ignored,,,03::0736_20140417_HBi_03_RAY,filename_trailing_number,medium,4896,3264,JPEG,readable,5a9300de18e6d869a44f0ea53842ed74233a47e9c8190c95f641e8b31bd40447,unknown,pending,unreviewed,,
IMG_7947178c90755750,60-69/0737_20140417_HBi_03_RAY_1687.JPG,0737_20140417_HBi_03_RAY_1687.JPG,.jpg,6307096,03,03,2014-04-17,60_69,60-69,,,ignored,,,03::0737_20140417_HBi_03_RAY,filename_trailing_number,medium,4896,3264,JPEG,readable,5253988004da3000e59e319e04d44c40987b744be9e69c6272ab4fce51b91458,unknown,pending,unreviewed,,
IMG_8be966049f4ae158,60-69/0739_20140417_HBi_03_RAY_1690.JPG,0739_20140417_HBi_03_RAY_1690.JPG,.jpg,6444909,03,03,2014-04-17,60_69,60-69,,,ignored,,,03::0739_20140417_HBi_03_RAY,filename_trailing_number,medium,4896,3264,JPEG,readable,4b5d18c0bca3c67d985c6b95e518d67a10be7201eab9037f57c937b51dbff732,unknown,pending,unreviewed,,
IMG_cd829c0a92ef09bf,60-69/0740_20140417_HBi_03_RAY_1692.JPG,0740_20140417_HBi_03_RAY_1692.JPG,.jpg,6235012,03,03,2014-04-17,60_69,60-69,,,ignored,,,03::0740_20140417_HBi_03_RAY,filename_trailing_number,medium,4896,3264,JPEG,readable,9199b1dafbc66cf027d7937073008d12d184bac0b6b62a4fc6f6954df34c39a4,unknown,pending,unreviewed,,
IMG_1c8ceb07db5a73fd,60-69/0741_20140417_HBi_03_RAY_1693.JPG,0741_20140417_HBi_03_RAY_1693.JPG,.jpg,6204399,03,03,2014-04-17,60_69,60-69,,,ignored,,,03::0741_20140417_HBi_03_RAY,filename_trailing_number,medium,4896,3264,JPEG,readable,ea71c2efcfa192515f6be0c24fd3bb11a665a2ff80d4693151370b41b460dbf9,unknown,pending,unreviewed,,
IMG_db14adeeda7166fd,60-69/0744_20140417_HBi_03_RAY_1697.JPG,0744_20140417_HBi_03_RAY_1697.JPG,.jpg,6232756,03,03,2014-04-17,60_69,60-69,,,ignored,,,03::0744_20140417_HBi_03_RAY,filename_trailing_number,medium,4896,3264,JPEG,readable,a814cdfe9389916056b5e4e5064cd6b6dd5b63a796eb753f4eaacc7e54221290,unknown,pending,unreviewed,,
IMG_ab4b5674a6739f11,60-69/0745_20140417_HBi_03_RAY_1703.JPG,0745_20140417_HBi_03_RAY_1703.JPG,.jpg,5324904,03,03,2014-04-17,60_69,60-69,,,ignored,,,03::0745_20140417_HBi_03_RAY,filename_trailing_number,medium,4896,3264,JPEG,readable,43e8f36d2e29068c882bb867b78f422f2af82ed0b663e99d6d9253996219d1db,unknown,pending,unreviewed,,
IMG_ad4b3887ec05165b,60-69/0746_20140417_HBi_03_RAY_1704.JPG,0746_20140417_HBi_03_RAY_1704.JPG,.jpg,5369192,03,03,2014-04-17,60_69,60-69,,,ignored,,,03::0746_20140417_HBi_03_RAY,filename_trailing_number,medium,4896,3264,JPEG,readable,9a0fa286735b9297d4e1db81c1ec689be04b2952c5699eaf3e19ed0faf84c42d,unknown,pending,unreviewed,,
IMG_7919782d042c7aa2,60-69/0747_20140417_HBi_03_RAY_1705.JPG,0747_20140417_HBi_03_RAY_1705.JPG,.jpg,6201717,03,03,2014-04-17,60_69,60-69,,,ignored,,,03::0747_20140417_HBi_03_RAY,filename_trailing_number,medium,4896,3264,JPEG,readable,77e6656b3fe7a0c55c28c403697a58a540a3eb3f3605c062a056a998671a8586,unknown,pending,unreviewed,,
IMG_94c88c0fc5cf511d,60-69/0749_20140417_HBi_03_RAY_1707.JPG,0749_20140417_HBi_03_RAY_1707.JPG,.jpg,5933223,03,03,2014-04-17,60_69,60-69,,,ignored,,,03::0749_20140417_HBi_03_RAY,filename_trailing_number,medium,4896,3264,JPEG,readable,d1c8597fc09245cb9b831e1c5170325d0b7093a779dbbd71879eedafaa9828ba,unknown,pending,unreviewed,,
IMG_e6823549f93b72bb,60-69/0750_20140417_HBi_03_RAY_1708.JPG,0750_20140417_HBi_03_RAY_1708.JPG,.jpg,6227982,03,03,2014-04-17,60_69,60-69,,,ignored,,,03::0750_20140417_HBi_03_RAY,filename_trailing_number,medium,4896,3264,JPEG,readable,7a37d9107b10c583cfd67039abb5b6088f103f49f35f4e13f5d6e9a31ddea168,unknown,pending,unreviewed,,
IMG_c27fe4a02d44053d,60-69/0751_20140417_HBi_03_RAY_1709.JPG,0751_20140417_HBi_03_RAY_1709.JPG,.jpg,6017055,03,03,2014-04-17,60_69,60-69,,,ignored,,,03::0751_20140417_HBi_03_RAY,filename_trailing_number,medium,4896,3264,JPEG,readable,7bc134bce9714c4cedfa646e060216cdf67eed631d4c06283c43364f82cd4b37,unknown,pending,unreviewed,,
IMG_4414bd7baa005461,60-69/0752_20140417_HBi_03_RAY_1710.JPG,0752_20140417_HBi_03_RAY_1710.JPG,.jpg,6543923,03,03,2014-04-17,60_69,60-69,,,ignored,,,03::0752_20140417_HBi_03_RAY,filename_trailing_number,medium,4896,3264,JPEG,readable,f011d9532a79e49787b226dd9d9ed3bbb20c9f671891e99e95c848448136a7b1,unknown,pending,unreviewed,,
IMG_3105a23e47454b99,60-69/0753_20140417_HBi_03_RAY_1718.JPG,0753_20140417_HBi_03_RAY_1718.JPG,.jpg,6268492,03,03,2014-04-17,60_69,60-69,,,ignored,,,03::0753_20140417_HBi_03_RAY,filename_trailing_number,medium,4896,3264,JPEG,readable,565d058901b4a31223fc5ed336728a8d0ddd060928016bba58dfb74bc8ebaff9,unknown,pending,unreviewed,,
IMG_7f2cd3eca1619a4d,60-69/0754_20140417_HBi_03_RAY_1719.JPG,0754_20140417_HBi_03_RAY_1719.JPG,.jpg,6678967,03,03,2014-04-17,60_69,60-69,,,ignored,,,03::0754_20140417_HBi_03_RAY,filename_trailing_number,medium,4896,3264,JPEG,readable,661dadddfbe92c30b47d27950b2e5aa3c0214fae7b378bdab9cf9b4fd0c5f1bb,unknown,pending,unreviewed,,
IMG_e85bfa0cf4ef465e,60-69/0755_20140417_HBi_03_RAY_1720.JPG,0755_20140417_HBi_03_RAY_1720.JPG,.jpg,6485702,03,03,2014-04-17,60_69,60-69,,,ignored,,,03::0755_20140417_HBi_03_RAY,filename_trailing_number,medium,4896,3264,JPEG,readable,aed10a538c5be4a10f665446136e39d6509ea7bb83eb0fa8350e9cff773f0938,unknown,pending,unreviewed,,
IMG_9b42097c1650089d,60-69/0756_20140417_HBi_03_RAY_1723.JPG,0756_20140417_HBi_03_RAY_1723.JPG,.jpg,6406059,03,03,2014-04-17,60_69,60-69,,,ignored,,,03::0756_20140417_HBi_03_RAY,filename_trailing_number,medium,4896,3264,JPEG,readable,4c4d5b065649055c53659942c9f16dec4f8667dd0fea0ae64754580191c7c383,unknown,pending,unreviewed,,
IMG_019474a3200cc475,60-69/0757_20140417_HBi_03_RAY_1725.JPG,0757_20140417_HBi_03_RAY_1725.JPG,.jpg,6393721,03,03,2014-04-17,60_69,60-69,,,ignored,,,03::0757_20140417_HBi_03_RAY,filename_trailing_number,medium,4896,3264,JPEG,readable,7635344a6f1f156a6ce5d92bd803d44d288c95ac10c4e4e7d743f81b7f616808,unknown,pending,unreviewed,,
IMG_14fb0f4f68643029,60-69/0758_20140417_HBi_03_RAY_1730.JPG,0758_20140417_HBi_03_RAY_1730.JPG,.jpg,6237225,03,03,2014-04-17,60_69,60-69,,,ignored,,,03::0758_20140417_HBi_03_RAY,filename_trailing_number,medium,4896,3264,JPEG,readable,1eca907e201f7c7b22e092c2d37536eba7ed94fc0da45e8c328ae53a47f72760,unknown,pending,unreviewed,,
IMG_cf1fd608ff2845a5,60-69/0760_20140417_HBi_03_RAY_1733.JPG,0760_20140417_HBi_03_RAY_1733.JPG,.jpg,6545687,03,03,2014-04-17,60_69,60-69,,,ignored,,,03::0760_20140417_HBi_03_RAY,filename_trailing_number,medium,4896,3264,JPEG,readable,6b2e6f2fd2e17618a1bc314730b508041da6d7a9d15de267a9167b7231ab1cc4,unknown,pending,unreviewed,,
IMG_0e1b61a5446589a4,60-69/0762_20140417_HBi_03_RAY_1735.JPG,0762_20140417_HBi_03_RAY_1735.JPG,.jpg,6241020,03,03,2014-04-17,60_69,60-69,,,ignored,,,03::0762_20140417_HBi_03_RAY,filename_trailing_number,medium,4896,3264,JPEG,readable,f17d875a62cf2a5e0620c20b607bd66a7c71f65ce6b4b630edb64535433bd2c5,unknown,pending,unreviewed,,
IMG_691b24fc325dbb97,60-69/0770_20140417_HBi_03_RAY_1754.JPG,0770_20140417_HBi_03_RAY_1754.JPG,.jpg,6248552,03,03,2014-04-17,60_69,60-69,,,ignored,,,03::0770_20140417_HBi_03_RAY,filename_trailing_number,medium,4896,3264,JPEG,readable,537d41953c09ebdf68d18654672e1099311d5bea9059acd89723b80130b58a39,unknown,pending,unreviewed,,
IMG_8f65c88f3bb29c62,60-69/0771_20140417_HBi_03_RAY_1757.JPG,0771_20140417_HBi_03_RAY_1757.JPG,.jpg,6504913,03,03,2014-04-17,60_69,60-69,,,ignored,,,03::0771_20140417_HBi_03_RAY,filename_trailing_number,medium,4896,3264,JPEG,readable,e9fb9df06ea153b82092db3bfc2e0c521ca5ad575399ea81db1b8c095bfeca5e,unknown,pending,unreviewed,,
IMG_f49fb2fb2aa0ea5f,60-69/0772_20140417_HBi_03_RAY_1760.JPG,0772_20140417_HBi_03_RAY_1760.JPG,.jpg,6509715,03,03,2014-04-17,60_69,60-69,,,ignored,,,03::0772_20140417_HBi_03_RAY,filename_trailing_number,medium,4896,3264,JPEG,readable,9a063fcdc6d7f535685d0c845aed80dc1257b3f315bd0eed565365b16d95bb4d,unknown,pending,unreviewed,,
IMG_a1348e6dc374e8e1,60-69/0773_20140417_HBi_03_RAY_1762.JPG,0773_20140417_HBi_03_RAY_1762.JPG,.jpg,6006310,03,03,2014-04-17,60_69,60-69,,,ignored,,,03::0773_20140417_HBi_03_RAY,filename_trailing_number,medium,4896,3264,JPEG,readable,3fa57486f43bf74114bd11f03d0e0d8c56db41963a82a2034bdb0b57a141de69,unknown,pending,unreviewed,,
IMG_d45f0a80df4427b8,60-69/0775_20140417_HBi_03_RAY_1765.JPG,0775_20140417_HBi_03_RAY_1765.JPG,.jpg,6596852,03,03,2014-04-17,60_69,60-69,,,ignored,,,03::0775_20140417_HBi_03_RAY,filename_trailing_number,medium,4896,3264,JPEG,readable,e789606fdbe1a58938efedfde20102ae493599ea08c076745e56c109c05fa573,unknown,pending,unreviewed,,
IMG_4191ece1bc68babf,60-69/0778_20140417_HBi_03_RAY_1776.JPG,0778_20140417_HBi_03_RAY_1776.JPG,.jpg,6108508,03,03,2014-04-17,60_69,60-69,,,ignored,,,03::0778_20140417_HBi_03_RAY,filename_trailing_number,medium,4896,3264,JPEG,readable,d5ea27d99d1b01825a02abb4933daac7ee216879316f79f8508cb667c998b999,unknown,pending,unreviewed,,
IMG_f82ee1c60ef52d2e,60-69/0779_20140417_HBi_03_RAY_1778.JPG,0779_20140417_HBi_03_RAY_1778.JPG,.jpg,6163471,03,03,2014-04-17,60_69,60-69,,,ignored,,,03::0779_20140417_HBi_03_RAY,filename_trailing_number,medium,4896,3264,JPEG,readable,5e82956bd4bf82d989edb454674f3bb3df428ace0303ab32e4c26b51002a774a,unknown,pending,unreviewed,,
IMG_914fc1f6471e2b7b,60-69/0780_20140417_HBi_03_RAY_1781.JPG,0780_20140417_HBi_03_RAY_1781.JPG,.jpg,6163298,03,03,2014-04-17,60_69,60-69,,,ignored,,,03::0780_20140417_HBi_03_RAY,filename_trailing_number,medium,4896,3264,JPEG,readable,08c1f39b31ee9d78ccee759543a03def98c53bd10ec4e7efc9e62e3a651047e7,unknown,pending,unreviewed,,
IMG_82a10b9747cf30b2,60-69/0781_20140417_HBi_03_RAY_1783.JPG,0781_20140417_HBi_03_RAY_1783.JPG,.jpg,5700429,03,03,2014-04-17,60_69,60-69,,,ignored,,,03::0781_20140417_HBi_03_RAY,filename_trailing_number,medium,4896,3264,JPEG,readable,dd7220a9fd721ffa8ed12ab2be3ab8c2aca94e139ab6fd922052cdf2eff801a1,unknown,pending,unreviewed,,
IMG_a2024023ef42043b,60-69/0782_20140417_HBi_03_RAY_1784.JPG,0782_20140417_HBi_03_RAY_1784.JPG,.jpg,5711393,03,03,2014-04-17,60_69,60-69,,,ignored,,,03::0782_20140417_HBi_03_RAY,filename_trailing_number,medium,4896,3264,JPEG,readable,b1d7b9005c487763bdf5a3fb252e2ac25ffc7faeda38f255283bb88346c4679a,unknown,pending,unreviewed,,
IMG_c5ade7f367b7fefa,60-69/0783_20140417_HBi_03_RAY_1786.JPG,0783_20140417_HBi_03_RAY_1786.JPG,.jpg,5856208,03,03,2014-04-17,60_69,60-69,,,ignored,,,03::0783_20140417_HBi_03_RAY,filename_trailing_number,medium,4896,3264,JPEG,readable,f2faed26562479f20b474f84590d551b8bc8ed3b31d7b958855b6ab21e440d80,unknown,pending,unreviewed,,
IMG_e08a1f8117d78b36,60-69/0784_20140417_HBi_03_RAY_1787.JPG,0784_20140417_HBi_03_RAY_1787.JPG,.jpg,5724224,03,03,2014-04-17,60_69,60-69,,,ignored,,,03::0784_20140417_HBi_03_RAY,filename_trailing_number,medium,4896,3264,JPEG,readable,a7e569ad7b8976ccccca0264260bc6a27316d1be6f865928afec7febfbdd2c20,unknown,pending,unreviewed,,
IMG_e405461fad1ebe04,60-69/0785_20140417_HBi_03_RAY_1788.JPG,0785_20140417_HBi_03_RAY_1788.JPG,.jpg,5250954,03,03,2014-04-17,60_69,60-69,,,ignored,,,03::0785_20140417_HBi_03_RAY,filename_trailing_number,medium,4896,3264,JPEG,readable,941f256db8ccfc754b907cd8b2322e59e626e3df090e195ca7c4b4cff4f6266b,unknown,pending,unreviewed,,
IMG_36612cc53dbc7ff4,60-69/0787_20140417_HBi_03_RAY_1796.JPG,0787_20140417_HBi_03_RAY_1796.JPG,.jpg,6684605,03,03,2014-04-17,60_69,60-69,,,ignored,,,03::0787_20140417_HBi_03_RAY,filename_trailing_number,medium,4896,3264,JPEG,readable,7941a9265e6d5d41379ef8218d0a4a0f632b7cfc4c12b5cae09583a795a2e803,unknown,pending,unreviewed,,
IMG_db1421aff359adf3,60-69/0788_20140417_HBi_03_RAY_1797.JPG,0788_20140417_HBi_03_RAY_1797.JPG,.jpg,6721739,03,03,2014-04-17,60_69,60-69,,,ignored,,,03::0788_20140417_HBi_03_RAY,filename_trailing_number,medium,4896,3264,JPEG,readable,df8725170234b1aab0bdf07d4f9a01b13131806d822b0ee71b5994ce00e5267e,unknown,pending,unreviewed,,
IMG_bb6bac855d0c749f,60-69/0789_20140417_HBi_03_RAY_1798.JPG,0789_20140417_HBi_03_RAY_1798.JPG,.jpg,5814514,03,03,2014-04-17,60_69,60-69,,,ignored,,,03::0789_20140417_HBi_03_RAY,filename_trailing_number,medium,4896,3264,JPEG,readable,1757a0f37d20a3476cc25b0a65df703ef2eb21442e09c6493211508ed209ffdd,unknown,pending,unreviewed,,
IMG_e666d0888b6cd474,60-69/0790_20140417_HBi_03_RAY_1799.JPG,0790_20140417_HBi_03_RAY_1799.JPG,.jpg,6508717,03,03,2014-04-17,60_69,60-69,,,ignored,,,03::0790_20140417_HBi_03_RAY,filename_trailing_number,medium,4896,3264,JPEG,readable,26dd0e3ebed24878b89a49e97d0fd376988e6b73a2cf9e62263c2568fae8014a,unknown,pending,unreviewed,,
IMG_20505534977f5fa2,60-69/0791_20140417_HBi_03_RAY_1800.JPG,0791_20140417_HBi_03_RAY_1800.JPG,.jpg,6323438,03,03,2014-04-17,60_69,60-69,,,ignored,,,03::0791_20140417_HBi_03_RAY,filename_trailing_number,medium,4896,3264,JPEG,readable,906435d36891693cd67ff55037f7d5be4a7ed4a307b485b9d43845aa11f0963b,unknown,pending,unreviewed,,
IMG_54aeb827bc56ae21,60-69/0792_20140417_HBi_03_RAY_1804.JPG,0792_20140417_HBi_03_RAY_1804.JPG,.jpg,5741181,03,03,2014-04-17,60_69,60-69,,,ignored,,,03::0792_20140417_HBi_03_RAY,filename_trailing_number,medium,4896,3264,JPEG,readable,b54d3aa7e577ead60b190fb44b4142ac8dc17127d6b9f265838d1421bc125a63,unknown,pending,unreviewed,,
IMG_4c61052d4e744bf2,60-69/0800_20140417_HBi_03_RAY_1815.JPG,0800_20140417_HBi_03_RAY_1815.JPG,.jpg,5209946,03,03,2014-04-17,60_69,60-69,,,ignored,,,03::0800_20140417_HBi_03_RAY,filename_trailing_number,medium,4896,3264,JPEG,readable,d246851babd660e2cf75f2a84db49478b3cbe1e25e78b18910921336847d3d5c,unknown,pending,unreviewed,,
IMG_0b98353c98310a91,60-69/0801_20140417_HBi_03_RAY_1817.JPG,0801_20140417_HBi_03_RAY_1817.JPG,.jpg,6402559,03,03,2014-04-17,60_69,60-69,,,ignored,,,03::0801_20140417_HBi_03_RAY,filename_trailing_number,medium,4896,3264,JPEG,readable,a17bb1ef7002f1a5dabfca2b04bdac6cb8d98664d7f9406eda9ea333c98f537a,unknown,pending,unreviewed,,
IMG_7c4873db7247e674,60-69/0802_20140417_HBi_03_RAY_1818.JPG,0802_20140417_HBi_03_RAY_1818.JPG,.jpg,6445775,03,03,2014-04-17,60_69,60-69,,,ignored,,,03::0802_20140417_HBi_03_RAY,filename_trailing_number,medium,4896,3264,JPEG,readable,71c50eb57d5d0a163779cb892899c4890676b6ba0e791e2ecb97bc18ef5d6a2d,unknown,pending,unreviewed,,
IMG_c53789a912405940,60-69/0803_20140417_HBi_03_RAY_1819.JPG,0803_20140417_HBi_03_RAY_1819.JPG,.jpg,6445777,03,03,2014-04-17,60_69,60-69,,,ignored,,,03::0803_20140417_HBi_03_RAY,filename_trailing_number,medium,4896,3264,JPEG,readable,e5cd6c14f5a35d8dc0bc5cadb11aa9688e21025b11ebde9370d07b5a8461b5e9,unknown,pending,unreviewed,,
IMG_fc78188e410bd7f4,60-69/0804_20140417_HBi_03_RAY_1820.JPG,0804_20140417_HBi_03_RAY_1820.JPG,.jpg,6675804,03,03,2014-04-17,60_69,60-69,,,ignored,,,03::0804_20140417_HBi_03_RAY,filename_trailing_number,medium,4896,3264,JPEG,readable,afc9a2f5499914917f3f9374316f4a2d4823dc127cd80c31f04d69999a6115a8,unknown,pending,unreviewed,,
IMG_ac768666dd79cdf0,60-69/0807_20140417_HBi_03_RAY_1823.JPG,0807_20140417_HBi_03_RAY_1823.JPG,.jpg,5727171,03,03,2014-04-17,60_69,60-69,,,ignored,,,03::0807_20140417_HBi_03_RAY,filename_trailing_number,medium,4896,3264,JPEG,readable,f6792e82f5ef64e480a0b08bfa856ec55bfc89965a2e61729091b1a61df673a7,unknown,pending,unreviewed,,
IMG_91afad044c0dc310,60-69/0808_20140417_HBi_03_RAY_1824.JPG,0808_20140417_HBi_03_RAY_1824.JPG,.jpg,5656610,03,03,2014-04-17,60_69,60-69,,,ignored,,,03::0808_20140417_HBi_03_RAY,filename_trailing_number,medium,4896,3264,JPEG,readable,9dce93ef38673e0f0b0e831d54abdebdc00674ad07be3566d3cdac352f5f9ea3,unknown,pending,unreviewed,,
IMG_34140096697266ff,60-69/0811_20140417_HBi_03_RAY_1829.JPG,0811_20140417_HBi_03_RAY_1829.JPG,.jpg,6057956,03,03,2014-04-17,60_69,60-69,,,ignored,,,03::0811_20140417_HBi_03_RAY,filename_trailing_number,medium,4896,3264,JPEG,readable,65a634b67d9355d553381d1c93188b6543a85df09909ef2ac44b9e5571002364,unknown,pending,unreviewed,,
IMG_d97981015495b7a2,60-69/0814_20140417_HBi_03_RAY_1833.JPG,0814_20140417_HBi_03_RAY_1833.JPG,.jpg,5867836,03,03,2014-04-17,60_69,60-69,,,ignored,,,03::0814_20140417_HBi_03_RAY,filename_trailing_number,medium,4896,3264,JPEG,readable,2ce7fc1e73633c451af3e7877e3585bad8113174bd2739e8629d77552e1932f8,unknown,pending,unreviewed,,
IMG_d1cde7225d7f472b,60-69/0815_20140417_HBi_03_RAY_1834.JPG,0815_20140417_HBi_03_RAY_1834.JPG,.jpg,5641433,03,03,2014-04-17,60_69,60-69,,,ignored,,,03::0815_20140417_HBi_03_RAY,filename_trailing_number,medium,4896,3264,JPEG,readable,a7a55803fd693c32711e22bb9251d5a1b93a3ea57863347809473ade8e69afda,unknown,pending,unreviewed,,
IMG_c5c8c73e7baeab7e,60-69/0818_20140417_HBi_03_RAY_1837.JPG,0818_20140417_HBi_03_RAY_1837.JPG,.jpg,6432890,03,03,2014-04-17,60_69,60-69,,,ignored,,,03::0818_20140417_HBi_03_RAY,filename_trailing_number,medium,4896,3264,JPEG,readable,ec6283726f7f711eadab4546fa09c11ed84e55b634fa01a3b6cef292d5561ade,unknown,pending,unreviewed,,
IMG_52cd0e6cc88f7d59,60-69/0819_20140417_HBi_03_RAY_1838.JPG,0819_20140417_HBi_03_RAY_1838.JPG,.jpg,6427440,03,03,2014-04-17,60_69,60-69,,,ignored,,,03::0819_20140417_HBi_03_RAY,filename_trailing_number,medium,4896,3264,JPEG,readable,615db7150d1b39bb28ae38824de9754e2de8589480c6f273a5f0fef4add3a4cb,unknown,pending,unreviewed,,
IMG_98d26ee4b226a2c1,60-69/0820_20140417_HBi_03_RAY_1843.JPG,0820_20140417_HBi_03_RAY_1843.JPG,.jpg,6518634,03,03,2014-04-17,60_69,60-69,,,ignored,,,03::0820_20140417_HBi_03_RAY,filename_trailing_number,medium,4896,3264,JPEG,readable,7b6383f60fc85212409cb97d2374c403c14aa7b36ccb714934262a67dc8bd9f9,unknown,pending,unreviewed,,
IMG_7c0e3e223fee13f4,60-69/0821_20140417_HBi_03_RAY_1845.JPG,0821_20140417_HBi_03_RAY_1845.JPG,.jpg,6498440,03,03,2014-04-17,60_69,60-69,,,ignored,,,03::0821_20140417_HBi_03_RAY,filename_trailing_number,medium,4896,3264,JPEG,readable,77f120f747e394c9660446bfc747dfb2f080ca463ad36b04f13da0fa92784e49,unknown,pending,unreviewed,,
IMG_c31bd622f6726294,60-69/0824_20140417_HBi_03_RAY_1856.JPG,0824_20140417_HBi_03_RAY_1856.JPG,.jpg,6123253,03,03,2014-04-17,60_69,60-69,,,ignored,,,03::0824_20140417_HBi_03_RAY,filename_trailing_number,medium,4896,3264,JPEG,readable,819ede0ef2878a251f945c80c738ff9ce43b91ef49747d217954be838cb8997c,unknown,pending,unreviewed,,
IMG_163ad58e21df8282,60-69/0829_20140417_HBi_03_RAY_1862.JPG,0829_20140417_HBi_03_RAY_1862.JPG,.jpg,6377097,03,03,2014-04-17,60_69,60-69,,,ignored,,,03::0829_20140417_HBi_03_RAY,filename_trailing_number,medium,4896,3264,JPEG,readable,df0b06d5f99db4c3070a38927e1ddcc04ea63d8a5d4f39a7456dc2022b4ae026,unknown,pending,unreviewed,,
IMG_4ef255f2097d643b,60-69/0831_20140417_HBi_03_RAY_1865.JPG,0831_20140417_HBi_03_RAY_1865.JPG,.jpg,6148281,03,03,2014-04-17,60_69,60-69,,,ignored,,,03::0831_20140417_HBi_03_RAY,filename_trailing_number,medium,4896,3264,JPEG,readable,20c74edc6c5fd2c8a7e1d3fbb6f3708f90498512782fcaff8457dc83730e925a,unknown,pending,unreviewed,,
IMG_9a2b41087017df31,60-69/0832_20140417_HBi_03_RAY_1866.JPG,0832_20140417_HBi_03_RAY_1866.JPG,.jpg,6099228,03,03,2014-04-17,60_69,60-69,,,ignored,,,03::0832_20140417_HBi_03_RAY,filename_trailing_number,medium,4896,3264,JPEG,readable,2031a340dfdaf99c13904901910274098826eb9472d16b8e0883932fee7120df,unknown,pending,unreviewed,,
IMG_5c62cb1679f5cb05,60-69/0834_20140417_HBi_03_RAY_1868.JPG,0834_20140417_HBi_03_RAY_1868.JPG,.jpg,6353226,03,03,2014-04-17,60_69,60-69,,,ignored,,,03::0834_20140417_HBi_03_RAY,filename_trailing_number,medium,4896,3264,JPEG,readable,d6468593f22a86bda8936b3a0f3d5a06bacb2cdaff786be443878cc47a27c0bf,unknown,pending,unreviewed,,
IMG_7438e6e048eb9684,60-69/0837_20140417_HBi_03_RAY_1872.JPG,0837_20140417_HBi_03_RAY_1872.JPG,.jpg,6219253,03,03,2014-04-17,60_69,60-69,,,ignored,,,03::0837_20140417_HBi_03_RAY,filename_trailing_number,medium,4896,3264,JPEG,readable,597d104c99fe83d75728280e07cb950906bd4214c2bb68273e8d5e79a355c221,unknown,pending,unreviewed,,
IMG_c5c1673ede599cbd,60-69/0838_20140417_HBi_03_RAY_1873.JPG,0838_20140417_HBi_03_RAY_1873.JPG,.jpg,6163496,03,03,2014-04-17,60_69,60-69,,,ignored,,,03::0838_20140417_HBi_03_RAY,filename_trailing_number,medium,4896,3264,JPEG,readable,2bed22b6b032d748fe7494563e66591aea3d1b4ef3ee6b61e52cb5b0cbaca33d,unknown,pending,unreviewed,,
IMG_ce15e03f6bd192ae,60-69/0839_20140417_HBi_03_RAY_1874.JPG,0839_20140417_HBi_03_RAY_1874.JPG,.jpg,6363361,03,03,2014-04-17,60_69,60-69,,,ignored,,,03::0839_20140417_HBi_03_RAY,filename_trailing_number,medium,4896,3264,JPEG,readable,7c34056ba8cf7b0fd2854c822d8a5b63ec425cf6249014808c3fbde75a085f26,unknown,pending,unreviewed,,
IMG_9570ae44f6e90733,60-69/0840_20140417_HBi_03_RAY_1876.JPG,0840_20140417_HBi_03_RAY_1876.JPG,.jpg,6486971,03,03,2014-04-17,60_69,60-69,,,ignored,,,03::0840_20140417_HBi_03_RAY,filename_trailing_number,medium,4896,3264,JPEG,readable,d573f8dca1ec03d0e64338e66168c309c4865393417332f6af719c07c543685c,unknown,pending,unreviewed,,
IMG_9aa0353eb323643e,60-69/0842_20140417_HBi_03_RAY_1879.JPG,0842_20140417_HBi_03_RAY_1879.JPG,.jpg,5705170,03,03,2014-04-17,60_69,60-69,,,ignored,,,03::0842_20140417_HBi_03_RAY,filename_trailing_number,medium,4896,3264,JPEG,readable,7b09276122bf572e78488006cd2fc1aeb0d64d4f46e1190d08ed5b3346b2ea6c,unknown,pending,unreviewed,,
IMG_17b6d2067a238472,60-69/0844_20140417_HBi_03_RAY_1885.JPG,0844_20140417_HBi_03_RAY_1885.JPG,.jpg,6337466,03,03,2014-04-17,60_69,60-69,,,ignored,,,03::0844_20140417_HBi_03_RAY,filename_trailing_number,medium,4896,3264,JPEG,readable,6346ae2740ac72bb4933bf7185599c3a3defbb87dcb86f16d488e54097fe1fa7,unknown,pending,unreviewed,,
IMG_13c21a1189d2269e,60-69/0847_20140417_HBi_03_RAY_1893.JPG,0847_20140417_HBi_03_RAY_1893.JPG,.jpg,6122581,03,03,2014-04-17,60_69,60-69,,,ignored,,,03::0847_20140417_HBi_03_RAY,filename_trailing_number,medium,4896,3264,JPEG,readable,7d5badb697d0342fea48a65f1a00d26f7bb87b48c48d6b261366caaa8cbdfecc,unknown,pending,unreviewed,,
IMG_c1208fbc0ebbef49,60-69/0848_20140417_HBi_03_RAY_1894.JPG,0848_20140417_HBi_03_RAY_1894.JPG,.jpg,6017632,03,03,2014-04-17,60_69,60-69,,,ignored,,,03::0848_20140417_HBi_03_RAY,filename_trailing_number,medium,4896,3264,JPEG,readable,6c59aafd1bde5fca8264c027eeecb7613772f2a56128fe9a6df7cad47c2df2bd,unknown,pending,unreviewed,,
IMG_242f068ae92b4f0b,60-69/0849_20140417_HBi_03_RAY_1895.JPG,0849_20140417_HBi_03_RAY_1895.JPG,.jpg,5665967,03,03,2014-04-17,60_69,60-69,,,ignored,,,03::0849_20140417_HBi_03_RAY,filename_trailing_number,medium,4896,3264,JPEG,readable,6a6054bb3154dd132a4788337e8711fa11b639d4719a2f1b2de05a0b57c91533,unknown,pending,unreviewed,,
IMG_016970404f7d95c8,60-69/0850_20140417_HBi_03_RAY_1896.JPG,0850_20140417_HBi_03_RAY_1896.JPG,.jpg,5431337,03,03,2014-04-17,60_69,60-69,,,ignored,,,03::0850_20140417_HBi_03_RAY,filename_trailing_number,medium,4896,3264,JPEG,readable,c6c8886cbdfc846755329a8b4b8c364ed3f598049b282f1f11669600793e5683,unknown,pending,unreviewed,,
IMG_51eba9a6bb30ffe1,60-69/0854_20140417_HBi_03_RAY_1902.JPG,0854_20140417_HBi_03_RAY_1902.JPG,.jpg,5668009,03,03,2014-04-17,60_69,60-69,,,ignored,,,03::0854_20140417_HBi_03_RAY,filename_trailing_number,medium,4896,3264,JPEG,readable,86edb6a63a7457830a68f5868eea4b5e13262fb9f49ed1bc506d07b70679187a,unknown,pending,unreviewed,,
IMG_8fe6c000970af8e5,60-69/0855_20140417_HBi_03_RAY_1904.JPG,0855_20140417_HBi_03_RAY_1904.JPG,.jpg,5117721,03,03,2014-04-17,60_69,60-69,,,ignored,,,03::0855_20140417_HBi_03_RAY,filename_trailing_number,medium,4896,3264,JPEG,readable,b954bb468e9a1651de4da4ef5e686168289ad02570edb2d133599a769a164fcc,unknown,pending,unreviewed,,
IMG_17191123ecae1098,60-69/0856_20140417_HBi_03_RAY_1907.JPG,0856_20140417_HBi_03_RAY_1907.JPG,.jpg,5393066,03,03,2014-04-17,60_69,60-69,,,ignored,,,03::0856_20140417_HBi_03_RAY,filename_trailing_number,medium,4896,3264,JPEG,readable,14cd38c7c6e61895c3beaa0427e4d8cfe7a71a937b819af5f2c0b35a8fe343ec,unknown,pending,unreviewed,,
IMG_4e24463776446fa9,60-69/0857_20140417_HBi_03_RAY_1908.JPG,0857_20140417_HBi_03_RAY_1908.JPG,.jpg,5952097,03,03,2014-04-17,60_69,60-69,,,ignored,,,03::0857_20140417_HBi_03_RAY,filename_trailing_number,medium,4896,3264,JPEG,readable,96f7d01ed7e5a9e6713c80784ebdd5469cccecf0d778c1d6db2c64bbff099bdd,unknown,pending,unreviewed,,
IMG_38b783304d9a7ff5,60-69/0858_20140417_HBi_03_RAY_1909.JPG,0858_20140417_HBi_03_RAY_1909.JPG,.jpg,5940345,03,03,2014-04-17,60_69,60-69,,,ignored,,,03::0858_20140417_HBi_03_RAY,filename_trailing_number,medium,4896,3264,JPEG,readable,09411fd3a14df8b079ed30e0304b5e6a19d9f7549e4cff9a79a3e0b36b8e820d,unknown,pending,unreviewed,,
IMG_f7f0f63789525482,60-69/0859_20140417_HBi_03_RAY_1910.JPG,0859_20140417_HBi_03_RAY_1910.JPG,.jpg,6099236,03,03,2014-04-17,60_69,60-69,,,ignored,,,03::0859_20140417_HBi_03_RAY,filename_trailing_number,medium,4896,3264,JPEG,readable,bec8d9d7f77eebeae19121460ff736ee3dbfb62fcd88d99ad9032dcf90e202c3,unknown,pending,unreviewed,,
IMG_d8c60c45a4fa130c,60-69/0860_20140417_HBi_03_RAY_1913.JPG,0860_20140417_HBi_03_RAY_1913.JPG,.jpg,5938824,03,03,2014-04-17,60_69,60-69,,,ignored,,,03::0860_20140417_HBi_03_RAY,filename_trailing_number,medium,4896,3264,JPEG,readable,614b88c3f163554c4e621ed7200aac871b04a86539ebd0d94348e9947b86d407,unknown,pending,unreviewed,,
IMG_2823bd5a1aed8055,60-69/0861_20140417_HBi_03_RAY_1918.JPG,0861_20140417_HBi_03_RAY_1918.JPG,.jpg,5981056,03,03,2014-04-17,60_69,60-69,,,ignored,,,03::0861_20140417_HBi_03_RAY,filename_trailing_number,medium,4896,3264,JPEG,readable,9f380e0d8ec1d6582882d270b45e95d0fdc2139210eef984f507b53bdd197933,unknown,pending,unreviewed,,
IMG_7341ac0b46b67544,60-69/0862_20140417_HBi_03_RAY_1919.JPG,0862_20140417_HBi_03_RAY_1919.JPG,.jpg,5862064,03,03,2014-04-17,60_69,60-69,,,ignored,,,03::0862_20140417_HBi_03_RAY,filename_trailing_number,medium,4896,3264,JPEG,readable,eba955904fe7d89df5e3351cbed184fe762e5e99febb150c3d96da891e0ddcaa,unknown,pending,unreviewed,,
IMG_eff3d23af13a6c94,60-69/0863_20140417_HBi_03_RAY_1920.JPG,0863_20140417_HBi_03_RAY_1920.JPG,.jpg,5963882,03,03,2014-04-17,60_69,60-69,,,ignored,,,03::0863_20140417_HBi_03_RAY,filename_trailing_number,medium,4896,3264,JPEG,readable,62cacb78445f37e339db7f012d95758baf3cee449a0ca12a8076df11a1e77afe,unknown,pending,unreviewed,,
IMG_5f2462161c09580d,60-69/0865_20140417_HBi_03_RAY_1922.JPG,0865_20140417_HBi_03_RAY_1922.JPG,.jpg,5239664,03,03,2014-04-17,60_69,60-69,,,ignored,,,03::0865_20140417_HBi_03_RAY,filename_trailing_number,medium,4896,3264,JPEG,readable,06c7459f891ff2aed3498578550c3e0ee928c696429c07f6ce63684cfc96290a,unknown,pending,unreviewed,,
IMG_f4eed35470c92efb,60-69/0866_20140417_HBi_03_RAY_1923.JPG,0866_20140417_HBi_03_RAY_1923.JPG,.jpg,5135506,03,03,2014-04-17,60_69,60-69,,,ignored,,,03::0866_20140417_HBi_03_RAY,filename_trailing_number,medium,4896,3264,JPEG,readable,96ac94dfc3d9ee8c29ad3a1056242d6bcd5283d91640c9062ea68536e232107a,unknown,pending,unreviewed,,
IMG_bfac683eb483697a,60-69/0867_20140417_HBi_03_RAY_1926.JPG,0867_20140417_HBi_03_RAY_1926.JPG,.jpg,6118051,03,03,2014-04-17,60_69,60-69,,,ignored,,,03::0867_20140417_HBi_03_RAY,filename_trailing_number,medium,4896,3264,JPEG,readable,cd273c2c72535f68c4ad93f145fe0c7cee9fad82ae062e892c8f415e3763da06,unknown,pending,unreviewed,,
IMG_2095bd02b3e9812d,60-69/0868_20140417_HBi_03_RAY_1927.JPG,0868_20140417_HBi_03_RAY_1927.JPG,.jpg,5955980,03,03,2014-04-17,60_69,60-69,,,ignored,,,03::0868_20140417_HBi_03_RAY,filename_trailing_number,medium,4896,3264,JPEG,readable,39819578aa770c0a5f57db8cb796d9363e244da1131db029e3dcd2dcfce30891,unknown,pending,unreviewed,,
IMG_c715bf6f98f0d397,60-69/0869_20140417_HBi_03_RAY_1928.JPG,0869_20140417_HBi_03_RAY_1928.JPG,.jpg,6060484,03,03,2014-04-17,60_69,60-69,,,ignored,,,03::0869_20140417_HBi_03_RAY,filename_trailing_number,medium,4896,3264,JPEG,readable,c79c9e4bb6bd16f6542dcc20089c6155677c565f427568ba2178f58204a28bfd,unknown,pending,unreviewed,,
IMG_a45728c1e06a32b9,60-69/0872_20140417_HBi_03_RAY_1932.JPG,0872_20140417_HBi_03_RAY_1932.JPG,.jpg,5933313,03,03,2014-04-17,60_69,60-69,,,ignored,,,03::0872_20140417_HBi_03_RAY,filename_trailing_number,medium,4896,3264,JPEG,readable,005ccb6719bdb6836359590acfc5e491f64e7ff26f5760d0fdcfe70c49fde7d3,unknown,pending,unreviewed,,
IMG_1e4f2fadea86824e,60-69/0873_20140417_HBi_03_RAY_1935.JPG,0873_20140417_HBi_03_RAY_1935.JPG,.jpg,5671296,03,03,2014-04-17,60_69,60-69,,,ignored,,,03::0873_20140417_HBi_03_RAY,filename_trailing_number,medium,4896,3264,JPEG,readable,e04befc422b1407ca2bdc6adfb9675171256fdc6862a9fb8b9fa3e1b670b237f,unknown,pending,unreviewed,,
IMG_6451c9d85c79eb14,60-69/0874_20140417_HBi_03_RAY_1936.JPG,0874_20140417_HBi_03_RAY_1936.JPG,.jpg,5891987,03,03,2014-04-17,60_69,60-69,,,ignored,,,03::0874_20140417_HBi_03_RAY,filename_trailing_number,medium,4896,3264,JPEG,readable,0650e54e0128abc13937fe3c6bf53baf98daa34b440d801526385ef419c1814a,unknown,pending,unreviewed,,
IMG_dfdd18560b12c475,60-69/0876_20140417_HBi_03_RAY_1938.JPG,0876_20140417_HBi_03_RAY_1938.JPG,.jpg,5812883,03,03,2014-04-17,60_69,60-69,,,ignored,,,03::0876_20140417_HBi_03_RAY,filename_trailing_number,medium,4896,3264,JPEG,readable,91fb5eff7cc1eedc2078c1a31c1a29565903c4096a80a9159fd0d6cfc4a3d6f7,unknown,pending,unreviewed,,
IMG_8cf5ccc92e66595b,60-69/0877_20140417_HBi_03_RAY_1939.JPG,0877_20140417_HBi_03_RAY_1939.JPG,.jpg,5669951,03,03,2014-04-17,60_69,60-69,,,ignored,,,03::0877_20140417_HBi_03_RAY,filename_trailing_number,medium,4896,3264,JPEG,readable,9fbd3d536754d9fcf7c943d66b7a7a046cb9304663df63e316bf8288292fbf8a,unknown,pending,unreviewed,,
IMG_2cfa34188176e918,60-69/0878_20140417_HBi_03_RAY_1940.JPG,0878_20140417_HBi_03_RAY_1940.JPG,.jpg,5670539,03,03,2014-04-17,60_69,60-69,,,ignored,,,03::0878_20140417_HBi_03_RAY,filename_trailing_number,medium,4896,3264,JPEG,readable,b94f07777fe0b9331c9d06b271af417bf6fa49b3999cb82d9d39d150e0ad300b,unknown,pending,unreviewed,,
IMG_39939c93a12e3c90,60-69/0884_20140417_HBi_03_RAY_1949.JPG,0884_20140417_HBi_03_RAY_1949.JPG,.jpg,5818654,03,03,2014-04-17,60_69,60-69,,,ignored,,,03::0884_20140417_HBi_03_RAY,filename_trailing_number,medium,4896,3264,JPEG,readable,951169d7fa95ef4aae11858370158b9ed870d016924bc5594faf60ce14191d5e,unknown,pending,unreviewed,,
IMG_30d5eb78804bcb0a,60-69/0885_20140417_HBi_03_RAY_1952.JPG,0885_20140417_HBi_03_RAY_1952.JPG,.jpg,6003210,03,03,2014-04-17,60_69,60-69,,,ignored,,,03::0885_20140417_HBi_03_RAY,filename_trailing_number,medium,4896,3264,JPEG,readable,122b514b955d461f98f715fe59037b3d6bb925160904e2346d41610437d634b1,unknown,pending,unreviewed,,
IMG_a9a9ab0719707698,60-69/0886_20140417_HBi_03_RAY_1954.JPG,0886_20140417_HBi_03_RAY_1954.JPG,.jpg,6172416,03,03,2014-04-17,60_69,60-69,,,ignored,,,03::0886_20140417_HBi_03_RAY,filename_trailing_number,medium,4896,3264,JPEG,readable,7b9248a4795d1a08ed3b0c3428d59e940e54f853a0fee4c4131c19e0be8e7b5c,unknown,pending,unreviewed,,
IMG_feb5c90b9cbfcac8,60-69/0887_20140417_HBi_03_RAY_1955.JPG,0887_20140417_HBi_03_RAY_1955.JPG,.jpg,5843959,03,03,2014-04-17,60_69,60-69,,,ignored,,,03::0887_20140417_HBi_03_RAY,filename_trailing_number,medium,4896,3264,JPEG,readable,b75c49b43721402865f83059ba7d72a00b85aad608c706cdcc0b27333865107d,unknown,pending,unreviewed,,
IMG_f4fc6062a0871b3f,60-69/0895_20140417_HBi_03_RAY_1963.JPG,0895_20140417_HBi_03_RAY_1963.JPG,.jpg,5645360,03,03,2014-04-17,60_69,60-69,,,ignored,,,03::0895_20140417_HBi_03_RAY,filename_trailing_number,medium,4896,3264,JPEG,readable,4a597c43b6002d73ad7d12a3fc2da6405044f9e3a1879897749da67ac047d660,unknown,pending,unreviewed,,
IMG_ea6d2c2246ea5019,60-69/0902_20140417_HBi_03_RAY_1972.JPG,0902_20140417_HBi_03_RAY_1972.JPG,.jpg,4753469,03,03,2014-04-17,60_69,60-69,,,ignored,,,03::0902_20140417_HBi_03_RAY,filename_trailing_number,medium,4896,3264,JPEG,readable,b7b1d07a5bc9268c4ee10cfac6404960211f450a042c7a02ab053204ecd85d68,unknown,pending,unreviewed,,
IMG_6122b1cb8fa640be,60-69/0903_20140417_HBi_03_RAY_1973.JPG,0903_20140417_HBi_03_RAY_1973.JPG,.jpg,5215416,03,03,2014-04-17,60_69,60-69,,,ignored,,,03::0903_20140417_HBi_03_RAY,filename_trailing_number,medium,4896,3264,JPEG,readable,0f70b907fc9ba56de3f91f031dbdd5b814bd507434016e9dcb5dcbfc0cc8dcb9,unknown,pending,unreviewed,,
IMG_53c251e8d65da0f0,60-69/0904_20140417_HBi_03_RAY_1974.JPG,0904_20140417_HBi_03_RAY_1974.JPG,.jpg,5431193,03,03,2014-04-17,60_69,60-69,,,ignored,,,03::0904_20140417_HBi_03_RAY,filename_trailing_number,medium,4896,3264,JPEG,readable,3278e3767ee71482ad8a2ed4d5f8cf3e6636727b37ae973c753784f788aa9a21,unknown,pending,unreviewed,,
IMG_936c06e0fbf3eb41,60-69/0905_20140417_HBi_03_RAY_1975.JPG,0905_20140417_HBi_03_RAY_1975.JPG,.jpg,5215726,03,03,2014-04-17,60_69,60-69,,,ignored,,,03::0905_20140417_HBi_03_RAY,filename_trailing_number,medium,4896,3264,JPEG,readable,d2b359ce8151cced30496993b68c121811d615b843cb3ca5032fa2927a655320,unknown,pending,unreviewed,,
IMG_98b436b9d04e51c1,60-69/0906_20140417_HBi_03_RAY_1976.JPG,0906_20140417_HBi_03_RAY_1976.JPG,.jpg,7141475,03,03,2014-04-17,60_69,60-69,,,ignored,,,03::0906_20140417_HBi_03_RAY,filename_trailing_number,medium,4896,3264,JPEG,readable,fb3e3bcfb25df55fc8553ad9057b1b01342d11e9f0514f6f94a263d6fabc6b67,unknown,pending,unreviewed,,
IMG_37e468f5bd173e87,60-69/0907_20140417_HBi_03_RAY_1978.JPG,0907_20140417_HBi_03_RAY_1978.JPG,.jpg,6380343,03,03,2014-04-17,60_69,60-69,,,ignored,,,03::0907_20140417_HBi_03_RAY,filename_trailing_number,medium,4896,3264,JPEG,readable,64af6a4d2dfc6e599aa5e5379692c4de77154fdbb4bc6b98a7f00d7713f4eb10,unknown,pending,unreviewed,,
IMG_e797971726db805b,60-69/0908_20140417_HBi_03_RAY_1980.JPG,0908_20140417_HBi_03_RAY_1980.JPG,.jpg,6315899,03,03,2014-04-17,60_69,60-69,,,ignored,,,03::0908_20140417_HBi_03_RAY,filename_trailing_number,medium,4896,3264,JPEG,readable,d4496e13db19a9cde06a9635f1d8204d1b49588621fba3d944bb63f3cc1ea55e,unknown,pending,unreviewed,,
IMG_c9c4cf54e9b8835d,60-69/0909_20140417_HBi_03_RAY_1982.JPG,0909_20140417_HBi_03_RAY_1982.JPG,.jpg,6274495,03,03,2014-04-17,60_69,60-69,,,ignored,,,03::0909_20140417_HBi_03_RAY,filename_trailing_number,medium,4896,3264,JPEG,readable,10d83f125d7db7666ec929f6c3019bc26048bc664f1250039dff84683c87f860,unknown,pending,unreviewed,,
IMG_0acfd7076522915b,60-69/0921_20140417_HBi_03_RAY_1994.JPG,0921_20140417_HBi_03_RAY_1994.JPG,.jpg,6693902,03,03,2014-04-17,60_69,60-69,,,ignored,,,03::0921_20140417_HBi_03_RAY,filename_trailing_number,medium,4896,3264,JPEG,readable,63ef5c10a877fe3e279285ddeae149ea339e9d009bdad81f06a9210abe92a17d,unknown,pending,unreviewed,,
IMG_c756854c59c9c3d0,60-69/0922_20140417_HBi_03_RAY_1995.JPG,0922_20140417_HBi_03_RAY_1995.JPG,.jpg,6723142,03,03,2014-04-17,60_69,60-69,,,ignored,,,03::0922_20140417_HBi_03_RAY,filename_trailing_number,medium,4896,3264,JPEG,readable,6b870f1f39075ac3ddffe9441f70327073e644d73a8c79e6884a07a24be5b9b8,unknown,pending,unreviewed,,
IMG_5982861311cd3ba8,60-69/15/0455_20140417_HBi_03_RAY_1165.JPG,0455_20140417_HBi_03_RAY_1165.JPG,.jpg,6498040,03,03,2014-04-17,60_69,15,,,ignored,,,03::0455_20140417_HBi_03_RAY,filename_trailing_number,medium,4896,3264,JPEG,readable,b2a0da9e280accfcb26a5d731029baed4845b42470f3a4b97e79fe8542d25331,unknown,pending,unreviewed,,
IMG_a038e8f184981180,60-69/24/0477_20140417_HBi_03_RAY_1201.JPG,0477_20140417_HBi_03_RAY_1201.JPG,.jpg,6651491,03,03,2014-04-17,60_69,24,,,ignored,,,03::0477_20140417_HBi_03_RAY,filename_trailing_number,medium,4896,3264,JPEG,readable,ab9bfc10dd52d05f098ce10ae275a2cc08bf2287e349da1fd7390a43e137da98,unknown,pending,unreviewed,,
IMG_9b106b54b857660a,60-69/24/0516_20140417_HBi_03_RAY_1255.JPG,0516_20140417_HBi_03_RAY_1255.JPG,.jpg,6488658,03,03,2014-04-17,60_69,24,,,ignored,,,03::0516_20140417_HBi_03_RAY,filename_trailing_number,medium,4896,3264,JPEG,readable,b2ee5407d191031c99678bfe4fcff77bfee9ef9912be0c881e74e8c5106fe0e4,unknown,pending,unreviewed,,
IMG_370e0959d6140c80,60-69/25/0748_20140417_HBi_03_RAY_1706.JPG,0748_20140417_HBi_03_RAY_1706.JPG,.jpg,5836197,03,03,2014-04-17,60_69,25,,,ignored,,,03::0748_20140417_HBi_03_RAY,filename_trailing_number,medium,4896,3264,JPEG,readable,65f9950adb1489a4249a486539f3e91a8f63f067a017e9f881c10ff4a4cf51fd,unknown,pending,unreviewed,,
IMG_81a654e0410d1e36,60-69/25/0761_20140417_HBi_03_RAY_1734.JPG,0761_20140417_HBi_03_RAY_1734.JPG,.jpg,6472595,03,03,2014-04-17,60_69,25,,,ignored,,,03::0761_20140417_HBi_03_RAY,filename_trailing_number,medium,4896,3264,JPEG,readable,d9607b4ac622c6c28db5b426f176c18d3895cae85424a465c25f2eb6ed16a7d1,unknown,pending,unreviewed,,
IMG_207ccd107761fc96,70-79/0144_20140417_HBi_03_RAY_2015.JPG,0144_20140417_HBi_03_RAY_2015.JPG,.jpg,5802460,03,03,2014-04-17,70_79,70-79,,,loose_known,,03_21;03_22;03_23;03_26;03_28;03_29;03_30,03::0144_20140417_HBi_03_RAY,filename_trailing_number,medium,4896,3264,JPEG,readable,b798bc7a29ae08dcee2cb067df3915ee41372fa85a7d13a61c20d6dd88b8ec39,unknown,pending,unreviewed,,
IMG_8faadd196775b864,70-79/0151_20140417_HBi_03_RAY_2045.JPG,0151_20140417_HBi_03_RAY_2045.JPG,.jpg,6104104,03,03,2014-04-17,70_79,70-79,,,loose_known,,03_21;03_22;03_23;03_26;03_28;03_29;03_30,03::0151_20140417_HBi_03_RAY,filename_trailing_number,medium,4896,3264,JPEG,readable,8ec7e04d96ff750b07d506ad36fe89999fdc1a539835de284f971d716691c1d0,unknown,pending,unreviewed,,
IMG_c02c9fb5f50eb1e1,70-79/0152_20140417_HBi_03_RAY_2049.JPG,0152_20140417_HBi_03_RAY_2049.JPG,.jpg,7406817,03,03,2014-04-17,70_79,70-79,,,loose_known,,03_21;03_22;03_23;03_26;03_28;03_29;03_30,03::0152_20140417_HBi_03_RAY,filename_trailing_number,medium,4896,3264,JPEG,readable,75c5dcb4dfcb49ed69c141c477aa4630ebe7de40e2a7b26baafc15366abda13c,unknown,pending,unreviewed,,
IMG_4cc1fe74bc6a1575,70-79/0155_20140417_HBi_03_RAY_2075.JPG,0155_20140417_HBi_03_RAY_2075.JPG,.jpg,5632461,03,03,2014-04-17,70_79,70-79,,,loose_known,,03_21;03_22;03_23;03_26;03_28;03_29;03_30,03::0155_20140417_HBi_03_RAY,filename_trailing_number,medium,4896,3264,JPEG,readable,67415ed0a7a855e7d8926c013ac7a315610f3b4b9f10f5a7f0612780d83b152f,unknown,pending,unreviewed,,
IMG_0f12d56ebcc2107b,70-79/0156_20140417_HBi_03_RAY_2076.JPG,0156_20140417_HBi_03_RAY_2076.JPG,.jpg,5692169,03,03,2014-04-17,70_79,70-79,,,loose_known,,03_21;03_22;03_23;03_26;03_28;03_29;03_30,03::0156_20140417_HBi_03_RAY,filename_trailing_number,medium,4896,3264,JPEG,readable,6b12e08b836bd1508557efc22921abb99f82682e4614f3f243ca724d6c036ca4,unknown,pending,unreviewed,,
IMG_806fb06d734b4823,70-79/0158_20140417_HBi_03_RAY_0654.JPG,0158_20140417_HBi_03_RAY_0654.JPG,.jpg,5883365,03,03,2014-04-17,70_79,70-79,,,loose_known,,03_21;03_22;03_23;03_26;03_28;03_29;03_30,03::0158_20140417_HBi_03_RAY,filename_trailing_number,medium,4896,3264,JPEG,readable,d2eceb33fb037398be969b16d24582ede799d324f460c75c3f43b1b6f1ce19a5,unknown,pending,unreviewed,,
IMG_1160f398baf49321,70-79/0159_20140417_HBi_03_RAY_0655.JPG,0159_20140417_HBi_03_RAY_0655.JPG,.jpg,5865241,03,03,2014-04-17,70_79,70-79,,,loose_known,,03_21;03_22;03_23;03_26;03_28;03_29;03_30,03::0159_20140417_HBi_03_RAY,filename_trailing_number,medium,4896,3264,JPEG,readable,1e590b3e8bd7a9a31de5e050c2b9404dc520a3bfea59a0619b774a6a3f5a8499,unknown,pending,unreviewed,,
IMG_a4684869a3412760,70-79/0159_20140417_HBi_03_RAY_2083.JPG,0159_20140417_HBi_03_RAY_2083.JPG,.jpg,6617767,03,03,2014-04-17,70_79,70-79,,,loose_known,,03_21;03_22;03_23;03_26;03_28;03_29;03_30,03::0159_20140417_HBi_03_RAY,filename_trailing_number,medium,4896,3264,JPEG,readable,a6403562538e6cf73b0098f913340713e1942672c6494efa602369f5dcc4ede3,unknown,pending,unreviewed,,
IMG_627cf8ecd6785b30,70-79/0160_20140417_HBi_03_RAY_0656.JPG,0160_20140417_HBi_03_RAY_0656.JPG,.jpg,5961588,03,03,2014-04-17,70_79,70-79,,,loose_known,,03_21;03_22;03_23;03_26;03_28;03_29;03_30,03::0160_20140417_HBi_03_RAY,filename_trailing_number,medium,4896,3264,JPEG,readable,0ead069f07f8140d14cf82eb58b05b80ce411148f983343394187f4160e25e3a,unknown,pending,unreviewed,,
IMG_f9a533849e644f01,70-79/0162_20140417_HBi_03_RAY_0660.JPG,0162_20140417_HBi_03_RAY_0660.JPG,.jpg,6087274,03,03,2014-04-17,70_79,70-79,,,loose_known,,03_21;03_22;03_23;03_26;03_28;03_29;03_30,03::0162_20140417_HBi_03_RAY,filename_trailing_number,medium,4896,3264,JPEG,readable,032209888523b9fffd65e0a8fbd5a395ca3f0a1662488719e3491e534a2cde4e,unknown,pending,unreviewed,,
IMG_2bef303a38b11c41,70-79/0163_20140417_HBi_03_RAY_2091.JPG,0163_20140417_HBi_03_RAY_2091.JPG,.jpg,6939908,03,03,2014-04-17,70_79,70-79,,,loose_known,,03_21;03_22;03_23;03_26;03_28;03_29;03_30,03::0163_20140417_HBi_03_RAY,filename_trailing_number,medium,4896,3264,JPEG,readable,4fa755c3bcd07184a84c2992857edecd648d61190b493bf70ba6ff4ace5f17b1,unknown,pending,unreviewed,,
IMG_d4d2e5164afe3e9f,70-79/0169_20140417_HBi_03_RAY_0674.JPG,0169_20140417_HBi_03_RAY_0674.JPG,.jpg,5578446,03,03,2014-04-17,70_79,70-79,,,loose_known,,03_21;03_22;03_23;03_26;03_28;03_29;03_30,03::0169_20140417_HBi_03_RAY,filename_trailing_number,medium,4896,3264,JPEG,readable,16c87e564c1fefa1f955d3e347edc1423f0b40787a98bb3330c7fed806727331,unknown,pending,unreviewed,,
IMG_c45f134a64d72abe,70-79/0174_20140417_HBi_03_RAY_0681.JPG,0174_20140417_HBi_03_RAY_0681.JPG,.jpg,7545968,03,03,2014-04-17,70_79,70-79,,,loose_known,,03_21;03_22;03_23;03_26;03_28;03_29;03_30,03::0174_20140417_HBi_03_RAY,filename_trailing_number,medium,4896,3264,JPEG,readable,227235e044f5727aafbd920f0210fcc193828f89e7728dc66a433b7654022531,unknown,pending,unreviewed,,
IMG_fa162abe2a270429,70-79/0177_20140417_HBi_03_RAY_2137.JPG,0177_20140417_HBi_03_RAY_2137.JPG,.jpg,6837086,03,03,2014-04-17,70_79,70-79,,,loose_known,,03_21;03_22;03_23;03_26;03_28;03_29;03_30,03::0177_20140417_HBi_03_RAY,filename_trailing_number,medium,4896,3264,JPEG,readable,8daa1eb70e2da2c070adaaa3572b0c33fba89c0db92f53c0eed3c9bb87199506,unknown,pending,unreviewed,,
IMG_9766b82ae35cb8be,70-79/0179_20140417_HBi_03_RAY_0686.JPG,0179_20140417_HBi_03_RAY_0686.JPG,.jpg,4717231,03,03,2014-04-17,70_79,70-79,,,loose_known,,03_21;03_22;03_23;03_26;03_28;03_29;03_30,03::0179_20140417_HBi_03_RAY,filename_trailing_number,medium,4896,3264,JPEG,readable,e521f50c9ac69eec6b8a6e0f47a58b243040fad5b84cdc8bdebf96b12586ce24,unknown,pending,unreviewed,,
IMG_aea7be43cb32a273,70-79/0185_20140417_HBi_03_RAY_0696.JPG,0185_20140417_HBi_03_RAY_0696.JPG,.jpg,5878852,03,03,2014-04-17,70_79,70-79,,,loose_known,,03_21;03_22;03_23;03_26;03_28;03_29;03_30,03::0185_20140417_HBi_03_RAY,filename_trailing_number,medium,4896,3264,JPEG,readable,56a7d3a158fae7c7373c8cb33e5c56210179e6ca6d43806ad153030bc354d5f2,unknown,pending,unreviewed,,
IMG_ca663f2fd6a41811,70-79/0186_20140417_HBi_03_RAY_0697.JPG,0186_20140417_HBi_03_RAY_0697.JPG,.jpg,5869543,03,03,2014-04-17,70_79,70-79,,,loose_known,,03_21;03_22;03_23;03_26;03_28;03_29;03_30,03::0186_20140417_HBi_03_RAY,filename_trailing_number,medium,4896,3264,JPEG,readable,3d16f42a7eb00ca54530a18a5b6e6103d00a3f8b4091a56dfae98cefe2cf61fd,unknown,pending,unreviewed,,
IMG_b53e2fe8b19d8f38,70-79/0188_20140417_HBi_03_RAY_2168.JPG,0188_20140417_HBi_03_RAY_2168.JPG,.jpg,5118970,03,03,2014-04-17,70_79,70-79,,,loose_known,,03_21;03_22;03_23;03_26;03_28;03_29;03_30,03::0188_20140417_HBi_03_RAY,filename_trailing_number,medium,4896,3264,JPEG,readable,b3e3c0e05e6ff0dda82dacc1e3978fba3fac99ca2f22e51755f10fba329f0dba,unknown,pending,unreviewed,,
IMG_c240767737d4be90,70-79/0191_20140417_HBi_03_RAY_0702.JPG,0191_20140417_HBi_03_RAY_0702.JPG,.jpg,6277539,03,03,2014-04-17,70_79,70-79,,,loose_known,,03_21;03_22;03_23;03_26;03_28;03_29;03_30,03::0191_20140417_HBi_03_RAY,filename_trailing_number,medium,4896,3264,JPEG,readable,49da735b391be1e637d37eb05f4a916862b4c36c0c76eb188271a55c15d5d00b,unknown,pending,unreviewed,,
IMG_910a155d379ca407,70-79/0203_20140417_HBi_03_RAY_0734.JPG,0203_20140417_HBi_03_RAY_0734.JPG,.jpg,8586835,03,03,2014-04-17,70_79,70-79,,,loose_known,,03_21;03_22;03_23;03_26;03_28;03_29;03_30,03::0203_20140417_HBi_03_RAY,filename_trailing_number,medium,4896,3264,JPEG,readable,ce885436a81b0fabb2fe8e501b9aa31b8e84daee8d6ab41d9653d8de4f7b719b,unknown,pending,unreviewed,,
IMG_be395e652b8051c5,70-79/0211_20140417_HBi_03_RAY_0760.JPG,0211_20140417_HBi_03_RAY_0760.JPG,.jpg,5678929,03,03,2014-04-17,70_79,70-79,,,loose_known,,03_21;03_22;03_23;03_26;03_28;03_29;03_30,03::0211_20140417_HBi_03_RAY,filename_trailing_number,medium,4896,3264,JPEG,readable,c3089f5b8dc8dd4fefb443bdbab1219a557c9d3324809b0f531619acb57b30c3,unknown,pending,unreviewed,,
IMG_8e89b52d7cac553e,70-79/0212_20140417_HBi_03_RAY_0761.JPG,0212_20140417_HBi_03_RAY_0761.JPG,.jpg,5863655,03,03,2014-04-17,70_79,70-79,,,loose_known,,03_21;03_22;03_23;03_26;03_28;03_29;03_30,03::0212_20140417_HBi_03_RAY,filename_trailing_number,medium,4896,3264,JPEG,readable,b2093c49c1649294f7d629e2ba2b984455a73e7a44e66025e4e35ad050679a9e,unknown,pending,unreviewed,,
IMG_9822084164dc40fc,70-79/0213_20140417_HBi_03_RAY_0762.JPG,0213_20140417_HBi_03_RAY_0762.JPG,.jpg,6005074,03,03,2014-04-17,70_79,70-79,,,loose_known,,03_21;03_22;03_23;03_26;03_28;03_29;03_30,03::0213_20140417_HBi_03_RAY,filename_trailing_number,medium,4896,3264,JPEG,readable,55e442d10569be7b9941d8c50ca96189edf8de226f8aa33fcd447652afda536f,unknown,pending,unreviewed,,
IMG_5aa752038253fa2c,70-79/0220_20140417_HBi_03_RAY_0776.JPG,0220_20140417_HBi_03_RAY_0776.JPG,.jpg,5390097,03,03,2014-04-17,70_79,70-79,,,loose_known,,03_21;03_22;03_23;03_26;03_28;03_29;03_30,03::0220_20140417_HBi_03_RAY,filename_trailing_number,medium,4896,3264,JPEG,readable,1028c0a877d78158a136a2e75e975845ad42150b8d0b40937f41cf8e1258f298,unknown,pending,unreviewed,,
IMG_69360ff6f2281562,70-79/0221_20140417_HBi_03_RAY_0777.JPG,0221_20140417_HBi_03_RAY_0777.JPG,.jpg,5280196,03,03,2014-04-17,70_79,70-79,,,loose_known,,03_21;03_22;03_23;03_26;03_28;03_29;03_30,03::0221_20140417_HBi_03_RAY,filename_trailing_number,medium,4896,3264,JPEG,readable,3891cac0881131d91ac6eeaaea2c389f9ccc5436f3c85267379250fb18191e69,unknown,pending,unreviewed,,
IMG_e8712998581bd0cf,70-79/0243_20140417_HBi_03_RAY_0819.JPG,0243_20140417_HBi_03_RAY_0819.JPG,.jpg,5379748,03,03,2014-04-17,70_79,70-79,,,loose_known,,03_21;03_22;03_23;03_26;03_28;03_29;03_30,03::0243_20140417_HBi_03_RAY,filename_trailing_number,medium,4896,3264,JPEG,readable,eeef2f2453378fc10a625c430fbb952f56ea6d2348515c7e4f0476e5043a9a20,unknown,pending,unreviewed,,
IMG_4ccde233fd9bf8c6,70-79/0249_20140417_HBi_03_RAY_0829.JPG,0249_20140417_HBi_03_RAY_0829.JPG,.jpg,5113003,03,03,2014-04-17,70_79,70-79,,,loose_known,,03_21;03_22;03_23;03_26;03_28;03_29;03_30,03::0249_20140417_HBi_03_RAY,filename_trailing_number,medium,4896,3264,JPEG,readable,5682788957ecc6b1bad74c07b7a395b907e3dea382afb6444d9f44aeb2edc6c1,unknown,pending,unreviewed,,
IMG_bc78053f20c916b6,70-79/0276_20140417_HBi_03_RAY_0874.JPG,0276_20140417_HBi_03_RAY_0874.JPG,.jpg,4814741,03,03,2014-04-17,70_79,70-79,,,loose_known,,03_21;03_22;03_23;03_26;03_28;03_29;03_30,03::0276_20140417_HBi_03_RAY,filename_trailing_number,medium,4896,3264,JPEG,readable,c363af98334bf987ec22f7c849ee8a1b6d289c41f27527b83439db40565707a1,unknown,pending,unreviewed,,
IMG_5f0ae7a6ba448eb8,70-79/0277_20140417_HBi_03_RAY_0875.JPG,0277_20140417_HBi_03_RAY_0875.JPG,.jpg,4837428,03,03,2014-04-17,70_79,70-79,,,loose_known,,03_21;03_22;03_23;03_26;03_28;03_29;03_30,03::0277_20140417_HBi_03_RAY,filename_trailing_number,medium,4896,3264,JPEG,readable,27b4022f7ec041271a939efdebb8d2a97e030d5bf15aff5c2c1ec0163bf67d09,unknown,pending,unreviewed,,
IMG_0af90806d6f2e62a,70-79/0283_20140417_HBi_03_RAY_0883.JPG,0283_20140417_HBi_03_RAY_0883.JPG,.jpg,5364719,03,03,2014-04-17,70_79,70-79,,,loose_known,,03_21;03_22;03_23;03_26;03_28;03_29;03_30,03::0283_20140417_HBi_03_RAY,filename_trailing_number,medium,4896,3264,JPEG,readable,91e9fc0055f8c2f3403e3c32b84a93d3b3bb01bab29145c08ebecdb9fefc9f81,unknown,pending,unreviewed,,
IMG_89d30e56a805160a,70-79/0284_20140417_HBi_03_RAY_0884.JPG,0284_20140417_HBi_03_RAY_0884.JPG,.jpg,5759626,03,03,2014-04-17,70_79,70-79,,,loose_known,,03_21;03_22;03_23;03_26;03_28;03_29;03_30,03::0284_20140417_HBi_03_RAY,filename_trailing_number,medium,4896,3264,JPEG,readable,363c8275e4109a7343aa1ed9a6224e794b880062f1e7a8680753ad977d417401,unknown,pending,unreviewed,,
IMG_4b92e3b48f37b7b1,70-79/0292_20140417_HBi_03_RAY_0893.JPG,0292_20140417_HBi_03_RAY_0893.JPG,.jpg,4495765,03,03,2014-04-17,70_79,70-79,,,loose_known,,03_21;03_22;03_23;03_26;03_28;03_29;03_30,03::0292_20140417_HBi_03_RAY,filename_trailing_number,medium,4896,3264,JPEG,readable,14e9096e71ce2fdfbaade9b4055f3239778b79ada8ef3aa840dd395e49088dc1,unknown,pending,unreviewed,,
IMG_948dfb19bc559799,70-79/0293_20140417_HBi_03_RAY_0894.JPG,0293_20140417_HBi_03_RAY_0894.JPG,.jpg,4998260,03,03,2014-04-17,70_79,70-79,,,loose_known,,03_21;03_22;03_23;03_26;03_28;03_29;03_30,03::0293_20140417_HBi_03_RAY,filename_trailing_number,medium,4896,3264,JPEG,readable,17a90f38fafc3273a4f88d41679847cc2c984d2ae15fec7cdf04a6f441c1f868,unknown,pending,unreviewed,,
IMG_713398946d263cce,70-79/0295_20140417_HBi_03_RAY_0896.JPG,0295_20140417_HBi_03_RAY_0896.JPG,.jpg,5443772,03,03,2014-04-17,70_79,70-79,,,loose_known,,03_21;03_22;03_23;03_26;03_28;03_29;03_30,03::0295_20140417_HBi_03_RAY,filename_trailing_number,medium,4896,3264,JPEG,readable,fdb4e021023a84a00e908b5ac3df6260283cb6b1c23d4d1922c3c44e423d1c6e,unknown,pending,unreviewed,,
IMG_760b2dc71546a7a2,70-79/0296_20140417_HBi_03_RAY_0897.JPG,0296_20140417_HBi_03_RAY_0897.JPG,.jpg,4885602,03,03,2014-04-17,70_79,70-79,,,loose_known,,03_21;03_22;03_23;03_26;03_28;03_29;03_30,03::0296_20140417_HBi_03_RAY,filename_trailing_number,medium,4896,3264,JPEG,readable,939879de41f27880efac47b98d42793064b2bbedcea81073416d8f3903431757,unknown,pending,unreviewed,,
IMG_e6671b596115ec8a,70-79/0331_20140417_HBi_03_RAY_0957.JPG,0331_20140417_HBi_03_RAY_0957.JPG,.jpg,6456840,03,03,2014-04-17,70_79,70-79,,,loose_known,,03_21;03_22;03_23;03_26;03_28;03_29;03_30,03::0331_20140417_HBi_03_RAY,filename_trailing_number,medium,4896,3264,JPEG,readable,7a1f6179af29bd3f44355ebcf8a48579927cc7da357ab15df1c636bf2d8334e2,unknown,pending,unreviewed,,
IMG_1b775dad20a3f7e2,70-79/0341_20140417_HBi_03_RAY_0969.JPG,0341_20140417_HBi_03_RAY_0969.JPG,.jpg,6259474,03,03,2014-04-17,70_79,70-79,,,loose_known,,03_21;03_22;03_23;03_26;03_28;03_29;03_30,03::0341_20140417_HBi_03_RAY,filename_trailing_number,medium,4896,3264,JPEG,readable,94b727f924c7d92a96490c1b0ed63196ad03302d94f4a1e092c7d6d5a0defbef,unknown,pending,unreviewed,,
IMG_53580f113f00f8bd,70-79/0342_20140417_HBi_03_RAY_0970.JPG,0342_20140417_HBi_03_RAY_0970.JPG,.jpg,6224786,03,03,2014-04-17,70_79,70-79,,,loose_known,,03_21;03_22;03_23;03_26;03_28;03_29;03_30,03::0342_20140417_HBi_03_RAY,filename_trailing_number,medium,4896,3264,JPEG,readable,f9a7c60bb6ab3383434c88ad56ca876914540a20e72c83e2a153a2d4ff491dbe,unknown,pending,unreviewed,,
IMG_d04b4442a491b9ed,70-79/0352_20140417_HBi_03_RAY_0999.JPG,0352_20140417_HBi_03_RAY_0999.JPG,.jpg,6639614,03,03,2014-04-17,70_79,70-79,,,loose_known,,03_21;03_22;03_23;03_26;03_28;03_29;03_30,03::0352_20140417_HBi_03_RAY,filename_trailing_number,medium,4896,3264,JPEG,readable,01fa758c45990f9498a681534ba4512184acd24626795ae605cecb2f672663db,unknown,pending,unreviewed,,
IMG_0e0c8034ed2c12e5,70-79/0359_20140417_HBi_03_RAY_1013.JPG,0359_20140417_HBi_03_RAY_1013.JPG,.jpg,6771748,03,03,2014-04-17,70_79,70-79,,,loose_known,,03_21;03_22;03_23;03_26;03_28;03_29;03_30,03::0359_20140417_HBi_03_RAY,filename_trailing_number,medium,4896,3264,JPEG,readable,474bf258ae2def0963ec3cf7f57428e92ce3bfd29efa0650a01b9af708f50883,unknown,pending,unreviewed,,
IMG_a3108119a515030c,70-79/0365_20140417_HBi_03_RAY_1020.JPG,0365_20140417_HBi_03_RAY_1020.JPG,.jpg,5887204,03,03,2014-04-17,70_79,70-79,,,loose_known,,03_21;03_22;03_23;03_26;03_28;03_29;03_30,03::0365_20140417_HBi_03_RAY,filename_trailing_number,medium,4896,3264,JPEG,readable,7821a8b5968c34f23b39577f161281b79bd4c501b41f61e60d6d4a118860c9b9,unknown,pending,unreviewed,,
IMG_050b175826b179f8,70-79/0366_20140417_HBi_03_RAY_1022.JPG,0366_20140417_HBi_03_RAY_1022.JPG,.jpg,6408297,03,03,2014-04-17,70_79,70-79,,,loose_known,,03_21;03_22;03_23;03_26;03_28;03_29;03_30,03::0366_20140417_HBi_03_RAY,filename_trailing_number,medium,4896,3264,JPEG,readable,3c3bf66186bcaa7c98130b7b60f6d9bad247bb213cfb3d4c089307560f527c7f,unknown,pending,unreviewed,,
IMG_e6d3dd7c25f54bd6,70-79/0367_20140417_HBi_03_RAY_1023.JPG,0367_20140417_HBi_03_RAY_1023.JPG,.jpg,6403187,03,03,2014-04-17,70_79,70-79,,,loose_known,,03_21;03_22;03_23;03_26;03_28;03_29;03_30,03::0367_20140417_HBi_03_RAY,filename_trailing_number,medium,4896,3264,JPEG,readable,a662253fe769e6a5a2078ba9c15208f848a624dda123b7d551a0879d8e3d3593,unknown,pending,unreviewed,,
IMG_e07b9e0f3be5db8c,70-79/0381_20140417_HBi_03_RAY_1040.JPG,0381_20140417_HBi_03_RAY_1040.JPG,.jpg,6307020,03,03,2014-04-17,70_79,70-79,,,loose_known,,03_21;03_22;03_23;03_26;03_28;03_29;03_30,03::0381_20140417_HBi_03_RAY,filename_trailing_number,medium,4896,3264,JPEG,readable,5d7bf67cc06110e9417f284133b15e377d8893239ebe83fbc292e863e3c1cc2c,unknown,pending,unreviewed,,
IMG_f0aadae87002129f,70-79/0384_20140417_HBi_03_RAY_1044.JPG,0384_20140417_HBi_03_RAY_1044.JPG,.jpg,6318849,03,03,2014-04-17,70_79,70-79,,,loose_known,,03_21;03_22;03_23;03_26;03_28;03_29;03_30,03::0384_20140417_HBi_03_RAY,filename_trailing_number,medium,4896,3264,JPEG,readable,08d1f121874d1fd0e66db7b5d46ca66901fe0aa4b03551af9e77c9e084436a3d,unknown,pending,unreviewed,,
IMG_9d8607824cfd0f6e,70-79/0385_20140417_HBi_03_RAY_1045.JPG,0385_20140417_HBi_03_RAY_1045.JPG,.jpg,6096772,03,03,2014-04-17,70_79,70-79,,,loose_known,,03_21;03_22;03_23;03_26;03_28;03_29;03_30,03::0385_20140417_HBi_03_RAY,filename_trailing_number,medium,4896,3264,JPEG,readable,32d372f4fe4cba537107adecea8549fe291b96e8b01b32bc4e548a9e2aa36908,unknown,pending,unreviewed,,
IMG_3078c1d833e87643,70-79/0391_20140417_HBi_03_RAY_1053.JPG,0391_20140417_HBi_03_RAY_1053.JPG,.jpg,5597538,03,03,2014-04-17,70_79,70-79,,,loose_known,,03_21;03_22;03_23;03_26;03_28;03_29;03_30,03::0391_20140417_HBi_03_RAY,filename_trailing_number,medium,4896,3264,JPEG,readable,8139194f598787985844c9dba1b4ec647478173adf48c5ab00595faa599ae8d3,unknown,pending,unreviewed,,
IMG_e18a64c50844387e,70-79/0392_20140417_HBi_03_RAY_1054.JPG,0392_20140417_HBi_03_RAY_1054.JPG,.jpg,5469106,03,03,2014-04-17,70_79,70-79,,,loose_known,,03_21;03_22;03_23;03_26;03_28;03_29;03_30,03::0392_20140417_HBi_03_RAY,filename_trailing_number,medium,4896,3264,JPEG,readable,1e6bb748fb390fb34ca48dd5b1928359e13aa43f9be4b832f441b677c8e44d0b,unknown,pending,unreviewed,,
IMG_964068199e5d37ad,70-79/0393_20140417_HBi_03_RAY_1055.JPG,0393_20140417_HBi_03_RAY_1055.JPG,.jpg,5520793,03,03,2014-04-17,70_79,70-79,,,loose_known,,03_21;03_22;03_23;03_26;03_28;03_29;03_30,03::0393_20140417_HBi_03_RAY,filename_trailing_number,medium,4896,3264,JPEG,readable,7cc6291e5e0579939cc5da7150d95a8927c44457ad793a0f627fee6a8ea1bbfd,unknown,pending,unreviewed,,
IMG_4e307cf95c6ec646,70-79/0395_20140417_HBi_03_RAY_1057.JPG,0395_20140417_HBi_03_RAY_1057.JPG,.jpg,5554927,03,03,2014-04-17,70_79,70-79,,,loose_known,,03_21;03_22;03_23;03_26;03_28;03_29;03_30,03::0395_20140417_HBi_03_RAY,filename_trailing_number,medium,4896,3264,JPEG,readable,8d86f04ae3e86db73ac082e46a2f1a9669aa66252fcc39aedd7cfcb18bafb7fc,unknown,pending,unreviewed,,
IMG_f9a706f8b0be993b,70-79/0396_20140417_HBi_03_RAY_1058.JPG,0396_20140417_HBi_03_RAY_1058.JPG,.jpg,5159585,03,03,2014-04-17,70_79,70-79,,,loose_known,,03_21;03_22;03_23;03_26;03_28;03_29;03_30,03::0396_20140417_HBi_03_RAY,filename_trailing_number,medium,4896,3264,JPEG,readable,b2f5df5e402a347107ea0dc4f93c36c9811569a845f43939d511bc461ecdbb0c,unknown,pending,unreviewed,,
IMG_4f8fbfca3e35b3c0,70-79/0399_20140417_HBi_03_RAY_1061.JPG,0399_20140417_HBi_03_RAY_1061.JPG,.jpg,8255286,03,03,2014-04-17,70_79,70-79,,,loose_known,,03_21;03_22;03_23;03_26;03_28;03_29;03_30,03::0399_20140417_HBi_03_RAY,filename_trailing_number,medium,4896,3264,JPEG,readable,a7de417e4fdca48fb0acee2ad9d4f1f3dbc730a4e6c15d85f13889a82704cd62,unknown,pending,unreviewed,,
IMG_8ffb951b1d77d552,70-79/0408_20140417_HBi_03_RAY_1078.JPG,0408_20140417_HBi_03_RAY_1078.JPG,.jpg,5944072,03,03,2014-04-17,70_79,70-79,,,loose_known,,03_21;03_22;03_23;03_26;03_28;03_29;03_30,03::0408_20140417_HBi_03_RAY,filename_trailing_number,medium,4896,3264,JPEG,readable,5264f11a4c85a270a00dc47ad65e8c870da1bdfae1bd9eaae0c278a6da240c68,unknown,pending,unreviewed,,
IMG_984b708f54a07f44,70-79/0410_20140417_HBi_03_RAY_1080.JPG,0410_20140417_HBi_03_RAY_1080.JPG,.jpg,6100940,03,03,2014-04-17,70_79,70-79,,,loose_known,,03_21;03_22;03_23;03_26;03_28;03_29;03_30,03::0410_20140417_HBi_03_RAY,filename_trailing_number,medium,4896,3264,JPEG,readable,b4a9722943a5a0fe9d4fd87e2bed284c2250b2865efe1e189209ad669dbd44f9,unknown,pending,unreviewed,,
IMG_375c9ea76abde23f,70-79/0411_20140417_HBi_03_RAY_1081.JPG,0411_20140417_HBi_03_RAY_1081.JPG,.jpg,6271452,03,03,2014-04-17,70_79,70-79,,,loose_known,,03_21;03_22;03_23;03_26;03_28;03_29;03_30,03::0411_20140417_HBi_03_RAY,filename_trailing_number,medium,4896,3264,JPEG,readable,8144356c9431b789048a186f990f2638ff9373807920c1eacc7d6c199ebebde4,unknown,pending,unreviewed,,
IMG_67af1c759b2d5fe4,70-79/0413_20140417_HBi_03_RAY_1085.JPG,0413_20140417_HBi_03_RAY_1085.JPG,.jpg,5803079,03,03,2014-04-17,70_79,70-79,,,loose_known,,03_21;03_22;03_23;03_26;03_28;03_29;03_30,03::0413_20140417_HBi_03_RAY,filename_trailing_number,medium,4896,3264,JPEG,readable,d969326df9b370b34e890041818d8d9ea20084db35879dbeaaf09ddfaf72becd,unknown,pending,unreviewed,,
IMG_d5ab8a6b9f46e4c7,70-79/0417_20140417_HBi_03_RAY_1090.JPG,0417_20140417_HBi_03_RAY_1090.JPG,.jpg,7409126,03,03,2014-04-17,70_79,70-79,,,loose_known,,03_21;03_22;03_23;03_26;03_28;03_29;03_30,03::0417_20140417_HBi_03_RAY,filename_trailing_number,medium,4896,3264,JPEG,readable,ab231e67c5fb607d2c000926ea2cb4b3dd83bf33085b8e8f94229242b17a2719,unknown,pending,unreviewed,,
IMG_a726acf419f4d07e,70-79/0425_20140417_HBi_03_RAY_1108.JPG,0425_20140417_HBi_03_RAY_1108.JPG,.jpg,6128581,03,03,2014-04-17,70_79,70-79,,,loose_known,,03_21;03_22;03_23;03_26;03_28;03_29;03_30,03::0425_20140417_HBi_03_RAY,filename_trailing_number,medium,4896,3264,JPEG,readable,5750accdd507b9c03a82b0d0a954526a923c948a67c85e0812fb3b62c298308a,unknown,pending,unreviewed,,
IMG_9583df4eed89d9a8,70-79/0426_20140417_HBi_03_RAY_1110.JPG,0426_20140417_HBi_03_RAY_1110.JPG,.jpg,6704077,03,03,2014-04-17,70_79,70-79,,,loose_known,,03_21;03_22;03_23;03_26;03_28;03_29;03_30,03::0426_20140417_HBi_03_RAY,filename_trailing_number,medium,4896,3264,JPEG,readable,a17fa20027035c458a5dc5edfa0f9d0c9203e0c3dc8ee1b102ac3d65a52e269d,unknown,pending,unreviewed,,
IMG_c74253565f677089,70-79/0427_20140417_HBi_03_RAY_1112.JPG,0427_20140417_HBi_03_RAY_1112.JPG,.jpg,5525422,03,03,2014-04-17,70_79,70-79,,,loose_known,,03_21;03_22;03_23;03_26;03_28;03_29;03_30,03::0427_20140417_HBi_03_RAY,filename_trailing_number,medium,4896,3264,JPEG,readable,10320b0ccf9eb9abec2e737cc33a3051f15b387e6a16218e628e96da187244b2,unknown,pending,unreviewed,,
IMG_9bbca884ac77ceab,70-79/0428_20140417_HBi_03_RAY_1113.JPG,0428_20140417_HBi_03_RAY_1113.JPG,.jpg,5513582,03,03,2014-04-17,70_79,70-79,,,loose_known,,03_21;03_22;03_23;03_26;03_28;03_29;03_30,03::0428_20140417_HBi_03_RAY,filename_trailing_number,medium,4896,3264,JPEG,readable,30fe9300ed49dc36cad210f00be61b72dbb72e0638420db3812d586829efc0b0,unknown,pending,unreviewed,,
IMG_3cdfe6a03943bfc3,70-79/0429_20140417_HBi_03_RAY_1114.JPG,0429_20140417_HBi_03_RAY_1114.JPG,.jpg,7330799,03,03,2014-04-17,70_79,70-79,,,loose_known,,03_21;03_22;03_23;03_26;03_28;03_29;03_30,03::0429_20140417_HBi_03_RAY,filename_trailing_number,medium,4896,3264,JPEG,readable,59df7091044f13f1f0e54c58efecfafb7afdd6fc871db2133f7f8a87046eb1cd,unknown,pending,unreviewed,,
IMG_032ccb6e95a73bb8,70-79/0442_20140417_HBi_03_RAY_1128.JPG,0442_20140417_HBi_03_RAY_1128.JPG,.jpg,5685284,03,03,2014-04-17,70_79,70-79,,,loose_known,,03_21;03_22;03_23;03_26;03_28;03_29;03_30,03::0442_20140417_HBi_03_RAY,filename_trailing_number,medium,4896,3264,JPEG,readable,3b8d9f287fa911eb999dd9dc8aada261d81ac73d56efb9b110376f8b73967391,unknown,pending,unreviewed,,
IMG_fa3ee48298ba49b2,70-79/0444_20140417_HBi_03_RAY_1132.JPG,0444_20140417_HBi_03_RAY_1132.JPG,.jpg,5864285,03,03,2014-04-17,70_79,70-79,,,loose_known,,03_21;03_22;03_23;03_26;03_28;03_29;03_30,03::0444_20140417_HBi_03_RAY,filename_trailing_number,medium,4896,3264,JPEG,readable,1740aee46abc1b6784e16a06297ce5f51530af9d442dad9f6ecdf1babb03d504,unknown,pending,unreviewed,,
IMG_780c10bd52e16033,70-79/0458_20140417_HBi_03_RAY_1179.JPG,0458_20140417_HBi_03_RAY_1179.JPG,.jpg,5643701,03,03,2014-04-17,70_79,70-79,,,loose_known,,03_21;03_22;03_23;03_26;03_28;03_29;03_30,03::0458_20140417_HBi_03_RAY,filename_trailing_number,medium,4896,3264,JPEG,readable,7ca7506049f3ba1ac451ae51f57763ef93ea09006baeac053eece27a0c6a4546,unknown,pending,unreviewed,,
IMG_b71f1eec8303c5b0,70-79/0459_20140417_HBi_03_RAY_1180.JPG,0459_20140417_HBi_03_RAY_1180.JPG,.jpg,5517605,03,03,2014-04-17,70_79,70-79,,,loose_known,,03_21;03_22;03_23;03_26;03_28;03_29;03_30,03::0459_20140417_HBi_03_RAY,filename_trailing_number,medium,4896,3264,JPEG,readable,70b210f492a49b31ff1aa9cabaf6a25b3d98c723d00db50660e45e07dd5529d7,unknown,pending,unreviewed,,
IMG_88b2524128e782f3,70-79/0460_20140417_HBi_03_RAY_1181.JPG,0460_20140417_HBi_03_RAY_1181.JPG,.jpg,7166346,03,03,2014-04-17,70_79,70-79,,,loose_known,,03_21;03_22;03_23;03_26;03_28;03_29;03_30,03::0460_20140417_HBi_03_RAY,filename_trailing_number,medium,4896,3264,JPEG,readable,5b1f737ca16497673fd7ce91b19cefddf361022e1d4c8efe22496d0e5df0bd67,unknown,pending,unreviewed,,
IMG_42687578eaf87f45,70-79/0461_20140417_HBi_03_RAY_1182.JPG,0461_20140417_HBi_03_RAY_1182.JPG,.jpg,7125927,03,03,2014-04-17,70_79,70-79,,,loose_known,,03_21;03_22;03_23;03_26;03_28;03_29;03_30,03::0461_20140417_HBi_03_RAY,filename_trailing_number,medium,4896,3264,JPEG,readable,7dba1211ca179c6e649545500f65fee30502ccd744fa8ce7605cbf46d91f728c,unknown,pending,unreviewed,,
IMG_8d7da689165e661f,70-79/0472_20140417_HBi_03_RAY_1195.JPG,0472_20140417_HBi_03_RAY_1195.JPG,.jpg,6750783,03,03,2014-04-17,70_79,70-79,,,loose_known,,03_21;03_22;03_23;03_26;03_28;03_29;03_30,03::0472_20140417_HBi_03_RAY,filename_trailing_number,medium,4896,3264,JPEG,readable,563ffbe1dd783496e070f8047193894f3319058db5a19bb90177c221efffa073,unknown,pending,unreviewed,,
IMG_326e857a9f63d423,70-79/0473_20140417_HBi_03_RAY_1196.JPG,0473_20140417_HBi_03_RAY_1196.JPG,.jpg,6860414,03,03,2014-04-17,70_79,70-79,,,loose_known,,03_21;03_22;03_23;03_26;03_28;03_29;03_30,03::0473_20140417_HBi_03_RAY,filename_trailing_number,medium,4896,3264,JPEG,readable,ffb756c612f78af97df2de462c656e91b97cab061ee096711ef9e82c7b7966ef,unknown,pending,unreviewed,,
IMG_22c1b352d725028d,70-79/0475_20140417_HBi_03_RAY_1199.JPG,0475_20140417_HBi_03_RAY_1199.JPG,.jpg,6894713,03,03,2014-04-17,70_79,70-79,,,loose_known,,03_21;03_22;03_23;03_26;03_28;03_29;03_30,03::0475_20140417_HBi_03_RAY,filename_trailing_number,medium,4896,3264,JPEG,readable,a8c067487f5a10a4dcfa79ba441f377fb7dfcba9ddf52241a6e2864f780b278d,unknown,pending,unreviewed,,
IMG_579f1084359889d1,70-79/0479_20140417_HBi_03_RAY_1203.JPG,0479_20140417_HBi_03_RAY_1203.JPG,.jpg,8820726,03,03,2014-04-17,70_79,70-79,,,loose_known,,03_21;03_22;03_23;03_26;03_28;03_29;03_30,03::0479_20140417_HBi_03_RAY,filename_trailing_number,medium,4896,3264,JPEG,readable,842bef5021b6e36914af4238955411a76a3ce69df7f59e9d29fd1d045a634bd7,unknown,pending,unreviewed,,
IMG_9ba2ea29ecbbafd6,70-79/0495_20140417_HBi_03_RAY_1231.JPG,0495_20140417_HBi_03_RAY_1231.JPG,.jpg,6934697,03,03,2014-04-17,70_79,70-79,,,loose_known,,03_21;03_22;03_23;03_26;03_28;03_29;03_30,03::0495_20140417_HBi_03_RAY,filename_trailing_number,medium,4896,3264,JPEG,readable,23965a734fcfec8dafce5b7b01398b10b9325653a5d590a1ca1788414fe54c9b,unknown,pending,unreviewed,,
IMG_6d0bbc16533ee1a8,70-79/0500_20140417_HBi_03_RAY_1238.JPG,0500_20140417_HBi_03_RAY_1238.JPG,.jpg,6800526,03,03,2014-04-17,70_79,70-79,,,loose_known,,03_21;03_22;03_23;03_26;03_28;03_29;03_30,03::0500_20140417_HBi_03_RAY,filename_trailing_number,medium,4896,3264,JPEG,readable,0fc7b229622e7bdbc70ee150e6a13899967b944e5758f88b81e3c8e3448df22e,unknown,pending,unreviewed,,
IMG_1644e173c86a5aea,70-79/0501_20140417_HBi_03_RAY_1239.JPG,0501_20140417_HBi_03_RAY_1239.JPG,.jpg,7041475,03,03,2014-04-17,70_79,70-79,,,loose_known,,03_21;03_22;03_23;03_26;03_28;03_29;03_30,03::0501_20140417_HBi_03_RAY,filename_trailing_number,medium,4896,3264,JPEG,readable,23dbbe06a12498df60b951b840e12da4dea10c0575feb14a5218367a624570be,unknown,pending,unreviewed,,
IMG_8e5474ca58c9c9de,70-79/0507_20140417_HBi_03_RAY_1245.JPG,0507_20140417_HBi_03_RAY_1245.JPG,.jpg,5673157,03,03,2014-04-17,70_79,70-79,,,loose_known,,03_21;03_22;03_23;03_26;03_28;03_29;03_30,03::0507_20140417_HBi_03_RAY,filename_trailing_number,medium,4896,3264,JPEG,readable,68a3e96b6c47918895f72e7183a4d40774501383c9b18b8be2dc15c05e87a406,unknown,pending,unreviewed,,
IMG_eee72fbb9ed6c898,70-79/0508_20140417_HBi_03_RAY_1246.JPG,0508_20140417_HBi_03_RAY_1246.JPG,.jpg,5631830,03,03,2014-04-17,70_79,70-79,,,loose_known,,03_21;03_22;03_23;03_26;03_28;03_29;03_30,03::0508_20140417_HBi_03_RAY,filename_trailing_number,medium,4896,3264,JPEG,readable,2804eddb38830bf584d8ea2c860e3eeae349bcfe368bee780677dcc448a1ce09,unknown,pending,unreviewed,,
IMG_d5d328f6161545bb,70-79/0513_20140417_HBi_03_RAY_1251.JPG,0513_20140417_HBi_03_RAY_1251.JPG,.jpg,7230212,03,03,2014-04-17,70_79,70-79,,,loose_known,,03_21;03_22;03_23;03_26;03_28;03_29;03_30,03::0513_20140417_HBi_03_RAY,filename_trailing_number,medium,4896,3264,JPEG,readable,75341e4920321c68b2312fd7a8b860259c822e39f99f6a772bfb2356e18cead4,unknown,pending,unreviewed,,
IMG_00aa346b5755c014,70-79/0514_20140417_HBi_03_RAY_1252.JPG,0514_20140417_HBi_03_RAY_1252.JPG,.jpg,6848604,03,03,2014-04-17,70_79,70-79,,,loose_known,,03_21;03_22;03_23;03_26;03_28;03_29;03_30,03::0514_20140417_HBi_03_RAY,filename_trailing_number,medium,4896,3264,JPEG,readable,c17df5397f3b5c9cce6933add9aa9a29a396416b1086a7863a86926102a3db2a,unknown,pending,unreviewed,,
IMG_50a49316d3510fb4,70-79/0520_20140417_HBi_03_RAY_1260.JPG,0520_20140417_HBi_03_RAY_1260.JPG,.jpg,6321507,03,03,2014-04-17,70_79,70-79,,,loose_known,,03_21;03_22;03_23;03_26;03_28;03_29;03_30,03::0520_20140417_HBi_03_RAY,filename_trailing_number,medium,4896,3264,JPEG,readable,737b1ebc75667ec3361c8631546b202542867380dd36645890460813f2d928ff,unknown,pending,unreviewed,,
IMG_ab9c61016fe44508,70-79/0521_20140417_HBi_03_RAY_1262.JPG,0521_20140417_HBi_03_RAY_1262.JPG,.jpg,6505338,03,03,2014-04-17,70_79,70-79,,,loose_known,,03_21;03_22;03_23;03_26;03_28;03_29;03_30,03::0521_20140417_HBi_03_RAY,filename_trailing_number,medium,4896,3264,JPEG,readable,27454658144c7248e1847b0645f82d86b573a0fccad2abea50c8e891c5d93005,unknown,pending,unreviewed,,
IMG_05a140b3898f61a7,70-79/0526_20140417_HBi_03_RAY_1268.JPG,0526_20140417_HBi_03_RAY_1268.JPG,.jpg,7004117,03,03,2014-04-17,70_79,70-79,,,loose_known,,03_21;03_22;03_23;03_26;03_28;03_29;03_30,03::0526_20140417_HBi_03_RAY,filename_trailing_number,medium,4896,3264,JPEG,readable,d6677d9eba018b7b3db1f007efee82c338b2bf811acea1af68132884b39c81c2,unknown,pending,unreviewed,,
IMG_b508dde30f155b13,70-79/0530_20140417_HBi_03_RAY_1276.JPG,0530_20140417_HBi_03_RAY_1276.JPG,.jpg,6535137,03,03,2014-04-17,70_79,70-79,,,loose_known,,03_21;03_22;03_23;03_26;03_28;03_29;03_30,03::0530_20140417_HBi_03_RAY,filename_trailing_number,medium,4896,3264,JPEG,readable,8d960cf2c7825bd7fc499b640e30d41d140a7b68bac50ee7637f0c2e74bbedad,unknown,pending,unreviewed,,
IMG_a3aac8fb69f3c4e3,70-79/0532_20140417_HBi_03_RAY_1279.JPG,0532_20140417_HBi_03_RAY_1279.JPG,.jpg,6694474,03,03,2014-04-17,70_79,70-79,,,loose_known,,03_21;03_22;03_23;03_26;03_28;03_29;03_30,03::0532_20140417_HBi_03_RAY,filename_trailing_number,medium,4896,3264,JPEG,readable,cb7a6562f0de46554fa8a39f140ffca8eb51ecc2f46ab13b0813ad89b3533d9d,unknown,pending,unreviewed,,
IMG_5d8dd4d4c60ea701,70-79/0536_20140417_HBi_03_RAY_1300.JPG,0536_20140417_HBi_03_RAY_1300.JPG,.jpg,6425894,03,03,2014-04-17,70_79,70-79,,,loose_known,,03_21;03_22;03_23;03_26;03_28;03_29;03_30,03::0536_20140417_HBi_03_RAY,filename_trailing_number,medium,4896,3264,JPEG,readable,3655bea3fe8a4357dc317a1920609bd9b30bfeb5cefa7f85853499ad52d9a6a5,unknown,pending,unreviewed,,
IMG_790d6b70d4e962ab,70-79/0537_20140417_HBi_03_RAY_1301.JPG,0537_20140417_HBi_03_RAY_1301.JPG,.jpg,6443805,03,03,2014-04-17,70_79,70-79,,,loose_known,,03_21;03_22;03_23;03_26;03_28;03_29;03_30,03::0537_20140417_HBi_03_RAY,filename_trailing_number,medium,4896,3264,JPEG,readable,a625496de95e87b98cdf9c78537aaf028d5a6fb0658eafd2b626d8e906412517,unknown,pending,unreviewed,,
IMG_11d906242e84663a,70-79/0541_20140417_HBi_03_RAY_1306.JPG,0541_20140417_HBi_03_RAY_1306.JPG,.jpg,6805876,03,03,2014-04-17,70_79,70-79,,,loose_known,,03_21;03_22;03_23;03_26;03_28;03_29;03_30,03::0541_20140417_HBi_03_RAY,filename_trailing_number,medium,4896,3264,JPEG,readable,24fee816f8a96986e06f257a4cdd8a161ee65fb198a24c7d20a8a5aae037c0b6,unknown,pending,unreviewed,,
IMG_4c5297393cb9b46e,70-79/0542_20140417_HBi_03_RAY_1307.JPG,0542_20140417_HBi_03_RAY_1307.JPG,.jpg,6428864,03,03,2014-04-17,70_79,70-79,,,loose_known,,03_21;03_22;03_23;03_26;03_28;03_29;03_30,03::0542_20140417_HBi_03_RAY,filename_trailing_number,medium,4896,3264,JPEG,readable,e566b10ca20761da2024986b484e7c5098a5ff7df38b5aa0cceb344fc1ca19a9,unknown,pending,unreviewed,,
IMG_f47da1491476fc17,70-79/0543_20140417_HBi_03_RAY_1308.JPG,0543_20140417_HBi_03_RAY_1308.JPG,.jpg,6439339,03,03,2014-04-17,70_79,70-79,,,loose_known,,03_21;03_22;03_23;03_26;03_28;03_29;03_30,03::0543_20140417_HBi_03_RAY,filename_trailing_number,medium,4896,3264,JPEG,readable,481ce1560fc064a996405030ece21bdf1644131b26695ce89a4996da108ba19e,unknown,pending,unreviewed,,
IMG_a39ffc7a36dcd46a,70-79/0554_20140417_HBi_03_RAY_1329.JPG,0554_20140417_HBi_03_RAY_1329.JPG,.jpg,5826173,03,03,2014-04-17,70_79,70-79,,,loose_known,,03_21;03_22;03_23;03_26;03_28;03_29;03_30,03::0554_20140417_HBi_03_RAY,filename_trailing_number,medium,4896,3264,JPEG,readable,9f007800ab28515d3a69a3c36e4218d488b0feff2b07084608194209f25b95ef,unknown,pending,unreviewed,,
IMG_046691b634c118f9,70-79/0555_20140417_HBi_03_RAY_1330.JPG,0555_20140417_HBi_03_RAY_1330.JPG,.jpg,5654386,03,03,2014-04-17,70_79,70-79,,,loose_known,,03_21;03_22;03_23;03_26;03_28;03_29;03_30,03::0555_20140417_HBi_03_RAY,filename_trailing_number,medium,4896,3264,JPEG,readable,d5cb478fd26613d77e8967c52ea5ee6cce02ae3334e0ec988d0944d52b98792d,unknown,pending,unreviewed,,
IMG_fe3c6591532b3943,70-79/0556_20140417_HBi_03_RAY_1331.JPG,0556_20140417_HBi_03_RAY_1331.JPG,.jpg,5641602,03,03,2014-04-17,70_79,70-79,,,loose_known,,03_21;03_22;03_23;03_26;03_28;03_29;03_30,03::0556_20140417_HBi_03_RAY,filename_trailing_number,medium,4896,3264,JPEG,readable,512bdd2b97d3872062974a8753e60ca4603cf82828a4a9a8e9a819338a3e1c69,unknown,pending,unreviewed,,
IMG_79e3f0ddf9e730f3,70-79/0560_20140417_HBi_03_RAY_1342.JPG,0560_20140417_HBi_03_RAY_1342.JPG,.jpg,7344284,03,03,2014-04-17,70_79,70-79,,,loose_known,,03_21;03_22;03_23;03_26;03_28;03_29;03_30,03::0560_20140417_HBi_03_RAY,filename_trailing_number,medium,4896,3264,JPEG,readable,a86bc7fde6a3b23ff20bcd9fceef05cf7d3c653a45ea30187f4df719753f06f0,unknown,pending,unreviewed,,
IMG_c434e01f74dd933b,70-79/0561_20140417_HBi_03_RAY_1343.JPG,0561_20140417_HBi_03_RAY_1343.JPG,.jpg,6308147,03,03,2014-04-17,70_79,70-79,,,loose_known,,03_21;03_22;03_23;03_26;03_28;03_29;03_30,03::0561_20140417_HBi_03_RAY,filename_trailing_number,medium,4896,3264,JPEG,readable,3f8a2208285afe4fa5ac98394f220d1b79298d73b67722cdc246af327fe08786,unknown,pending,unreviewed,,
IMG_512b6c1cb132c6f7,70-79/0562_20140417_HBi_03_RAY_1344.JPG,0562_20140417_HBi_03_RAY_1344.JPG,.jpg,6461058,03,03,2014-04-17,70_79,70-79,,,loose_known,,03_21;03_22;03_23;03_26;03_28;03_29;03_30,03::0562_20140417_HBi_03_RAY,filename_trailing_number,medium,4896,3264,JPEG,readable,cd2c021f4a05a7b26f575568cad452d2fe1a6bae2625765c33c448781ee3984d,unknown,pending,unreviewed,,
IMG_8c765d8f21354fc1,70-79/0569_20140417_HBi_03_RAY_1356.JPG,0569_20140417_HBi_03_RAY_1356.JPG,.jpg,6376450,03,03,2014-04-17,70_79,70-79,,,loose_known,,03_21;03_22;03_23;03_26;03_28;03_29;03_30,03::0569_20140417_HBi_03_RAY,filename_trailing_number,medium,4896,3264,JPEG,readable,02bef8aa624d05706d8e7a3ab9fb7d8d17d109679be989d2fae4eec2324d48b4,unknown,pending,unreviewed,,
IMG_c29f5acfed2d0518,70-79/0570_20140417_HBi_03_RAY_1357.JPG,0570_20140417_HBi_03_RAY_1357.JPG,.jpg,6192172,03,03,2014-04-17,70_79,70-79,,,loose_known,,03_21;03_22;03_23;03_26;03_28;03_29;03_30,03::0570_20140417_HBi_03_RAY,filename_trailing_number,medium,4896,3264,JPEG,readable,b4a9c48bda73ec8fc354fe452f730271aaa097495b93e8655833c9ab53395bb9,unknown,pending,unreviewed,,
IMG_4bf2e3d773f7e7d7,70-79/0571_20140417_HBi_03_RAY_1358.JPG,0571_20140417_HBi_03_RAY_1358.JPG,.jpg,5843513,03,03,2014-04-17,70_79,70-79,,,loose_known,,03_21;03_22;03_23;03_26;03_28;03_29;03_30,03::0571_20140417_HBi_03_RAY,filename_trailing_number,medium,4896,3264,JPEG,readable,7c945b0d4b362f9a3bfb3b57b88c840d1c5353a9bc35536951d56e078c0737f1,unknown,pending,unreviewed,,
IMG_45a14ce1592796c1,70-79/0572_20140417_HBi_03_RAY_1359.JPG,0572_20140417_HBi_03_RAY_1359.JPG,.jpg,5981264,03,03,2014-04-17,70_79,70-79,,,loose_known,,03_21;03_22;03_23;03_26;03_28;03_29;03_30,03::0572_20140417_HBi_03_RAY,filename_trailing_number,medium,4896,3264,JPEG,readable,fb52f95b6d551140d46ba6ec564eba869d7da48dfada6f26675d57d638159216,unknown,pending,unreviewed,,
IMG_2a50cbaa54e91001,70-79/0575_20140417_HBi_03_RAY_1364.JPG,0575_20140417_HBi_03_RAY_1364.JPG,.jpg,5883668,03,03,2014-04-17,70_79,70-79,,,loose_known,,03_21;03_22;03_23;03_26;03_28;03_29;03_30,03::0575_20140417_HBi_03_RAY,filename_trailing_number,medium,4896,3264,JPEG,readable,4d13a085650005f3b51a3320b2e2c9df659d2709f13c201165957c4ca743b156,unknown,pending,unreviewed,,
IMG_3cb038df98b0f641,70-79/0576_20140417_HBi_03_RAY_1365.JPG,0576_20140417_HBi_03_RAY_1365.JPG,.jpg,8229305,03,03,2014-04-17,70_79,70-79,,,loose_known,,03_21;03_22;03_23;03_26;03_28;03_29;03_30,03::0576_20140417_HBi_03_RAY,filename_trailing_number,medium,4896,3264,JPEG,readable,033102c24528ae873d64fa71d0e17fd671afb4b424725950cdd2772876997cb3,unknown,pending,unreviewed,,
IMG_99009147cfeb752a,70-79/0598_20140417_HBi_03_RAY_1400.JPG,0598_20140417_HBi_03_RAY_1400.JPG,.jpg,5487690,03,03,2014-04-17,70_79,70-79,,,loose_known,,03_21;03_22;03_23;03_26;03_28;03_29;03_30,03::0598_20140417_HBi_03_RAY,filename_trailing_number,medium,4896,3264,JPEG,readable,8a92249cacba14d9fb9a2bd043284ac834090ec7e12f3720de7cc7b7472ec9b9,unknown,pending,unreviewed,,
IMG_6d8299b306221213,70-79/0602_20140417_HBi_03_RAY_1406.JPG,0602_20140417_HBi_03_RAY_1406.JPG,.jpg,5949904,03,03,2014-04-17,70_79,70-79,,,loose_known,,03_21;03_22;03_23;03_26;03_28;03_29;03_30,03::0602_20140417_HBi_03_RAY,filename_trailing_number,medium,4896,3264,JPEG,readable,9f09154f939e281ba93db6456fe9f314451cec5004d76719753ab8ba5b35a0a7,unknown,pending,unreviewed,,
IMG_ba7d767c8541a6b6,70-79/0612_20140417_HBi_03_RAY_1424.JPG,0612_20140417_HBi_03_RAY_1424.JPG,.jpg,5943462,03,03,2014-04-17,70_79,70-79,,,loose_known,,03_21;03_22;03_23;03_26;03_28;03_29;03_30,03::0612_20140417_HBi_03_RAY,filename_trailing_number,medium,4896,3264,JPEG,readable,ab9ac44dfc3f8b5deaba665a742562d8480c9958d3ad8634e0710522661116c0,unknown,pending,unreviewed,,
IMG_8f03aa5a4d15d1be,70-79/0621_20140417_HBi_03_RAY_1436.JPG,0621_20140417_HBi_03_RAY_1436.JPG,.jpg,5648047,03,03,2014-04-17,70_79,70-79,,,loose_known,,03_21;03_22;03_23;03_26;03_28;03_29;03_30,03::0621_20140417_HBi_03_RAY,filename_trailing_number,medium,4896,3264,JPEG,readable,ca0ca982a67dea68480244082842b9b70c895c016a55af26cd5bc6f4eec0b8db,unknown,pending,unreviewed,,
IMG_366be309092a2d94,70-79/0622_20140417_HBi_03_RAY_1437.JPG,0622_20140417_HBi_03_RAY_1437.JPG,.jpg,6853101,03,03,2014-04-17,70_79,70-79,,,loose_known,,03_21;03_22;03_23;03_26;03_28;03_29;03_30,03::0622_20140417_HBi_03_RAY,filename_trailing_number,medium,4896,3264,JPEG,readable,71c6ea6ca2b34b0ba7e6116e931f56f5ba38bd3953701005c5fbea4b7fb20a8b,unknown,pending,unreviewed,,
IMG_5a7986cc85811e59,70-79/0623_20140417_HBi_03_RAY_1438.JPG,0623_20140417_HBi_03_RAY_1438.JPG,.jpg,6896535,03,03,2014-04-17,70_79,70-79,,,loose_known,,03_21;03_22;03_23;03_26;03_28;03_29;03_30,03::0623_20140417_HBi_03_RAY,filename_trailing_number,medium,4896,3264,JPEG,readable,bdbccef35240b193007b6af8af8fede996f567d77c5099df71155ab5ef485aa5,unknown,pending,unreviewed,,
IMG_1f30db96d135e053,70-79/0624_20140417_HBi_03_RAY_1439.JPG,0624_20140417_HBi_03_RAY_1439.JPG,.jpg,6436198,03,03,2014-04-17,70_79,70-79,,,loose_known,,03_21;03_22;03_23;03_26;03_28;03_29;03_30,03::0624_20140417_HBi_03_RAY,filename_trailing_number,medium,4896,3264,JPEG,readable,37a527ce3f174c894b770d8c06c774f00dd96bc91ab57b5493d1ea85bf4fbeb5,unknown,pending,unreviewed,,
IMG_17bf32b84cce5414,70-79/0627_20140417_HBi_03_RAY_1443.JPG,0627_20140417_HBi_03_RAY_1443.JPG,.jpg,6401507,03,03,2014-04-17,70_79,70-79,,,loose_known,,03_21;03_22;03_23;03_26;03_28;03_29;03_30,03::0627_20140417_HBi_03_RAY,filename_trailing_number,medium,4896,3264,JPEG,readable,53c105fc8db3d60b0e611630649959d039fd32c29d23e133b2e6b91bfeba0acc,unknown,pending,unreviewed,,
IMG_ba7e202b5fdb2bd3,70-79/0629_20140417_HBi_03_RAY_1448.JPG,0629_20140417_HBi_03_RAY_1448.JPG,.jpg,6454087,03,03,2014-04-17,70_79,70-79,,,loose_known,,03_21;03_22;03_23;03_26;03_28;03_29;03_30,03::0629_20140417_HBi_03_RAY,filename_trailing_number,medium,4896,3264,JPEG,readable,b8a4acc95fa140152e68396654c4421b7114f0ca521026f0e291d9f392e06d58,unknown,pending,unreviewed,,
IMG_ff68675e55952cba,70-79/0630_20140417_HBi_03_RAY_1451.JPG,0630_20140417_HBi_03_RAY_1451.JPG,.jpg,6802818,03,03,2014-04-17,70_79,70-79,,,loose_known,,03_21;03_22;03_23;03_26;03_28;03_29;03_30,03::0630_20140417_HBi_03_RAY,filename_trailing_number,medium,4896,3264,JPEG,readable,e1e04b2ca7e4e30458a4117e6b2710f0f373075e7355a4bb716f547b0ede72f7,unknown,pending,unreviewed,,
IMG_71ac9ba43841298a,70-79/0648_20140417_HBi_03_RAY_1486.JPG,0648_20140417_HBi_03_RAY_1486.JPG,.jpg,5776383,03,03,2014-04-17,70_79,70-79,,,loose_known,,03_21;03_22;03_23;03_26;03_28;03_29;03_30,03::0648_20140417_HBi_03_RAY,filename_trailing_number,medium,4896,3264,JPEG,readable,a856a957e296879b71dc5ebb7b0cacdb18cad5a7a920f7176ec3311ee86f4aa0,unknown,pending,unreviewed,,
IMG_d0c72404d1934277,70-79/0651_20140417_HBi_03_RAY_1489.JPG,0651_20140417_HBi_03_RAY_1489.JPG,.jpg,5420870,03,03,2014-04-17,70_79,70-79,,,loose_known,,03_21;03_22;03_23;03_26;03_28;03_29;03_30,03::0651_20140417_HBi_03_RAY,filename_trailing_number,medium,4896,3264,JPEG,readable,ef8e4f1939e198e34bfe7876a6db394c826aa318696a63e6a01a2e3b24cabf02,unknown,pending,unreviewed,,
IMG_7d0657b4c24b8e7f,70-79/0654_20140417_HBi_03_RAY_1498.JPG,0654_20140417_HBi_03_RAY_1498.JPG,.jpg,5951524,03,03,2014-04-17,70_79,70-79,,,loose_known,,03_21;03_22;03_23;03_26;03_28;03_29;03_30,03::0654_20140417_HBi_03_RAY,filename_trailing_number,medium,4896,3264,JPEG,readable,5ec0e95356a04788c56fb099ff6e1617b7239d852d0d985bdf368ff90dfa717b,unknown,pending,unreviewed,,
IMG_7d1f7067d4ffb6cd,70-79/0656_20140417_HBi_03_RAY_1501.JPG,0656_20140417_HBi_03_RAY_1501.JPG,.jpg,6302994,03,03,2014-04-17,70_79,70-79,,,loose_known,,03_21;03_22;03_23;03_26;03_28;03_29;03_30,03::0656_20140417_HBi_03_RAY,filename_trailing_number,medium,4896,3264,JPEG,readable,32e2692e3b92b2f420c98d9f10d194b90d4377f68943d4d15799c09a57ca3bf9,unknown,pending,unreviewed,,
IMG_575f3a62fc1c8a98,70-79/0704_20140417_HBi_03_RAY_1648.JPG,0704_20140417_HBi_03_RAY_1648.JPG,.jpg,6882164,03,03,2014-04-17,70_79,70-79,,,loose_known,,03_21;03_22;03_23;03_26;03_28;03_29;03_30,03::0704_20140417_HBi_03_RAY,filename_trailing_number,medium,4896,3264,JPEG,readable,5aad0ea1e7120e0d0aec050bfb372502b049d75fc3d854ae082beca10a1aee7f,unknown,pending,unreviewed,,
IMG_164cbf93c80a224e,70-79/0706_20140417_HBi_03_RAY_1651.JPG,0706_20140417_HBi_03_RAY_1651.JPG,.jpg,6937995,03,03,2014-04-17,70_79,70-79,,,loose_known,,03_21;03_22;03_23;03_26;03_28;03_29;03_30,03::0706_20140417_HBi_03_RAY,filename_trailing_number,medium,4896,3264,JPEG,readable,2375006477851778087a2e4145c0d4526bfa987b87236406f8d407f368dacc11,unknown,pending,unreviewed,,
IMG_f860520b4e320df2,70-79/0709_20140417_HBi_03_RAY_1655.JPG,0709_20140417_HBi_03_RAY_1655.JPG,.jpg,7201205,03,03,2014-04-17,70_79,70-79,,,loose_known,,03_21;03_22;03_23;03_26;03_28;03_29;03_30,03::0709_20140417_HBi_03_RAY,filename_trailing_number,medium,4896,3264,JPEG,readable,fdb1124bcf2af771a753e31502d7816bd6fbf4833a0027ba7f801a0d75f7fa4a,unknown,pending,unreviewed,,
IMG_75a91ebdbf34de16,70-79/0710_20140417_HBi_03_RAY_1656.JPG,0710_20140417_HBi_03_RAY_1656.JPG,.jpg,7194578,03,03,2014-04-17,70_79,70-79,,,loose_known,,03_21;03_22;03_23;03_26;03_28;03_29;03_30,03::0710_20140417_HBi_03_RAY,filename_trailing_number,medium,4896,3264,JPEG,readable,97dd16375b4ce47a65c2209edccfaade7149fb84b968269354b9340058ca6599,unknown,pending,unreviewed,,
IMG_b2b237a36b5aaa76,70-79/0721_20140417_HBi_03_RAY_1669.JPG,0721_20140417_HBi_03_RAY_1669.JPG,.jpg,6785129,03,03,2014-04-17,70_79,70-79,,,loose_known,,03_21;03_22;03_23;03_26;03_28;03_29;03_30,03::0721_20140417_HBi_03_RAY,filename_trailing_number,medium,4896,3264,JPEG,readable,06f8bda7cbd196596e37ae7d35aea92d949d003c51deba297553da0cec30705c,unknown,pending,unreviewed,,
IMG_cc44fcf398307c07,70-79/0729_20140417_HBi_03_RAY_1677.JPG,0729_20140417_HBi_03_RAY_1677.JPG,.jpg,6075587,03,03,2014-04-17,70_79,70-79,,,loose_known,,03_21;03_22;03_23;03_26;03_28;03_29;03_30,03::0729_20140417_HBi_03_RAY,filename_trailing_number,medium,4896,3264,JPEG,readable,092df50cf37fdd14042e0b0ac8ba85d57080867c379b3fa3ffb0b585322a6613,unknown,pending,unreviewed,,
IMG_03e73978c624c9c0,70-79/0763_20140417_HBi_03_RAY_1736.JPG,0763_20140417_HBi_03_RAY_1736.JPG,.jpg,6206917,03,03,2014-04-17,70_79,70-79,,,loose_known,,03_21;03_22;03_23;03_26;03_28;03_29;03_30,03::0763_20140417_HBi_03_RAY,filename_trailing_number,medium,4896,3264,JPEG,readable,a237615871b697689da89ca32b008a9ac2dc267e2e4d0f3d1f41aa74da089736,unknown,pending,unreviewed,,
IMG_06e10ac1fb86886b,70-79/0764_20140417_HBi_03_RAY_1738.JPG,0764_20140417_HBi_03_RAY_1738.JPG,.jpg,8458953,03,03,2014-04-17,70_79,70-79,,,loose_known,,03_21;03_22;03_23;03_26;03_28;03_29;03_30,03::0764_20140417_HBi_03_RAY,filename_trailing_number,medium,4896,3264,JPEG,readable,e255c26ae0bd72006060cd3820576365677b09f471eee6da45648c3b6a25dc01,unknown,pending,unreviewed,,
IMG_cd0fe3ea292e90bb,70-79/0767_20140417_HBi_03_RAY_1747.JPG,0767_20140417_HBi_03_RAY_1747.JPG,.jpg,5646377,03,03,2014-04-17,70_79,70-79,,,loose_known,,03_21;03_22;03_23;03_26;03_28;03_29;03_30,03::0767_20140417_HBi_03_RAY,filename_trailing_number,medium,4896,3264,JPEG,readable,4c9fe4349c63c94358c6eb4bc234b29fbe7e67918102362f83c56ec9d4965c3a,unknown,pending,unreviewed,,
IMG_5f3a567c4118166f,70-79/0768_20140417_HBi_03_RAY_1749.JPG,0768_20140417_HBi_03_RAY_1749.JPG,.jpg,5619730,03,03,2014-04-17,70_79,70-79,,,loose_known,,03_21;03_22;03_23;03_26;03_28;03_29;03_30,03::0768_20140417_HBi_03_RAY,filename_trailing_number,medium,4896,3264,JPEG,readable,e9303d5bde903f1e068e2d6075e0f9d583cbcf4619369555e4eef068de735344,unknown,pending,unreviewed,,
IMG_5d56b11d4080a9ab,70-79/0769_20140417_HBi_03_RAY_1750.JPG,0769_20140417_HBi_03_RAY_1750.JPG,.jpg,5747079,03,03,2014-04-17,70_79,70-79,,,loose_known,,03_21;03_22;03_23;03_26;03_28;03_29;03_30,03::0769_20140417_HBi_03_RAY,filename_trailing_number,medium,4896,3264,JPEG,readable,556c1e4715ec0c6ecd837285bbc453b03f3585b2e51633fd6a1f9f9e5742fe8a,unknown,pending,unreviewed,,
IMG_5265bd2b5f65c9e1,70-79/0774_20140417_HBi_03_RAY_1763.JPG,0774_20140417_HBi_03_RAY_1763.JPG,.jpg,6188866,03,03,2014-04-17,70_79,70-79,,,loose_known,,03_21;03_22;03_23;03_26;03_28;03_29;03_30,03::0774_20140417_HBi_03_RAY,filename_trailing_number,medium,4896,3264,JPEG,readable,632df758f0e491af2d16f767bafbc9a2ce18c969a1f51eb87e6f4786c098c786,unknown,pending,unreviewed,,
IMG_f4392a818dc22818,70-79/0797_20140417_HBi_03_RAY_1810.JPG,0797_20140417_HBi_03_RAY_1810.JPG,.jpg,6371803,03,03,2014-04-17,70_79,70-79,,,loose_known,,03_21;03_22;03_23;03_26;03_28;03_29;03_30,03::0797_20140417_HBi_03_RAY,filename_trailing_number,medium,4896,3264,JPEG,readable,9a76ad0096407ea3a9e309ab119cdbf0aa0237b042680da4770516e1559231ee,unknown,pending,unreviewed,,
IMG_0acba24e65b76714,70-79/0799_20140417_HBi_03_RAY_1812.JPG,0799_20140417_HBi_03_RAY_1812.JPG,.jpg,6417424,03,03,2014-04-17,70_79,70-79,,,loose_known,,03_21;03_22;03_23;03_26;03_28;03_29;03_30,03::0799_20140417_HBi_03_RAY,filename_trailing_number,medium,4896,3264,JPEG,readable,1de5ea544bbda08c9d3937a491fb5ee57bf09f0c4476409c3ceda359335cadd0,unknown,pending,unreviewed,,
IMG_b7b0c19504308357,70-79/0809_20140417_HBi_03_RAY_1827.JPG,0809_20140417_HBi_03_RAY_1827.JPG,.jpg,5632795,03,03,2014-04-17,70_79,70-79,,,loose_known,,03_21;03_22;03_23;03_26;03_28;03_29;03_30,03::0809_20140417_HBi_03_RAY,filename_trailing_number,medium,4896,3264,JPEG,readable,cbe9ffc9eb2fd38e43dc8a7e986a0043d874d2a27949763e65289cfac4957820,unknown,pending,unreviewed,,
IMG_28e2fb05225554f4,70-79/0810_20140417_HBi_03_RAY_1828.JPG,0810_20140417_HBi_03_RAY_1828.JPG,.jpg,5683237,03,03,2014-04-17,70_79,70-79,,,loose_known,,03_21;03_22;03_23;03_26;03_28;03_29;03_30,03::0810_20140417_HBi_03_RAY,filename_trailing_number,medium,4896,3264,JPEG,readable,b5cb28b9fdba54a4046bd73e099bc6d00f7fa95e7e331954cdd5740f8002c35c,unknown,pending,unreviewed,,
IMG_ef20db1b31be70e2,70-79/0812_20140417_HBi_03_RAY_1831.JPG,0812_20140417_HBi_03_RAY_1831.JPG,.jpg,5458849,03,03,2014-04-17,70_79,70-79,,,loose_known,,03_21;03_22;03_23;03_26;03_28;03_29;03_30,03::0812_20140417_HBi_03_RAY,filename_trailing_number,medium,4896,3264,JPEG,readable,b7b054ef7adda63d34821742047451c3c70cbb9f43e0f053fb2c283f6c8042fe,unknown,pending,unreviewed,,
IMG_e5dfb7042f13cb9c,70-79/0816_20140417_HBi_03_RAY_1835.JPG,0816_20140417_HBi_03_RAY_1835.JPG,.jpg,5355293,03,03,2014-04-17,70_79,70-79,,,loose_known,,03_21;03_22;03_23;03_26;03_28;03_29;03_30,03::0816_20140417_HBi_03_RAY,filename_trailing_number,medium,4896,3264,JPEG,readable,fe2e79d2f9d129d6d1dae4b308e1441953cc8c8a4a69fe6de5982a3fded82ae7,unknown,pending,unreviewed,,
IMG_2aa181adffd78ec4,70-79/0822_20140417_HBi_03_RAY_1854.JPG,0822_20140417_HBi_03_RAY_1854.JPG,.jpg,5778961,03,03,2014-04-17,70_79,70-79,,,loose_known,,03_21;03_22;03_23;03_26;03_28;03_29;03_30,03::0822_20140417_HBi_03_RAY,filename_trailing_number,medium,4896,3264,JPEG,readable,289df8ff94ffa5d43d222fac0a62e56bfb65e9077b1db9dcb599adfc4de9b4be,unknown,pending,unreviewed,,
IMG_a36e59b7f779d2e7,70-79/0823_20140417_HBi_03_RAY_1855.JPG,0823_20140417_HBi_03_RAY_1855.JPG,.jpg,5907337,03,03,2014-04-17,70_79,70-79,,,loose_known,,03_21;03_22;03_23;03_26;03_28;03_29;03_30,03::0823_20140417_HBi_03_RAY,filename_trailing_number,medium,4896,3264,JPEG,readable,bedc379d8654e020ad351be70396f69dfe2eb98cb6f355334539d3cc067e4132,unknown,pending,unreviewed,,
IMG_65dd7a3c58c2618e,70-79/0835_20140417_HBi_03_RAY_1869.JPG,0835_20140417_HBi_03_RAY_1869.JPG,.jpg,6386616,03,03,2014-04-17,70_79,70-79,,,loose_known,,03_21;03_22;03_23;03_26;03_28;03_29;03_30,03::0835_20140417_HBi_03_RAY,filename_trailing_number,medium,4896,3264,JPEG,readable,9139456109638c7c21969154c795f8b15b5aa02c5b80af9287a3634e52b8de05,unknown,pending,unreviewed,,
IMG_1d78b6b04d5c0d1c,70-79/0836_20140417_HBi_03_RAY_1870.JPG,0836_20140417_HBi_03_RAY_1870.JPG,.jpg,6471990,03,03,2014-04-17,70_79,70-79,,,loose_known,,03_21;03_22;03_23;03_26;03_28;03_29;03_30,03::0836_20140417_HBi_03_RAY,filename_trailing_number,medium,4896,3264,JPEG,readable,d3b9802f9ca662691fcffe8089dc4ef227a6007e28d2a588bfb7e8fde56b75f8,unknown,pending,unreviewed,,
IMG_75f5008797014e7d,70-79/0851_20140417_HBi_03_RAY_1898.JPG,0851_20140417_HBi_03_RAY_1898.JPG,.jpg,5353901,03,03,2014-04-17,70_79,70-79,,,loose_known,,03_21;03_22;03_23;03_26;03_28;03_29;03_30,03::0851_20140417_HBi_03_RAY,filename_trailing_number,medium,4896,3264,JPEG,readable,952612d539bb66f03ddccc758bc858e76928b5c8364521fcbf7b0a36e9f0c460,unknown,pending,unreviewed,,
IMG_1d7566f01065e9b6,70-79/0852_20140417_HBi_03_RAY_1899.JPG,0852_20140417_HBi_03_RAY_1899.JPG,.jpg,5332940,03,03,2014-04-17,70_79,70-79,,,loose_known,,03_21;03_22;03_23;03_26;03_28;03_29;03_30,03::0852_20140417_HBi_03_RAY,filename_trailing_number,medium,4896,3264,JPEG,readable,fc280b9c02707f173cb7c55a9a5a537f43bc2b383f5785b59f5d6f599f7bffb6,unknown,pending,unreviewed,,
IMG_bd13d0f9777f0e45,70-79/0853_20140417_HBi_03_RAY_1900.JPG,0853_20140417_HBi_03_RAY_1900.JPG,.jpg,5429766,03,03,2014-04-17,70_79,70-79,,,loose_known,,03_21;03_22;03_23;03_26;03_28;03_29;03_30,03::0853_20140417_HBi_03_RAY,filename_trailing_number,medium,4896,3264,JPEG,readable,37be5d74539d363d42abf0af98e87e7507820862dc43d2d3678ec9d7fc582dd8,unknown,pending,unreviewed,,
IMG_9d97ff2c1edcb509,70-79/0888_20140417_HBi_03_RAY_1956.JPG,0888_20140417_HBi_03_RAY_1956.JPG,.jpg,5441814,03,03,2014-04-17,70_79,70-79,,,loose_known,,03_21;03_22;03_23;03_26;03_28;03_29;03_30,03::0888_20140417_HBi_03_RAY,filename_trailing_number,medium,4896,3264,JPEG,readable,eca5d623e75218b40c44a1a36233e58eeee4759d4fb00d7bc4d82af9bf929254,unknown,pending,unreviewed,,
IMG_90362c6bc9e02171,70-79/0889_20140417_HBi_03_RAY_1957.JPG,0889_20140417_HBi_03_RAY_1957.JPG,.jpg,5478085,03,03,2014-04-17,70_79,70-79,,,loose_known,,03_21;03_22;03_23;03_26;03_28;03_29;03_30,03::0889_20140417_HBi_03_RAY,filename_trailing_number,medium,4896,3264,JPEG,readable,eda9af3fa06c2e1aee6923aedca6a74f6f5f1805eee61f1bff8970339934977e,unknown,pending,unreviewed,,
IMG_a8685481c997462e,70-79/0892_20140417_HBi_03_RAY_1960.JPG,0892_20140417_HBi_03_RAY_1960.JPG,.jpg,6041447,03,03,2014-04-17,70_79,70-79,,,loose_known,,03_21;03_22;03_23;03_26;03_28;03_29;03_30,03::0892_20140417_HBi_03_RAY,filename_trailing_number,medium,4896,3264,JPEG,readable,7d90852b4baf361b084f3e4f47c1183196b0e395bbda98a14cff938a47adb806,unknown,pending,unreviewed,,
IMG_278543fb4222163a,70-79/0893_20140417_HBi_03_RAY_1961.JPG,0893_20140417_HBi_03_RAY_1961.JPG,.jpg,6080923,03,03,2014-04-17,70_79,70-79,,,loose_known,,03_21;03_22;03_23;03_26;03_28;03_29;03_30,03::0893_20140417_HBi_03_RAY,filename_trailing_number,medium,4896,3264,JPEG,readable,b498ff8f81f0d0de18094f9379a83e685ca73a22b29ac8a36b91890a7e3a333e,unknown,pending,unreviewed,,
IMG_74efeaeae7e7c49b,70-79/0894_20140417_HBi_03_RAY_1962.JPG,0894_20140417_HBi_03_RAY_1962.JPG,.jpg,5649525,03,03,2014-04-17,70_79,70-79,,,loose_known,,03_21;03_22;03_23;03_26;03_28;03_29;03_30,03::0894_20140417_HBi_03_RAY,filename_trailing_number,medium,4896,3264,JPEG,readable,29fb8195805e865ae42495e27dff214f2ddb49d12f8b5d986f58c8adb7a87141,unknown,pending,unreviewed,,
IMG_4581f25a8e3462b0,70-79/0899_20140417_HBi_03_RAY_1969.JPG,0899_20140417_HBi_03_RAY_1969.JPG,.jpg,5692951,03,03,2014-04-17,70_79,70-79,,,loose_known,,03_21;03_22;03_23;03_26;03_28;03_29;03_30,03::0899_20140417_HBi_03_RAY,filename_trailing_number,medium,4896,3264,JPEG,readable,ded3ac7c0d980a26b2cc8463fedddedb501935cdc8b16fd023f38b72648909d5,unknown,pending,unreviewed,,
IMG_9b537b5cd55adc7e,70-79/0900_20140417_HBi_03_RAY_1970.JPG,0900_20140417_HBi_03_RAY_1970.JPG,.jpg,5518820,03,03,2014-04-17,70_79,70-79,,,loose_known,,03_21;03_22;03_23;03_26;03_28;03_29;03_30,03::0900_20140417_HBi_03_RAY,filename_trailing_number,medium,4896,3264,JPEG,readable,5294364b2cbd98baee458f8e146e149f9d59456af3276af5fdf2e593b5ce4d25,unknown,pending,unreviewed,,
IMG_c618e7d7b46b8bc1,70-79/0901_20140417_HBi_03_RAY_1971.JPG,0901_20140417_HBi_03_RAY_1971.JPG,.jpg,5113727,03,03,2014-04-17,70_79,70-79,,,loose_known,,03_21;03_22;03_23;03_26;03_28;03_29;03_30,03::0901_20140417_HBi_03_RAY,filename_trailing_number,medium,4896,3264,JPEG,readable,4ea4bfd3005a89bf92ec61aeef38a2545961647a7df4a9507da977e8736621d5,unknown,pending,unreviewed,,
IMG_21849abd415a990c,70-79/21/0144_20140417_HBi_03_RAY_0631.JPG,0144_20140417_HBi_03_RAY_0631.JPG,.jpg,269160,03,03,2014-04-17,70_79,21,21,03_21,labeled,,,03::0144_20140417_HBi_03_RAY,filename_trailing_number,medium,997,398,JPEG,readable,fef485437e70464dbe011ab05d506b929abd42d02ef6af9c0078210ac3ddd284,unknown,pending,unreviewed,,
IMG_2b06f0167eb7b587,70-79/21/0157_20140417_HBi_03_RAY_0653.JPG,0157_20140417_HBi_03_RAY_0653.JPG,.jpg,6001376,03,03,2014-04-17,70_79,21,21,03_21,labeled,,,03::0157_20140417_HBi_03_RAY,filename_trailing_number,medium,4896,3264,JPEG,readable,56a053191308a9d9687812d39e3ce2a1a8d27588dabe67786454aaab6ba0163b,unknown,pending,unreviewed,,
IMG_8037c1a834d995e4,70-79/21/0181_20140417_HBi_03_RAY_0690.JPG,0181_20140417_HBi_03_RAY_0690.JPG,.jpg,282286,03,03,2014-04-17,70_79,21,21,03_21,labeled,,,03::0181_20140417_HBi_03_RAY,filename_trailing_number,medium,895,454,JPEG,readable,ed14375946014a0a6415ae047a3404058a523c6d65db735e782fc51d13479ca1,unknown,pending,unreviewed,,
IMG_caa2f160f554a749,70-79/22/0164_20140417_HBi_03_RAY_0665.JPG,0164_20140417_HBi_03_RAY_0665.JPG,.jpg,429476,03,03,2014-04-17,70_79,22,22,03_22,labeled,,,03::0164_20140417_HBi_03_RAY,filename_trailing_number,medium,1212,525,JPEG,readable,cdb1423a9113926efa82096a82b5356680dcfb4449b901ea089b1b274014e4f4,unknown,pending,unreviewed,,
IMG_fa230d075481bb76,70-79/23/0504_20140417_HBi_03_RAY_1242.JPG,0504_20140417_HBi_03_RAY_1242.JPG,.jpg,675673,03,03,2014-04-17,70_79,23,23,03_23,labeled,,,03::0504_20140417_HBi_03_RAY,filename_trailing_number,medium,1555,635,JPEG,readable,58f5f8f074ed91faed3397b31269a567b719732d53d208aa5f400637cf370c79,unknown,pending,unreviewed,,
IMG_796f42e08ecf0865,70-79/23/0798_20140417_HBi_03_RAY_1811.JPG,0798_20140417_HBi_03_RAY_1811.JPG,.jpg,1055708,03,03,2014-04-17,70_79,23,23,03_23,labeled,,,03::0798_20140417_HBi_03_RAY,filename_trailing_number,medium,2343,693,JPEG,readable,1371c677d023ebad8ec807c9efbb35e64f7b5d3b097309603597ede9767f771a,unknown,pending,unreviewed,,
IMG_37548991b9872187,70-79/26/0146_20140417_HBi_03_RAY_2025.JPG,0146_20140417_HBi_03_RAY_2025.JPG,.jpg,2655854,03,03,2014-04-17,70_79,26,26,03_26,labeled,,,03::0146_20140417_HBi_03_RAY,filename_trailing_number,medium,3447,1587,JPEG,readable,a5dad8899704b8f152bcf2776bd4b6a692457962c4be8abcef4180798b2e5682,unknown,pending,unreviewed,,
IMG_bc4453d9ee311912,70-79/26/0147_20140417_HBi_03_RAY_2026.JPG,0147_20140417_HBi_03_RAY_2026.JPG,.jpg,1964579,03,03,2014-04-17,70_79,26,26,03_26,labeled,,,03::0147_20140417_HBi_03_RAY,filename_trailing_number,medium,2779,1470,JPEG,readable,1aaec7fd41631d49c5cfb5d01efa34a14b9f852a1f2616a973ccfa6cb50da71d,unknown,pending,unreviewed,,
IMG_34d871e8dadbe89a,70-79/28/0162_20140417_HBi_03_RAY_2090.JPG,0162_20140417_HBi_03_RAY_2090.JPG,.jpg,1708694,03,03,2014-04-17,70_79,28,28,03_28,labeled,,,03::0162_20140417_HBi_03_RAY,filename_trailing_number,medium,2680,932,JPEG,readable,89b3a6280a43feb9b7aaff708ea6780076f134ef96617bcfc04ecc14a25ff78a,unknown,pending,unreviewed,,
IMG_7eb127fe209a0236,70-79/29/0164_20140417_HBi_03_RAY_2093.JPG,0164_20140417_HBi_03_RAY_2093.JPG,.jpg,382792,03,03,2014-04-17,70_79,29,29,03_29,labeled,,,03::0164_20140417_HBi_03_RAY,filename_trailing_number,medium,1147,487,JPEG,readable,ebad7c14289f22dd338440deff43b67c4dd1589024d04ba88a52386d59a227c6,unknown,pending,unreviewed,,
IMG_e1bac6b4486a6ebe,70-79/30/0165_20140417_HBi_03_RAY_2100.JPG,0165_20140417_HBi_03_RAY_2100.JPG,.jpg,398144,03,03,2014-04-17,70_79,30,30,03_30,labeled,,,03::0165_20140417_HBi_03_RAY,filename_trailing_number,medium,1389,422,JPEG,readable,7681e63aab590423aebe1c3e67aa726e4edccb10dffe827b7aa322e4af627fe9,unknown,pending,unreviewed,,
IMG_756e6442e70bbb4f,80 and above/01/0141_20140417_HBi_03_RAY_0684.JPG,0141_20140417_HBi_03_RAY_0684.JPG,.jpg,738005,03,03,2014-04-17,80_and_above,01,01,03_01,labeled,,,03::0141_20140417_HBi_03_RAY,filename_trailing_number,medium,1820,754,JPEG,readable,84f63f4790cd2284dde4563cbb89b8710d95c0feb7549f27da24234a8899f7b9,unknown,pending,unreviewed,,
IMG_a709803aa29ba81a,80 and above/01/0178_20140417_HBi_03_RAY_0685.JPG,0178_20140417_HBi_03_RAY_0685.JPG,.jpg,4873020,03,03,2014-04-17,80_and_above,01,01,03_01,labeled,,,03::0178_20140417_HBi_03_RAY,filename_trailing_number,medium,4896,3264,JPEG,readable,a03fdbcd0a709cf2a6e8f31c8d1f5ba3229e7f4db65c687a3c8635e0ff645a75,unknown,pending,unreviewed,,
IMG_e6c01595ce3ac10f,80 and above/02/0200_20140417_HBi_03_RAY_0726.JPG,0200_20140417_HBi_03_RAY_0726.JPG,.jpg,5746097,03,03,2014-04-17,80_and_above,02,02,03_02,labeled,,,03::0200_20140417_HBi_03_RAY,filename_trailing_number,medium,4896,3264,JPEG,readable,761227f9ffd0203a41db6b7989716fbbc766502b4c9ab41ffe14ae2d4ef024c7,unknown,pending,unreviewed,,
IMG_114077120d0a2d98,80 and above/02/0201_20140417_HBi_03_RAY_0728.JPG,0201_20140417_HBi_03_RAY_0728.JPG,.jpg,5510776,03,03,2014-04-17,80_and_above,02,02,03_02,labeled,,,03::0201_20140417_HBi_03_RAY,filename_trailing_number,medium,4896,3264,JPEG,readable,c92bceb9ae9bf80680cb16b7ef0114bb1b541ad9ae2b7d7b252c3e1cb42107da,unknown,pending,unreviewed,,
IMG_9e047d15e1fd2ddb,80 and above/02/0214_20140417_HBi_03_RAY_0763.JPG,0214_20140417_HBi_03_RAY_0763.JPG,.jpg,6433769,03,03,2014-04-17,80_and_above,02,02,03_02,labeled,,,03::0214_20140417_HBi_03_RAY,filename_trailing_number,medium,4896,3264,JPEG,readable,db12587f85ca906a0d33349ce8dee22082c32f4c5a2902a743f65376f66e379e,unknown,pending,unreviewed,,
IMG_dd178000d5df56dc,80 and above/02/0215_20140417_HBi_03_RAY_0764.JPG,0215_20140417_HBi_03_RAY_0764.JPG,.jpg,4279653,03,03,2014-04-17,80_and_above,02,02,03_02,labeled,,,03::0215_20140417_HBi_03_RAY,filename_trailing_number,medium,4242,1839,JPEG,readable,d07e098992ef66efc8b57efaa1027153f8477a86321636b88c5e7f68d850bfdb,unknown,pending,unreviewed,,
IMG_f6a06551b419c8d3,80 and above/02/0216_20140417_HBi_03_RAY_0765.JPG,0216_20140417_HBi_03_RAY_0765.JPG,.jpg,6582383,03,03,2014-04-17,80_and_above,02,02,03_02,labeled,,,03::0216_20140417_HBi_03_RAY,filename_trailing_number,medium,4896,3264,JPEG,readable,64b136b8242b86883c21fa3cc674fb93afe1e52193ac288f301b1aad8c99507a,unknown,pending,unreviewed,,
IMG_5171549ee9022d18,80 and above/02/0222_20140417_HBi_03_RAY_0778.JPG,0222_20140417_HBi_03_RAY_0778.JPG,.jpg,5204804,03,03,2014-04-17,80_and_above,02,02,03_02,labeled,,,03::0222_20140417_HBi_03_RAY,filename_trailing_number,medium,4896,3264,JPEG,readable,d6f97f29454be96e55a49ba8dfc8c351db9b40800e3cde490a95716304904fe5,unknown,pending,unreviewed,,
IMG_899eab175cf11e80,80 and above/02/0250_20140417_HBi_03_RAY_0830.JPG,0250_20140417_HBi_03_RAY_0830.JPG,.jpg,5290297,03,03,2014-04-17,80_and_above,02,02,03_02,labeled,,,03::0250_20140417_HBi_03_RAY,filename_trailing_number,medium,4896,3264,JPEG,readable,4e3f60507bcab295f2e5fff82bc3213f10c09837bacfb742d02bc32716e6cd3a,unknown,pending,unreviewed,,
IMG_93581bef499b37df,80 and above/02/0251_20140417_HBi_03_RAY_0831.JPG,0251_20140417_HBi_03_RAY_0831.JPG,.jpg,5252668,03,03,2014-04-17,80_and_above,02,02,03_02,labeled,,,03::0251_20140417_HBi_03_RAY,filename_trailing_number,medium,4896,3264,JPEG,readable,7f6426e19edca4713c61728589008435f9c4dc12310de489f0ecf4a4684d2ebb,unknown,pending,unreviewed,,
IMG_03193f6c99f32e8b,80 and above/02/0257_20140417_HBi_03_RAY_0849.JPG,0257_20140417_HBi_03_RAY_0849.JPG,.jpg,5040551,03,03,2014-04-17,80_and_above,02,02,03_02,labeled,,,03::0257_20140417_HBi_03_RAY,filename_trailing_number,medium,4896,3264,JPEG,readable,b1e70582495cb6771ddf0e924ca8c463c66f904206c45f591d3da769df3af9d4,unknown,pending,unreviewed,,
IMG_2ec9b729c3047f30,80 and above/02/0258_20140417_HBi_03_RAY_0850.JPG,0258_20140417_HBi_03_RAY_0850.JPG,.jpg,5146164,03,03,2014-04-17,80_and_above,02,02,03_02,labeled,,,03::0258_20140417_HBi_03_RAY,filename_trailing_number,medium,4896,3264,JPEG,readable,069ee6d580f853fd4a634b11fc45aca3c44da52d7f83cdc145b05bc81fc5f38d,unknown,pending,unreviewed,,
IMG_2615c5de94cf0ab6,80 and above/02/0259_20140417_HBi_03_RAY_0851.JPG,0259_20140417_HBi_03_RAY_0851.JPG,.jpg,5108433,03,03,2014-04-17,80_and_above,02,02,03_02,labeled,,,03::0259_20140417_HBi_03_RAY,filename_trailing_number,medium,4896,3264,JPEG,readable,7912fa2d13572924dc9b07d89a4e2459a3daf74ffbee867a74ca22e8e436df57,unknown,pending,unreviewed,,
IMG_f914119441e6fbfc,80 and above/02/0325_20140417_HBi_03_RAY_0936.JPG,0325_20140417_HBi_03_RAY_0936.JPG,.jpg,4858569,03,03,2014-04-17,80_and_above,02,02,03_02,labeled,,,03::0325_20140417_HBi_03_RAY,filename_trailing_number,medium,4896,3264,JPEG,readable,4db02d83ade6bc9375aaf39dc5159581f6faaf09a14eeb3e754b73720aa872b8,unknown,pending,unreviewed,,
IMG_6093a75e3e14d5df,80 and above/02/0489_20140417_HBi_03_RAY_1223.JPG,0489_20140417_HBi_03_RAY_1223.JPG,.jpg,6365113,03,03,2014-04-17,80_and_above,02,02,03_02,labeled,,,03::0489_20140417_HBi_03_RAY,filename_trailing_number,medium,4896,3264,JPEG,readable,4de6549da8192c11880e8c3332f5663e6d095aef8582151e4ef12464ce251eb7,unknown,pending,unreviewed,,
IMG_2d5a71d4a5613a7a,80 and above/02/0490_20140417_HBi_03_RAY_1224.JPG,0490_20140417_HBi_03_RAY_1224.JPG,.jpg,6404027,03,03,2014-04-17,80_and_above,02,02,03_02,labeled,,,03::0490_20140417_HBi_03_RAY,filename_trailing_number,medium,4896,3264,JPEG,readable,b2f9d3a10bab5440243731debbcb470cb0c5e1ffc67106cf9b5d309ec0b1ac08,unknown,pending,unreviewed,,
IMG_9935b9839e10b78b,80 and above/02/0497_20140417_HBi_03_RAY_1235.JPG,0497_20140417_HBi_03_RAY_1235.JPG,.jpg,6601727,03,03,2014-04-17,80_and_above,02,02,03_02,labeled,,,03::0497_20140417_HBi_03_RAY,filename_trailing_number,medium,4896,3264,JPEG,readable,862caff5b3d9a2dfcbe3a373da86a3ac62ca70522326a1376bfce9f7496a6be7,unknown,pending,unreviewed,,
IMG_a3430090c4ce7a3b,80 and above/02/0498_20140417_HBi_03_RAY_1236.JPG,0498_20140417_HBi_03_RAY_1236.JPG,.jpg,4036267,03,03,2014-04-17,80_and_above,02,02,03_02,labeled,,,03::0498_20140417_HBi_03_RAY,filename_trailing_number,medium,4444,1572,JPEG,readable,1d8cc8cb679a252f0a82b3b7ac0aefc5fa029f9fcc9035509a3b6d3c30d5238b,unknown,pending,unreviewed,,
IMG_959dea87d88a6be9,80 and above/02/0499_20140417_HBi_03_RAY_1237.JPG,0499_20140417_HBi_03_RAY_1237.JPG,.jpg,6822603,03,03,2014-04-17,80_and_above,02,02,03_02,labeled,,,03::0499_20140417_HBi_03_RAY,filename_trailing_number,medium,4896,3264,JPEG,readable,a823873c6a73b34b529bb0092e6150019b7aec242021c59066bb1f83e98a4461,unknown,pending,unreviewed,,
IMG_82a50ed5faf285df,80 and above/03/0157_20140417_HBi_03_RAY_2079.JPG,0157_20140417_HBi_03_RAY_2079.JPG,.jpg,6531464,03,03,2014-04-17,80_and_above,03,03,03_03,labeled,,,03::0157_20140417_HBi_03_RAY,filename_trailing_number,medium,4878,2737,JPEG,readable,aa5c2b2b5a8e85ba9f84f79f4b7398266ece9d9c7ed442c177a355d18e2cc7e8,unknown,pending,unreviewed,,
IMG_b4918b6dda4fbd89,80 and above/03/0206_20140417_HBi_03_RAY_0741.JPG,0206_20140417_HBi_03_RAY_0741.JPG,.jpg,5724086,03,03,2014-04-17,80_and_above,03,03,03_03,labeled,,,03::0206_20140417_HBi_03_RAY,filename_trailing_number,medium,4896,3264,JPEG,readable,4b09e9fbd6121a112dc2e39c5d7eeaee7172f50e281002928db22f605128e1d4,unknown,pending,unreviewed,,
IMG_c848237760038bbf,80 and above/03/0230_20140417_HBi_03_RAY_0796.JPG,0230_20140417_HBi_03_RAY_0796.JPG,.jpg,4893588,03,03,2014-04-17,80_and_above,03,03,03_03,labeled,,,03::0230_20140417_HBi_03_RAY,filename_trailing_number,medium,4896,3264,JPEG,readable,15d4bacc2549d0770604938ec24c6308965b31a41230718584f025d4edb82e62,unknown,pending,unreviewed,,
IMG_85a1df455dd25f66,80 and above/03/0240_20140417_HBi_03_RAY_0815.JPG,0240_20140417_HBi_03_RAY_0815.JPG,.jpg,5177393,03,03,2014-04-17,80_and_above,03,03,03_03,labeled,,,03::0240_20140417_HBi_03_RAY,filename_trailing_number,medium,4896,3264,JPEG,readable,ba1f016004e8b24177ab4d909a4140fd0a0ec54a0ecd9d941a61c71e668354c9,unknown,pending,unreviewed,,
IMG_aade277476cfab5c,80 and above/03/0241_20140417_HBi_03_RAY_0816.JPG,0241_20140417_HBi_03_RAY_0816.JPG,.jpg,5123981,03,03,2014-04-17,80_and_above,03,03,03_03,labeled,,,03::0241_20140417_HBi_03_RAY,filename_trailing_number,medium,4896,3264,JPEG,readable,d5d36e9b66b1b180416f29a61f5531de86b8579a8495a310778cfaeb51c47690,unknown,pending,unreviewed,,
IMG_1c67b02ae9b59108,80 and above/03/0242_20140417_HBi_03_RAY_0817.JPG,0242_20140417_HBi_03_RAY_0817.JPG,.jpg,4917723,03,03,2014-04-17,80_and_above,03,03,03_03,labeled,,,03::0242_20140417_HBi_03_RAY,filename_trailing_number,medium,4896,3264,JPEG,readable,3f7c28ea19f5b06e42ce7249982c2db0ecafaa4156eb292a509c2b6af1b64c33,unknown,pending,unreviewed,,
IMG_3d7bf72908e59499,80 and above/03/0246_20140417_HBi_03_RAY_0826.JPG,0246_20140417_HBi_03_RAY_0826.JPG,.jpg,5405579,03,03,2014-04-17,80_and_above,03,03,03_03,labeled,,,03::0246_20140417_HBi_03_RAY,filename_trailing_number,medium,4896,3264,JPEG,readable,619f6c5d86e80984461dc3353c97db10199547f9102477cafe055c8d4d7f3498,unknown,pending,unreviewed,,
IMG_5fc2f2b7ba500dab,80 and above/03/0247_20140417_HBi_03_RAY_0827.JPG,0247_20140417_HBi_03_RAY_0827.JPG,.jpg,5339888,03,03,2014-04-17,80_and_above,03,03,03_03,labeled,,,03::0247_20140417_HBi_03_RAY,filename_trailing_number,medium,4896,3264,JPEG,readable,8b11ae7fdbba3d6ad9b0f8396fd85e67757f0cce16a56c7969dfbd10819f1a15,unknown,pending,unreviewed,,
IMG_3c1c5ee868b49ff2,80 and above/03/0248_20140417_HBi_03_RAY_0828.JPG,0248_20140417_HBi_03_RAY_0828.JPG,.jpg,5180589,03,03,2014-04-17,80_and_above,03,03,03_03,labeled,,,03::0248_20140417_HBi_03_RAY,filename_trailing_number,medium,4896,3264,JPEG,readable,f6370f229a87ec262c41db69b7dd80bc1d733edc4f627d6f707b75a99c8c2e32,unknown,pending,unreviewed,,
IMG_59e35a6728f49f9b,80 and above/03/0260_20140417_HBi_03_RAY_0852.JPG,0260_20140417_HBi_03_RAY_0852.JPG,.jpg,5773389,03,03,2014-04-17,80_and_above,03,03,03_03,labeled,,,03::0260_20140417_HBi_03_RAY,filename_trailing_number,medium,4896,3264,JPEG,readable,0d5264b80712a85a85aab3287cb2806dd96f5c7645782c2e89f488a48fcad70d,unknown,pending,unreviewed,,
IMG_ed8f4661bbbe6d5c,80 and above/03/0261_20140417_HBi_03_RAY_0853.JPG,0261_20140417_HBi_03_RAY_0853.JPG,.jpg,5786848,03,03,2014-04-17,80_and_above,03,03,03_03,labeled,,,03::0261_20140417_HBi_03_RAY,filename_trailing_number,medium,4896,3264,JPEG,readable,b7166dc8ccc3a1f94addd7eca486d1f988fab9b86fd3c8c3b196169561f9e33e,unknown,pending,unreviewed,,
IMG_b741dc5a87e88d17,80 and above/03/0271_20140417_HBi_03_RAY_0866.JPG,0271_20140417_HBi_03_RAY_0866.JPG,.jpg,5529874,03,03,2014-04-17,80_and_above,03,03,03_03,labeled,,,03::0271_20140417_HBi_03_RAY,filename_trailing_number,medium,4896,3264,JPEG,readable,4c26a66ee7a1cb0334a3133fd3c640ec5e996e2f20636694736a4b7df00642e2,unknown,pending,unreviewed,,
IMG_22c1d1571bf40f38,80 and above/03/0280_20140417_HBi_03_RAY_0880.JPG,0280_20140417_HBi_03_RAY_0880.JPG,.jpg,5011005,03,03,2014-04-17,80_and_above,03,03,03_03,labeled,,,03::0280_20140417_HBi_03_RAY,filename_trailing_number,medium,4896,3264,JPEG,readable,8e293db41d7d97e24b0f12264919199abf53c461fd5edd9f866e0350f2d2e5c0,unknown,pending,unreviewed,,
IMG_90448cd333a0b216,80 and above/03/0281_20140417_HBi_03_RAY_0881.JPG,0281_20140417_HBi_03_RAY_0881.JPG,.jpg,4986837,03,03,2014-04-17,80_and_above,03,03,03_03,labeled,,,03::0281_20140417_HBi_03_RAY,filename_trailing_number,medium,4896,3264,JPEG,readable,485f5989c9a4bc2eb7007dad4b14a1c7ce9c330e7f651caee1f30aad8d17fff2,unknown,pending,unreviewed,,
IMG_0c67105fef9f5e61,80 and above/03/0282_20140417_HBi_03_RAY_0882.JPG,0282_20140417_HBi_03_RAY_0882.JPG,.jpg,5083548,03,03,2014-04-17,80_and_above,03,03,03_03,labeled,,,03::0282_20140417_HBi_03_RAY,filename_trailing_number,medium,4896,3264,JPEG,readable,109c927e8c61f5d94b3bdd072f49acb72ed8303e0e337efa74bb49b3736192d5,unknown,pending,unreviewed,,
IMG_2b7e1f460614d568,80 and above/03/0301_20140417_HBi_03_RAY_0903.JPG,0301_20140417_HBi_03_RAY_0903.JPG,.jpg,5711536,03,03,2014-04-17,80_and_above,03,03,03_03,labeled,,,03::0301_20140417_HBi_03_RAY,filename_trailing_number,medium,4896,3264,JPEG,readable,a0a559a7209ac7a3a6636a36d65f689c3765c8e7d2d1c276e9157e1f338b9180,unknown,pending,unreviewed,,
IMG_0e03c96e3860a20c,80 and above/03/0302_20140417_HBi_03_RAY_0904.JPG,0302_20140417_HBi_03_RAY_0904.JPG,.jpg,5820073,03,03,2014-04-17,80_and_above,03,03,03_03,labeled,,,03::0302_20140417_HBi_03_RAY,filename_trailing_number,medium,4896,3264,JPEG,readable,8bb928fd1b400f1f454c67d4db7042b7157ae4f9ea2700122791e9c40caa2604,unknown,pending,unreviewed,,
IMG_b47a7d1dba914893,80 and above/03/0313_20140417_HBi_03_RAY_0917.JPG,0313_20140417_HBi_03_RAY_0917.JPG,.jpg,5622265,03,03,2014-04-17,80_and_above,03,03,03_03,labeled,,,03::0313_20140417_HBi_03_RAY,filename_trailing_number,medium,4896,3264,JPEG,readable,5028b5ccb69e18a7b7803c127b5f75c134e70643a2468def2978da3c8b611ad4,unknown,pending,unreviewed,,
IMG_831009435c1b2124,80 and above/03/0314_20140417_HBi_03_RAY_0918.JPG,0314_20140417_HBi_03_RAY_0918.JPG,.jpg,5410174,03,03,2014-04-17,80_and_above,03,03,03_03,labeled,,,03::0314_20140417_HBi_03_RAY,filename_trailing_number,medium,4896,3264,JPEG,readable,59f306c23e239f66d56ae7cf174ca6f9064751175781195923452fc2e3e94c9c,unknown,pending,unreviewed,,
IMG_4856b607af778a83,80 and above/03/0315_20140417_HBi_03_RAY_0919.JPG,0315_20140417_HBi_03_RAY_0919.JPG,.jpg,5357857,03,03,2014-04-17,80_and_above,03,03,03_03,labeled,,,03::0315_20140417_HBi_03_RAY,filename_trailing_number,medium,4896,3264,JPEG,readable,0864d54a2ee6c34036bb3b3bb48f430c1f66cb7242ffaa38992953539b00f20f,unknown,pending,unreviewed,,
IMG_35c3d34f6a3506e8,80 and above/03/0316_20140417_HBi_03_RAY_0920.JPG,0316_20140417_HBi_03_RAY_0920.JPG,.jpg,5534184,03,03,2014-04-17,80_and_above,03,03,03_03,labeled,,,03::0316_20140417_HBi_03_RAY,filename_trailing_number,medium,4896,3264,JPEG,readable,c0f592658356cdb2623c48a6d8f36dd6e4247baf1ecf642c9cac84f0c2a52010,unknown,pending,unreviewed,,
IMG_33cbcc15b479c201,80 and above/03/0491_20140417_HBi_03_RAY_1225.JPG,0491_20140417_HBi_03_RAY_1225.JPG,.jpg,6441248,03,03,2014-04-17,80_and_above,03,03,03_03,labeled,,,03::0491_20140417_HBi_03_RAY,filename_trailing_number,medium,4896,3264,JPEG,readable,b22ab4da108e778949d0b82cfb2f006066a941bd3e9a959301a8fbfd3f75d7a3,unknown,pending,unreviewed,,
IMG_bd146b01a5ab5e14,80 and above/03/0524_20140417_HBi_03_RAY_1265.JPG,0524_20140417_HBi_03_RAY_1265.JPG,.jpg,6635210,03,03,2014-04-17,80_and_above,03,03,03_03,labeled,,,03::0524_20140417_HBi_03_RAY,filename_trailing_number,medium,4896,3264,JPEG,readable,5cc5a42291fc36f291f6b78b04c6bbb4e74a555a3cd75ced3906880bcac2da6d,unknown,pending,unreviewed,,
IMG_102c379d7d6b4a9c,80 and above/03/0525_20140417_HBi_03_RAY_1266.JPG,0525_20140417_HBi_03_RAY_1266.JPG,.jpg,3351626,03,03,2014-04-17,80_and_above,03,03,03_03,labeled,,,03::0525_20140417_HBi_03_RAY,filename_trailing_number,medium,3549,1670,JPEG,readable,595acdcd7dd7f85d55dfba69a0e14ff40f82df8cc9cd6d510b24b1cd407237fe,unknown,pending,unreviewed,,
IMG_d9d5189844371896,80 and above/03/0528_20140417_HBi_03_RAY_1272.JPG,0528_20140417_HBi_03_RAY_1272.JPG,.jpg,6189780,03,03,2014-04-17,80_and_above,03,03,03_03,labeled,,,03::0528_20140417_HBi_03_RAY,filename_trailing_number,medium,4896,3264,JPEG,readable,2eeaa046b41458f59ff1c8ceba88218974da0a76a441c9df6c5218675ff6bfdb,unknown,pending,unreviewed,,
IMG_d5cd8fda05dc114c,80 and above/03/0540_20140417_HBi_03_RAY_1305.JPG,0540_20140417_HBi_03_RAY_1305.JPG,.jpg,6794827,03,03,2014-04-17,80_and_above,03,03,03_03,labeled,,,03::0540_20140417_HBi_03_RAY,filename_trailing_number,medium,4896,3264,JPEG,readable,4659ada208b8a01be97028d3a344bc77f92a8ec4b0ad3192e8188deb421f9ff0,unknown,pending,unreviewed,,
IMG_8862ecab58a95486,80 and above/03/0657_20140417_HBi_03_RAY_1502.JPG,0657_20140417_HBi_03_RAY_1502.JPG,.jpg,6230278,03,03,2014-04-17,80_and_above,03,03,03_03,labeled,,,03::0657_20140417_HBi_03_RAY,filename_trailing_number,medium,4896,3264,JPEG,readable,a9c7ab720e4be22fd14dfd2e7cc0b3dbf8c90311cd116f8cff1530e25ca4cace,unknown,pending,unreviewed,,
IMG_4362f41d356ea6e2,80 and above/04/0161_20140417_HBi_03_RAY_2089.JPG,0161_20140417_HBi_03_RAY_2089.JPG,.jpg,5088167,03,03,2014-04-17,80_and_above,04,04,03_04,labeled,,,03::0161_20140417_HBi_03_RAY,filename_trailing_number,medium,4896,3264,JPEG,readable,1f77c923855d03ff48294b86d53f167e1c23d58c805984726ec258beb1a7807d,unknown,pending,unreviewed,,
IMG_ea11e68134e91dfe,80 and above/04/0207_20140417_HBi_03_RAY_0755.JPG,0207_20140417_HBi_03_RAY_0755.JPG,.jpg,1625733,03,03,2014-04-17,80_and_above,04,04,03_04,labeled,,,03::0207_20140417_HBi_03_RAY,filename_trailing_number,medium,2596,1030,JPEG,readable,97a1e0387d8c1f5c94b65e554b279d47c4e9fb391e156c91d57050843e044f8c,unknown,pending,unreviewed,,
IMG_03955f459165fb69,80 and above/04/0288_20140417_HBi_03_RAY_0888.JPG,0288_20140417_HBi_03_RAY_0888.JPG,.jpg,5548453,03,03,2014-04-17,80_and_above,04,04,03_04,labeled,,,03::0288_20140417_HBi_03_RAY,filename_trailing_number,medium,4896,3264,JPEG,readable,edf345515fbccb7da81c27b58c3b596ee3c8b7afb40af7df12d32bd22625becd,unknown,pending,unreviewed,,
IMG_a2990977479dc3b5,80 and above/04/0289_20140417_HBi_03_RAY_0889.JPG,0289_20140417_HBi_03_RAY_0889.JPG,.jpg,5371454,03,03,2014-04-17,80_and_above,04,04,03_04,labeled,,,03::0289_20140417_HBi_03_RAY,filename_trailing_number,medium,4896,3264,JPEG,readable,5311c8ece1e54b0ea81ae0516edfb80061c037775b5e9c5cc8ea96b0abc8354c,unknown,pending,unreviewed,,
IMG_1aa8ecf722a1755f,80 and above/04/0290_20140417_HBi_03_RAY_0890.JPG,0290_20140417_HBi_03_RAY_0890.JPG,.jpg,5097014,03,03,2014-04-17,80_and_above,04,04,03_04,labeled,,,03::0290_20140417_HBi_03_RAY,filename_trailing_number,medium,4896,3264,JPEG,readable,83465884ad8c63345964e7f290c3803b84b5c8834205a23e5fb9decf3b5cdbd6,unknown,pending,unreviewed,,
IMG_8c428ce6615f99f9,80 and above/04/0468_20140417_HBi_03_RAY_1189.JPG,0468_20140417_HBi_03_RAY_1189.JPG,.jpg,6348897,03,03,2014-04-17,80_and_above,04,04,03_04,labeled,,,03::0468_20140417_HBi_03_RAY,filename_trailing_number,medium,4896,3264,JPEG,readable,c66b76e315faf6eaca7bbb629985475ece408a4c3bcb5edade3fcb0b8040b2f5,unknown,pending,unreviewed,,
IMG_2408579bd0486bf4,80 and above/04/0469_20140417_HBi_03_RAY_1190.JPG,0469_20140417_HBi_03_RAY_1190.JPG,.jpg,3592368,03,03,2014-04-17,80_and_above,04,04,03_04,labeled,,,03::0469_20140417_HBi_03_RAY,filename_trailing_number,medium,3601,1628,JPEG,readable,176f04483dc1255e90689becd5ea2d187a80fcebf778a9018cf8d2dd2a6cc326,unknown,pending,unreviewed,,
IMG_3962a1dc6c4292b4,80 and above/04/0470_20140417_HBi_03_RAY_1191.JPG,0470_20140417_HBi_03_RAY_1191.JPG,.jpg,7001772,03,03,2014-04-17,80_and_above,04,04,03_04,labeled,,,03::0470_20140417_HBi_03_RAY,filename_trailing_number,medium,4896,3264,JPEG,readable,16dc8de13986e247c337656021d0629060ee7e9a050de1cccaca94e93e599e6e,unknown,pending,unreviewed,,
IMG_5f1e9d8b2178b03d,80 and above/05/0224_20140417_HBi_03_RAY_0782.JPG,0224_20140417_HBi_03_RAY_0782.JPG,.jpg,1370692,03,03,2014-04-17,80_and_above,05,05,03_05,labeled,,,03::0224_20140417_HBi_03_RAY,filename_trailing_number,medium,2372,1048,JPEG,readable,e5f1ff7e624bfa66cb2a610c30e731ff8a136f90d5d5b20e5e7cf3522a75ccae,unknown,pending,unreviewed,,
IMG_3e828dc68c7d0898,80 and above/05/0236_20140417_HBi_03_RAY_0808.JPG,0236_20140417_HBi_03_RAY_0808.JPG,.jpg,5474586,03,03,2014-04-17,80_and_above,05,05,03_05,labeled,,,03::0236_20140417_HBi_03_RAY,filename_trailing_number,medium,4896,3264,JPEG,readable,23e3ffc618b343ce733479a366ffedd0fa4109f3316565ae07bae1a697507d4b,unknown,pending,unreviewed,,
IMG_bec26851aca3f97d,80 and above/05/0471_20140417_HBi_03_RAY_1192.JPG,0471_20140417_HBi_03_RAY_1192.JPG,.jpg,7395228,03,03,2014-04-17,80_and_above,05,05,03_05,labeled,,,03::0471_20140417_HBi_03_RAY,filename_trailing_number,medium,4896,3264,JPEG,readable,4695f0f266d9c1104ff427cc25f2dc5efd8450cc48c896d73400bc52d842147b,unknown,pending,unreviewed,,
IMG_4ccf8f053eafa970,80 and above/05/0494_20140417_HBi_03_RAY_1230.JPG,0494_20140417_HBi_03_RAY_1230.JPG,.jpg,6718112,03,03,2014-04-17,80_and_above,05,05,03_05,labeled,,,03::0494_20140417_HBi_03_RAY,filename_trailing_number,medium,4896,3264,JPEG,readable,97f5eb4643d58b6833286ba49d79924a760b367423a0793a6828ff123df7cdba,unknown,pending,unreviewed,,
IMG_5130cbc7ffaae275,80 and above/05/0546_20140417_HBi_03_RAY_1313.JPG,0546_20140417_HBi_03_RAY_1313.JPG,.jpg,6157644,03,03,2014-04-17,80_and_above,05,05,03_05,labeled,,,03::0546_20140417_HBi_03_RAY,filename_trailing_number,medium,4896,3264,JPEG,readable,0160a78b0aa34c533047e30244ca828f1f2e2e51002e632338d8d754949dbef5,unknown,pending,unreviewed,,
IMG_39f79aba2723784d,80 and above/05/0547_20140417_HBi_03_RAY_1314.JPG,0547_20140417_HBi_03_RAY_1314.JPG,.jpg,6134236,03,03,2014-04-17,80_and_above,05,05,03_05,labeled,,,03::0547_20140417_HBi_03_RAY,filename_trailing_number,medium,4896,3264,JPEG,readable,817f40f5c3919918829a5654ad8e8fbc6d20f6914633b9f943fe1238e0aba5ef,unknown,pending,unreviewed,,
IMG_57cfc4366a136861,80 and above/05/0674_20140417_HBi_03_RAY_1548.JPG,0674_20140417_HBi_03_RAY_1548.JPG,.jpg,6519409,03,03,2014-04-17,80_and_above,05,05,03_05,labeled,,,03::0674_20140417_HBi_03_RAY,filename_trailing_number,medium,4896,3264,JPEG,readable,c26fb93f41b37fc612ef6b9f220f7c25794e108d0cadc161e6fa44433eab76fa,unknown,pending,unreviewed,,
IMG_d29ed2e78c8f6d25,80 and above/05/0675_20140417_HBi_03_RAY_1549.JPG,0675_20140417_HBi_03_RAY_1549.JPG,.jpg,5528023,03,03,2014-04-17,80_and_above,05,05,03_05,labeled,,,03::0675_20140417_HBi_03_RAY,filename_trailing_number,medium,4896,3264,JPEG,readable,5245927899e218066a6a87e32736614fa7948cd35556e6ad9e0536450b5ebfe3,unknown,pending,unreviewed,,
IMG_8b18934c9a541949,80 and above/05/0845_20140417_HBi_03_RAY_1889.JPG,0845_20140417_HBi_03_RAY_1889.JPG,.jpg,5894883,03,03,2014-04-17,80_and_above,05,05,03_05,labeled,,,03::0845_20140417_HBi_03_RAY,filename_trailing_number,medium,4896,3264,JPEG,readable,a1891c8a31ed0e116ee88c261a6ddf6a2ba40635ec1b62ab904d4b2b20c86626,unknown,pending,unreviewed,,
IMG_077018732a20157b,80 and above/05/0846_20140417_HBi_03_RAY_1890.JPG,0846_20140417_HBi_03_RAY_1890.JPG,.jpg,5684781,03,03,2014-04-17,80_and_above,05,05,03_05,labeled,,,03::0846_20140417_HBi_03_RAY,filename_trailing_number,medium,4896,3264,JPEG,readable,8d7b55c27ab860e74c4797877e6c94351ee10666fa00d6f29afe2e758486cb16,unknown,pending,unreviewed,,
IMG_4106e536034ce468,80 and above/05/0917_20140417_HBi_03_RAY_1990.JPG,0917_20140417_HBi_03_RAY_1990.JPG,.jpg,6430393,03,03,2014-04-17,80_and_above,05,05,03_05,labeled,,,03::0917_20140417_HBi_03_RAY,filename_trailing_number,medium,4896,3264,JPEG,readable,75a223cba01081efcdc759c8e08469382687e0714340df3b64406a05c82709a0,unknown,pending,unreviewed,,
IMG_4346881113cb7134,80 and above/05/0918_20140417_HBi_03_RAY_1991.JPG,0918_20140417_HBi_03_RAY_1991.JPG,.jpg,1034227,03,03,2014-04-17,80_and_above,05,05,03_05,labeled,,,03::0918_20140417_HBi_03_RAY,filename_trailing_number,medium,1984,843,JPEG,readable,e0174efcc4b58bf66c13ef6b08c03a6c9f683cfddc7e1b180666f2c3978f3caf,unknown,pending,unreviewed,,
IMG_c6d0865e3cdbacc3,80 and above/06/0227_20140417_HBi_03_RAY_0787.JPG,0227_20140417_HBi_03_RAY_0787.JPG,.jpg,1568992,03,03,2014-04-17,80_and_above,06,06,03_06,labeled,,,03::0227_20140417_HBi_03_RAY,filename_trailing_number,medium,2788,909,JPEG,readable,78e29126a97397b8e1ee15ee91d6396333a4fa3b5c9193916aa347bfee3cf760,unknown,pending,unreviewed,,
IMG_03d24306c61e22a9,80 and above/06/0234_20140417_HBi_03_RAY_0802.JPG,0234_20140417_HBi_03_RAY_0802.JPG,.jpg,5249453,03,03,2014-04-17,80_and_above,06,06,03_06,labeled,,,03::0234_20140417_HBi_03_RAY,filename_trailing_number,medium,4896,3264,JPEG,readable,4457e613187b2cbbbd7e942caa12831626f2e5e28fe4ed0f7056dfd7a5ce3064,unknown,pending,unreviewed,,
IMG_a997a5f157a51805,80 and above/06/0255_20140417_HBi_03_RAY_0845.JPG,0255_20140417_HBi_03_RAY_0845.JPG,.jpg,5479622,03,03,2014-04-17,80_and_above,06,06,03_06,labeled,,,03::0255_20140417_HBi_03_RAY,filename_trailing_number,medium,4896,3264,JPEG,readable,38344676d5136d317310bae0e0eac705a5dad39d459724ba14fedf1d85c49e99,unknown,pending,unreviewed,,
IMG_3446737f2326b631,80 and above/06/0256_20140417_HBi_03_RAY_0846.JPG,0256_20140417_HBi_03_RAY_0846.JPG,.jpg,5375109,03,03,2014-04-17,80_and_above,06,06,03_06,labeled,,,03::0256_20140417_HBi_03_RAY,filename_trailing_number,medium,4896,3264,JPEG,readable,f2097e38b411dda58b6bc41203203ea339dcd0898040534ad48203ad0b3165a4,unknown,pending,unreviewed,,
IMG_20004a5ff9493615,80 and above/06/0298_20140417_HBi_03_RAY_0900.JPG,0298_20140417_HBi_03_RAY_0900.JPG,.jpg,5779190,03,03,2014-04-17,80_and_above,06,06,03_06,labeled,,,03::0298_20140417_HBi_03_RAY,filename_trailing_number,medium,4896,3264,JPEG,readable,7163927f7d00ee328b57eec12316c407cda6b913362337fae90e8225ec018446,unknown,pending,unreviewed,,
IMG_217f3610fa912f0b,80 and above/06/0299_20140417_HBi_03_RAY_0901.JPG,0299_20140417_HBi_03_RAY_0901.JPG,.jpg,5739417,03,03,2014-04-17,80_and_above,06,06,03_06,labeled,,,03::0299_20140417_HBi_03_RAY,filename_trailing_number,medium,4896,3264,JPEG,readable,51e4c6121bfd136b1bfb29efc72f29c0df7a11f4574525ccb8af11611254d500,unknown,pending,unreviewed,,
IMG_09c470048aa5a620,80 and above/06/0300_20140417_HBi_03_RAY_0902.JPG,0300_20140417_HBi_03_RAY_0902.JPG,.jpg,5706292,03,03,2014-04-17,80_and_above,06,06,03_06,labeled,,,03::0300_20140417_HBi_03_RAY,filename_trailing_number,medium,4896,3264,JPEG,readable,208f37e23e8760a9e3d45a7c8d401b622fc71b15f40567e7028fdd357dc4a1e1,unknown,pending,unreviewed,,
IMG_3bce13f24905ae1f,80 and above/06/0327_20140417_HBi_03_RAY_0945.JPG,0327_20140417_HBi_03_RAY_0945.JPG,.jpg,6303689,03,03,2014-04-17,80_and_above,06,06,03_06,labeled,,,03::0327_20140417_HBi_03_RAY,filename_trailing_number,medium,4896,3264,JPEG,readable,41791b818aa55278b3676cdfb6558cc4eb5ee7b3c8a6d5a388dc914a383c31f8,unknown,pending,unreviewed,,
IMG_53fa9fc0de5e468b,80 and above/06/0328_20140417_HBi_03_RAY_0946.JPG,0328_20140417_HBi_03_RAY_0946.JPG,.jpg,6316355,03,03,2014-04-17,80_and_above,06,06,03_06,labeled,,,03::0328_20140417_HBi_03_RAY,filename_trailing_number,medium,4896,3264,JPEG,readable,c654f55d6030b22d1243a69f51b6c7e1c715d1802e506d1f407438388e539102,unknown,pending,unreviewed,,
IMG_8ceb68df4b59d29e,80 and above/06/0679_20140417_HBi_03_RAY_1554.JPG,0679_20140417_HBi_03_RAY_1554.JPG,.jpg,5886324,03,03,2014-04-17,80_and_above,06,06,03_06,labeled,,,03::0679_20140417_HBi_03_RAY,filename_trailing_number,medium,4896,3264,JPEG,readable,56d82110e69600099339f7aa4012a3a51d6ac9ad0c427e98770a492a79900837,unknown,pending,unreviewed,,
IMG_1b5b525951012d97,80 and above/06/0680_20140417_HBi_03_RAY_1555.JPG,0680_20140417_HBi_03_RAY_1555.JPG,.jpg,5684570,03,03,2014-04-17,80_and_above,06,06,03_06,labeled,,,03::0680_20140417_HBi_03_RAY,filename_trailing_number,medium,4896,3264,JPEG,readable,0c0bd5d538affc9e2a7d9b49587545ea8888e72baf8589cee9ba306d8a42fd3a,unknown,pending,unreviewed,,
IMG_0543681d5ed37dc7,80 and above/07/0231_20140417_HBi_03_RAY_0799.JPG,0231_20140417_HBi_03_RAY_0799.JPG,.jpg,2253036,03,03,2014-04-17,80_and_above,07,07,03_07,labeled,,,03::0231_20140417_HBi_03_RAY,filename_trailing_number,medium,3237,1152,JPEG,readable,8ad92f543977f82270c86f98a77aadc43d02945cae4480c45fcd58f2da54db4d,unknown,pending,unreviewed,,
IMG_f4b55c978d9b27ad,80 and above/07/0244_20140417_HBi_03_RAY_0824.JPG,0244_20140417_HBi_03_RAY_0824.JPG,.jpg,2572047,03,03,2014-04-17,80_and_above,07,07,03_07,labeled,,,03::0244_20140417_HBi_03_RAY,filename_trailing_number,medium,3069,1535,JPEG,readable,f67f56f91441d13c55c24778b7d69983c5c36e03c20fdb4d792e2ee7c844da60,unknown,pending,unreviewed,,
IMG_90abd8938b874a0c,80 and above/07/0245_20140417_HBi_03_RAY_0825.JPG,0245_20140417_HBi_03_RAY_0825.JPG,.jpg,5487102,03,03,2014-04-17,80_and_above,07,07,03_07,labeled,,,03::0245_20140417_HBi_03_RAY,filename_trailing_number,medium,4896,3264,JPEG,readable,b31f1befacc7754a493365d22469335510205f4a82beaac7edc9ef936828b9fa,unknown,pending,unreviewed,,
IMG_08faeb63ca8035ce,80 and above/07/0253_20140417_HBi_03_RAY_0835.JPG,0253_20140417_HBi_03_RAY_0835.JPG,.jpg,5839467,03,03,2014-04-17,80_and_above,07,07,03_07,labeled,,,03::0253_20140417_HBi_03_RAY,filename_trailing_number,medium,4896,3264,JPEG,readable,98781518a273e4e079be330f1556ce39ca4662e6400b2fb83a20b6777dd06bc1,unknown,pending,unreviewed,,
IMG_3be4c95c39822645,80 and above/07/0254_20140417_HBi_03_RAY_0836.JPG,0254_20140417_HBi_03_RAY_0836.JPG,.jpg,5896893,03,03,2014-04-17,80_and_above,07,07,03_07,labeled,,,03::0254_20140417_HBi_03_RAY,filename_trailing_number,medium,4896,3264,JPEG,readable,18e71e1bfc755a188649fc2d53efaf6e3a922ad8abcbd5d8d09e121cf66b3ef2,unknown,pending,unreviewed,,
IMG_043fc8d5cb71ffc0,80 and above/07/0319_20140417_HBi_03_RAY_0929.JPG,0319_20140417_HBi_03_RAY_0929.JPG,.jpg,5412785,03,03,2014-04-17,80_and_above,07,07,03_07,labeled,,,03::0319_20140417_HBi_03_RAY,filename_trailing_number,medium,4896,3264,JPEG,readable,2836385718a336a6e458b92f1c7e67f2a21ddc64e87f0bc882b97e42c3d39bb5,unknown,pending,unreviewed,,
IMG_a9a6feb7d1d4e069,80 and above/07/0320_20140417_HBi_03_RAY_0930.JPG,0320_20140417_HBi_03_RAY_0930.JPG,.jpg,5346365,03,03,2014-04-17,80_and_above,07,07,03_07,labeled,,,03::0320_20140417_HBi_03_RAY,filename_trailing_number,medium,4896,3264,JPEG,readable,16d3fa0644d70f51fb5f4b100b7f7df022b0d918afee496bbefa4a179e0f5062,unknown,pending,unreviewed,,
IMG_339d3c59aa65dfd3,80 and above/07/0321_20140417_HBi_03_RAY_0931.JPG,0321_20140417_HBi_03_RAY_0931.JPG,.jpg,5195257,03,03,2014-04-17,80_and_above,07,07,03_07,labeled,,,03::0321_20140417_HBi_03_RAY,filename_trailing_number,medium,4896,3264,JPEG,readable,9e5e754b6b9e5e1b76b09424e868a2534407a3c5e92d850e3fa5d0a8e3fa1e8b,unknown,pending,unreviewed,,
IMG_5f1db9c269b003a0,80 and above/07/0841_20140417_HBi_03_RAY_1878.JPG,0841_20140417_HBi_03_RAY_1878.JPG,.jpg,5614927,03,03,2014-04-17,80_and_above,07,07,03_07,labeled,,,03::0841_20140417_HBi_03_RAY,filename_trailing_number,medium,4896,3264,JPEG,readable,dc9cef3c6c82af0c64800c9d02d5b42042daaf84ffa62c356da28322a788c28a,unknown,pending,unreviewed,,
IMG_a5daa51e2871d9c2,80 and above/08/0235_20140417_HBi_03_RAY_0804.JPG,0235_20140417_HBi_03_RAY_0804.JPG,.jpg,5905833,03,03,2014-04-17,80_and_above,08,08,03_08,labeled,,,03::0235_20140417_HBi_03_RAY,filename_trailing_number,medium,4896,3264,JPEG,readable,74fc011bac6c0777b4e6454bea8d9638ede096b2cfa5e8d3f791ce45c2a934f4,unknown,pending,unreviewed,,
IMG_3a486e292583f5fd,80 and above/08/0252_20140417_HBi_03_RAY_0832.JPG,0252_20140417_HBi_03_RAY_0832.JPG,.jpg,5818273,03,03,2014-04-17,80_and_above,08,08,03_08,labeled,,,03::0252_20140417_HBi_03_RAY,filename_trailing_number,medium,4896,3264,JPEG,readable,c6edf969cc4f6703c8eab280cee6cbbb6898bf8ad5d80c9965e3cc02066387f1,unknown,pending,unreviewed,,
IMG_d3e98335dbe44b76,80 and above/08/0340_20140417_HBi_03_RAY_0968.JPG,0340_20140417_HBi_03_RAY_0968.JPG,.jpg,1639861,03,03,2014-04-17,80_and_above,08,08,03_08,labeled,,,03::0340_20140417_HBi_03_RAY,filename_trailing_number,medium,2376,1062,JPEG,readable,6fd150395d321ad10957970aed03b11940faf9c2da072d073dc6b6faba7a8ef6,unknown,pending,unreviewed,,
IMG_19fc4b72ac608282,80 and above/09/0148_20140417_HBi_03_RAY_2027.JPG,0148_20140417_HBi_03_RAY_2027.JPG,.jpg,5606754,03,03,2014-04-17,80_and_above,09,09,03_09,labeled,,,03::0148_20140417_HBi_03_RAY,filename_trailing_number,medium,4896,3264,JPEG,readable,83b6cfa4a14b84fa5eb788e3c940ee1314dc8277f31cee3d26918249db76629d,unknown,pending,unreviewed,,
IMG_d75db0a0fe0a29d2,80 and above/09/0262_20140417_HBi_03_RAY_0854.JPG,0262_20140417_HBi_03_RAY_0854.JPG,.jpg,5457356,03,03,2014-04-17,80_and_above,09,09,03_09,labeled,,,03::0262_20140417_HBi_03_RAY,filename_trailing_number,medium,4896,3264,JPEG,readable,0fb0f40d836e7b2d64f49dca57646b92ef38eebd5b6c1371b81ea1e8098957fd,unknown,pending,unreviewed,,
IMG_91b6f41442da18f4,80 and above/09/0263_20140417_HBi_03_RAY_0855.JPG,0263_20140417_HBi_03_RAY_0855.JPG,.jpg,6098380,03,03,2014-04-17,80_and_above,09,09,03_09,labeled,,,03::0263_20140417_HBi_03_RAY,filename_trailing_number,medium,4878,2526,JPEG,readable,98931b0060e82324183ed245c645bf690ada8bb82ff32721f5817580c035f096,unknown,pending,unreviewed,,
IMG_dda0725ed8e5c4be,80 and above/09/0268_20140417_HBi_03_RAY_0863.JPG,0268_20140417_HBi_03_RAY_0863.JPG,.jpg,5499655,03,03,2014-04-17,80_and_above,09,09,03_09,labeled,,,03::0268_20140417_HBi_03_RAY,filename_trailing_number,medium,4896,3264,JPEG,readable,415d901aeef79647d3f4ae36eaa5343e179643cb44ae0136ce70ae900751854b,unknown,pending,unreviewed,,
IMG_5001302b0ed35221,80 and above/09/0269_20140417_HBi_03_RAY_0864.JPG,0269_20140417_HBi_03_RAY_0864.JPG,.jpg,5280064,03,03,2014-04-17,80_and_above,09,09,03_09,labeled,,,03::0269_20140417_HBi_03_RAY,filename_trailing_number,medium,4896,3264,JPEG,readable,d94feb4b22aa8c5082b72a6465fc9852c0732325bb0ac15d2487454d6db9bc9c,unknown,pending,unreviewed,,
IMG_9e4ae5463339b33d,80 and above/09/0270_20140417_HBi_03_RAY_0865.JPG,0270_20140417_HBi_03_RAY_0865.JPG,.jpg,5363616,03,03,2014-04-17,80_and_above,09,09,03_09,labeled,,,03::0270_20140417_HBi_03_RAY,filename_trailing_number,medium,4896,3264,JPEG,readable,eeca11a0ee76641d1e32259c5bab5f97175864a0b22cd26f2377e1a37447ca4b,unknown,pending,unreviewed,,
IMG_1636755f70f7c2a6,80 and above/09/0439_20140417_HBi_03_RAY_1125.JPG,0439_20140417_HBi_03_RAY_1125.JPG,.jpg,5652423,03,03,2014-04-17,80_and_above,09,09,03_09,labeled,,,03::0439_20140417_HBi_03_RAY,filename_trailing_number,medium,4896,3264,JPEG,readable,5998ad18ba689ade14aa54470c3b8e6b2e3210229d1e0aa682099c0d2463428a,unknown,pending,unreviewed,,
IMG_47e393aa821fedbd,80 and above/09/0440_20140417_HBi_03_RAY_1126.JPG,0440_20140417_HBi_03_RAY_1126.JPG,.jpg,5385597,03,03,2014-04-17,80_and_above,09,09,03_09,labeled,,,03::0440_20140417_HBi_03_RAY,filename_trailing_number,medium,4896,3264,JPEG,readable,370e50a2715bd847c50c10e192cc5df9dd4174c7377dd4d24e38b42978ad5de9,unknown,pending,unreviewed,,
IMG_302da20670764559,80 and above/09/0463_20140417_HBi_03_RAY_1184.JPG,0463_20140417_HBi_03_RAY_1184.JPG,.jpg,2250906,03,03,2014-04-17,80_and_above,09,09,03_09,labeled,,,03::0463_20140417_HBi_03_RAY,filename_trailing_number,medium,2877,1207,JPEG,readable,c8c8accfb9100b62820f2bb44335b7359c50af1e957e8f6bdc73c5072da8709d,unknown,pending,unreviewed,,
IMG_b825df862b6e289f,80 and above/09/0464_20140417_HBi_03_RAY_1185.JPG,0464_20140417_HBi_03_RAY_1185.JPG,.jpg,7473914,03,03,2014-04-17,80_and_above,09,09,03_09,labeled,,,03::0464_20140417_HBi_03_RAY,filename_trailing_number,medium,4896,3264,JPEG,readable,54a9cd54cfcf7d5be3a144aab0cb351644c235072cf2bdbf44d9fb82a9bb4043,unknown,pending,unreviewed,,
IMG_24134fc15ba96652,80 and above/09/0488_20140417_HBi_03_RAY_1222.JPG,0488_20140417_HBi_03_RAY_1222.JPG,.jpg,6545650,03,03,2014-04-17,80_and_above,09,09,03_09,labeled,,,03::0488_20140417_HBi_03_RAY,filename_trailing_number,medium,4896,3264,JPEG,readable,c2a2d5aed64e506119a8ad13d573fe7bf45cb45d178d7aa5245fbd16d1706ea3,unknown,pending,unreviewed,,
IMG_74aa811586e07cff,80 and above/10/0285_20140417_HBi_03_RAY_0885.JPG,0285_20140417_HBi_03_RAY_0885.JPG,.jpg,3091532,03,03,2014-04-17,80_and_above,10,10,03_10,labeled,,,03::0285_20140417_HBi_03_RAY,filename_trailing_number,medium,3644,1558,JPEG,readable,7f74cb2d0243fa4561b9a3b4b692040a9ab48bfaf37bb46da0aae4b0809ce305,unknown,pending,unreviewed,,
IMG_0f0cd0e7c57181b2,80 and above/10/0286_20140417_HBi_03_RAY_0886.JPG,0286_20140417_HBi_03_RAY_0886.JPG,.jpg,5326925,03,03,2014-04-17,80_and_above,10,10,03_10,labeled,,,03::0286_20140417_HBi_03_RAY,filename_trailing_number,medium,4896,3264,JPEG,readable,7b21c83e14a87db83c897249347a05bf11e8706ea10437931e2b6d59398dd587,unknown,pending,unreviewed,,
IMG_814ea15230cf77ff,80 and above/10/0287_20140417_HBi_03_RAY_0887.JPG,0287_20140417_HBi_03_RAY_0887.JPG,.jpg,5496501,03,03,2014-04-17,80_and_above,10,10,03_10,labeled,,,03::0287_20140417_HBi_03_RAY,filename_trailing_number,medium,4896,3264,JPEG,readable,dc7886ade9a307777dd7af7128753279e2c3e7821f089b9b601da2a694b568a7,unknown,pending,unreviewed,,
IMG_5ac5d19ee41e1d13,80 and above/10/0297_20140417_HBi_03_RAY_0899.JPG,0297_20140417_HBi_03_RAY_0899.JPG,.jpg,5167793,03,03,2014-04-17,80_and_above,10,10,03_10,labeled,,,03::0297_20140417_HBi_03_RAY,filename_trailing_number,medium,4896,3264,JPEG,readable,94798cbef123f86475610ef961402cf71f3e0143e0ee0e574cc089771bbf0e0b,unknown,pending,unreviewed,,
IMG_3181ffe87aa13433,80 and above/10/0317_20140417_HBi_03_RAY_0927.JPG,0317_20140417_HBi_03_RAY_0927.JPG,.jpg,5810329,03,03,2014-04-17,80_and_above,10,10,03_10,labeled,,,03::0317_20140417_HBi_03_RAY,filename_trailing_number,medium,4896,3264,JPEG,readable,b797dbe5016bc03279c1d990fe6a440a825959b3284c133161b35c59446f4c92,unknown,pending,unreviewed,,
IMG_8b9236cb98f368af,80 and above/10/0318_20140417_HBi_03_RAY_0928.JPG,0318_20140417_HBi_03_RAY_0928.JPG,.jpg,5883440,03,03,2014-04-17,80_and_above,10,10,03_10,labeled,,,03::0318_20140417_HBi_03_RAY,filename_trailing_number,medium,4896,3264,JPEG,readable,240cf01aea12f66a2d068a4b2585a87d0b0055b23348ea63117aea05b37f6ed7,unknown,pending,unreviewed,,
IMG_7221598f1ce69371,80 and above/10/0330_20140417_HBi_03_RAY_0954.JPG,0330_20140417_HBi_03_RAY_0954.JPG,.jpg,6163023,03,03,2014-04-17,80_and_above,10,10,03_10,labeled,,,03::0330_20140417_HBi_03_RAY,filename_trailing_number,medium,4896,3264,JPEG,readable,72c158def83c4337dd6abf906a270004ff19680cfe6501ec0195992859923737,unknown,pending,unreviewed,,
IMG_154da4f02db54fae,80 and above/10/0414_20140417_HBi_03_RAY_1087.JPG,0414_20140417_HBi_03_RAY_1087.JPG,.jpg,5531799,03,03,2014-04-17,80_and_above,10,10,03_10,labeled,,,03::0414_20140417_HBi_03_RAY,filename_trailing_number,medium,4896,3264,JPEG,readable,366460f1427c33848aba9fa44571722e9653ef4038185c4db6f9f1ba396d834b,unknown,pending,unreviewed,,
IMG_335800c884833eed,80 and above/10/0415_20140417_HBi_03_RAY_1088.JPG,0415_20140417_HBi_03_RAY_1088.JPG,.jpg,5216498,03,03,2014-04-17,80_and_above,10,10,03_10,labeled,,,03::0415_20140417_HBi_03_RAY,filename_trailing_number,medium,4896,3264,JPEG,readable,445f7c5ac54b35621196a3d22d1b813f92761b8ea20f324371a634b4771a3ff4,unknown,pending,unreviewed,,
IMG_65f909fa289786fa,80 and above/10/0435_20140417_HBi_03_RAY_1121.JPG,0435_20140417_HBi_03_RAY_1121.JPG,.jpg,7276188,03,03,2014-04-17,80_and_above,10,10,03_10,labeled,,,03::0435_20140417_HBi_03_RAY,filename_trailing_number,medium,4896,3264,JPEG,readable,9bb643accce425a5bd4688d64fed0469a51cead68bb361be01450be25c98b9b7,unknown,pending,unreviewed,,
IMG_1cd9988f9d499955,80 and above/10/0465_20140417_HBi_03_RAY_1186.JPG,0465_20140417_HBi_03_RAY_1186.JPG,.jpg,6755334,03,03,2014-04-17,80_and_above,10,10,03_10,labeled,,,03::0465_20140417_HBi_03_RAY,filename_trailing_number,medium,4896,3264,JPEG,readable,93d851acfba031428b789f319f81fa9ebd2d85b150a6bbd4f7d2456a1dcbad36,unknown,pending,unreviewed,,
IMG_3fff93b7a18937ff,80 and above/10/0466_20140417_HBi_03_RAY_1187.JPG,0466_20140417_HBi_03_RAY_1187.JPG,.jpg,6523036,03,03,2014-04-17,80_and_above,10,10,03_10,labeled,,,03::0466_20140417_HBi_03_RAY,filename_trailing_number,medium,4896,3264,JPEG,readable,e282156045d25d7a9d67e292ee57bd6505a07b4537c538c95c0e419e8875f760,unknown,pending,unreviewed,,
IMG_4b86dee50375da53,80 and above/10/0467_20140417_HBi_03_RAY_1188.JPG,0467_20140417_HBi_03_RAY_1188.JPG,.jpg,6561409,03,03,2014-04-17,80_and_above,10,10,03_10,labeled,,,03::0467_20140417_HBi_03_RAY,filename_trailing_number,medium,4896,3264,JPEG,readable,a16356345a54899bd223730587ca66cacb797c2832c13bfa2e4ff6fd6de3897f,unknown,pending,unreviewed,,
IMG_e9581439a4d2c0fb,80 and above/10/0509_20140417_HBi_03_RAY_1247.JPG,0509_20140417_HBi_03_RAY_1247.JPG,.jpg,6298148,03,03,2014-04-17,80_and_above,10,10,03_10,labeled,,,03::0509_20140417_HBi_03_RAY,filename_trailing_number,medium,4896,3264,JPEG,readable,12d78c0a20b47a4f6ce972d97556201ad6e1569d4b0e151dfb57c149ee21ea97,unknown,pending,unreviewed,,
IMG_c35286d04e6f978d,80 and above/10/0510_20140417_HBi_03_RAY_1248.JPG,0510_20140417_HBi_03_RAY_1248.JPG,.jpg,6532331,03,03,2014-04-17,80_and_above,10,10,03_10,labeled,,,03::0510_20140417_HBi_03_RAY,filename_trailing_number,medium,4896,3264,JPEG,readable,118bd1498ab23dd8f64847ba5aa000720989a1abaa47452363f1985fe0ca36c1,unknown,pending,unreviewed,,
IMG_8bed067689af3d65,80 and above/10/0511_20140417_HBi_03_RAY_1249.JPG,0511_20140417_HBi_03_RAY_1249.JPG,.jpg,5554423,03,03,2014-04-17,80_and_above,10,10,03_10,labeled,,,03::0511_20140417_HBi_03_RAY,filename_trailing_number,medium,4896,3264,JPEG,readable,4125c1aae804cb6bfc684b2ef9b94b1760798d992e081abc52d78bc35de63745,unknown,pending,unreviewed,,
IMG_b00cc602f340f203,80 and above/10/0527_20140417_HBi_03_RAY_1271.JPG,0527_20140417_HBi_03_RAY_1271.JPG,.jpg,2092282,03,03,2014-04-17,80_and_above,10,10,03_10,labeled,,,03::0527_20140417_HBi_03_RAY,filename_trailing_number,medium,2915,1147,JPEG,readable,9d96067847b4f4b01123954db347f2ac1600612825f950cb3fc23c764a6c2309,unknown,pending,unreviewed,,
IMG_fd391b80928842b0,80 and above/10/0677_20140417_HBi_03_RAY_1552.JPG,0677_20140417_HBi_03_RAY_1552.JPG,.jpg,6225709,03,03,2014-04-17,80_and_above,10,10,03_10,labeled,,,03::0677_20140417_HBi_03_RAY,filename_trailing_number,medium,4896,3264,JPEG,readable,b7503852860e517edeee8d842a783483651ffc8817b69c8d93c1f84ca6762d72,unknown,pending,unreviewed,,
IMG_be100e1748f17ad1,80 and above/10/0678_20140417_HBi_03_RAY_1553.JPG,0678_20140417_HBi_03_RAY_1553.JPG,.jpg,6351028,03,03,2014-04-17,80_and_above,10,10,03_10,labeled,,,03::0678_20140417_HBi_03_RAY,filename_trailing_number,medium,4896,3264,JPEG,readable,9b62586a6a3fd80307fec90252bfcc8af2a017dcb07b537824f4efb1ac7e2fa8,unknown,pending,unreviewed,,
IMG_f2f062b428b6acde,80 and above/10/0702_20140417_HBi_03_RAY_1646.JPG,0702_20140417_HBi_03_RAY_1646.JPG,.jpg,3448764,03,03,2014-04-17,80_and_above,10,10,03_10,labeled,,,03::0702_20140417_HBi_03_RAY,filename_trailing_number,medium,3803,1427,JPEG,readable,9873b9cfb499301e49e0b7619202de2fa9058d00f6b1eddfdde11868014e03f9,unknown,pending,unreviewed,,
IMG_fc68eb5adc45dcb9,80 and above/10/0703_20140417_HBi_03_RAY_1647.JPG,0703_20140417_HBi_03_RAY_1647.JPG,.jpg,6586496,03,03,2014-04-17,80_and_above,10,10,03_10,labeled,,,03::0703_20140417_HBi_03_RAY,filename_trailing_number,medium,4896,3264,JPEG,readable,891694839ecce1dfe5fd9d45ab4eca5bab14d50678a861655c5242deacae6806,unknown,pending,unreviewed,,
IMG_41a15bee1ec02acd,80 and above/11/0337_20140417_HBi_03_RAY_0965.JPG,0337_20140417_HBi_03_RAY_0965.JPG,.jpg,3453718,03,03,2014-04-17,80_and_above,11,11,03_11,labeled,,,03::0337_20140417_HBi_03_RAY,filename_trailing_number,medium,3737,1521,JPEG,readable,0adabd932dffefebdd0636f399f031bcf64f96123846ea71237dcbafffda6733,unknown,pending,unreviewed,,
IMG_c3eab7f40d20dd73,80 and above/11/0338_20140417_HBi_03_RAY_0966.JPG,0338_20140417_HBi_03_RAY_0966.JPG,.jpg,6677064,03,03,2014-04-17,80_and_above,11,11,03_11,labeled,,,03::0338_20140417_HBi_03_RAY,filename_trailing_number,medium,4896,3264,JPEG,readable,885922f029b0addb4437477daea75c2b981c54e4288d7e1f11ffb6618654ca97,unknown,pending,unreviewed,,
IMG_eaf2a14e7dfe9158,80 and above/11/0339_20140417_HBi_03_RAY_0967.JPG,0339_20140417_HBi_03_RAY_0967.JPG,.jpg,6664822,03,03,2014-04-17,80_and_above,11,11,03_11,labeled,,,03::0339_20140417_HBi_03_RAY,filename_trailing_number,medium,4896,3264,JPEG,readable,2a69b9c094fae8401214da3e0e97fb8dbab5561f01129cbbb88f3976b1814b32,unknown,pending,unreviewed,,
IMG_caa030f10c6db656,80 and above/11/0681_20140417_HBi_03_RAY_1556.JPG,0681_20140417_HBi_03_RAY_1556.JPG,.jpg,6067142,03,03,2014-04-17,80_and_above,11,11,03_11,labeled,,,03::0681_20140417_HBi_03_RAY,filename_trailing_number,medium,4896,3264,JPEG,readable,d88d1d541e6f6d3d31fa9f6856c5081e16b69b87ba519de921f5f7d768be1d91,unknown,pending,unreviewed,,
IMG_ba43326507a4120a,80 and above/11/0796_20140417_HBi_03_RAY_1809.JPG,0796_20140417_HBi_03_RAY_1809.JPG,.jpg,6421470,03,03,2014-04-17,80_and_above,11,11,03_11,labeled,,,03::0796_20140417_HBi_03_RAY,filename_trailing_number,medium,4896,3264,JPEG,readable,42f8212c532da12251bd008fe3b94c2d6c1b63f3464775d66e7756b78eed42ae,unknown,pending,unreviewed,,
IMG_b6342a46f1941cbd,80 and above/11/0914_20140417_HBi_03_RAY_1987.JPG,0914_20140417_HBi_03_RAY_1987.JPG,.jpg,2780673,03,03,2014-04-17,80_and_above,11,11,03_11,labeled,,,03::0914_20140417_HBi_03_RAY,filename_trailing_number,medium,3227,1357,JPEG,readable,6e1c96f9c33b31c5848974c188f00df8c43a0a993ef59c909b746438a75b241b,unknown,pending,unreviewed,,
IMG_fe7f2235d9b43df5,80 and above/11/0915_20140417_HBi_03_RAY_1988.JPG,0915_20140417_HBi_03_RAY_1988.JPG,.jpg,7109965,03,03,2014-04-17,80_and_above,11,11,03_11,labeled,,,03::0915_20140417_HBi_03_RAY,filename_trailing_number,medium,4896,3264,JPEG,readable,b51f0c80a9309161ed0300753595f1eebd3e43cca536a268107bbbd24499239b,unknown,pending,unreviewed,,
IMG_250269a43b645325,80 and above/11/0916_20140417_HBi_03_RAY_1989.JPG,0916_20140417_HBi_03_RAY_1989.JPG,.jpg,6954735,03,03,2014-04-17,80_and_above,11,11,03_11,labeled,,,03::0916_20140417_HBi_03_RAY,filename_trailing_number,medium,4896,3264,JPEG,readable,85c5ac31563df0d54f4c1f7e7a1f1cefc10856157af2d8491612a2e7b3949755,unknown,pending,unreviewed,,
IMG_eb1dc97cf3a61160,80 and above/12/0492_20140417_HBi_03_RAY_1227.JPG,0492_20140417_HBi_03_RAY_1227.JPG,.jpg,1649494,03,03,2014-04-17,80_and_above,12,12,03_12,labeled,,,03::0492_20140417_HBi_03_RAY,filename_trailing_number,medium,3265,885,JPEG,readable,fb696344ec3528f6a83a9602376049010599b16542a568b265c24f041de31629,unknown,pending,unreviewed,,
IMG_a2576526ef3d66cc,80 and above/13/0496_20140417_HBi_03_RAY_1233.JPG,0496_20140417_HBi_03_RAY_1233.JPG,.jpg,836641,03,03,2014-04-17,80_and_above,13,13,03_13,labeled,,,03::0496_20140417_HBi_03_RAY,filename_trailing_number,medium,1450,904,JPEG,readable,8790cf0ec6dcfdfd821543c0bb3f9f082384993d7b2ba7c3f0264e34d9238e7c,unknown,pending,unreviewed,,
IMG_5a1b2dae985f3055,80 and above/13/0586_20140417_HBi_03_RAY_1376.JPG,0586_20140417_HBi_03_RAY_1376.JPG,.jpg,1131375,03,03,2014-04-17,80_and_above,13,13,03_13,labeled,,,03::0586_20140417_HBi_03_RAY,filename_trailing_number,medium,1993,880,JPEG,readable,a6715b0d630bad3148d556fc80ef64fffc88f25be1a7556813dc1516ce20728e,unknown,pending,unreviewed,,
IMG_f0e20029fd5e8703,80 and above/14/0522_20140417_HBi_03_RAY_1263.JPG,0522_20140417_HBi_03_RAY_1263.JPG,.jpg,2023870,03,03,2014-04-17,80_and_above,14,14,03_14,labeled,,,03::0522_20140417_HBi_03_RAY,filename_trailing_number,medium,2910,1137,JPEG,readable,4034e64f0dfd311a03e622abde8810643c86ff419f19ee5d5de28b4fd9acf69e,unknown,pending,unreviewed,,
IMG_23eee2d344e472b9,80 and above/14/0523_20140417_HBi_03_RAY_1264.JPG,0523_20140417_HBi_03_RAY_1264.JPG,.jpg,6373290,03,03,2014-04-17,80_and_above,14,14,03_14,labeled,,,03::0523_20140417_HBi_03_RAY,filename_trailing_number,medium,4896,3264,JPEG,readable,2523b4788672cb908c54fb2f8c960e9b08bb8ccac696bba5ab64701bfe9b43bb,unknown,pending,unreviewed,,
IMG_8579e0f92fd66f9d,80 and above/14/0805_20140417_HBi_03_RAY_1821.JPG,0805_20140417_HBi_03_RAY_1821.JPG,.jpg,1108623,03,03,2014-04-17,80_and_above,14,14,03_14,labeled,,,03::0805_20140417_HBi_03_RAY,filename_trailing_number,medium,2302,750,JPEG,readable,a24aa415240886d20b012ae168e26a8daa7b03430c14f588b0712830ccee0949,unknown,pending,unreviewed,,
IMG_ddd70b9780e4c7de,80 and above/15/0601_20140417_HBi_03_RAY_1404.JPG,0601_20140417_HBi_03_RAY_1404.JPG,.jpg,515467,03,03,2014-04-17,80_and_above,15,15,03_15,labeled,,,03::0601_20140417_HBi_03_RAY,filename_trailing_number,medium,1511,506,JPEG,readable,5e07109e8bce40893cb3e33e4fa7f447d39a06c838b7191837204a9a4919047b,unknown,pending,unreviewed,,
IMG_3cda19cb77f73495,80 and above/16/0672_20140417_HBi_03_RAY_1545.JPG,0672_20140417_HBi_03_RAY_1545.JPG,.jpg,2606441,03,03,2014-04-17,80_and_above,16,16,03_16,labeled,,,03::0672_20140417_HBi_03_RAY,filename_trailing_number,medium,3176,1343,JPEG,readable,f877b3a1d61209d6898dde6838bd7df5fbb78b1bdf774efeab5a3d9d7c886add,unknown,pending,unreviewed,,
IMG_43f6242b9c65ab2d,80 and above/16/0722_20140417_HBi_03_RAY_1670.JPG,0722_20140417_HBi_03_RAY_1670.JPG,.jpg,6825869,03,03,2014-04-17,80_and_above,16,16,03_16,labeled,,,03::0722_20140417_HBi_03_RAY,filename_trailing_number,medium,4896,3264,JPEG,readable,26cc9d92e0d6cddc3e10a52461329632a5b358af9a612b33dbb2d6ca52e73595,unknown,pending,unreviewed,,
IMG_84f7a1d69468357d,80 and above/16/0910_20140417_HBi_03_RAY_1983.JPG,0910_20140417_HBi_03_RAY_1983.JPG,.jpg,6509848,03,03,2014-04-17,80_and_above,16,16,03_16,labeled,,,03::0910_20140417_HBi_03_RAY,filename_trailing_number,medium,4896,3264,JPEG,readable,8e7b8c401b8208e9b89ec2089f20b8663aa7fd65cc164b8744b31762deb5e060,unknown,pending,unreviewed,,
IMG_ba4f15b50f74beff,80 and above/16/0911_20140417_HBi_03_RAY_1984.JPG,0911_20140417_HBi_03_RAY_1984.JPG,.jpg,6534279,03,03,2014-04-17,80_and_above,16,16,03_16,labeled,,,03::0911_20140417_HBi_03_RAY,filename_trailing_number,medium,4896,3264,JPEG,readable,0be98e7add911dca04045626f4cc61502de3ceba2ca36ab8e3090c779b86028f,unknown,pending,unreviewed,,
IMG_db9875e2b237edd3,80 and above/16/0920_20140417_HBi_03_RAY_1993.JPG,0920_20140417_HBi_03_RAY_1993.JPG,.jpg,7004825,03,03,2014-04-17,80_and_above,16,16,03_16,labeled,,,03::0920_20140417_HBi_03_RAY,filename_trailing_number,medium,4874,2681,JPEG,readable,c1ea1a6eb709c78476d9e8d5724adb3e3e46eaa083ee10c11213838fe29ea6e0,unknown,pending,unreviewed,,
IMG_5ce0980d29583409,80 and above/17/0676_20140417_HBi_03_RAY_1550.JPG,0676_20140417_HBi_03_RAY_1550.JPG,.jpg,3194525,03,03,2014-04-17,80_and_above,17,17,03_17,labeled,,,03::0676_20140417_HBi_03_RAY,filename_trailing_number,medium,3111,1774,JPEG,readable,0072ba7882037c1aa4997dfb5776a161e8d19bb4be6ade5ed2005208ecce3e87,unknown,pending,unreviewed,,
IMG_5ded501d0f5b1c92,80 and above/18/0682_20140417_HBi_03_RAY_1558.JPG,0682_20140417_HBi_03_RAY_1558.JPG,.jpg,2433148,03,03,2014-04-17,80_and_above,18,18,03_18,labeled,,,03::0682_20140417_HBi_03_RAY,filename_trailing_number,medium,3214,1278,JPEG,readable,a2e15dd9836b9a137d0e6ff6ef56c7a0fe8e32380541c081c7ac18673d1632b1,unknown,pending,unreviewed,,
IMG_88989ec7c9b90745,80 and above/18/0683_20140417_HBi_03_RAY_1559.JPG,0683_20140417_HBi_03_RAY_1559.JPG,.jpg,6129113,03,03,2014-04-17,80_and_above,18,18,03_18,labeled,,,03::0683_20140417_HBi_03_RAY,filename_trailing_number,medium,4896,3264,JPEG,readable,21a5d23b65c843b38b2cfcd9628bbe0bed3f5a4eb8f6cf91006a7967beb02466,unknown,pending,unreviewed,,
IMG_ada3c7714cd970b3,80 and above/19/0158_20140417_HBi_03_RAY_2081.JPG,0158_20140417_HBi_03_RAY_2081.JPG,.jpg,4840492,03,03,2014-04-17,80_and_above,19,19,03_19,labeled,,,03::0158_20140417_HBi_03_RAY,filename_trailing_number,medium,4827,1652,JPEG,readable,d06c2c6969b0da77f08a967653fbbdbfe18b1785e5407e4dd1bcf4c1acb6a744,unknown,pending,unreviewed,,
IMG_1d5206db18203ba7,80 and above/19/0160_20140417_HBi_03_RAY_2085.JPG,0160_20140417_HBi_03_RAY_2085.JPG,.jpg,5829312,03,03,2014-04-17,80_and_above,19,19,03_19,labeled,,,03::0160_20140417_HBi_03_RAY,filename_trailing_number,medium,4896,3264,JPEG,readable,e914f3231b000855a410402c667e77cd30f4c7c1456238fbefc57f179a954583,unknown,pending,unreviewed,,
IMG_14e79d03c1704745,80 and above/19/0795_20140417_HBi_03_RAY_1808.JPG,0795_20140417_HBi_03_RAY_1808.JPG,.jpg,8480604,03,03,2014-04-17,80_and_above,19,19,03_19,labeled,,,03::0795_20140417_HBi_03_RAY,filename_trailing_number,medium,4896,3264,JPEG,readable,ca3d21d96f68425b38257685f85e5968f5c28305e266cc01c5f7dcd3ec56b2a7,unknown,pending,unreviewed,,
IMG_c57f9d611fd1635a,80 and above/20/0142_20140417_HBi_03_RAY_2013.JPG,0142_20140417_HBi_03_RAY_2013.JPG,.jpg,5094751,03,03,2014-04-17,80_and_above,20,20,03_20,labeled,,,03::0142_20140417_HBi_03_RAY,filename_trailing_number,medium,4896,3264,JPEG,readable,f6116384079272ec2ec48e0317fa23b75fa8596a6aa8aff62fa8c2319a82de43,unknown,pending,unreviewed,,
IMG_97c531019a7ad5ae,80 and above/20/0143_20140417_HBi_03_RAY_2014.JPG,0143_20140417_HBi_03_RAY_2014.JPG,.jpg,5064044,03,03,2014-04-17,80_and_above,20,20,03_20,labeled,,,03::0143_20140417_HBi_03_RAY,filename_trailing_number,medium,4416,2475,JPEG,readable,1a4acfc536953329af1ec1d2d7b7a1f30faba13385708573f3138838406ffb2e,unknown,pending,unreviewed,,
IMG_d71fa1d9962a816c,80 and above/20/0912_20140417_HBi_03_RAY_1985.JPG,0912_20140417_HBi_03_RAY_1985.JPG,.jpg,7141653,03,03,2014-04-17,80_and_above,20,20,03_20,labeled,,,03::0912_20140417_HBi_03_RAY,filename_trailing_number,medium,4896,3264,JPEG,readable,d7ce65a2089f2e8b344582c20d7ee9b0182f7f350533abb3f2e538471e9115a3,unknown,pending,unreviewed,,
IMG_56c52fd2b2f396b8,80 and above/20/0913_20140417_HBi_03_RAY_1986.JPG,0913_20140417_HBi_03_RAY_1986.JPG,.jpg,1343697,03,03,2014-04-17,80_and_above,20,20,03_20,labeled,,,03::0913_20140417_HBi_03_RAY,filename_trailing_number,medium,2030,1081,JPEG,readable,528d6b0acc6517a947ec96099079c5c43b2db5277abfd5ee4060963a9e312201,unknown,pending,unreviewed,,
IMG_3ba45ee470395152,80 and above/27/0149_20140417_HBi_03_RAY_2028.JPG,0149_20140417_HBi_03_RAY_2028.JPG,.jpg,1402355,03,03,2014-04-17,80_and_above,27,27,03_27,labeled,,,03::0149_20140417_HBi_03_RAY,filename_trailing_number,medium,2283,1049,JPEG,readable,151fff0878be85dcb5d21776db8ac116a3e6dd478d891e4af10e878ba486f545,unknown,pending,unreviewed,,
IMG_a606bdc025c9a6f7,80 and above/27/0150_20140417_HBi_03_RAY_2029.JPG,0150_20140417_HBi_03_RAY_2029.JPG,.jpg,6161708,03,03,2014-04-17,80_and_above,27,27,03_27,labeled,,,03::0150_20140417_HBi_03_RAY,filename_trailing_number,medium,4896,3264,JPEG,readable,20bafa751fdda0dd71a92cef78e13fa375d870f47ef1810132b62f225a7d64c3,unknown,pending,unreviewed,,
IMG_0477741c24dab835,80 and above/31/0166_20140417_HBi_03_RAY_2108.JPG,0166_20140417_HBi_03_RAY_2108.JPG,.jpg,1871071,03,03,2014-04-17,80_and_above,31,31,03_31,labeled,,,03::0166_20140417_HBi_03_RAY,filename_trailing_number,medium,2816,1235,JPEG,readable,ce47764cb71c5d6cfb9097c451a0652058626ced5a2d29dbb3479e4970ca151d,unknown,pending,unreviewed,,
IMG_8e3a299e2759fd8a,80 and above/31/0167_20140417_HBi_03_RAY_2109.JPG,0167_20140417_HBi_03_RAY_2109.JPG,.jpg,4720423,03,03,2014-04-17,80_and_above,31,31,03_31,labeled,,,03::0167_20140417_HBi_03_RAY,filename_trailing_number,medium,4896,3264,JPEG,readable,da6dd6e169e1323a4652710fc18f38687fbbff804f8cc6ccd5f9f59d86c7e6ae,unknown,pending,unreviewed,,
IMG_50294b303015fd84,below 50/0196_20140417_HBi_03_RAY_0715.JPG,0196_20140417_HBi_03_RAY_0715.JPG,.jpg,4384050,03,03,2014-04-17,below_50,below 50,,,ignored,,,03::0196_20140417_HBi_03_RAY,filename_trailing_number,medium,4896,3264,JPEG,readable,8c9b2edba663ace4b89b3b763a6372124505424cfe00c3cc2062de02b3ee74eb,unknown,pending,unreviewed,,
IMG_043a320f48659bc3,below 50/0197_20140417_HBi_03_RAY_0717.JPG,0197_20140417_HBi_03_RAY_0717.JPG,.jpg,6505459,03,03,2014-04-17,below_50,below 50,,,ignored,,,03::0197_20140417_HBi_03_RAY,filename_trailing_number,medium,4896,3264,JPEG,readable,ec3dd7e6f1caa92d31b9356b611113fa2bf09cf8ee54e83aa2aaaddfa9cc205f,unknown,pending,unreviewed,,
IMG_7cf04c89708cbdee,DEREK/RES20002.JPG,RES20002.JPG,.jpg,5809185,03,03,,unknown,DEREK,,,ignored,,,03::DEREK,parent_folder_fallback,low,4896,3264,JPEG,readable,2310dc063685838ae3399277b6fcd6e5373979f1b151ce8f946d8a6ae7b3fa97,unknown,pending,unreviewed,,
IMG_7dfd15b84d24f23b,DEREK/RES20003.JPG,RES20003.JPG,.jpg,5855405,03,03,,unknown,DEREK,,,ignored,,,03::DEREK,parent_folder_fallback,low,4896,3264,JPEG,readable,98948a43fc459ebaba7a75f09947999f164dacb0e3c909c48f13f9c890787541,unknown,pending,unreviewed,,
IMG_7cdd018b1e627f4a,DEREK/RES20005.JPG,RES20005.JPG,.jpg,5799032,03,03,,unknown,DEREK,,,ignored,,,03::DEREK,parent_folder_fallback,low,4896,3264,JPEG,readable,a1a2df13a30986b9b75d4965371419b5f5b5b438ed0b0de788a559a90fdca313,unknown,pending,unreviewed,,
IMG_b667e0100f61a02a,DEREK/RES20006.JPG,RES20006.JPG,.jpg,5794389,03,03,,unknown,DEREK,,,ignored,,,03::DEREK,parent_folder_fallback,low,4896,3264,JPEG,readable,5df6508e50701e345811f1f57f5ce845a804d46fe99c35d6d8eba79bac0e4a39,unknown,pending,unreviewed,,
IMG_9ae23da57eb827cf,DEREK/RES20007.JPG,RES20007.JPG,.jpg,5176992,03,03,,unknown,DEREK,,,ignored,,,03::DEREK,parent_folder_fallback,low,4896,3264,JPEG,readable,e90f469d2a725552ca2d40ee1851c5c47b9211cbe64b837328ce0f1d1e118c3f,unknown,pending,unreviewed,,
IMG_f2f6c7163c34f210,DEREK/RES20008.JPG,RES20008.JPG,.jpg,5403218,03,03,,unknown,DEREK,,,ignored,,,03::DEREK,parent_folder_fallback,low,4896,3264,JPEG,readable,580cc895e668bb26d51f141e84901eb441d256f8324057d686409980bf5b2cfe,unknown,pending,unreviewed,,
IMG_931892bb803d27de,DEREK/RES20010.JPG,RES20010.JPG,.jpg,5649893,03,03,,unknown,DEREK,,,ignored,,,03::DEREK,parent_folder_fallback,low,4896,3264,JPEG,readable,e9c6b7e6322f635338ef47c18d374942f55fe210c96a5b0677beaea753d0cebe,unknown,pending,unreviewed,,
IMG_60befda4e280ea63,DEREK/RES20011.JPG,RES20011.JPG,.jpg,5640895,03,03,,unknown,DEREK,,,ignored,,,03::DEREK,parent_folder_fallback,low,4896,3264,JPEG,readable,7cb2843ae8ae01632f1788f9e44fece3c8f99ec9da749fcb30554e3c1944964f,unknown,pending,unreviewed,,
IMG_62b45b8e087ed231,DEREK/RES20012.JPG,RES20012.JPG,.jpg,5692998,03,03,,unknown,DEREK,,,ignored,,,03::DEREK,parent_folder_fallback,low,4896,3264,JPEG,readable,0abe927f0ad9fd6068aad1b7064d3ef86fe83052d27a9afb57badb27863381a7,unknown,pending,unreviewed,,
IMG_3903037ceef83233,DEREK/RES20013.JPG,RES20013.JPG,.jpg,5511190,03,03,,unknown,DEREK,,,ignored,,,03::DEREK,parent_folder_fallback,low,4896,3264,JPEG,readable,60181ae3f2bde9779f2d09f339daf744947453cdee2a7350dfde62466146f35d,unknown,pending,unreviewed,,
IMG_344cab06fabb108c,DEREK/RES20014.JPG,RES20014.JPG,.jpg,5466569,03,03,,unknown,DEREK,,,ignored,,,03::DEREK,parent_folder_fallback,low,4896,3264,JPEG,readable,a5c72c11494f7c40b9842fbe1df767a0ecde73cde6b8fa2436f54fac60779c71,unknown,pending,unreviewed,,
IMG_610e26e52317503a,DEREK/RES20016.JPG,RES20016.JPG,.jpg,6260371,03,03,,unknown,DEREK,,,ignored,,,03::DEREK,parent_folder_fallback,low,4896,3264,JPEG,readable,0af37b53664b94a54c4ce1b90390e3cee0b25cf9d1242b0df8be414f239a1dc9,unknown,pending,unreviewed,,
IMG_c120e93aa04c485b,DEREK/RES20017.JPG,RES20017.JPG,.jpg,5790919,03,03,,unknown,DEREK,,,ignored,,,03::DEREK,parent_folder_fallback,low,4896,3264,JPEG,readable,0248ed5ea5917d4eeef2b7f062edf04188615bff39129cd9085e465102301f95,unknown,pending,unreviewed,,
IMG_f8f24dfcff033059,DEREK/RES20018.JPG,RES20018.JPG,.jpg,5547912,03,03,,unknown,DEREK,,,ignored,,,03::DEREK,parent_folder_fallback,low,4896,3264,JPEG,readable,47f2d0ad4c12e6805c2abf7d50027743905140e308a78a91ac4875083c5c9e80,unknown,pending,unreviewed,,
IMG_ce882b8ebd6dd7a5,DEREK/RES20020.JPG,RES20020.JPG,.jpg,6434237,03,03,,unknown,DEREK,,,ignored,,,03::DEREK,parent_folder_fallback,low,4896,3264,JPEG,readable,d45b2b8a2f643201454477332aec4dd96a273bcb488973527afca7b50605bd73,unknown,pending,unreviewed,,
IMG_1e4fee371abb2032,DEREK/RES20021.JPG,RES20021.JPG,.jpg,5075660,03,03,,unknown,DEREK,,,ignored,,,03::DEREK,parent_folder_fallback,low,4896,3264,JPEG,readable,f8b9a5c1af5907262bbbd4eda3308214ac651b5656aa245eb143fbb997207317,unknown,pending,unreviewed,,
IMG_f3024c7148913163,DEREK/RES20023.JPG,RES20023.JPG,.jpg,5754474,03,03,,unknown,DEREK,,,ignored,,,03::DEREK,parent_folder_fallback,low,4896,3264,JPEG,readable,38b399b0e6ead0527dfffc1f6c93c6ba60aa1cb860caed9ebe25dc45f0f75287,unknown,pending,unreviewed,,
IMG_45676d673067365d,DEREK/RES20026.JPG,RES20026.JPG,.jpg,5536421,03,03,,unknown,DEREK,,,ignored,,,03::DEREK,parent_folder_fallback,low,4896,3264,JPEG,readable,e73d223a7a5b010290f59747f6387d854737fa6a31f2a3951eadfa7884e0c1b3,unknown,pending,unreviewed,,
IMG_c7d3e1ba5a30b395,DEREK/RES20027.JPG,RES20027.JPG,.jpg,5583785,03,03,,unknown,DEREK,,,ignored,,,03::DEREK,parent_folder_fallback,low,4896,3264,JPEG,readable,a99fc65936f374dcac26e650864e7c48cf61ccc515ce64f23f4165db95e74537,unknown,pending,unreviewed,,
IMG_961ff6ee1bbb385c,DEREK/RES20028.JPG,RES20028.JPG,.jpg,5647058,03,03,,unknown,DEREK,,,ignored,,,03::DEREK,parent_folder_fallback,low,4896,3264,JPEG,readable,fbf9f8375b57c30343d8a843112c0a1f67ed0c604f24cf338d0f1a9f39240124,unknown,pending,unreviewed,,
IMG_34782a7cc41bcd31,DEREK/RES20032.JPG,RES20032.JPG,.jpg,6682041,03,03,,unknown,DEREK,,,ignored,,,03::DEREK,parent_folder_fallback,low,4896,3264,JPEG,readable,425310bc8ad9a31539fcda1a0fe5dae6007a6b71e6085faaebd9d5d8bdb371c9,unknown,pending,unreviewed,,
IMG_4285eeebef09009e,DEREK/RES20033.JPG,RES20033.JPG,.jpg,6239923,03,03,,unknown,DEREK,,,ignored,,,03::DEREK,parent_folder_fallback,low,4896,3264,JPEG,readable,ca6c12fc0b51c03f86ee5184d98639879cfcb7af82ae28138fb2482e07142d2e,unknown,pending,unreviewed,,
IMG_30fdbf422c2647ea,DEREK/RES20034.JPG,RES20034.JPG,.jpg,6301338,03,03,,unknown,DEREK,,,ignored,,,03::DEREK,parent_folder_fallback,low,4896,3264,JPEG,readable,a47319deae742911c092617d615c0eb734439d6435e07cbe9f91994bc4d8eee6,unknown,pending,unreviewed,,
IMG_b031dace840dad75,DEREK/RES20036.JPG,RES20036.JPG,.jpg,6576051,03,03,,unknown,DEREK,,,ignored,,,03::DEREK,parent_folder_fallback,low,4896,3264,JPEG,readable,fb63fe6ba88bc943b4bfebf87110c0ce6723aa3f74d7ce964f6c4fb44d2dd298,unknown,pending,unreviewed,,
IMG_307980403c8d0c6f,DEREK/RES20037.JPG,RES20037.JPG,.jpg,6603763,03,03,,unknown,DEREK,,,ignored,,,03::DEREK,parent_folder_fallback,low,4896,3264,JPEG,readable,fd474b7a6ada367073563e5e6c1006d65ec36bb666d7a8c294c3246b319caab8,unknown,pending,unreviewed,,
IMG_c8147781b69fbe47,DEREK/RES20039.JPG,RES20039.JPG,.jpg,6193084,03,03,,unknown,DEREK,,,ignored,,,03::DEREK,parent_folder_fallback,low,4896,3264,JPEG,readable,1b936fc9e6c251f62fb9c414480b56062f189dbcfdbd51644b072bbf79e6eac6,unknown,pending,unreviewed,,
IMG_dcc7cf9ff7ca0884,DEREK/RES20043.JPG,RES20043.JPG,.jpg,6223885,03,03,,unknown,DEREK,,,ignored,,,03::DEREK,parent_folder_fallback,low,4896,3264,JPEG,readable,09cd714ed4c39b57712432fb75aa1c12c52f547c7662b238bbdec377ecc5d707,unknown,pending,unreviewed,,
IMG_0926edbf21d781ce,DEREK/RES20044.JPG,RES20044.JPG,.jpg,6473284,03,03,,unknown,DEREK,,,ignored,,,03::DEREK,parent_folder_fallback,low,4896,3264,JPEG,readable,ad78105ac7281c7c7516fa80e00016853d034917577290af7ffbfd7f95d764e2,unknown,pending,unreviewed,,
IMG_2727c75ab44b3bcc,DEREK/RES20047.JPG,RES20047.JPG,.jpg,5686993,03,03,,unknown,DEREK,,,ignored,,,03::DEREK,parent_folder_fallback,low,4896,3264,JPEG,readable,cd3d48f9208822c71bf38cced81ebcbd2963efdd9b3c358fec2bae7d23e45b25,unknown,pending,unreviewed,,
IMG_62763bedb4cc2d60,DEREK/RES20048.JPG,RES20048.JPG,.jpg,5787547,03,03,,unknown,DEREK,,,ignored,,,03::DEREK,parent_folder_fallback,low,4896,3264,JPEG,readable,e7fa718449cfc1652f9963a873c8cf874c79a402fb7797fabfcb2325b8a1654b,unknown,pending,unreviewed,,
IMG_0255784aa5021ffc,DEREK/RES20050.JPG,RES20050.JPG,.jpg,5992077,03,03,,unknown,DEREK,,,ignored,,,03::DEREK,parent_folder_fallback,low,4896,3264,JPEG,readable,862ec16cef5fdc444a36de86c74a8a7706962c2f389f203f058b2043592eec53,unknown,pending,unreviewed,,
IMG_1238c683e4279fc5,DEREK/RES20051.JPG,RES20051.JPG,.jpg,6068545,03,03,,unknown,DEREK,,,ignored,,,03::DEREK,parent_folder_fallback,low,4896,3264,JPEG,readable,6c43bb9e1b120e87803ff4b1f5a43fcfaae20e5b2d6b7385aff4b3bb5de9c995,unknown,pending,unreviewed,,
IMG_dee5b2988db94b27,DEREK/RES20052.JPG,RES20052.JPG,.jpg,7043159,03,03,,unknown,DEREK,,,ignored,,,03::DEREK,parent_folder_fallback,low,4896,3264,JPEG,readable,a321d7b9a2531028ca9ec807bdc112f63468a46d3b9ff212070f02d3ab01aa04,unknown,pending,unreviewed,,
IMG_959032cb94e8cbf8,DEREK/RES20053.JPG,RES20053.JPG,.jpg,6959049,03,03,,unknown,DEREK,,,ignored,,,03::DEREK,parent_folder_fallback,low,4896,3264,JPEG,readable,986097c23c6197a6dd3abc939c9b7b0828e38fa369d9251667c2e0f204420533,unknown,pending,unreviewed,,
IMG_c9a57651ea991775,DEREK/RES20054.JPG,RES20054.JPG,.jpg,6872804,03,03,,unknown,DEREK,,,ignored,,,03::DEREK,parent_folder_fallback,low,4896,3264,JPEG,readable,9d610eec8be797110f25db772ab44d19b359938e45a791a92ed2e2902ef9954d,unknown,pending,unreviewed,,
IMG_a947a37bdb5eb67e,DEREK/RES20055.JPG,RES20055.JPG,.jpg,5196478,03,03,,unknown,DEREK,,,ignored,,,03::DEREK,parent_folder_fallback,low,4896,3264,JPEG,readable,ef61d103e627d4ff5490c66b688350c86b09781d85d03f639f1191d3da858a68,unknown,pending,unreviewed,,
IMG_e3fb888adfcecc8b,DEREK/RES21907.JPG,RES21907.JPG,.jpg,5606327,03,03,,unknown,DEREK,,,ignored,,,03::DEREK,parent_folder_fallback,low,4896,3264,JPEG,readable,a02e9ce8b136a3b635c929920a29e77b67817ee84b2d404412fd52c3dd89f542,unknown,pending,unreviewed,,
IMG_92d4c6405d348e41,DEREK/RES21908.JPG,RES21908.JPG,.jpg,5577059,03,03,,unknown,DEREK,,,ignored,,,03::DEREK,parent_folder_fallback,low,4896,3264,JPEG,readable,6461b72bf59efffa8dbb2f7a28feed3a03e76d87cdb5d1c18d99cba41934dff4,unknown,pending,unreviewed,,
IMG_c60a5b8d1d0e7e98,DEREK/RES21909.JPG,RES21909.JPG,.jpg,5847013,03,03,,unknown,DEREK,,,ignored,,,03::DEREK,parent_folder_fallback,low,4896,3264,JPEG,readable,abac0c9d6b5ca8c64e24adc4b8c21759f1f7287b5c519ce86c80c5058f1c1113,unknown,pending,unreviewed,,
IMG_2d07d8c082a23899,DEREK/RES21911.JPG,RES21911.JPG,.jpg,5679055,03,03,,unknown,DEREK,,,ignored,,,03::DEREK,parent_folder_fallback,low,4896,3264,JPEG,readable,31e5587eb3591934cac3a49f0509b563bdb1f32380e8f000d63092e511c505f1,unknown,pending,unreviewed,,
IMG_66b9c68ffca2146a,DEREK/RES21912.JPG,RES21912.JPG,.jpg,5679959,03,03,,unknown,DEREK,,,ignored,,,03::DEREK,parent_folder_fallback,low,4896,3264,JPEG,readable,0e7ee989093e4b722d1576c890673a6f76b554465688404d94dc6e93f55c517d,unknown,pending,unreviewed,,
IMG_b2352ec2e892c478,DEREK/RES21918.JPG,RES21918.JPG,.jpg,6938650,03,03,,unknown,DEREK,,,ignored,,,03::DEREK,parent_folder_fallback,low,4896,3264,JPEG,readable,e090e1e3da32b44e822e80507d26bf48e04f53b070079b96fdc8692bc4f5b44c,unknown,pending,unreviewed,,
IMG_980cc0ab8ebd4b16,DEREK/RES21919.JPG,RES21919.JPG,.jpg,4954529,03,03,,unknown,DEREK,,,ignored,,,03::DEREK,parent_folder_fallback,low,4896,3264,JPEG,readable,ec72a0274511963ae2a79b75cbc5405785d9b1a4a93460a319a89c69bd8cf6a8,unknown,pending,unreviewed,,
IMG_66ec061772fe58aa,DEREK/RES21920.JPG,RES21920.JPG,.jpg,5079641,03,03,,unknown,DEREK,,,ignored,,,03::DEREK,parent_folder_fallback,low,4896,3264,JPEG,readable,40f748fb04d1e3612ed5421125d0ab20e85319819dcb27f5603ad1070767e9e4,unknown,pending,unreviewed,,
IMG_b1d09ccb2aacfcf6,DEREK/RES21921.JPG,RES21921.JPG,.jpg,5183412,03,03,,unknown,DEREK,,,ignored,,,03::DEREK,parent_folder_fallback,low,4896,3264,JPEG,readable,02fb67ab28355d30c7742c789c0837d069717f59c28de6f062f7ab5b4a06a9c6,unknown,pending,unreviewed,,
IMG_aa204261a729b0e1,DEREK/RES21922.JPG,RES21922.JPG,.jpg,5126029,03,03,,unknown,DEREK,,,ignored,,,03::DEREK,parent_folder_fallback,low,4896,3264,JPEG,readable,ea92aa25260a6bcfb28e61728e079c430afa6a853ce00d5bbfa46ea39de4a51e,unknown,pending,unreviewed,,
IMG_74a988db71d7fc24,DEREK/RES21924.JPG,RES21924.JPG,.jpg,5289288,03,03,,unknown,DEREK,,,ignored,,,03::DEREK,parent_folder_fallback,low,4896,3264,JPEG,readable,9cd60e17287c6edf30306424e2b037583febb8c9abb1009b453d4282a5d79e9c,unknown,pending,unreviewed,,
IMG_12dd0f5956af472d,DEREK/RES21927.JPG,RES21927.JPG,.jpg,5092175,03,03,,unknown,DEREK,,,ignored,,,03::DEREK,parent_folder_fallback,low,4896,3264,JPEG,readable,0eac2c9cf592c9babedff9ed454918ff39fc2dc64b667fce414be4e222248f33,unknown,pending,unreviewed,,
IMG_1f215efbc3e11702,DEREK/RES21928.JPG,RES21928.JPG,.jpg,5375671,03,03,,unknown,DEREK,,,ignored,,,03::DEREK,parent_folder_fallback,low,4896,3264,JPEG,readable,513f135e42988c0e0e4b68c1629de1a43f2ee6e0950eea8e604f3fc3ea0f2578,unknown,pending,unreviewed,,
IMG_17d76ca51c5661dc,DEREK/RES21929.JPG,RES21929.JPG,.jpg,5269381,03,03,,unknown,DEREK,,,ignored,,,03::DEREK,parent_folder_fallback,low,4896,3264,JPEG,readable,160b0bb36df9e01ad5b9bb09724b3014bfc6302fc36302abfdb709ef553c3b4b,unknown,pending,unreviewed,,
IMG_9062a7e37749aa63,DEREK/RES21932.JPG,RES21932.JPG,.jpg,6315209,03,03,,unknown,DEREK,,,ignored,,,03::DEREK,parent_folder_fallback,low,4896,3264,JPEG,readable,c8688923f9e7fb60d29a51d5240f1fc061662b2afc6ec7f1cb2c9a42f157d285,unknown,pending,unreviewed,,
IMG_3dfd2cb76bc1a997,DEREK/RES21933.JPG,RES21933.JPG,.jpg,5332117,03,03,,unknown,DEREK,,,ignored,,,03::DEREK,parent_folder_fallback,low,4896,3264,JPEG,readable,174ac284b8f6bba547d0d6e01b11d818f1834426adee33361d5e61d9fcac0981,unknown,pending,unreviewed,,
IMG_c6463117953e6184,DEREK/RES21935.JPG,RES21935.JPG,.jpg,5234186,03,03,,unknown,DEREK,,,ignored,,,03::DEREK,parent_folder_fallback,low,4896,3264,JPEG,readable,5b1647a7d534180e7a8905982687f55074bd7627afa64cba1896f9e7715d43bc,unknown,pending,unreviewed,,
IMG_a098b796cdb8e02a,DEREK/RES21936.JPG,RES21936.JPG,.jpg,5194321,03,03,,unknown,DEREK,,,ignored,,,03::DEREK,parent_folder_fallback,low,4896,3264,JPEG,readable,256418f3d4751932657be37614633260a5b790dd30bd44bb354f8742087a005b,unknown,pending,unreviewed,,
IMG_f43c690749d722e9,DEREK/RES21938.JPG,RES21938.JPG,.jpg,5234600,03,03,,unknown,DEREK,,,ignored,,,03::DEREK,parent_folder_fallback,low,4896,3264,JPEG,readable,b24d36940cfcadddc5a75d7a061b85c4532731f194d59c6bc27537a0ed0d272f,unknown,pending,unreviewed,,
IMG_ac11bc4cbff258c1,DEREK/RES21939.JPG,RES21939.JPG,.jpg,5754625,03,03,,unknown,DEREK,,,ignored,,,03::DEREK,parent_folder_fallback,low,4896,3264,JPEG,readable,7f783aa4dedcadf69bf04b27260b4aa2646edb6c79de4a1660b444554aa24eae,unknown,pending,unreviewed,,
IMG_a23533afa12aa4f3,DEREK/RES21940.JPG,RES21940.JPG,.jpg,6121867,03,03,,unknown,DEREK,,,ignored,,,03::DEREK,parent_folder_fallback,low,4896,3264,JPEG,readable,15b9010883b16bf2c169f62ba9e97bef1c58b11bf521efd490b88ebfa2e4fc78,unknown,pending,unreviewed,,
IMG_e00d0801cde2564a,DEREK/RES21953.JPG,RES21953.JPG,.jpg,5381622,03,03,,unknown,DEREK,,,ignored,,,03::DEREK,parent_folder_fallback,low,4896,3264,JPEG,readable,3b8984881c341877eaf611835691ba93bd19ed50d7d1647341797cd8ec2ae1e5,unknown,pending,unreviewed,,
IMG_744e0eb3f3238e01,DEREK/RES21955.JPG,RES21955.JPG,.jpg,5449764,03,03,,unknown,DEREK,,,ignored,,,03::DEREK,parent_folder_fallback,low,4896,3264,JPEG,readable,fe2536e7f1067b68fcfb8526526cf95b21c786108169524dbfbe3177b8b21d06,unknown,pending,unreviewed,,
IMG_d38916000c4c758a,DEREK/RES21956.JPG,RES21956.JPG,.jpg,5324369,03,03,,unknown,DEREK,,,ignored,,,03::DEREK,parent_folder_fallback,low,4896,3264,JPEG,readable,2b331c8b65186b0156d920e04eed0db0afa72fbfc069a580651d4233ff3faa90,unknown,pending,unreviewed,,
IMG_3b3ebca94d18f374,DEREK/RES21957.JPG,RES21957.JPG,.jpg,5419911,03,03,,unknown,DEREK,,,ignored,,,03::DEREK,parent_folder_fallback,low,4896,3264,JPEG,readable,6e6415312756944732f647940fb4d7870b930d2d12f4e8e51c5a2e78dfc99837,unknown,pending,unreviewed,,
IMG_e23c4161f86780b7,DEREK/RES21959.JPG,RES21959.JPG,.jpg,5717643,03,03,,unknown,DEREK,,,ignored,,,03::DEREK,parent_folder_fallback,low,4896,3264,JPEG,readable,1d115aff3a70b7a8ab8d8c86d09a61175acc7ac6d3b05d6e1ec3e067bf6b3506,unknown,pending,unreviewed,,
IMG_78d541835f73a489,DEREK/RES21960.JPG,RES21960.JPG,.jpg,5280452,03,03,,unknown,DEREK,,,ignored,,,03::DEREK,parent_folder_fallback,low,4896,3264,JPEG,readable,0a45e7c589d5664ad42f2cda91e5f980686820b587c1730e7f1e003c2eb66c3b,unknown,pending,unreviewed,,
IMG_a2a7bdff3319e989,DEREK/RES21961.JPG,RES21961.JPG,.jpg,5208480,03,03,,unknown,DEREK,,,ignored,,,03::DEREK,parent_folder_fallback,low,4896,3264,JPEG,readable,9740fbe8138c16403446abdcb74d7b11e01d62a7fac9a6b225aadf25dcc352a9,unknown,pending,unreviewed,,
IMG_f07f701dc3cc501a,DEREK/RES21967.JPG,RES21967.JPG,.jpg,6240132,03,03,,unknown,DEREK,,,ignored,,,03::DEREK,parent_folder_fallback,low,4896,3264,JPEG,readable,3a06ec1d3c00c7d2d5950995be384198220f255d678d8c982655a00c15f2c2d3,unknown,pending,unreviewed,,
IMG_91576feaf7f5ee10,DEREK/RES21974.JPG,RES21974.JPG,.jpg,7088873,03,03,,unknown,DEREK,,,ignored,,,03::DEREK,parent_folder_fallback,low,4896,3264,JPEG,readable,b7fb33caba43e776879ffbb72ccf169de230c8d492fe06ea3d672fa081bdd2f1,unknown,pending,unreviewed,,
IMG_e80d500de57f6c73,DEREK/RES21975.JPG,RES21975.JPG,.jpg,6896249,03,03,,unknown,DEREK,,,ignored,,,03::DEREK,parent_folder_fallback,low,4896,3264,JPEG,readable,70670fbc2e633d79d7cdf85c088f7f0e092ee0193377729a4d6d61f9e9c9c71a,unknown,pending,unreviewed,,
IMG_0db8b7337a5ddec0,DEREK/RES21976.JPG,RES21976.JPG,.jpg,7434360,03,03,,unknown,DEREK,,,ignored,,,03::DEREK,parent_folder_fallback,low,4896,3264,JPEG,readable,3906dd8ee8953bcf66173a2137b7babfa680eb03b3e3401326a9fc2113425aaa,unknown,pending,unreviewed,,
IMG_154625d435bb2f61,DEREK/RES21977.JPG,RES21977.JPG,.jpg,7365709,03,03,,unknown,DEREK,,,ignored,,,03::DEREK,parent_folder_fallback,low,4896,3264,JPEG,readable,f34a0e54bea7fc019c3f205f4324a5009a27d9ba8ee4f39b6dc99a1bb337e0dc,unknown,pending,unreviewed,,
IMG_b1598f2db517fd07,DEREK/RES21978.JPG,RES21978.JPG,.jpg,7017935,03,03,,unknown,DEREK,,,ignored,,,03::DEREK,parent_folder_fallback,low,4896,3264,JPEG,readable,42ee7cf789537601bf004e17d84658bf5f5bdcf1ac46227fde4f5ea4a05cbf93,unknown,pending,unreviewed,,
IMG_58a71d817d6f93a3,DEREK/RES21979.JPG,RES21979.JPG,.jpg,7041048,03,03,,unknown,DEREK,,,ignored,,,03::DEREK,parent_folder_fallback,low,4896,3264,JPEG,readable,edff7cc8e6db0319481d4577b48b97735aba75e50af0ae85f879cf9fccfd3be4,unknown,pending,unreviewed,,
IMG_5ef64cadcaa54634,DEREK/RES21980.JPG,RES21980.JPG,.jpg,6776778,03,03,,unknown,DEREK,,,ignored,,,03::DEREK,parent_folder_fallback,low,4896,3264,JPEG,readable,14237652fcf22c6851b5d2bc7aa58d28f7a8535e9ef12ee9cc66f57a0ed77a9d,unknown,pending,unreviewed,,
IMG_a8c2a82e441cce45,DEREK/RES21983.JPG,RES21983.JPG,.jpg,6853651,03,03,,unknown,DEREK,,,ignored,,,03::DEREK,parent_folder_fallback,low,4896,3264,JPEG,readable,32ec8adc8be24242c5a01553894d271bf1826e237f7c52ad6a29dc4e72890018,unknown,pending,unreviewed,,
IMG_fb6c3e247ba17631,DEREK/RES21985.JPG,RES21985.JPG,.jpg,7153949,03,03,,unknown,DEREK,,,ignored,,,03::DEREK,parent_folder_fallback,low,4896,3264,JPEG,readable,5b8d0540ec1a3b280840a70a96229414d1826679715a375e62260902799adc4a,unknown,pending,unreviewed,,
IMG_be64732f1dbc11d0,DEREK/RES21986.JPG,RES21986.JPG,.jpg,7142241,03,03,,unknown,DEREK,,,ignored,,,03::DEREK,parent_folder_fallback,low,4896,3264,JPEG,readable,0f26e9ca28b18b816eeb75d5782ad73b7724f12addc36c09b8e263b4ac529062,unknown,pending,unreviewed,,
IMG_997dd79883fe74d8,DEREK/RES21988.JPG,RES21988.JPG,.jpg,6311801,03,03,,unknown,DEREK,,,ignored,,,03::DEREK,parent_folder_fallback,low,4896,3264,JPEG,readable,ac52f7f331c55da2aae99ba2c6eb786a46cf0879866fff748f2a80aa4b1ab6e6,unknown,pending,unreviewed,,
IMG_e56eeccb1110d064,DEREK/RES21989.JPG,RES21989.JPG,.jpg,6387290,03,03,,unknown,DEREK,,,ignored,,,03::DEREK,parent_folder_fallback,low,4896,3264,JPEG,readable,2558bd767187a9a75686e4f4a035cd04189bd571b6b8717dd789cac07caa21ed,unknown,pending,unreviewed,,
IMG_137592e67148ef86,DEREK/RES21990.JPG,RES21990.JPG,.jpg,6232383,03,03,,unknown,DEREK,,,ignored,,,03::DEREK,parent_folder_fallback,low,4896,3264,JPEG,readable,724571ed641343327a3926686f9e03bf12504ac1200f7e0836ef937ec3f60f8c,unknown,pending,unreviewed,,
IMG_677f2b5229a6c22a,DEREK/RES21991.JPG,RES21991.JPG,.jpg,6489383,03,03,,unknown,DEREK,,,ignored,,,03::DEREK,parent_folder_fallback,low,4896,3264,JPEG,readable,37964a6036cb5ac507182b8f7fbf19498463615e1a527806f1610322be8dbe19,unknown,pending,unreviewed,,
IMG_3bbb3e329c501eab,DEREK/RES21993.JPG,RES21993.JPG,.jpg,6142492,03,03,,unknown,DEREK,,,ignored,,,03::DEREK,parent_folder_fallback,low,4896,3264,JPEG,readable,a1d358961037a4c9b1d7b7b4b2e51a2038247df78338d8a879340e0f9636c2c5,unknown,pending,unreviewed,,
IMG_96ae6490064511a3,DEREK/RES21996.JPG,RES21996.JPG,.jpg,7153379,03,03,,unknown,DEREK,,,ignored,,,03::DEREK,parent_folder_fallback,low,4896,3264,JPEG,readable,e388caf07e70499faf4614581248dccf8b6ea6331ffa64c1189b759052ed34b2,unknown,pending,unreviewed,,
IMG_822efa8a2304103d,DEREK/RES21997.JPG,RES21997.JPG,.jpg,7182158,03,03,,unknown,DEREK,,,ignored,,,03::DEREK,parent_folder_fallback,low,4896,3264,JPEG,readable,3286aad95adbf67e07aa7825ef8c3814896a956a6ff74badaf39ecaeaa31ae8f,unknown,pending,unreviewed,,
IMG_1e59b648dc42321b,DEREK/RES21998.JPG,RES21998.JPG,.jpg,7125803,03,03,,unknown,DEREK,,,ignored,,,03::DEREK,parent_folder_fallback,low,4896,3264,JPEG,readable,c7ba891871fcda0fcee4523ffce4c6df5bfb53f7eb268ecb70eeb78da71aea52,unknown,pending,unreviewed,,
IMG_9d272f7a0f72480a,DEREK/RES21999.JPG,RES21999.JPG,.jpg,6995760,03,03,,unknown,DEREK,,,ignored,,,03::DEREK,parent_folder_fallback,low,4896,3264,JPEG,readable,dee92f711354e5dd5ecd30eb35ec51536cafb975ab29a445a6b10b0da0e3d1a5,unknown,pending,unreviewed,,
IMG_74f41eac9cf64036,DEREK/RES22000.JPG,RES22000.JPG,.jpg,6976979,03,03,,unknown,DEREK,,,ignored,,,03::DEREK,parent_folder_fallback,low,4896,3264,JPEG,readable,c8b3cbc0a8c84d27d6870559dbf745a246622934d8155a401e764748f48e8614,unknown,pending,unreviewed,,
IMG_89c7feb27f1233a4,DEREK/RES22001.JPG,RES22001.JPG,.jpg,6968706,03,03,,unknown,DEREK,,,ignored,,,03::DEREK,parent_folder_fallback,low,4896,3264,JPEG,readable,238d4a8b713002549617c02eec682234cb00c2c3d1bc84ff5b39de26894716fc,unknown,pending,unreviewed,,
IMG_4e1c5d97469b2a8e,DEREK/RES22007.JPG,RES22007.JPG,.jpg,6290063,03,03,,unknown,DEREK,,,ignored,,,03::DEREK,parent_folder_fallback,low,4896,3264,JPEG,readable,ef713ae84e6b37389c6240bd63f1787fe469042938c219ed72a99b28b00970ad,unknown,pending,unreviewed,,
IMG_699d23c0b4658b8e,DEREK/RES22008.JPG,RES22008.JPG,.jpg,6361549,03,03,,unknown,DEREK,,,ignored,,,03::DEREK,parent_folder_fallback,low,4896,3264,JPEG,readable,d9597b3b963259addcf419fa4f832845c6a86db886758e38f5a68c07f68d7766,unknown,pending,unreviewed,,
IMG_e84c4b35e95552b2,DEREK/RES22009.JPG,RES22009.JPG,.jpg,6229259,03,03,,unknown,DEREK,,,ignored,,,03::DEREK,parent_folder_fallback,low,4896,3264,JPEG,readable,c616209243d2a9813f67308daf8eb82836c5a088d2c2289ec374829f9b76a3a4,unknown,pending,unreviewed,,
IMG_1eb26747731cca40,DEREK/RES22010.JPG,RES22010.JPG,.jpg,5955760,03,03,,unknown,DEREK,,,ignored,,,03::DEREK,parent_folder_fallback,low,4896,3264,JPEG,readable,6c1112bfc75217978df0df1fb5f9e4b042fd0acc7ef3adfc20f00778eccbdff4,unknown,pending,unreviewed,,
IMG_145a2a8726163b97,DEREK/RES22016.JPG,RES22016.JPG,.jpg,5783985,03,03,,unknown,DEREK,,,ignored,,,03::DEREK,parent_folder_fallback,low,4896,3264,JPEG,readable,30f87b1db589ccd2f7f7d38e72a6d376a25ff43f11550060b5d464e43ad6a503,unknown,pending,unreviewed,,
IMG_6967240ea89e573b,DEREK/RES22017.JPG,RES22017.JPG,.jpg,6175174,03,03,,unknown,DEREK,,,ignored,,,03::DEREK,parent_folder_fallback,low,4896,3264,JPEG,readable,d90c3c0ff127ebd9406d812e74cf5d231f42c90129444c734116a4e03d88438d,unknown,pending,unreviewed,,
IMG_70607238d5b62ab6,DEREK/RES22018.JPG,RES22018.JPG,.jpg,6485487,03,03,,unknown,DEREK,,,ignored,,,03::DEREK,parent_folder_fallback,low,4896,3264,JPEG,readable,a1a5c342e5585dcebabb37c459831529f75468c56e252387c80f22529dac502c,unknown,pending,unreviewed,,
IMG_e12b9723425473f5,DEREK/RES22019.JPG,RES22019.JPG,.jpg,6435670,03,03,,unknown,DEREK,,,ignored,,,03::DEREK,parent_folder_fallback,low,4896,3264,JPEG,readable,3d37b0303831aa6454b8ca69b6b0bbed5127bba899c36fd4000282da55f2b7fa,unknown,pending,unreviewed,,
IMG_7b03da07cb182a34,DEREK/RES22020.JPG,RES22020.JPG,.jpg,6511191,03,03,,unknown,DEREK,,,ignored,,,03::DEREK,parent_folder_fallback,low,4896,3264,JPEG,readable,9921d1197986498ce27a5fd7a67b04e3b5b4d174ad548d6c4f8a6f563e7cbd1c,unknown,pending,unreviewed,,
IMG_95e757b5988e9e61,DEREK/RES22021.JPG,RES22021.JPG,.jpg,6568213,03,03,,unknown,DEREK,,,ignored,,,03::DEREK,parent_folder_fallback,low,4896,3264,JPEG,readable,2f8dd69fd33662124b622b7be34d2939f20a0e711c434f049d3dede7ff17f38e,unknown,pending,unreviewed,,
IMG_05a6367a36c1f43b,DEREK/RES22022.JPG,RES22022.JPG,.jpg,6284837,03,03,,unknown,DEREK,,,ignored,,,03::DEREK,parent_folder_fallback,low,4896,3264,JPEG,readable,d94bed3ef458c37e44021bbb01b3274675288efaea3dab3a7d5cd139c45df832,unknown,pending,unreviewed,,
IMG_7f5ff49bd8fd1a0d,DEREK/RES22023.JPG,RES22023.JPG,.jpg,6268897,03,03,,unknown,DEREK,,,ignored,,,03::DEREK,parent_folder_fallback,low,4896,3264,JPEG,readable,0064e77e68f6e011c5642c18485c02e460ac60eb94a7308ccc8c368527189555,unknown,pending,unreviewed,,
IMG_a9088766a13233ae,DEREK/RES22024.JPG,RES22024.JPG,.jpg,6213314,03,03,,unknown,DEREK,,,ignored,,,03::DEREK,parent_folder_fallback,low,4896,3264,JPEG,readable,23896d96f7b8eb702562fe90e6d3e0bfd44f8966f786d28b8919ce891aad431d,unknown,pending,unreviewed,,
IMG_e44864a3c694854a,DEREK/RES22025.JPG,RES22025.JPG,.jpg,6396130,03,03,,unknown,DEREK,,,ignored,,,03::DEREK,parent_folder_fallback,low,4896,3264,JPEG,readable,53f16a3cd116a70a08662326647edbf0334e6685cfd5990c9fa3173ab8d881b2,unknown,pending,unreviewed,,
IMG_1052ccdf3226fc22,DEREK/RES22030.JPG,RES22030.JPG,.jpg,6783460,03,03,,unknown,DEREK,,,ignored,,,03::DEREK,parent_folder_fallback,low,4896,3264,JPEG,readable,9a4c0cbe623a943915002f7926904af3a5135a02d191e6512e5e077d37f752ff,unknown,pending,unreviewed,,
IMG_1036b39eca3d0245,DEREK/RES22031.JPG,RES22031.JPG,.jpg,6607443,03,03,,unknown,DEREK,,,ignored,,,03::DEREK,parent_folder_fallback,low,4896,3264,JPEG,readable,caca51bea6bc290548145757d1bff77ea508a928ce054aef86668b21a318e55c,unknown,pending,unreviewed,,
IMG_b139e7830c0a1eae,DEREK/RES22032.JPG,RES22032.JPG,.jpg,6848033,03,03,,unknown,DEREK,,,ignored,,,03::DEREK,parent_folder_fallback,low,4896,3264,JPEG,readable,87c955db0a13b51cc1473100883cc4cb23d4905a9cd9a9c3ebadd09546aa7064,unknown,pending,unreviewed,,
IMG_eb2843b9616dd5ab,DEREK/RES22033.JPG,RES22033.JPG,.jpg,7129730,03,03,,unknown,DEREK,,,ignored,,,03::DEREK,parent_folder_fallback,low,4896,3264,JPEG,readable,46db9e3bb58772c0620d65b5e7a470f0855566ce74d31f2dd748345e3c064d18,unknown,pending,unreviewed,,
IMG_2d5dd8a4e846efbc,DEREK/RES22034.JPG,RES22034.JPG,.jpg,7188472,03,03,,unknown,DEREK,,,ignored,,,03::DEREK,parent_folder_fallback,low,4896,3264,JPEG,readable,e33c3b4e336028d7192b323e5a09f7e923e3ffd47311f895e28da18c393cf697,unknown,pending,unreviewed,,
IMG_d5d7b24f3b062983,DEREK/RES22035.JPG,RES22035.JPG,.jpg,6743191,03,03,,unknown,DEREK,,,ignored,,,03::DEREK,parent_folder_fallback,low,4896,3264,JPEG,readable,d6da8baa41e03a80cb178021075ab14c7bdb00f2ec1826e6bce0885a8ead174d,unknown,pending,unreviewed,,
IMG_f75dddada142399e,DEREK/RES22036.JPG,RES22036.JPG,.jpg,6610441,03,03,,unknown,DEREK,,,ignored,,,03::DEREK,parent_folder_fallback,low,4896,3264,JPEG,readable,52c0352b4b017dbc6a764ddb59d3e6de2bfe3d7665a79a746cae88d50491b164,unknown,pending,unreviewed,,
IMG_9a6f99f924192a3e,DEREK/RES22039.JPG,RES22039.JPG,.jpg,6613496,03,03,,unknown,DEREK,,,ignored,,,03::DEREK,parent_folder_fallback,low,4896,3264,JPEG,readable,5be081f0bc75fdc86173620a05c7a421df6c64cb8ff6c4569b1f6c304b2110ff,unknown,pending,unreviewed,,
IMG_5f282183ec00bfbe,DEREK/RES22040.JPG,RES22040.JPG,.jpg,6633928,03,03,,unknown,DEREK,,,ignored,,,03::DEREK,parent_folder_fallback,low,4896,3264,JPEG,readable,4a701e8f5fc0d202e20c4ce1991cc2857de246c781fce6468040b6fb84a5be87,unknown,pending,unreviewed,,
IMG_dc9230ea6e5be5c1,DEREK/RES22042.JPG,RES22042.JPG,.jpg,6634790,03,03,,unknown,DEREK,,,ignored,,,03::DEREK,parent_folder_fallback,low,4896,3264,JPEG,readable,901189aa1b5c56c3c7ecd4b5bfb1a44234c9442830d064d450007a99c69366db,unknown,pending,unreviewed,,
IMG_0be0c570f89a3002,DEREK/RES22043.JPG,RES22043.JPG,.jpg,6632348,03,03,,unknown,DEREK,,,ignored,,,03::DEREK,parent_folder_fallback,low,4896,3264,JPEG,readable,55c9a85235c51532ef377502a601091fb3a289ea4d49548180b4bdfb529b078e,unknown,pending,unreviewed,,
IMG_f5d8de40b787c6b6,DEREK/RES22044.JPG,RES22044.JPG,.jpg,6972062,03,03,,unknown,DEREK,,,ignored,,,03::DEREK,parent_folder_fallback,low,4896,3264,JPEG,readable,c3a5afd399ee816e93138131fc4da823c096ff5e4b2376e6f9649dbf11f92faf,unknown,pending,unreviewed,,
IMG_08cfb269a6cfe7fa,DEREK/RES22045.JPG,RES22045.JPG,.jpg,7277813,03,03,,unknown,DEREK,,,ignored,,,03::DEREK,parent_folder_fallback,low,4896,3264,JPEG,readable,84f24594434736c80f25192ff9dd88589c29f3bb7294072612b4a04f98827918,unknown,pending,unreviewed,,
IMG_02d9c0175e8502a9,DEREK/RES22046.JPG,RES22046.JPG,.jpg,6034044,03,03,,unknown,DEREK,,,ignored,,,03::DEREK,parent_folder_fallback,low,4896,3264,JPEG,readable,e9e5afa91ec5eb127737251291035d6caa9effa9ffa9c03364292d4ee32b5dbf,unknown,pending,unreviewed,,
IMG_9eb306f20284adea,DEREK/RES22047.JPG,RES22047.JPG,.jpg,5978238,03,03,,unknown,DEREK,,,ignored,,,03::DEREK,parent_folder_fallback,low,4896,3264,JPEG,readable,676298fad1e413afe3af5e25694fe85aa561db3f0b31629850d51a450a740d42,unknown,pending,unreviewed,,
IMG_0f4fa91301be7312,DEREK/RES22048.JPG,RES22048.JPG,.jpg,6512767,03,03,,unknown,DEREK,,,ignored,,,03::DEREK,parent_folder_fallback,low,4896,3264,JPEG,readable,7238467479c575dde9dd07669f1b82355fe08fe9fd2cdd51f39e20f2c615edc8,unknown,pending,unreviewed,,
IMG_e9dc6deb9bffb89e,DEREK/RES22049.JPG,RES22049.JPG,.jpg,6499274,03,03,,unknown,DEREK,,,ignored,,,03::DEREK,parent_folder_fallback,low,4896,3264,JPEG,readable,b45ff05771c402443d73a8efe599750cf5dacca7578b843ae9e101b4b8a838b1,unknown,pending,unreviewed,,
IMG_8d64cba013008f49,DEREK/RES22050.JPG,RES22050.JPG,.jpg,6060770,03,03,,unknown,DEREK,,,ignored,,,03::DEREK,parent_folder_fallback,low,4896,3264,JPEG,readable,5f37325f84fcf700f099c73b72946e58136c13c055389a288fb7569f791ee72e,unknown,pending,unreviewed,,
IMG_5416f1a923cbfda3,DEREK/RES22051.JPG,RES22051.JPG,.jpg,5896320,03,03,,unknown,DEREK,,,ignored,,,03::DEREK,parent_folder_fallback,low,4896,3264,JPEG,readable,0984c4d72be5017cb2ee9cd7c1dc75247583893af6c0c61287b861ecc9931905,unknown,pending,unreviewed,,
IMG_b1e12eb4d0cb2498,DEREK/RES22052.JPG,RES22052.JPG,.jpg,7104777,03,03,,unknown,DEREK,,,ignored,,,03::DEREK,parent_folder_fallback,low,4896,3264,JPEG,readable,78d5e2acff3d611b198c5e4a46dc239e94984d8d3f3f40a64ce92905c12cd5fd,unknown,pending,unreviewed,,
IMG_ae0d0f68083e5b33,DEREK/RES22053.JPG,RES22053.JPG,.jpg,7074744,03,03,,unknown,DEREK,,,ignored,,,03::DEREK,parent_folder_fallback,low,4896,3264,JPEG,readable,5d9cf3e37e01f69dbb8b6c9b1b37e604c67798ca66908bbe58ee416464d4c5e7,unknown,pending,unreviewed,,
IMG_aa75446a5cead7f3,DEREK/RES22054.JPG,RES22054.JPG,.jpg,5438501,03,03,,unknown,DEREK,,,ignored,,,03::DEREK,parent_folder_fallback,low,4896,3264,JPEG,readable,6d097de10e9cbec97811b042da0cd228e18cd08bcd397a94d8bad41a5a7e9f8b,unknown,pending,unreviewed,,
IMG_874c6833756413bf,DEREK/RES22055.JPG,RES22055.JPG,.jpg,5533595,03,03,,unknown,DEREK,,,ignored,,,03::DEREK,parent_folder_fallback,low,4896,3264,JPEG,readable,fd1060298748d26f4642530bd8d437d94897c957d007bbce6b6a1c1fc1610bad,unknown,pending,unreviewed,,
IMG_6cb98fa1d94c942b,DEREK/RES22056.JPG,RES22056.JPG,.jpg,7346146,03,03,,unknown,DEREK,,,ignored,,,03::DEREK,parent_folder_fallback,low,4896,3264,JPEG,readable,a7c10d6787400e55489f550e152aa6e2a726c3d602519797e9a4e2f1586178fc,unknown,pending,unreviewed,,
IMG_7be602fbad050f55,DEREK/RES22058.JPG,RES22058.JPG,.jpg,5249212,03,03,,unknown,DEREK,,,ignored,,,03::DEREK,parent_folder_fallback,low,4896,3264,JPEG,readable,bc3517f3457798a893bf1dec522c0862957b72bef99a2729651dbf39dee19662,unknown,pending,unreviewed,,
IMG_939f20d6e316e04b,DEREK/RES22059.JPG,RES22059.JPG,.jpg,5799410,03,03,,unknown,DEREK,,,ignored,,,03::DEREK,parent_folder_fallback,low,4896,3264,JPEG,readable,34e8c52ddfc53eeb7e1885bf77a071a64341b02cc6aacf601a8a5d5b87e424b8,unknown,pending,unreviewed,,
IMG_7621cb68fa129c09,DEREK/RES22060.JPG,RES22060.JPG,.jpg,5628655,03,03,,unknown,DEREK,,,ignored,,,03::DEREK,parent_folder_fallback,low,4896,3264,JPEG,readable,0aef3ef74e4d2335686d49651129681878046e29baedd9782ad13afb6a354c4f,unknown,pending,unreviewed,,
IMG_7da5c19a5ee2fd0a,DEREK/RES22063.JPG,RES22063.JPG,.jpg,5149847,03,03,,unknown,DEREK,,,ignored,,,03::DEREK,parent_folder_fallback,low,4896,3264,JPEG,readable,25fea36ca6d5805fdc07c344c542c360bc17620cbaf62fdeb14efd24d94dece5,unknown,pending,unreviewed,,
IMG_7acdb3977c239617,DEREK/RES22064.JPG,RES22064.JPG,.jpg,4970808,03,03,,unknown,DEREK,,,ignored,,,03::DEREK,parent_folder_fallback,low,4896,3264,JPEG,readable,d8ac2deb8ccf1ba7486ac56dadad96b058ac97cddc9d4f9e453c596920f1cd9d,unknown,pending,unreviewed,,
IMG_b33b4de5304dccbe,DEREK/RES22065.JPG,RES22065.JPG,.jpg,6028284,03,03,,unknown,DEREK,,,ignored,,,03::DEREK,parent_folder_fallback,low,4896,3264,JPEG,readable,54eb86382a72d52776292af1081ce795121f6cd9a5acc3de6c76b9988b41ea30,unknown,pending,unreviewed,,
IMG_d1327be79b07aa64,DEREK/RES22068.JPG,RES22068.JPG,.jpg,5743188,03,03,,unknown,DEREK,,,ignored,,,03::DEREK,parent_folder_fallback,low,4896,3264,JPEG,readable,564a3c8398201c4f804f340f3cbcc2ae3855253693f2ddb7b3bb011e94a38ab0,unknown,pending,unreviewed,,
IMG_dce7c9a70aaa9081,DEREK/RES22069.JPG,RES22069.JPG,.jpg,5649200,03,03,,unknown,DEREK,,,ignored,,,03::DEREK,parent_folder_fallback,low,4896,3264,JPEG,readable,23a603054d66641988cebb4c3c95a57221ac7fea5944637ac50487afdaeb5d6a,unknown,pending,unreviewed,,
IMG_030315ebf0936a54,DEREK/RES22072.JPG,RES22072.JPG,.jpg,5580231,03,03,,unknown,DEREK,,,ignored,,,03::DEREK,parent_folder_fallback,low,4896,3264,JPEG,readable,eda0785063e7cb0a21e9bdd200d99020d3c135a039e37d03a399c8217bb1ae6b,unknown,pending,unreviewed,,
IMG_ceb0a5ed586a9246,DEREK/RES22073.JPG,RES22073.JPG,.jpg,6056432,03,03,,unknown,DEREK,,,ignored,,,03::DEREK,parent_folder_fallback,low,4896,3264,JPEG,readable,d54716cf8e11748650612bc16ab662ad9ac681aa529e92bdddc5699131316b69,unknown,pending,unreviewed,,
IMG_9271391809c8871f,DEREK/RES22074.JPG,RES22074.JPG,.jpg,6076819,03,03,,unknown,DEREK,,,ignored,,,03::DEREK,parent_folder_fallback,low,4896,3264,JPEG,readable,46593917894c3e7fc55bba76e7c48c9101ec19c72928125ebb65f1b02777588e,unknown,pending,unreviewed,,
IMG_e05d30f2594f1df4,DEREK/RES22075.JPG,RES22075.JPG,.jpg,5920584,03,03,,unknown,DEREK,,,ignored,,,03::DEREK,parent_folder_fallback,low,4896,3264,JPEG,readable,a679bab3cd55d7ca30a39ad28b90f5fd59736ae147ba6c0ac3c6942d7bc1235d,unknown,pending,unreviewed,,
IMG_dbda834eeefafced,DEREK/RES22076.JPG,RES22076.JPG,.jpg,5845862,03,03,,unknown,DEREK,,,ignored,,,03::DEREK,parent_folder_fallback,low,4896,3264,JPEG,readable,dd5f8a9611d6c022063d46a208e596a915edc879790bab9caffc2278f7a4bdba,unknown,pending,unreviewed,,
IMG_0812a5073a64ddec,DEREK/RES22077.JPG,RES22077.JPG,.jpg,6089910,03,03,,unknown,DEREK,,,ignored,,,03::DEREK,parent_folder_fallback,low,4896,3264,JPEG,readable,6d7e394a1471c00e95faf18ef147499f80999b948f7a1ca7bb409fcbe4a070f2,unknown,pending,unreviewed,,
IMG_ed264fcaf7d0b41e,DEREK/RES22081.JPG,RES22081.JPG,.jpg,6418291,03,03,,unknown,DEREK,,,ignored,,,03::DEREK,parent_folder_fallback,low,4896,3264,JPEG,readable,18c36cded4a49e97a40f483f6fd25e62366def664cd4ecf4372618cc7ac639a8,unknown,pending,unreviewed,,
IMG_2a7ba1fe43e606cc,DEREK/RES22089.JPG,RES22089.JPG,.jpg,5796253,03,03,,unknown,DEREK,,,ignored,,,03::DEREK,parent_folder_fallback,low,4896,3264,JPEG,readable,e62c521cb631547dba06c0c800c443fa0dab559d6cee31b52c5894f9d44f1c04,unknown,pending,unreviewed,,
IMG_db2106c676ae1c82,DEREK/RES22090.JPG,RES22090.JPG,.jpg,5777715,03,03,,unknown,DEREK,,,ignored,,,03::DEREK,parent_folder_fallback,low,4896,3264,JPEG,readable,ecefb5f0c6d94d6f0c764c14027cd41da73f6fa21f8141d693c75cc7ff6818b7,unknown,pending,unreviewed,,
IMG_783bf0e40399614f,DEREK/RES22091.JPG,RES22091.JPG,.jpg,6261812,03,03,,unknown,DEREK,,,ignored,,,03::DEREK,parent_folder_fallback,low,4896,3264,JPEG,readable,04266bc94392474357af9e518465f2ad172ff0058ae295b8c9e5a413d18e193b,unknown,pending,unreviewed,,
IMG_62dc771410bbf93f,DEREK/RES22092.JPG,RES22092.JPG,.jpg,6281640,03,03,,unknown,DEREK,,,ignored,,,03::DEREK,parent_folder_fallback,low,4896,3264,JPEG,readable,e14a6f12323bb20d62ea38c6615c82642a1e9669f44b19b14f2bb533b88dde48,unknown,pending,unreviewed,,
IMG_0da5b3084b323992,DEREK/RES22093.JPG,RES22093.JPG,.jpg,6252712,03,03,,unknown,DEREK,,,ignored,,,03::DEREK,parent_folder_fallback,low,4896,3264,JPEG,readable,45b59db28dc11874ebcab1fed3fe40299dc1eb6308e1a9e3ce053d5a4051fea1,unknown,pending,unreviewed,,
IMG_dff72f18379e1707,DEREK/RES22094.JPG,RES22094.JPG,.jpg,6224429,03,03,,unknown,DEREK,,,ignored,,,03::DEREK,parent_folder_fallback,low,4896,3264,JPEG,readable,36ee28f07564ea11d40f883b089af414d96cf75df91d383bfa49743d0d5d942d,unknown,pending,unreviewed,,
IMG_a8ae4c57cb7ac3a9,DEREK/RES22096.JPG,RES22096.JPG,.jpg,6444677,03,03,,unknown,DEREK,,,ignored,,,03::DEREK,parent_folder_fallback,low,4896,3264,JPEG,readable,611cf11131c221cc8172f9876ea91063f3c0a4c077cc4764888b56b287ea1fb3,unknown,pending,unreviewed,,
IMG_4ddc8a006d8b0dcf,DEREK/RES22098.JPG,RES22098.JPG,.jpg,6036896,03,03,,unknown,DEREK,,,ignored,,,03::DEREK,parent_folder_fallback,low,4896,3264,JPEG,readable,114f399bf1b3d32e94565da0deb1b318d323b18d19e2c253dcfc0c04340b75ff,unknown,pending,unreviewed,,
IMG_ea37c837824bc126,DEREK/RES22099.JPG,RES22099.JPG,.jpg,5411834,03,03,,unknown,DEREK,,,ignored,,,03::DEREK,parent_folder_fallback,low,4896,3264,JPEG,readable,77af65b6d68f5b91813ac233ca4ee18a12869abf245d6310ee8bbe05d70b12d1,unknown,pending,unreviewed,,
IMG_e788b11a5a942505,DEREK/RES22104.JPG,RES22104.JPG,.jpg,6220318,03,03,,unknown,DEREK,,,ignored,,,03::DEREK,parent_folder_fallback,low,4896,3264,JPEG,readable,30caa6a1d278ae2cba09b6a351cb1c69bca04bef8d90d4922d957d038b1d6931,unknown,pending,unreviewed,,
IMG_3b0376ad2ac95984,DEREK/RES22105.JPG,RES22105.JPG,.jpg,6095945,03,03,,unknown,DEREK,,,ignored,,,03::DEREK,parent_folder_fallback,low,4896,3264,JPEG,readable,819a1c99b4dff710e67e9168c05a7495e06aa9927e7b06f2ac8d6a20555d3468,unknown,pending,unreviewed,,
IMG_1c8f154bf011302e,DEREK/RES22106.JPG,RES22106.JPG,.jpg,6456094,03,03,,unknown,DEREK,,,ignored,,,03::DEREK,parent_folder_fallback,low,4896,3264,JPEG,readable,002b658d579c4419d23ccb9a7b966586495abcb41723187ab51ce435a8cfcf10,unknown,pending,unreviewed,,
IMG_2ec251fc2c69863f,DEREK/RES22107.JPG,RES22107.JPG,.jpg,5806025,03,03,,unknown,DEREK,,,ignored,,,03::DEREK,parent_folder_fallback,low,4896,3264,JPEG,readable,01ac92c3d05fd4aaf255397ad684a1dbbf86515645eb94570cf968d77d9ac04d,unknown,pending,unreviewed,,
IMG_0d0f52c7ea271406,DEREK/RES22108.JPG,RES22108.JPG,.jpg,5679895,03,03,,unknown,DEREK,,,ignored,,,03::DEREK,parent_folder_fallback,low,4896,3264,JPEG,readable,c3ae69cf672aebe24dd5dbf26992ce5b97aaa583dbeaf277fccc20d4ef4545e4,unknown,pending,unreviewed,,
IMG_041a0993742aec87,DEREK/RES22110.JPG,RES22110.JPG,.jpg,6356439,03,03,,unknown,DEREK,,,ignored,,,03::DEREK,parent_folder_fallback,low,4896,3264,JPEG,readable,5019a6668f67b60ec2c7de23112fd98c08286f9a52af068b7e46f9de27c9b97d,unknown,pending,unreviewed,,
IMG_8d21a80ed1fad964,DEREK/RES22111.JPG,RES22111.JPG,.jpg,5897208,03,03,,unknown,DEREK,,,ignored,,,03::DEREK,parent_folder_fallback,low,4896,3264,JPEG,readable,f4e0b3fafb4aa3178da8755b4c081279e1dc868f487f164b9e8ad933b7c59cdf,unknown,pending,unreviewed,,
IMG_5c7b50de592c4817,DEREK/RES22112.JPG,RES22112.JPG,.jpg,5796739,03,03,,unknown,DEREK,,,ignored,,,03::DEREK,parent_folder_fallback,low,4896,3264,JPEG,readable,4e0e745a198f3fb0039f10d8162edc2160607d0c5baf8c0e1586e2a04f484124,unknown,pending,unreviewed,,
IMG_0c9d5516b682079c,DEREK/RES22114.JPG,RES22114.JPG,.jpg,5058395,03,03,,unknown,DEREK,,,ignored,,,03::DEREK,parent_folder_fallback,low,4896,3264,JPEG,readable,4ee153e93da3ea45c66ab10617a5bb8fac97bb60852ae41af0ff7b74ef08ed1f,unknown,pending,unreviewed,,
IMG_8c462bdd953576d4,DEREK/RES22117.JPG,RES22117.JPG,.jpg,5705991,03,03,,unknown,DEREK,,,ignored,,,03::DEREK,parent_folder_fallback,low,4896,3264,JPEG,readable,6e830cf1e0ae58a7af93330526a00ad28d30a34c5a85c22443e9322b9b022364,unknown,pending,unreviewed,,
IMG_a8f40a69ad612d6f,DEREK/RES22124.JPG,RES22124.JPG,.jpg,6078278,03,03,,unknown,DEREK,,,ignored,,,03::DEREK,parent_folder_fallback,low,4896,3264,JPEG,readable,5f72420246ac911ec52911637a01bb7f9318036e677b7ac2eca9c2ba35ed2ea5,unknown,pending,unreviewed,,
IMG_8ec6cd3b7ae32457,DEREK/RES22125.JPG,RES22125.JPG,.jpg,6183321,03,03,,unknown,DEREK,,,ignored,,,03::DEREK,parent_folder_fallback,low,4896,3264,JPEG,readable,5011964038908d08f834ef656823689dcedddeb57ad2c91853a0b1580520f9c1,unknown,pending,unreviewed,,
IMG_b1b0adc751647ec2,DEREK/RES22126.JPG,RES22126.JPG,.jpg,6566254,03,03,,unknown,DEREK,,,ignored,,,03::DEREK,parent_folder_fallback,low,4896,3264,JPEG,readable,3b19312d282ac2aafc0992778af0866320dcc1c90e0c8b3cde44b2c0d08ffa30,unknown,pending,unreviewed,,
IMG_e75093acd66e34b6,DEREK/RES22131.JPG,RES22131.JPG,.jpg,5985158,03,03,,unknown,DEREK,,,ignored,,,03::DEREK,parent_folder_fallback,low,4896,3264,JPEG,readable,b28e70916273bca52d9a0ffde2bba633721b92e7c7159808a9129e1529474889,unknown,pending,unreviewed,,
IMG_032f83554e0c77e3,DEREK/RES22134.JPG,RES22134.JPG,.jpg,6044365,03,03,,unknown,DEREK,,,ignored,,,03::DEREK,parent_folder_fallback,low,4896,3264,JPEG,readable,8eac779ee1460eb754989f472b01e77dc4b2f2df8a50082741f421f7ce52b1ce,unknown,pending,unreviewed,,
IMG_c1d909b012931762,DEREK/RES22135.JPG,RES22135.JPG,.jpg,5961780,03,03,,unknown,DEREK,,,ignored,,,03::DEREK,parent_folder_fallback,low,4896,3264,JPEG,readable,01005f549bfa1124ac68241079a0be6539b584cab946fedfca68a7472eee6edd,unknown,pending,unreviewed,,
IMG_d8e142287d69aadb,DEREK/RES22137.JPG,RES22137.JPG,.jpg,6391531,03,03,,unknown,DEREK,,,ignored,,,03::DEREK,parent_folder_fallback,low,4896,3264,JPEG,readable,504c3b49f9b2a8dbb6eaf686aabbca13d6dcde6c83e11074390b7c0c621937f3,unknown,pending,unreviewed,,
IMG_670919c444c26574,DEREK/RES22138.JPG,RES22138.JPG,.jpg,6307231,03,03,,unknown,DEREK,,,ignored,,,03::DEREK,parent_folder_fallback,low,4896,3264,JPEG,readable,2b49bc627b5b01e79ccc1c650497be19a0da52e3592ed0dc7966b8fd27c2a826,unknown,pending,unreviewed,,
IMG_0c024872d7e96d91,DEREK/RES22140.JPG,RES22140.JPG,.jpg,5934267,03,03,,unknown,DEREK,,,ignored,,,03::DEREK,parent_folder_fallback,low,4896,3264,JPEG,readable,c740269aacc0ad6213a0f867497dcf5ba7f24ff173055d62e8fdf219ada56612,unknown,pending,unreviewed,,
IMG_a72f22e64e625401,DEREK/RES22141.JPG,RES22141.JPG,.jpg,6246628,03,03,,unknown,DEREK,,,ignored,,,03::DEREK,parent_folder_fallback,low,4896,3264,JPEG,readable,6949e243f71ce52bd4e6bdc75852a2091e12b8b27e2085cdc6af24e0973edea7,unknown,pending,unreviewed,,
IMG_20e0efeb7ab4b257,DEREK/RES22142.JPG,RES22142.JPG,.jpg,6230687,03,03,,unknown,DEREK,,,ignored,,,03::DEREK,parent_folder_fallback,low,4896,3264,JPEG,readable,cfb2198065f2590ea35ea6414d808d138a72db61686f4720a4b94986aa4f8e64,unknown,pending,unreviewed,,
IMG_e17b9631b3594a5a,DEREK/RES22145.JPG,RES22145.JPG,.jpg,5887104,03,03,,unknown,DEREK,,,ignored,,,03::DEREK,parent_folder_fallback,low,4896,3264,JPEG,readable,3a46cb7866de2136e1ff55774929a45279c8034c860a1ee056395f0a55b8b72c,unknown,pending,unreviewed,,
IMG_d30923fa5c7dfedb,DEREK/RES22146.JPG,RES22146.JPG,.jpg,6054344,03,03,,unknown,DEREK,,,ignored,,,03::DEREK,parent_folder_fallback,low,4896,3264,JPEG,readable,ea5dc1e276f46cb4c5e485ee8a9928463c3e3e923955cbeb1a78988f61fb9e87,unknown,pending,unreviewed,,
IMG_8fc5b47194a9457c,DEREK/RES22153.JPG,RES22153.JPG,.jpg,6131117,03,03,,unknown,DEREK,,,ignored,,,03::DEREK,parent_folder_fallback,low,4896,3264,JPEG,readable,60bf498d0ef7c28fbd8e99142c2c3c6bf156683868974a6c6a4f3c81dd4bdddd,unknown,pending,unreviewed,,
IMG_ef972621f3483120,DEREK/RES22154.JPG,RES22154.JPG,.jpg,5962867,03,03,,unknown,DEREK,,,ignored,,,03::DEREK,parent_folder_fallback,low,4896,3264,JPEG,readable,ecdedc6e35f72f30b389befb9bb0c8033c624de8bdfee6c3db7f051e993fad01,unknown,pending,unreviewed,,
IMG_b29165fe66a649fb,DEREK/RES22156.JPG,RES22156.JPG,.jpg,5830553,03,03,,unknown,DEREK,,,ignored,,,03::DEREK,parent_folder_fallback,low,4896,3264,JPEG,readable,ec4123922ea786f67bc8751da41bfa8d4b8a6e667ed258143d7db46e0990a1b9,unknown,pending,unreviewed,,
IMG_e8994c33796b7ee3,DEREK/RES22157.JPG,RES22157.JPG,.jpg,5866475,03,03,,unknown,DEREK,,,ignored,,,03::DEREK,parent_folder_fallback,low,4896,3264,JPEG,readable,c1dcf9f2dde7a510c5e22e9b3d2b53e1985a5fc912f2e2d24020b6c46c571e68,unknown,pending,unreviewed,,
IMG_437ae08de5d3514d,DEREK/RES22159.JPG,RES22159.JPG,.jpg,5636410,03,03,,unknown,DEREK,,,ignored,,,03::DEREK,parent_folder_fallback,low,4896,3264,JPEG,readable,3ee2fd27c9139380115fbe6f9d85b2aff97101dcaefbccb1397242391a11ce76,unknown,pending,unreviewed,,
IMG_00cb8deabfaf9c63,DEREK/RES22160.JPG,RES22160.JPG,.jpg,5631606,03,03,,unknown,DEREK,,,ignored,,,03::DEREK,parent_folder_fallback,low,4896,3264,JPEG,readable,eb5c8c5393f439d4d89c969f0b09df4b1108bf7b1a2fa56232b6dc694c4dcacb,unknown,pending,unreviewed,,
IMG_c991cc6b3b9faaca,DEREK/RES22161.JPG,RES22161.JPG,.jpg,5550540,03,03,,unknown,DEREK,,,ignored,,,03::DEREK,parent_folder_fallback,low,4896,3264,JPEG,readable,7224a66434b4575d604862b3096a9d9281d5c82ed8c88548a38073f47228fd8e,unknown,pending,unreviewed,,
IMG_e8fd09e2803ddb16,DEREK/RES22162.JPG,RES22162.JPG,.jpg,5636194,03,03,,unknown,DEREK,,,ignored,,,03::DEREK,parent_folder_fallback,low,4896,3264,JPEG,readable,2f6fa0051486198f7b20a7934279214bc68f3b5894e45035d9675d669f5a0155,unknown,pending,unreviewed,,
IMG_788e1628a0dddc8c,DEREK/RES22163.JPG,RES22163.JPG,.jpg,6073723,03,03,,unknown,DEREK,,,ignored,,,03::DEREK,parent_folder_fallback,low,4896,3264,JPEG,readable,8cf3b17c7eee86e5bbd25a5738110673d1367c489ac622097efeb06923ae54aa,unknown,pending,unreviewed,,
IMG_4bba2c88e5e91862,DEREK/RES22164.JPG,RES22164.JPG,.jpg,6119943,03,03,,unknown,DEREK,,,ignored,,,03::DEREK,parent_folder_fallback,low,4896,3264,JPEG,readable,ee4afcfac65c8e98745a5200992f0c2efd8c79fc93b3456e3d7e691fd35879a7,unknown,pending,unreviewed,,
IMG_2042f3a71118f7c0,DEREK/RES22165.JPG,RES22165.JPG,.jpg,6293615,03,03,,unknown,DEREK,,,ignored,,,03::DEREK,parent_folder_fallback,low,4896,3264,JPEG,readable,2bbb58517bba6c933a90e4adc7052174f7905b7209e039de6b7a1e0679d69679,unknown,pending,unreviewed,,
IMG_aeb2794b485b004e,DEREK/RES22166.JPG,RES22166.JPG,.jpg,6065608,03,03,,unknown,DEREK,,,ignored,,,03::DEREK,parent_folder_fallback,low,4896,3264,JPEG,readable,f542a7df03725a5e8615c4a937bb7e480dd752c23fc1f62251d12a6ed6870219,unknown,pending,unreviewed,,
IMG_4b2d8fac5bb50374,DEREK/RES22167.JPG,RES22167.JPG,.jpg,6010748,03,03,,unknown,DEREK,,,ignored,,,03::DEREK,parent_folder_fallback,low,4896,3264,JPEG,readable,b12777cdf537904710e17285973308c6568678856a5dee2a375d945c33e95a47,unknown,pending,unreviewed,,
IMG_28ad3b094e33f372,DEREK/RES22171.JPG,RES22171.JPG,.jpg,5408497,03,03,,unknown,DEREK,,,ignored,,,03::DEREK,parent_folder_fallback,low,4896,3264,JPEG,readable,41e43eb0a6f212c7e0050db8d39648acc12b32cfa45e42799276af1dc3166985,unknown,pending,unreviewed,,
IMG_84066b0679622483,DEREK/RES22172.JPG,RES22172.JPG,.jpg,5282790,03,03,,unknown,DEREK,,,ignored,,,03::DEREK,parent_folder_fallback,low,4896,3264,JPEG,readable,44310f42ad64f277238281d62394b644ddc33d8d0af5de223de5b128bb9f63cf,unknown,pending,unreviewed,,
IMG_aa4a19919e337b15,DEREK/RES22173.JPG,RES22173.JPG,.jpg,5447861,03,03,,unknown,DEREK,,,ignored,,,03::DEREK,parent_folder_fallback,low,4896,3264,JPEG,readable,04899da52da42e35e4db9f83d6bdc03604b91fff15156ca403ee2693eeb4fa57,unknown,pending,unreviewed,,
IMG_3d8e4759d598d2c9,DEREK/RES22174.JPG,RES22174.JPG,.jpg,5475778,03,03,,unknown,DEREK,,,ignored,,,03::DEREK,parent_folder_fallback,low,4896,3264,JPEG,readable,9a365633a9cac03fbdac49267b5d61116b6447625f88fb1bb55632a01c8590c6,unknown,pending,unreviewed,,
IMG_20eef8069de798c9,DEREK/RES22175.JPG,RES22175.JPG,.jpg,5838603,03,03,,unknown,DEREK,,,ignored,,,03::DEREK,parent_folder_fallback,low,4896,3264,JPEG,readable,44ce63e0332edd0e729c1565dd372d5fcbb3ba261aa099f3a49de5899ec97202,unknown,pending,unreviewed,,
IMG_64f68e309d5ebf20,DEREK/RES22183.JPG,RES22183.JPG,.jpg,6560026,03,03,,unknown,DEREK,,,ignored,,,03::DEREK,parent_folder_fallback,low,4896,3264,JPEG,readable,1b63d8f6144f7153d968f2e6461b4526aea664536b442b7ad42fa5d28ffe6312,unknown,pending,unreviewed,,
IMG_37f3dbd79406b858,DEREK/RES22184.JPG,RES22184.JPG,.jpg,6591202,03,03,,unknown,DEREK,,,ignored,,,03::DEREK,parent_folder_fallback,low,4896,3264,JPEG,readable,c700fdd940807c8994fe97d1e4c76b18d468a35cc47aa3ea6f0e68e16bb89f86,unknown,pending,unreviewed,,
IMG_7c803e3dc9f3eec8,DEREK/RES22185.JPG,RES22185.JPG,.jpg,6799310,03,03,,unknown,DEREK,,,ignored,,,03::DEREK,parent_folder_fallback,low,4896,3264,JPEG,readable,74a581a7798dcf123cb01288c5200011be4548203807b6e287aeb883108d0248,unknown,pending,unreviewed,,
IMG_95145b68db312b9f,DEREK/RES22186.JPG,RES22186.JPG,.jpg,6997863,03,03,,unknown,DEREK,,,ignored,,,03::DEREK,parent_folder_fallback,low,4896,3264,JPEG,readable,42f7d03425efef7a73d6a8be7ec4878390b07657d658b3625f10373752086e2b,unknown,pending,unreviewed,,
IMG_4c32a028432cff06,DEREK/RES22187.JPG,RES22187.JPG,.jpg,6800619,03,03,,unknown,DEREK,,,ignored,,,03::DEREK,parent_folder_fallback,low,4896,3264,JPEG,readable,0649edba3859f03dfd50d661dd30dc967116b2a2081d24014e80574f7ac76c70,unknown,pending,unreviewed,,
IMG_e0d3c93fcfda78e9,DEREK/RES22188.JPG,RES22188.JPG,.jpg,7141038,03,03,,unknown,DEREK,,,ignored,,,03::DEREK,parent_folder_fallback,low,4896,3264,JPEG,readable,51b7d8487a900d05f0252aa19b9386986d2970dfbaaad053bdffee71d2e53d1f,unknown,pending,unreviewed,,
IMG_4994b7ddd10f34de,DEREK/RES22195.JPG,RES22195.JPG,.jpg,6387844,03,03,,unknown,DEREK,,,ignored,,,03::DEREK,parent_folder_fallback,low,4896,3264,JPEG,readable,b1c99e6bf6b0cfa3f46cbf0f6181fe8069c1c9d5fad0acd2a23f84c3df22067c,unknown,pending,unreviewed,,
IMG_d793b0efd44d10c3,DEREK/RES22196.JPG,RES22196.JPG,.jpg,7114230,03,03,,unknown,DEREK,,,ignored,,,03::DEREK,parent_folder_fallback,low,4896,3264,JPEG,readable,0ec72ab21ae09459a2c2f9d27a7f46898c27f74a77ae8d89b6d7ac3df7527b86,unknown,pending,unreviewed,,
IMG_657a956f670b3ea4,DEREK/RES22197.JPG,RES22197.JPG,.jpg,6710538,03,03,,unknown,DEREK,,,ignored,,,03::DEREK,parent_folder_fallback,low,4896,3264,JPEG,readable,07af0acaca053b7fbdac23dfb8ccc3b0a18cd3b36930a18a00a7965575d3e2db,unknown,pending,unreviewed,,
IMG_f209dd19fa8dc3a3,DEREK/RES22198.JPG,RES22198.JPG,.jpg,6654634,03,03,,unknown,DEREK,,,ignored,,,03::DEREK,parent_folder_fallback,low,4896,3264,JPEG,readable,c84c163be015d0aaea4d76895ec80e13f5afd74c27e89238ce5f4e288967434e,unknown,pending,unreviewed,,
IMG_f57c3d3673a6b2bc,DEREK/RES22199.JPG,RES22199.JPG,.jpg,6555208,03,03,,unknown,DEREK,,,ignored,,,03::DEREK,parent_folder_fallback,low,4896,3264,JPEG,readable,aec1cb316406768566f3ce5ba481d9d1908294400b180c57090a6d460eebcf2b,unknown,pending,unreviewed,,
IMG_3a3c6da5a4c2c128,DEREK/RES22200.JPG,RES22200.JPG,.jpg,6738867,03,03,,unknown,DEREK,,,ignored,,,03::DEREK,parent_folder_fallback,low,4896,3264,JPEG,readable,1330ccd60f4e8d3ae8ed53ff36cf63e11dd36f673714bbc157f89a3b8aa3dc8b,unknown,pending,unreviewed,,
IMG_d82c1ae731f8c6e2,DEREK/RES22201.JPG,RES22201.JPG,.jpg,6895462,03,03,,unknown,DEREK,,,ignored,,,03::DEREK,parent_folder_fallback,low,4896,3264,JPEG,readable,ec310afc34f83b358c829bffbc50f1767fd9402512c5d0332a42669ea9d702b2,unknown,pending,unreviewed,,
IMG_1e274fa046fca1e1,DEREK/RES22205.JPG,RES22205.JPG,.jpg,6657949,03,03,,unknown,DEREK,,,ignored,,,03::DEREK,parent_folder_fallback,low,4896,3264,JPEG,readable,a44f28c34ec7b9247edb5132f5b9629eb473364383190c06c569ccfd5cfd8cbc,unknown,pending,unreviewed,,
IMG_1043bec507c938ea,DEREK/RES22206.JPG,RES22206.JPG,.jpg,6134629,03,03,,unknown,DEREK,,,ignored,,,03::DEREK,parent_folder_fallback,low,4896,3264,JPEG,readable,a339aecf31ce7c50c41e264279b858775966560ef50eb69e235eeaa4ff80d678,unknown,pending,unreviewed,,
IMG_8d7cc6b5031c6f46,DEREK/RES22207.JPG,RES22207.JPG,.jpg,6719516,03,03,,unknown,DEREK,,,ignored,,,03::DEREK,parent_folder_fallback,low,4896,3264,JPEG,readable,b26be2eba505bcd4a1e8f9351e00f1c766a96988fbf6cd5d00155c84378e256d,unknown,pending,unreviewed,,
IMG_278e916034deaeaf,DEREK/RES22208.JPG,RES22208.JPG,.jpg,6627704,03,03,,unknown,DEREK,,,ignored,,,03::DEREK,parent_folder_fallback,low,4896,3264,JPEG,readable,0f2b4417c7b4ef24918d0ef88249cd928156ef17c6bcb6e2c2f1ed40f4003ad1,unknown,pending,unreviewed,,
IMG_681d4043c4adaeb2,DEREK/RES22209.JPG,RES22209.JPG,.jpg,6355828,03,03,,unknown,DEREK,,,ignored,,,03::DEREK,parent_folder_fallback,low,4896,3264,JPEG,readable,375ce785bce4829dcb474a5581a6c54b8dadb44a6fa8e8d20902110e30c7a561,unknown,pending,unreviewed,,
IMG_4eb1fd058c62af18,DEREK/RES22210.JPG,RES22210.JPG,.jpg,6320544,03,03,,unknown,DEREK,,,ignored,,,03::DEREK,parent_folder_fallback,low,4896,3264,JPEG,readable,66bfa3ca77f815576e598559019f6f0b4a2f7a092d7e0a4b3121993c9d6f9a4c,unknown,pending,unreviewed,,
IMG_0681687357abb905,DEREK/RES22211.JPG,RES22211.JPG,.jpg,5939099,03,03,,unknown,DEREK,,,ignored,,,03::DEREK,parent_folder_fallback,low,4896,3264,JPEG,readable,eb7bd8fc30e9804d348f229db4d94cdd61dcbb0de8774ac3c62d24c61d000628,unknown,pending,unreviewed,,
IMG_0a7dffbe41c8b1f9,DEREK/RES22212.JPG,RES22212.JPG,.jpg,6079981,03,03,,unknown,DEREK,,,ignored,,,03::DEREK,parent_folder_fallback,low,4896,3264,JPEG,readable,fec410ec0fd214446f991357276ded1c282f2455cf503a76e519b19c170bb12b,unknown,pending,unreviewed,,
IMG_b14afc618a0ee574,DEREK/RES22213.JPG,RES22213.JPG,.jpg,6396921,03,03,,unknown,DEREK,,,ignored,,,03::DEREK,parent_folder_fallback,low,4896,3264,JPEG,readable,090c7061e7e7d8db015a905c5c266baa76b488596c73c5575ff9b5473669ac69,unknown,pending,unreviewed,,
IMG_d1644f07843f756c,DEREK/RES22220.JPG,RES22220.JPG,.jpg,6140537,03,03,,unknown,DEREK,,,ignored,,,03::DEREK,parent_folder_fallback,low,4896,3264,JPEG,readable,e15d098092e6c9dd14f28690e1656cca19da48abd0aa3196f14a65c60b274f59,unknown,pending,unreviewed,,
IMG_40cfc5d1a81c0a6c,DEREK/RES22223.JPG,RES22223.JPG,.jpg,6161713,03,03,,unknown,DEREK,,,ignored,,,03::DEREK,parent_folder_fallback,low,4896,3264,JPEG,readable,623bad28cf673eedb80bd8a8222e021afa74880763f69efc132ec0478678cdc6,unknown,pending,unreviewed,,
IMG_0fb538171e7f6807,DEREK/RES22225.JPG,RES22225.JPG,.jpg,6279869,03,03,,unknown,DEREK,,,ignored,,,03::DEREK,parent_folder_fallback,low,4896,3264,JPEG,readable,a30da31eb0a0f80ed5f104ea7ae6841160bb0e6cc163f23d4156c4e27dc6ab80,unknown,pending,unreviewed,,
IMG_1e6c1f256ba7ff3c,DEREK/RES22226.JPG,RES22226.JPG,.jpg,6282406,03,03,,unknown,DEREK,,,ignored,,,03::DEREK,parent_folder_fallback,low,4896,3264,JPEG,readable,e663e29b5bc56e9a6d1315ebfb70c9093d58b4fd5543a9e8ee243a9011c53529,unknown,pending,unreviewed,,
IMG_0ca2b054b2315bf1,DEREK/RES22229.JPG,RES22229.JPG,.jpg,6174441,03,03,,unknown,DEREK,,,ignored,,,03::DEREK,parent_folder_fallback,low,4896,3264,JPEG,readable,7c6ee019b392d0805d314ca1ee8691359497365e71ce93c4cec87ec1701dfe1b,unknown,pending,unreviewed,,
IMG_97f9422b29477d17,DEREK/RES22230.JPG,RES22230.JPG,.jpg,6360338,03,03,,unknown,DEREK,,,ignored,,,03::DEREK,parent_folder_fallback,low,4896,3264,JPEG,readable,da4d2048db187eba8e91f1a4dd895757f441dec11ed5535490cf6f868fe974c1,unknown,pending,unreviewed,,
IMG_a9b5b6c68d303e71,DEREK/RES22231.JPG,RES22231.JPG,.jpg,6393630,03,03,,unknown,DEREK,,,ignored,,,03::DEREK,parent_folder_fallback,low,4896,3264,JPEG,readable,3a091a72c531ae89df8adbe7ceeb84d3ae25a5addb373a4fe955a71f45796e35,unknown,pending,unreviewed,,
IMG_734359ce6ca7b138,DEREK/RES22234.JPG,RES22234.JPG,.jpg,6404016,03,03,,unknown,DEREK,,,ignored,,,03::DEREK,parent_folder_fallback,low,4896,3264,JPEG,readable,3ac049760d3bf241b82f39250d4fa2d73329afeda9de0cf3518bd5bca40159cd,unknown,pending,unreviewed,,
IMG_a7bb1ade0d4ca105,DEREK/RES22236.JPG,RES22236.JPG,.jpg,6366381,03,03,,unknown,DEREK,,,ignored,,,03::DEREK,parent_folder_fallback,low,4896,3264,JPEG,readable,b79f6fb13f10e34345334d043d2bde46b79ce723cb703756a3f52678fd660575,unknown,pending,unreviewed,,
IMG_68dbae47b44ccd13,DEREK/RES22237.JPG,RES22237.JPG,.jpg,6102056,03,03,,unknown,DEREK,,,ignored,,,03::DEREK,parent_folder_fallback,low,4896,3264,JPEG,readable,958a9c28b5367d8110460ea23b36e2c05b3d03e6c75dbb2e2e36f45e36f1ffa9,unknown,pending,unreviewed,,
IMG_30f044cf26b2b793,DEREK/RES22238.JPG,RES22238.JPG,.jpg,6234643,03,03,,unknown,DEREK,,,ignored,,,03::DEREK,parent_folder_fallback,low,4896,3264,JPEG,readable,7c8fc79e6373ec484225e06eda5f74ab601412533f27a0ae7ee47b8a2110a499,unknown,pending,unreviewed,,
IMG_dd60cebc69c6eae2,DEREK/RES22239.JPG,RES22239.JPG,.jpg,5925337,03,03,,unknown,DEREK,,,ignored,,,03::DEREK,parent_folder_fallback,low,4896,3264,JPEG,readable,38927fd7a772d0268077fda9b70e479bec6f05c9cb9c530fdfa6930ea5dabb92,unknown,pending,unreviewed,,
IMG_a92a03e5d37fad9e,DEREK/RES22244.JPG,RES22244.JPG,.jpg,6077071,03,03,,unknown,DEREK,,,ignored,,,03::DEREK,parent_folder_fallback,low,4896,3264,JPEG,readable,ff1f8cda5bfb0f98fa111049f84e41cde6fd3bd1bb58540d042c2505abfe8881,unknown,pending,unreviewed,,
IMG_5544dbba26eb5594,DEREK/RES22245.JPG,RES22245.JPG,.jpg,6080227,03,03,,unknown,DEREK,,,ignored,,,03::DEREK,parent_folder_fallback,low,4896,3264,JPEG,readable,6dbeace4b59f77ec4f2d63add0bd535fe4eeebf01ee90e98843aa779ae67ffb0,unknown,pending,unreviewed,,
IMG_a4aea9b623aafaf8,DEREK/RES22246.JPG,RES22246.JPG,.jpg,6194611,03,03,,unknown,DEREK,,,ignored,,,03::DEREK,parent_folder_fallback,low,4896,3264,JPEG,readable,2e57a74504a68ce3403e4045ea95344d90d4e4dfa4d4f976842d317e926b2c76,unknown,pending,unreviewed,,
IMG_c002746ea570a764,DEREK/RES22247.JPG,RES22247.JPG,.jpg,6569303,03,03,,unknown,DEREK,,,ignored,,,03::DEREK,parent_folder_fallback,low,4896,3264,JPEG,readable,98035dcbe0a5c29996068a361900eb555fb205b242e2474739b1a04f0c40bfbc,unknown,pending,unreviewed,,
IMG_772ee3f90f40fc33,DEREK/RES22248.JPG,RES22248.JPG,.jpg,6514553,03,03,,unknown,DEREK,,,ignored,,,03::DEREK,parent_folder_fallback,low,4896,3264,JPEG,readable,a0ada792eb405ae8598b04ede44ffb7f8a56cba71f7d01e73d755dde8f43228c,unknown,pending,unreviewed,,
IMG_f516e23222fbfc1d,DEREK/RES22249.JPG,RES22249.JPG,.jpg,6786693,03,03,,unknown,DEREK,,,ignored,,,03::DEREK,parent_folder_fallback,low,4896,3264,JPEG,readable,6b5ca74633d6c643c5561b78c50b15b6540c1a8fae0e24b0e3a8a1f904e5813e,unknown,pending,unreviewed,,
IMG_cc0964c9dc95fa3e,DEREK/RES22250.JPG,RES22250.JPG,.jpg,6754743,03,03,,unknown,DEREK,,,ignored,,,03::DEREK,parent_folder_fallback,low,4896,3264,JPEG,readable,9232de373cc3549456bbc5ef56c59f53f0977c0e3bd7627b6bdd263df2b3490e,unknown,pending,unreviewed,,
IMG_4aa33b1b27a61c9b,DEREK/RES22251.JPG,RES22251.JPG,.jpg,6680238,03,03,,unknown,DEREK,,,ignored,,,03::DEREK,parent_folder_fallback,low,4896,3264,JPEG,readable,d3c7a7532c6b7043ae3afadbb43e1675782edbfafa8c9e3c14b977a90d3009d8,unknown,pending,unreviewed,,
IMG_91773ab89b68a0dd,DEREK/RES22252.JPG,RES22252.JPG,.jpg,6352715,03,03,,unknown,DEREK,,,ignored,,,03::DEREK,parent_folder_fallback,low,4896,3264,JPEG,readable,c309194b68fd488a68c7da94100616e2cebb018bb996a92a18121ff82f9f5072,unknown,pending,unreviewed,,
IMG_a9f022383a12ecc8,DEREK/RES22253.JPG,RES22253.JPG,.jpg,6221423,03,03,,unknown,DEREK,,,ignored,,,03::DEREK,parent_folder_fallback,low,4896,3264,JPEG,readable,8115ed55771f9b15d66ecef76d5e7674064cfbf3aa268c4ea18d74de122444d7,unknown,pending,unreviewed,,
IMG_6405baa038781645,DEREK/RES22254.JPG,RES22254.JPG,.jpg,5752364,03,03,,unknown,DEREK,,,ignored,,,03::DEREK,parent_folder_fallback,low,4896,3264,JPEG,readable,64f921ae3573fe14c71036637ba78bcc2657bbdd9a7335d18091bb96fb006c6e,unknown,pending,unreviewed,,
IMG_bb6d0fc77f29244e,DEREK/RES22255.JPG,RES22255.JPG,.jpg,5932924,03,03,,unknown,DEREK,,,ignored,,,03::DEREK,parent_folder_fallback,low,4896,3264,JPEG,readable,2a7a8806da5e29fb30e3843f1f12459362ba03d021703aa1795a2648d412bb24,unknown,pending,unreviewed,,
IMG_e33d6c1a18bf4674,DEREK/RES22257.JPG,RES22257.JPG,.jpg,6367238,03,03,,unknown,DEREK,,,ignored,,,03::DEREK,parent_folder_fallback,low,4896,3264,JPEG,readable,5aed258f7f4f0d73707ca8e6a732a66793c74092f259485f2e0341b5802cab5d,unknown,pending,unreviewed,,
IMG_3b87848e15be5bb1,DEREK/RES22259.JPG,RES22259.JPG,.jpg,6744597,03,03,,unknown,DEREK,,,ignored,,,03::DEREK,parent_folder_fallback,low,4896,3264,JPEG,readable,185e5edfc33d15151d2e84a390bc2c8a618aed093e467c1df5dd9ba410043ec2,unknown,pending,unreviewed,,
IMG_734f559303a5e9cd,DEREK/RES22260.JPG,RES22260.JPG,.jpg,6701105,03,03,,unknown,DEREK,,,ignored,,,03::DEREK,parent_folder_fallback,low,4896,3264,JPEG,readable,8a040619614b8f5a1b745cd92a21f0304c2ef075689e56720852965117ffcfd3,unknown,pending,unreviewed,,
IMG_fb5949b044c31d75,DEREK/RES22261.JPG,RES22261.JPG,.jpg,7271262,03,03,,unknown,DEREK,,,ignored,,,03::DEREK,parent_folder_fallback,low,4896,3264,JPEG,readable,f5589490c9ccfa664096447ae712fb3e19849411fdeead81679c16775457258f,unknown,pending,unreviewed,,
IMG_fa3819948b339f99,DEREK/RES22263.JPG,RES22263.JPG,.jpg,6352304,03,03,,unknown,DEREK,,,ignored,,,03::DEREK,parent_folder_fallback,low,4896,3264,JPEG,readable,275511e7b18db4cc9b02cd06770f4c6d3280cdfc3342c7a2918388c905efb0c9,unknown,pending,unreviewed,,
IMG_3a0555c94448b86b,DEREK/RES22264.JPG,RES22264.JPG,.jpg,6323883,03,03,,unknown,DEREK,,,ignored,,,03::DEREK,parent_folder_fallback,low,4896,3264,JPEG,readable,813a791ed33f94d70ec3785756d8363d6d5f233147fd5f1b0054092bc370541d,unknown,pending,unreviewed,,
IMG_e2d29cb20d3d94ce,DEREK/RES22265.JPG,RES22265.JPG,.jpg,6456883,03,03,,unknown,DEREK,,,ignored,,,03::DEREK,parent_folder_fallback,low,4896,3264,JPEG,readable,ffde0b8419be679b397b0b31889c8354a12e89ea822ce5adf9ad6f2363e63608,unknown,pending,unreviewed,,
IMG_e16aedcf17c39f2a,DEREK/RES22266.JPG,RES22266.JPG,.jpg,6241338,03,03,,unknown,DEREK,,,ignored,,,03::DEREK,parent_folder_fallback,low,4896,3264,JPEG,readable,a20cc7ee4ae31828caec1995732eb2d73d1edc1d52fe4b5b7de2f96faa9daec8,unknown,pending,unreviewed,,
IMG_cf4c2bc8cb8f6bd0,DEREK/RES22267.JPG,RES22267.JPG,.jpg,5645013,03,03,,unknown,DEREK,,,ignored,,,03::DEREK,parent_folder_fallback,low,4896,3264,JPEG,readable,74e85696db33cde3e4c751cf677411df48ae561a4c9134f9bb812c07a101b8a5,unknown,pending,unreviewed,,
IMG_ac8bdd2196895df5,DEREK/RES22268.JPG,RES22268.JPG,.jpg,5498109,03,03,,unknown,DEREK,,,ignored,,,03::DEREK,parent_folder_fallback,low,4896,3264,JPEG,readable,e4d2c704382d2f7c34fb7c39ed896f5db8e274a047dcbd25f784ad1c58dfdf95,unknown,pending,unreviewed,,
IMG_5d6686a0ca68e9c1,DEREK/RES22269.JPG,RES22269.JPG,.jpg,6438962,03,03,,unknown,DEREK,,,ignored,,,03::DEREK,parent_folder_fallback,low,4896,3264,JPEG,readable,d1449d4274126badfd0f99e856f2d3014e6aee0ef62a17ad2d3639e01b2c923d,unknown,pending,unreviewed,,
IMG_0c776c2946b8b942,DEREK/RES22270.JPG,RES22270.JPG,.jpg,6506924,03,03,,unknown,DEREK,,,ignored,,,03::DEREK,parent_folder_fallback,low,4896,3264,JPEG,readable,0d0bebf3322f506ce64786f6f8bebe0b4959b14c3b8bcdf748e191ea23cd3e96,unknown,pending,unreviewed,,
IMG_2206f820e1f6191d,DEREK/RES22271.JPG,RES22271.JPG,.jpg,5765997,03,03,,unknown,DEREK,,,ignored,,,03::DEREK,parent_folder_fallback,low,4896,3264,JPEG,readable,e180488a42966964e8e5c647ef7a8cb270fa136adff7ded213d211ffecd342c6,unknown,pending,unreviewed,,
IMG_bd041ec844577437,DEREK/RES22272.JPG,RES22272.JPG,.jpg,5885761,03,03,,unknown,DEREK,,,ignored,,,03::DEREK,parent_folder_fallback,low,4896,3264,JPEG,readable,cbdfc0075c6159cb4467a61dbe4de4c354105412d32dcd1f49ddf73a484cec89,unknown,pending,unreviewed,,
IMG_015ba79905de99f0,DEREK/RES22273.JPG,RES22273.JPG,.jpg,6027358,03,03,,unknown,DEREK,,,ignored,,,03::DEREK,parent_folder_fallback,low,4896,3264,JPEG,readable,9baf80aa97dad647692e6afb7da3ae0373c0dd4dd6d535c0db96dee1e9f8b074,unknown,pending,unreviewed,,
IMG_c018fd0fb44f81f3,DEREK/RES22277.JPG,RES22277.JPG,.jpg,7237801,03,03,,unknown,DEREK,,,ignored,,,03::DEREK,parent_folder_fallback,low,4896,3264,JPEG,readable,86a3bdee4ffc4357197d314fc112cf7a2d3bb3e70ead8eedb6d92ed5cf73b6a3,unknown,pending,unreviewed,,
IMG_23a3439914e12c72,DEREK/RES22278.JPG,RES22278.JPG,.jpg,7327703,03,03,,unknown,DEREK,,,ignored,,,03::DEREK,parent_folder_fallback,low,4896,3264,JPEG,readable,725ed0862d942837ed72b7cf679104560d984869a41d8aaa2d8128c0b5e73cdf,unknown,pending,unreviewed,,
IMG_2bb3e9b571e45bb0,DEREK/RES22279.JPG,RES22279.JPG,.jpg,7398546,03,03,,unknown,DEREK,,,ignored,,,03::DEREK,parent_folder_fallback,low,4896,3264,JPEG,readable,5905cba04317dd95b600df7352b2c16924519448a094dea91529c0613333b949,unknown,pending,unreviewed,,
IMG_02b0c9120d259e7a,DEREK/RES22280.JPG,RES22280.JPG,.jpg,5613919,03,03,,unknown,DEREK,,,ignored,,,03::DEREK,parent_folder_fallback,low,4896,3264,JPEG,readable,361320ad7aa892f484df1fb77b52eebec9c1162d96bc85cc9352d317e85c10b9,unknown,pending,unreviewed,,
IMG_8107450321d0f25f,DEREK/RES22281.JPG,RES22281.JPG,.jpg,5958634,03,03,,unknown,DEREK,,,ignored,,,03::DEREK,parent_folder_fallback,low,4896,3264,JPEG,readable,929c0738e159743eeb35408c83721ebfaa93d46fd2075c0d4c363be5071d1b58,unknown,pending,unreviewed,,
IMG_8c89017fd7d8c3f2,DEREK/RES22282.JPG,RES22282.JPG,.jpg,6050810,03,03,,unknown,DEREK,,,ignored,,,03::DEREK,parent_folder_fallback,low,4896,3264,JPEG,readable,aa5668b688c8b0de05e8f055ba936ddd1cb6a53ec27200317a4745b1481bc7e4,unknown,pending,unreviewed,,
IMG_7e4dc3f2fee71f3f,DEREK/RES22283.JPG,RES22283.JPG,.jpg,6566725,03,03,,unknown,DEREK,,,ignored,,,03::DEREK,parent_folder_fallback,low,4896,3264,JPEG,readable,80b7c2080cd1ef0c817eafebb4fbac430f2a0b35bc21409eb79a477080d5552e,unknown,pending,unreviewed,,
IMG_6108681120b2fdde,DEREK/RES22284.JPG,RES22284.JPG,.jpg,5520400,03,03,,unknown,DEREK,,,ignored,,,03::DEREK,parent_folder_fallback,low,4896,3264,JPEG,readable,22a0592e7d7612e20ee03b9f391e5a10bfd0cdb8499a1963b0eea633cf195eea,unknown,pending,unreviewed,,
IMG_deae3cf7bca828ca,DEREK/RES22286.JPG,RES22286.JPG,.jpg,5112346,03,03,,unknown,DEREK,,,ignored,,,03::DEREK,parent_folder_fallback,low,4896,3264,JPEG,readable,04cd3f35f0d027cc26ac75bee7add1a0def34c67988ea880919488131145b44e,unknown,pending,unreviewed,,
IMG_b67ed194e1951a81,DEREK/RES22288.JPG,RES22288.JPG,.jpg,5159452,03,03,,unknown,DEREK,,,ignored,,,03::DEREK,parent_folder_fallback,low,4896,3264,JPEG,readable,951a0ca630214de82e775075c4c46bdb5e9823ba8b68ddd5b7a2bf2fd61c69d1,unknown,pending,unreviewed,,
IMG_82b550f9707037b4,DEREK/RES22289.JPG,RES22289.JPG,.jpg,5212105,03,03,,unknown,DEREK,,,ignored,,,03::DEREK,parent_folder_fallback,low,4896,3264,JPEG,readable,00d8621d2a0e06db321db05e4f7e3d58e197196e22b860ffc1920f8bd5090bee,unknown,pending,unreviewed,,
IMG_b0baca2c06886840,DEREK/RES22290.JPG,RES22290.JPG,.jpg,4941545,03,03,,unknown,DEREK,,,ignored,,,03::DEREK,parent_folder_fallback,low,4896,3264,JPEG,readable,98b5512e0c67aeaf3d352f310bb860f7c424572e98b9ecd151fd8e3da81d3a6a,unknown,pending,unreviewed,,
IMG_1bc47d84efdc6fb2,DEREK/RES22291.JPG,RES22291.JPG,.jpg,4952409,03,03,,unknown,DEREK,,,ignored,,,03::DEREK,parent_folder_fallback,low,4896,3264,JPEG,readable,3eff9421cf7474d68b77d57a16b4b64730ff8335c2f7789b97b6c5d19e9b28d2,unknown,pending,unreviewed,,
IMG_a9864712dc5c9886,DEREK/RES22292.JPG,RES22292.JPG,.jpg,6410999,03,03,,unknown,DEREK,,,ignored,,,03::DEREK,parent_folder_fallback,low,4896,3264,JPEG,readable,8e5d5f9d5d361246921b2b1b23d98770eda5b0a552471ff01993809fe84bc293,unknown,pending,unreviewed,,
IMG_570f26b207256624,DEREK/RES22293.JPG,RES22293.JPG,.jpg,6344117,03,03,,unknown,DEREK,,,ignored,,,03::DEREK,parent_folder_fallback,low,4896,3264,JPEG,readable,8387b274c3d255903850036b2fbf72c53df1f453948c90372a66add1895e0ecb,unknown,pending,unreviewed,,
IMG_28c55c9709b0ceed,DEREK/RES22294.JPG,RES22294.JPG,.jpg,5290094,03,03,,unknown,DEREK,,,ignored,,,03::DEREK,parent_folder_fallback,low,4896,3264,JPEG,readable,7b17c8f27bb98d3b69b575486388eb90dbef0db842666db1434322ebd1747ab8,unknown,pending,unreviewed,,
IMG_f10e7440af67beb7,DEREK/RES22299.JPG,RES22299.JPG,.jpg,5648166,03,03,,unknown,DEREK,,,ignored,,,03::DEREK,parent_folder_fallback,low,4896,3264,JPEG,readable,0982962d4f06592c39b1609ce88fa8776000fc9fc885c6cfef63fb85db166129,unknown,pending,unreviewed,,
IMG_180adc1127aa1e2e,DEREK/RES22300.JPG,RES22300.JPG,.jpg,5500905,03,03,,unknown,DEREK,,,ignored,,,03::DEREK,parent_folder_fallback,low,4896,3264,JPEG,readable,29ca9a9d0cf37987879dafc4ec75deffccf6810f02770f753eae9447f6f0aec9,unknown,pending,unreviewed,,
IMG_e0c955cf749e3a2e,DEREK/RES22303.JPG,RES22303.JPG,.jpg,6326489,03,03,,unknown,DEREK,,,ignored,,,03::DEREK,parent_folder_fallback,low,4896,3264,JPEG,readable,fc768161b681e975474f09fad78f6c5eeec0c67ec0a4a4a23d333604d6539081,unknown,pending,unreviewed,,
IMG_99e79ac514620dea,DEREK/RES22310.JPG,RES22310.JPG,.jpg,6059588,03,03,,unknown,DEREK,,,ignored,,,03::DEREK,parent_folder_fallback,low,4896,3264,JPEG,readable,612692ab4be05422804b919fa5272413c6262fc48a5c6b819d468864bb67dad0,unknown,pending,unreviewed,,
IMG_66d54bc029b49f9c,DEREK/RES22311.JPG,RES22311.JPG,.jpg,5957685,03,03,,unknown,DEREK,,,ignored,,,03::DEREK,parent_folder_fallback,low,4896,3264,JPEG,readable,423f4e67f718c7876480adad854c203678de49f18e2684be3b31c61c615bb111,unknown,pending,unreviewed,,
IMG_569e365e05e12ccb,DEREK/RES22312.JPG,RES22312.JPG,.jpg,5921478,03,03,,unknown,DEREK,,,ignored,,,03::DEREK,parent_folder_fallback,low,4896,3264,JPEG,readable,ee36e6fec0fe1d37def5dc398b90e6fc5a97675658d4e86d1b49e7ed15415053,unknown,pending,unreviewed,,
IMG_187820b25ee4ce1a,DEREK/RES22313.JPG,RES22313.JPG,.jpg,5929004,03,03,,unknown,DEREK,,,ignored,,,03::DEREK,parent_folder_fallback,low,4896,3264,JPEG,readable,4e964a05aa1b8cf1618fac9f090185880613e627190c0bff1a5eaa6fcf36cbab,unknown,pending,unreviewed,,
IMG_6722e44a33ee608c,DEREK/RES22314.JPG,RES22314.JPG,.jpg,5927574,03,03,,unknown,DEREK,,,ignored,,,03::DEREK,parent_folder_fallback,low,4896,3264,JPEG,readable,d83f0e121a541696d3d64693795d908d853a896b63aee00b61e0571fbb912a5e,unknown,pending,unreviewed,,
IMG_bb3120d4c6cdaf93,DEREK/RES22315.JPG,RES22315.JPG,.jpg,6394424,03,03,,unknown,DEREK,,,ignored,,,03::DEREK,parent_folder_fallback,low,4896,3264,JPEG,readable,7eb2ed7cf317bedd9b09b9a2e4b74f005620805f0354ea954c4f52cd019d3fac,unknown,pending,unreviewed,,
IMG_e76fc8a912b98b6f,DEREK/RES22316.JPG,RES22316.JPG,.jpg,6377799,03,03,,unknown,DEREK,,,ignored,,,03::DEREK,parent_folder_fallback,low,4896,3264,JPEG,readable,083f27a7a57eb2b073c56f0860f8304d938e6f3be8e174ca5bb1d1ec50428b66,unknown,pending,unreviewed,,
IMG_b1c065e4e59b8d97,DEREK/RES22317.JPG,RES22317.JPG,.jpg,6322483,03,03,,unknown,DEREK,,,ignored,,,03::DEREK,parent_folder_fallback,low,4896,3264,JPEG,readable,81152dd165346d490d3a52cd64838e4aa507a87c54092cc00da1007f4cc1c995,unknown,pending,unreviewed,,
IMG_e9df1b4ae3a0fd6c,DEREK/RES22318.JPG,RES22318.JPG,.jpg,6255378,03,03,,unknown,DEREK,,,ignored,,,03::DEREK,parent_folder_fallback,low,4896,3264,JPEG,readable,8d49b7e6a8882267f7f3a9ca73afa1c4653f7bc6a7b06a20fb3bffc6bf281d2a,unknown,pending,unreviewed,,
IMG_3fc33fdce68c4cb8,DEREK/RES22319.JPG,RES22319.JPG,.jpg,5856149,03,03,,unknown,DEREK,,,ignored,,,03::DEREK,parent_folder_fallback,low,4896,3264,JPEG,readable,b82ed0930c72de9c6373e68bdc3c942b77c6472f09335af04bb328f9de8e7a9e,unknown,pending,unreviewed,,
IMG_06a209cca2ec1225,DEREK/RES22320.JPG,RES22320.JPG,.jpg,6096184,03,03,,unknown,DEREK,,,ignored,,,03::DEREK,parent_folder_fallback,low,4896,3264,JPEG,readable,fd5f4e70d20c7018b9afbf60e9f9669c735f7b4a99689aa36799bd6c018658a9,unknown,pending,unreviewed,,
IMG_d1585798ccb39f0b,DEREK/RES22321.JPG,RES22321.JPG,.jpg,5211335,03,03,,unknown,DEREK,,,ignored,,,03::DEREK,parent_folder_fallback,low,4896,3264,JPEG,readable,26218a4f9be5503729728d14002bf24aa8a7eb647fc00a66c2b9bded717cad46,unknown,pending,unreviewed,,
IMG_312ca43fca0d21b0,DEREK/RES22322.JPG,RES22322.JPG,.jpg,5227595,03,03,,unknown,DEREK,,,ignored,,,03::DEREK,parent_folder_fallback,low,4896,3264,JPEG,readable,2d917f524e01c83022158c16a91b7aadcf1ca97c51106931f12a2895d6476b61,unknown,pending,unreviewed,,
IMG_36885956fc052b7d,DEREK/RES22323.JPG,RES22323.JPG,.jpg,5451961,03,03,,unknown,DEREK,,,ignored,,,03::DEREK,parent_folder_fallback,low,4896,3264,JPEG,readable,9c77b92176f087c8b64a28a775d9a61e8d9120828c4e66fbd724b8902fe22848,unknown,pending,unreviewed,,
IMG_4f58dd1f9f3add1e,DEREK/RES22324.JPG,RES22324.JPG,.jpg,5470327,03,03,,unknown,DEREK,,,ignored,,,03::DEREK,parent_folder_fallback,low,4896,3264,JPEG,readable,4608f5cfe58b9b05b31d480bc601350efb969fac35a1adb38889a62e5a6ac93a,unknown,pending,unreviewed,,
IMG_150ac506c95b404c,DEREK/RES22325.JPG,RES22325.JPG,.jpg,6759795,03,03,,unknown,DEREK,,,ignored,,,03::DEREK,parent_folder_fallback,low,4896,3264,JPEG,readable,13c5f7dbc024b6fa0c4ed72dedada425ff14da791a451f5f0dc8a8132f5d91ea,unknown,pending,unreviewed,,
IMG_5097c9ece08cd04b,DEREK/RES22326.JPG,RES22326.JPG,.jpg,6670470,03,03,,unknown,DEREK,,,ignored,,,03::DEREK,parent_folder_fallback,low,4896,3264,JPEG,readable,96d1c936c125e402929d31732d2f919a0cb8cabaa800cd23b9466dc97eded559,unknown,pending,unreviewed,,
IMG_5114df5bfb6dc4b3,DEREK/RES22329.JPG,RES22329.JPG,.jpg,5016215,03,03,,unknown,DEREK,,,ignored,,,03::DEREK,parent_folder_fallback,low,4896,3264,JPEG,readable,4f65b176e0276d78dca63cba37a5d0f7b1d8e12976792fd218d5790745bf7ae4,unknown,pending,unreviewed,,
IMG_c6fcd02435785ceb,DEREK/RES22330.JPG,RES22330.JPG,.jpg,5718552,03,03,,unknown,DEREK,,,ignored,,,03::DEREK,parent_folder_fallback,low,4896,3264,JPEG,readable,61c01a53129040b3792f34860b20a157a31692fe9c10dbd0d99278970096775c,unknown,pending,unreviewed,,
IMG_653dd14ac1cc47c7,DEREK/RES22331.JPG,RES22331.JPG,.jpg,5776072,03,03,,unknown,DEREK,,,ignored,,,03::DEREK,parent_folder_fallback,low,4896,3264,JPEG,readable,82609170e8f14bd771406558b3865ef452e29d5e8d282b667fffe9529c74ba74,unknown,pending,unreviewed,,
IMG_92fe65f1acbec332,DEREK/RES22332.JPG,RES22332.JPG,.jpg,5587933,03,03,,unknown,DEREK,,,ignored,,,03::DEREK,parent_folder_fallback,low,4896,3264,JPEG,readable,0323f9f4c4711ca8aa6b8a902337940122c17936f86c7dbbed223dbccb8f3696,unknown,pending,unreviewed,,
IMG_044c1237df652d76,DEREK/RES22333.JPG,RES22333.JPG,.jpg,5490469,03,03,,unknown,DEREK,,,ignored,,,03::DEREK,parent_folder_fallback,low,4896,3264,JPEG,readable,7422ebfaa6f412d635ee5ae24309725008da74a3da03653d263770a99d4e3a7e,unknown,pending,unreviewed,,
IMG_58e60595a6d465d8,DEREK/RES22334.JPG,RES22334.JPG,.jpg,5564028,03,03,,unknown,DEREK,,,ignored,,,03::DEREK,parent_folder_fallback,low,4896,3264,JPEG,readable,0399ad894c1728b8df7d5ca5bfc595858a56f4a297bb6cbe21850e2a1505b2ab,unknown,pending,unreviewed,,
IMG_efeafc7aa228d534,DEREK/RES22335.JPG,RES22335.JPG,.jpg,5417265,03,03,,unknown,DEREK,,,ignored,,,03::DEREK,parent_folder_fallback,low,4896,3264,JPEG,readable,0975286946cd40871b29da6be8afcda1f9d7d854bb990b440e1469e19f7e9fbe,unknown,pending,unreviewed,,
IMG_cb1a9c4aae01a8fb,DEREK/RES22336.JPG,RES22336.JPG,.jpg,5781413,03,03,,unknown,DEREK,,,ignored,,,03::DEREK,parent_folder_fallback,low,4896,3264,JPEG,readable,67d43b96570d3b51d7bbf0710e09ba084ffba78261769e56674f41b97c2bf046,unknown,pending,unreviewed,,
IMG_40eefa7c41840cf4,DEREK/RES22337.JPG,RES22337.JPG,.jpg,6297589,03,03,,unknown,DEREK,,,ignored,,,03::DEREK,parent_folder_fallback,low,4896,3264,JPEG,readable,fc1a2503f97ece780324a3451b8c63f1067e55528dc1711221fa043d22be2d29,unknown,pending,unreviewed,,
IMG_047fb84937d4f484,DEREK/RES22339.JPG,RES22339.JPG,.jpg,5886081,03,03,,unknown,DEREK,,,ignored,,,03::DEREK,parent_folder_fallback,low,4896,3264,JPEG,readable,585b6208aa11260eb8881eec60839da0e7f263b3e688bfb0efdd79f460bb625d,unknown,pending,unreviewed,,
IMG_4950a04f9d070f9e,DEREK/RES22340.JPG,RES22340.JPG,.jpg,5911721,03,03,,unknown,DEREK,,,ignored,,,03::DEREK,parent_folder_fallback,low,4896,3264,JPEG,readable,9343ada0409f766dcee2aa7af4969fc3bf7c84eaa949ebd671071a50f3e0ea93,unknown,pending,unreviewed,,
IMG_04b1c5d9fe48121a,DEREK/RES22341.JPG,RES22341.JPG,.jpg,5796368,03,03,,unknown,DEREK,,,ignored,,,03::DEREK,parent_folder_fallback,low,4896,3264,JPEG,readable,d337f78ebf18133161a4a67acfdfb812a3f50ee0653f56e3b1a116817f50ff98,unknown,pending,unreviewed,,
IMG_6c07760b3b513e0b,DEREK/RES22342.JPG,RES22342.JPG,.jpg,5466595,03,03,,unknown,DEREK,,,ignored,,,03::DEREK,parent_folder_fallback,low,4896,3264,JPEG,readable,308984e9675a2e5b8b62c39ea1c92b8dc995d7c8ff930af7b0313e162d7e4a48,unknown,pending,unreviewed,,
IMG_184d3b5d776f852a,DEREK/RES22346.JPG,RES22346.JPG,.jpg,5451813,03,03,,unknown,DEREK,,,ignored,,,03::DEREK,parent_folder_fallback,low,4896,3264,JPEG,readable,4ccce978d5e464a2a04802eea628e9e6215bb42cf60b3770ca52755efe6f0aee,unknown,pending,unreviewed,,
IMG_213323d0130b900c,DEREK/RES22347.JPG,RES22347.JPG,.jpg,5495757,03,03,,unknown,DEREK,,,ignored,,,03::DEREK,parent_folder_fallback,low,4896,3264,JPEG,readable,c5e8afba1176077380eda0335c71f941e9a8e0dd74f1bba950a5ba5f23e5fab8,unknown,pending,unreviewed,,
IMG_d4c930f70acf9095,DEREK/RES22348.JPG,RES22348.JPG,.jpg,6120156,03,03,,unknown,DEREK,,,ignored,,,03::DEREK,parent_folder_fallback,low,4896,3264,JPEG,readable,a8c20d0b52618a7c22521fb42a67057270f084ddf95d8befe75bd78b23a59b0b,unknown,pending,unreviewed,,
IMG_784596f88a3605af,DEREK/RES22349.JPG,RES22349.JPG,.jpg,5498481,03,03,,unknown,DEREK,,,ignored,,,03::DEREK,parent_folder_fallback,low,4896,3264,JPEG,readable,7742a0caf6ab5ccb0ce543250d8f11c40fd8bec492d84fb45c454ae921db1411,unknown,pending,unreviewed,,
IMG_25da06cada95dafa,DEREK/RES22350.JPG,RES22350.JPG,.jpg,5468317,03,03,,unknown,DEREK,,,ignored,,,03::DEREK,parent_folder_fallback,low,4896,3264,JPEG,readable,b7fbf7e79b6c38093dc8625ce9ae7d7f2c1e0a31c956d3b401942b347a1714e7,unknown,pending,unreviewed,,
IMG_44c8f4d81cbc27c8,DEREK/RES22351.JPG,RES22351.JPG,.jpg,6264497,03,03,,unknown,DEREK,,,ignored,,,03::DEREK,parent_folder_fallback,low,4896,3264,JPEG,readable,760d0ffc5109ba3171c1dca5291b6d3ae5efa92edcc49fa97ff227589b09c47d,unknown,pending,unreviewed,,
IMG_ead4c7abb5b1a585,DEREK/RES22352.JPG,RES22352.JPG,.jpg,6321187,03,03,,unknown,DEREK,,,ignored,,,03::DEREK,parent_folder_fallback,low,4896,3264,JPEG,readable,43db44af42ecd95ab4069631eacaff554c0354ab4f92fb8ade2e2f17f34b7e89,unknown,pending,unreviewed,,
IMG_96a876a49a4ed40a,DEREK/RES22353.JPG,RES22353.JPG,.jpg,5909731,03,03,,unknown,DEREK,,,ignored,,,03::DEREK,parent_folder_fallback,low,4896,3264,JPEG,readable,eedca81d4df6a131f260b35eb1a263eb11182a5296e9f1a765762afc4f7deb8b,unknown,pending,unreviewed,,
IMG_4271cd24e2866e0d,DEREK/RES22354.JPG,RES22354.JPG,.jpg,5889120,03,03,,unknown,DEREK,,,ignored,,,03::DEREK,parent_folder_fallback,low,4896,3264,JPEG,readable,3154ae9e083433541ea32bcdc1c67e97e0e7c8fd1aaddf02dec9a4edcc05beec,unknown,pending,unreviewed,,
IMG_8135ff25367ffbe1,DEREK/RES22357.JPG,RES22357.JPG,.jpg,6442534,03,03,,unknown,DEREK,,,ignored,,,03::DEREK,parent_folder_fallback,low,4896,3264,JPEG,readable,f82485e79f05c552f08f11895b51ff3718548f7b8994ec5a24a9caae15782eec,unknown,pending,unreviewed,,
IMG_f1425b1a6ade5f25,DEREK/RES22358.JPG,RES22358.JPG,.jpg,6831618,03,03,,unknown,DEREK,,,ignored,,,03::DEREK,parent_folder_fallback,low,4896,3264,JPEG,readable,4b3104193b94f65177f8d53888d220d3a49733838b955539ddfe3a0c96780296,unknown,pending,unreviewed,,
IMG_838ca6ea16b7be42,DEREK/RES22360.JPG,RES22360.JPG,.jpg,6665943,03,03,,unknown,DEREK,,,ignored,,,03::DEREK,parent_folder_fallback,low,4896,3264,JPEG,readable,473e5311ddde3796cdd1ec71addf38bde9f22506920aeba4a69a06e8afbea9b3,unknown,pending,unreviewed,,
IMG_cdfdfa8c8e3e252b,DEREK/RES22362.JPG,RES22362.JPG,.jpg,6474355,03,03,,unknown,DEREK,,,ignored,,,03::DEREK,parent_folder_fallback,low,4896,3264,JPEG,readable,7432ec527330a000de44b9b7f1b032e28692360e7522c6b00a78a016dce52cde,unknown,pending,unreviewed,,
IMG_6154ca51d5f1f258,DEREK/RES22363.JPG,RES22363.JPG,.jpg,6216673,03,03,,unknown,DEREK,,,ignored,,,03::DEREK,parent_folder_fallback,low,4896,3264,JPEG,readable,45c57a2430b868663a08386eca191955daeab5982f1492b4e38e84ea5bc22dc7,unknown,pending,unreviewed,,
IMG_5e3f1f69ffce2474,DEREK/RES22366.JPG,RES22366.JPG,.jpg,6364978,03,03,,unknown,DEREK,,,ignored,,,03::DEREK,parent_folder_fallback,low,4896,3264,JPEG,readable,8720079debcc8b27d9c21ae41226ec61dd28989c4ee20948f6326ba1b60c64d3,unknown,pending,unreviewed,,
IMG_b08f20fbc63f715e,DEREK/RES22367.JPG,RES22367.JPG,.jpg,6608806,03,03,,unknown,DEREK,,,ignored,,,03::DEREK,parent_folder_fallback,low,4896,3264,JPEG,readable,a67329376dcae13422cc53b95208a53e612677fbd5655b4518bcfe729c848ca5,unknown,pending,unreviewed,,
IMG_06e9d57a9c6dc5a9,DEREK/RES22368.JPG,RES22368.JPG,.jpg,6622147,03,03,,unknown,DEREK,,,ignored,,,03::DEREK,parent_folder_fallback,low,4896,3264,JPEG,readable,c327b404c8f4c1db53944e083e73d824c6523595a22a697db9c862c9e3cfe4a1,unknown,pending,unreviewed,,
IMG_9194096355aad1f8,DEREK/RES22369.JPG,RES22369.JPG,.jpg,6582905,03,03,,unknown,DEREK,,,ignored,,,03::DEREK,parent_folder_fallback,low,4896,3264,JPEG,readable,836b4271cf0a8747f5693949c848f07889bd5aea17e2d0d688b75a5feb8b1e6c,unknown,pending,unreviewed,,
IMG_705e5a93335e467d,DEREK/RES22370.JPG,RES22370.JPG,.jpg,6625322,03,03,,unknown,DEREK,,,ignored,,,03::DEREK,parent_folder_fallback,low,4896,3264,JPEG,readable,07035a38669f263e7528fd95f8955dd455c845ae44d29f929c0b523adec522c3,unknown,pending,unreviewed,,
IMG_73211391215ba922,DEREK/RES22371.JPG,RES22371.JPG,.jpg,6584913,03,03,,unknown,DEREK,,,ignored,,,03::DEREK,parent_folder_fallback,low,4896,3264,JPEG,readable,96e6fade92af10396ff440580a6708c584bd9ab59c712e354b91cbffa8d7b2f8,unknown,pending,unreviewed,,
IMG_084890692e6fb46d,DEREK/RES22372.JPG,RES22372.JPG,.jpg,6249142,03,03,,unknown,DEREK,,,ignored,,,03::DEREK,parent_folder_fallback,low,4896,3264,JPEG,readable,3df54039ecd83613587bb87595383528a6a436badd598ffb9a52722e045bdf79,unknown,pending,unreviewed,,
IMG_365145835ba900ef,DEREK/RES22374.JPG,RES22374.JPG,.jpg,5837834,03,03,,unknown,DEREK,,,ignored,,,03::DEREK,parent_folder_fallback,low,4896,3264,JPEG,readable,903e4bd4eb2595125b96e8b43542690e3b7d6a304b9581b2fc78d884f80c5e6e,unknown,pending,unreviewed,,
IMG_e155dd0d2036a46f,DEREK/RES22375.JPG,RES22375.JPG,.jpg,5876808,03,03,,unknown,DEREK,,,ignored,,,03::DEREK,parent_folder_fallback,low,4896,3264,JPEG,readable,832450b537c877ff69b3f246bd459e8af82c2bc97547a5212ee2708fa18132c1,unknown,pending,unreviewed,,
IMG_ccb30c343280bf97,DEREK/RES22376.JPG,RES22376.JPG,.jpg,5820798,03,03,,unknown,DEREK,,,ignored,,,03::DEREK,parent_folder_fallback,low,4896,3264,JPEG,readable,c9ec23cc22652481cd24baa7edd83e3efdeaa81387698609cc6c66bdf381e488,unknown,pending,unreviewed,,
IMG_8f87bb83baed24c5,DEREK/RES22378.JPG,RES22378.JPG,.jpg,6314578,03,03,,unknown,DEREK,,,ignored,,,03::DEREK,parent_folder_fallback,low,4896,3264,JPEG,readable,169714861d752b6afa392d5763962c641bbb6d478c8d97a4946b7d87569f12b2,unknown,pending,unreviewed,,
IMG_78fab88d2a7ea18b,DEREK/RES22379.JPG,RES22379.JPG,.jpg,6371427,03,03,,unknown,DEREK,,,ignored,,,03::DEREK,parent_folder_fallback,low,4896,3264,JPEG,readable,16a1b7a0cf907407ce42e5fb135ff88f5caac6e78c6fa63ad18400b8338f06a5,unknown,pending,unreviewed,,
IMG_5afa405bf3e44991,DEREK/RES22380.JPG,RES22380.JPG,.jpg,6395813,03,03,,unknown,DEREK,,,ignored,,,03::DEREK,parent_folder_fallback,low,4896,3264,JPEG,readable,8f2d57ece49a4b4aca44c8906c84d49a9ae77d43ee8249b207f0fd44c93c1670,unknown,pending,unreviewed,,
IMG_536f89e6e440f948,DEREK/RES22384.JPG,RES22384.JPG,.jpg,6084298,03,03,,unknown,DEREK,,,ignored,,,03::DEREK,parent_folder_fallback,low,4896,3264,JPEG,readable,c6cd5f0b49bfb671a6feaf96d43434d21a90d413e695508efecb238792e1c675,unknown,pending,unreviewed,,
IMG_ac58f6eaf937f747,DEREK/RES22385.JPG,RES22385.JPG,.jpg,6052025,03,03,,unknown,DEREK,,,ignored,,,03::DEREK,parent_folder_fallback,low,4896,3264,JPEG,readable,c6d24b1a2793513b93974110b637852e5f981ec080e23815558b94764e0eb641,unknown,pending,unreviewed,,
IMG_ed5a7ba281f8c143,DEREK/RES22386.JPG,RES22386.JPG,.jpg,6305770,03,03,,unknown,DEREK,,,ignored,,,03::DEREK,parent_folder_fallback,low,4896,3264,JPEG,readable,c6b255bc6b0f9260ba52a94e382f4336d9a01da7bae34eaade9df7931eb76642,unknown,pending,unreviewed,,
IMG_4418b1ed57e3fdb4,DEREK/RES22387.JPG,RES22387.JPG,.jpg,6018745,03,03,,unknown,DEREK,,,ignored,,,03::DEREK,parent_folder_fallback,low,4896,3264,JPEG,readable,34e63ec529d9e3a62e3dcdb17a08f739f6ba79fadd4b891d325f440817ac36b3,unknown,pending,unreviewed,,
IMG_01447de7e56b0428,DEREK/RES22393.JPG,RES22393.JPG,.jpg,5630393,03,03,,unknown,DEREK,,,ignored,,,03::DEREK,parent_folder_fallback,low,4896,3264,JPEG,readable,c3f680f9e9b945d43e4676c2d3da86ace3ef8721958dc1cff5757a6368c72633,unknown,pending,unreviewed,,
IMG_684ddf5cd5750c96,DEREK/RES22394.JPG,RES22394.JPG,.jpg,5845278,03,03,,unknown,DEREK,,,ignored,,,03::DEREK,parent_folder_fallback,low,4896,3264,JPEG,readable,b48af527f464e5df0d79ac8e0eb05a0704157cb10c19f9f3d0d810da84101865,unknown,pending,unreviewed,,
IMG_9acdc24bdedff265,DEREK/RES22395.JPG,RES22395.JPG,.jpg,5991025,03,03,,unknown,DEREK,,,ignored,,,03::DEREK,parent_folder_fallback,low,4896,3264,JPEG,readable,c8313c875d47aba11a923a958850c42cec3eaf50739eca612767053008c64133,unknown,pending,unreviewed,,
IMG_f691068d7c7204e8,DEREK/RES22396.JPG,RES22396.JPG,.jpg,6381845,03,03,,unknown,DEREK,,,ignored,,,03::DEREK,parent_folder_fallback,low,4896,3264,JPEG,readable,e986578e41b494078da36e570ded56868be8d76727a85a194a03a2fdacb0db0d,unknown,pending,unreviewed,,
IMG_f03d031f59938f2f,DEREK/RES22397.JPG,RES22397.JPG,.jpg,6347508,03,03,,unknown,DEREK,,,ignored,,,03::DEREK,parent_folder_fallback,low,4896,3264,JPEG,readable,c06a8ecf579aac142d653496fa435684c0d3934d905f75b7847189c97f0d8055,unknown,pending,unreviewed,,
IMG_e6cdaf1a7a93fc12,DEREK/RES22398.JPG,RES22398.JPG,.jpg,5048262,03,03,,unknown,DEREK,,,ignored,,,03::DEREK,parent_folder_fallback,low,4896,3264,JPEG,readable,c8ed19a5ddb53887de10fbdcaff76959f3e23275d576dfa116b31deb58b5802c,unknown,pending,unreviewed,,
IMG_2c4d5d6bb82950a8,DEREK/RES22399.JPG,RES22399.JPG,.jpg,5034240,03,03,,unknown,DEREK,,,ignored,,,03::DEREK,parent_folder_fallback,low,4896,3264,JPEG,readable,aec12b230835289ebecc01cac16957b32def5db8f74b1c076609297e27fbc592,unknown,pending,unreviewed,,
IMG_da08265df146c511,DEREK/RES22400.JPG,RES22400.JPG,.jpg,5879309,03,03,,unknown,DEREK,,,ignored,,,03::DEREK,parent_folder_fallback,low,4896,3264,JPEG,readable,0726de36f46ed199351eea5d7ecc4ff2e7b0a4b099cfaa724a343575563baf90,unknown,pending,unreviewed,,
IMG_c179ca9301950963,DEREK/RES22402.JPG,RES22402.JPG,.jpg,6071976,03,03,,unknown,DEREK,,,ignored,,,03::DEREK,parent_folder_fallback,low,4896,3264,JPEG,readable,cb86ad7a825b88bda14a8ef7c03b568e714eee2197ee72a0a3b1fd8200ef6c59,unknown,pending,unreviewed,,
IMG_9b4b78bafd679375,DEREK/RES22403.JPG,RES22403.JPG,.jpg,6001794,03,03,,unknown,DEREK,,,ignored,,,03::DEREK,parent_folder_fallback,low,4896,3264,JPEG,readable,0dfd6beb76e9c401a080a439073bbb24282eb2dacc95c99f27ef4aa940777e22,unknown,pending,unreviewed,,
IMG_b25aae88baad7332,DEREK/RES22404.JPG,RES22404.JPG,.jpg,5956370,03,03,,unknown,DEREK,,,ignored,,,03::DEREK,parent_folder_fallback,low,4896,3264,JPEG,readable,29708b486465c09cfbc3e8cbbbe162508d622a2343f3ffd214107ebf276e35df,unknown,pending,unreviewed,,
IMG_22b34227d34227b8,DEREK/RES22405.JPG,RES22405.JPG,.jpg,6030155,03,03,,unknown,DEREK,,,ignored,,,03::DEREK,parent_folder_fallback,low,4896,3264,JPEG,readable,fe3e9d8a8a2909a3c1d1d140022fd49f1cf744fa0d5f61d3738a6927556ba60c,unknown,pending,unreviewed,,
IMG_09f7c1bc77dc4d90,DEREK/RES22406.JPG,RES22406.JPG,.jpg,6065572,03,03,,unknown,DEREK,,,ignored,,,03::DEREK,parent_folder_fallback,low,4896,3264,JPEG,readable,20ac119b1c40a21296c397ef796028efae9dae0ec55bf7f806b998aa810e2491,unknown,pending,unreviewed,,
IMG_d51a5989d2cfb8a3,DEREK/RES22410.JPG,RES22410.JPG,.jpg,6014206,03,03,,unknown,DEREK,,,ignored,,,03::DEREK,parent_folder_fallback,low,4896,3264,JPEG,readable,04f5fe6ced85bd3f9d9de14d2cdda5330e8fc86c99203ca3806be31246a0659a,unknown,pending,unreviewed,,
IMG_5ad4388a7018e5de,DEREK/RES22412.JPG,RES22412.JPG,.jpg,6199828,03,03,,unknown,DEREK,,,ignored,,,03::DEREK,parent_folder_fallback,low,4896,3264,JPEG,readable,d83f5c5477637d47f9a2ddc36a93312e67dd1e682311da29c9c051bc10628ced,unknown,pending,unreviewed,,
IMG_9cf378c27e3fabb2,DEREK/RES22413.JPG,RES22413.JPG,.jpg,6109115,03,03,,unknown,DEREK,,,ignored,,,03::DEREK,parent_folder_fallback,low,4896,3264,JPEG,readable,3583a7218fb23785efc94419e84abe73246dd4080277e2c46f063c5f8bcf27f6,unknown,pending,unreviewed,,
IMG_f799a7c866900c43,DEREK/RES22414.JPG,RES22414.JPG,.jpg,5527019,03,03,,unknown,DEREK,,,ignored,,,03::DEREK,parent_folder_fallback,low,4896,3264,JPEG,readable,a1855bda2447ff0263be886f070f485abd64fb9217d2ee8223bf7357fbcde6ac,unknown,pending,unreviewed,,
IMG_f3dcc7f069693864,DEREK/RES22415.JPG,RES22415.JPG,.jpg,5372701,03,03,,unknown,DEREK,,,ignored,,,03::DEREK,parent_folder_fallback,low,4896,3264,JPEG,readable,0adf33ea2a3064f3459b8b8ba1257b38e9d6af1f63f0868f362e03f27dc99629,unknown,pending,unreviewed,,
IMG_b4d7b6f7363dc36e,DEREK/RES22421.JPG,RES22421.JPG,.jpg,6160723,03,03,,unknown,DEREK,,,ignored,,,03::DEREK,parent_folder_fallback,low,4896,3264,JPEG,readable,18d19df2e441b3c73a71d52c1ae8a121771e4a033232582cf1f2793ea4b7b93f,unknown,pending,unreviewed,,
IMG_d01deddff1eb63ea,DEREK/RES22422.JPG,RES22422.JPG,.jpg,5950638,03,03,,unknown,DEREK,,,ignored,,,03::DEREK,parent_folder_fallback,low,4896,3264,JPEG,readable,62a7271b9c3a9596d787cd7fe96101c004e9ea4d3a9312bb4e3b6adb7e1c208b,unknown,pending,unreviewed,,
IMG_64bed877881c51cd,DEREK/RES22428.JPG,RES22428.JPG,.jpg,5036734,03,03,,unknown,DEREK,,,ignored,,,03::DEREK,parent_folder_fallback,low,4896,3264,JPEG,readable,d145b213924a4420d2419a0aec49171954848b48494a15b64d128685f81dc701,unknown,pending,unreviewed,,
IMG_aa9e05a2bae735be,DEREK/RES22429.JPG,RES22429.JPG,.jpg,5433479,03,03,,unknown,DEREK,,,ignored,,,03::DEREK,parent_folder_fallback,low,4896,3264,JPEG,readable,b0ab1878ae5c5542dd6689ec273d5d62ea813e25f11181c3961f8928047494ca,unknown,pending,unreviewed,,
IMG_bb6841b35195ad6a,DEREK/RES22430.JPG,RES22430.JPG,.jpg,5761511,03,03,,unknown,DEREK,,,ignored,,,03::DEREK,parent_folder_fallback,low,4896,3264,JPEG,readable,b39519923cb34d24e2bcaa8f7f026fde34a7229c8a82669a0ee5f0e2ded5e37d,unknown,pending,unreviewed,,
IMG_3e6f36d9403844d1,DEREK/RES22431.JPG,RES22431.JPG,.jpg,4959579,03,03,,unknown,DEREK,,,ignored,,,03::DEREK,parent_folder_fallback,low,4896,3264,JPEG,readable,331ae47795080e68cb2ea203b5aaae431ea9cc2ccfc054bfb1d19601e6ab384f,unknown,pending,unreviewed,,
IMG_9a86268b97079756,DEREK/RES22436.JPG,RES22436.JPG,.jpg,5301887,03,03,,unknown,DEREK,,,ignored,,,03::DEREK,parent_folder_fallback,low,4896,3264,JPEG,readable,2c5745384628a9f3ba2461d0f29adba79566d3b2663f2dfa2a006aaa83daa627,unknown,pending,unreviewed,,
IMG_52815f7b6408c1a9,DEREK/RES22438.JPG,RES22438.JPG,.jpg,4830740,03,03,,unknown,DEREK,,,ignored,,,03::DEREK,parent_folder_fallback,low,4896,3264,JPEG,readable,d21afd31bb4b1458c5b3314dc0db5ea9a458c925a37b0e51863b2343a1427d0d,unknown,pending,unreviewed,,
IMG_70235e9d082d9c6c,DEREK/RES22439.JPG,RES22439.JPG,.jpg,4623028,03,03,,unknown,DEREK,,,ignored,,,03::DEREK,parent_folder_fallback,low,4896,3264,JPEG,readable,2cc8dd39878a3db247dcbb3c2d8a2457f3832b2b0c066790fe93cb8ad61a2aa5,unknown,pending,unreviewed,,
IMG_9f404ea931d2aea4,DEREK/RES22440.JPG,RES22440.JPG,.jpg,4808426,03,03,,unknown,DEREK,,,ignored,,,03::DEREK,parent_folder_fallback,low,4896,3264,JPEG,readable,c471deb102313799dcff701e8fdc20f58ea2018b12ab78c18dba74493e4cc476,unknown,pending,unreviewed,,
IMG_63849df45317b971,DEREK/RES22441.JPG,RES22441.JPG,.jpg,5813860,03,03,,unknown,DEREK,,,ignored,,,03::DEREK,parent_folder_fallback,low,4896,3264,JPEG,readable,e01ec6a675a3fe54289249a1a40afbe45b367a44826f7bb4220cd1d251dd28e2,unknown,pending,unreviewed,,
IMG_8cff9c91eed15e06,DEREK/RES22442.JPG,RES22442.JPG,.jpg,5725707,03,03,,unknown,DEREK,,,ignored,,,03::DEREK,parent_folder_fallback,low,4896,3264,JPEG,readable,0128118dd3ca465c2aacd27cc9c61cb08afbd46b5a4a9d77db6f6ade0b2e7ac4,unknown,pending,unreviewed,,
IMG_73fa346871e1560b,DEREK/RES22446.JPG,RES22446.JPG,.jpg,6724883,03,03,,unknown,DEREK,,,ignored,,,03::DEREK,parent_folder_fallback,low,4896,3264,JPEG,readable,a30f0f7abb856a91e77ab60f59dcfd09adfa3d292cce89fd6dba3811cbe71b98,unknown,pending,unreviewed,,
IMG_f1cb5877687cd7cb,DEREK/RES22448.JPG,RES22448.JPG,.jpg,7012539,03,03,,unknown,DEREK,,,ignored,,,03::DEREK,parent_folder_fallback,low,4896,3264,JPEG,readable,fa925144a9a19c82ad76b902679d3e669c11f11708cb8c44f839942f31c306d1,unknown,pending,unreviewed,,
IMG_0943191a7e04c541,DEREK/RES22449.JPG,RES22449.JPG,.jpg,5895457,03,03,,unknown,DEREK,,,ignored,,,03::DEREK,parent_folder_fallback,low,4896,3264,JPEG,readable,310229c224bcf001b9d6f8fc224416f52731a93d4b904f9135cb83ebf54dd70b,unknown,pending,unreviewed,,
IMG_68cb9d6192306b7b,DEREK/RES22450.JPG,RES22450.JPG,.jpg,6355076,03,03,,unknown,DEREK,,,ignored,,,03::DEREK,parent_folder_fallback,low,4896,3264,JPEG,readable,4d1268812ce34f57d0a7a3d344fa25ef09eab4889e6c3ea24abcc368cddf0be0,unknown,pending,unreviewed,,
IMG_5fea31e4223273e8,DEREK/RES22451.JPG,RES22451.JPG,.jpg,6988922,03,03,,unknown,DEREK,,,ignored,,,03::DEREK,parent_folder_fallback,low,4896,3264,JPEG,readable,344e7e4531a585aae9838efd1fa2874ce6154ab9cd3db3f3778d7d9bd0f197be,unknown,pending,unreviewed,,
IMG_3361469249b3e022,DEREK/RES22452.JPG,RES22452.JPG,.jpg,7014521,03,03,,unknown,DEREK,,,ignored,,,03::DEREK,parent_folder_fallback,low,4896,3264,JPEG,readable,b8ce38ae84bfc9011e28f8234092d39951ef6a313290a01e48127362fe5a1ba5,unknown,pending,unreviewed,,
IMG_3c53b7c90c2e91bf,DEREK/RES22453.JPG,RES22453.JPG,.jpg,7088971,03,03,,unknown,DEREK,,,ignored,,,03::DEREK,parent_folder_fallback,low,4896,3264,JPEG,readable,15db1a6971a5e9d99304981b505077a09566ad575876d5ebb0b37c28c334bbe1,unknown,pending,unreviewed,,
IMG_7d3a49d049d540d1,DEREK/RES22454.JPG,RES22454.JPG,.jpg,7291981,03,03,,unknown,DEREK,,,ignored,,,03::DEREK,parent_folder_fallback,low,4896,3264,JPEG,readable,9735dad4081a6b3fe0ffbb9ba74d7d86c8dc74624463dc03d336c760ad33e318,unknown,pending,unreviewed,,
IMG_62496e0c4656fdb7,DEREK/RES22455.JPG,RES22455.JPG,.jpg,6479239,03,03,,unknown,DEREK,,,ignored,,,03::DEREK,parent_folder_fallback,low,4896,3264,JPEG,readable,bf240e2caac295d440a4aa9bafef69c50ec04e3721b4431ade8bb3247d3b534e,unknown,pending,unreviewed,,
IMG_de34dcc2db522b61,DEREK/RES22456.JPG,RES22456.JPG,.jpg,7351847,03,03,,unknown,DEREK,,,ignored,,,03::DEREK,parent_folder_fallback,low,4896,3264,JPEG,readable,82fee2cfc66666473224a4a41b2298e81c9f4e2fc3625bb1391b3665fce7d670,unknown,pending,unreviewed,,
IMG_4c1467b1a87f128e,DEREK/RES22457.JPG,RES22457.JPG,.jpg,7232287,03,03,,unknown,DEREK,,,ignored,,,03::DEREK,parent_folder_fallback,low,4896,3264,JPEG,readable,90baf6ac75898ef6c378b1b9bc5fd664d18fcb055971257f6b20b5718fe420e7,unknown,pending,unreviewed,,
IMG_adb6de59841ca70e,DEREK/RES22460.JPG,RES22460.JPG,.jpg,6072294,03,03,,unknown,DEREK,,,ignored,,,03::DEREK,parent_folder_fallback,low,4896,3264,JPEG,readable,acb9b57082cf84ceaf7c8b3166d2016096c0d395cb9f9b1c1352fe8ea7087ecf,unknown,pending,unreviewed,,
IMG_3c57703dbc4ab977,DEREK/RES22461.JPG,RES22461.JPG,.jpg,6086044,03,03,,unknown,DEREK,,,ignored,,,03::DEREK,parent_folder_fallback,low,4896,3264,JPEG,readable,773b5f27c685e1b36d056298e907168c3abda413e5938d664e0b0bd9b2e9270c,unknown,pending,unreviewed,,
IMG_b514cbae24fac403,DEREK/RES22462.JPG,RES22462.JPG,.jpg,5697115,03,03,,unknown,DEREK,,,ignored,,,03::DEREK,parent_folder_fallback,low,4896,3264,JPEG,readable,f6db123d20394cfd66de05e35285f1afd23b79a3a57d5ff187e080705fc8bc2f,unknown,pending,unreviewed,,
IMG_fad7d4b2a2eb1f8b,DEREK/RES22463.JPG,RES22463.JPG,.jpg,5672584,03,03,,unknown,DEREK,,,ignored,,,03::DEREK,parent_folder_fallback,low,4896,3264,JPEG,readable,4bc400ebc0addd833fcb947c97cd32c7ba8073b65c0e6073123dd28c71e9079d,unknown,pending,unreviewed,,
IMG_59f3e758e5418e08,DEREK/RES22464.JPG,RES22464.JPG,.jpg,6795794,03,03,,unknown,DEREK,,,ignored,,,03::DEREK,parent_folder_fallback,low,4896,3264,JPEG,readable,872be39e23cf95f1b347a5dd57a4d5e88e5a752fe2580ae7e5e4b09fa9019291,unknown,pending,unreviewed,,
IMG_39bf2e3afe6b9d06,DEREK/RES22465.JPG,RES22465.JPG,.jpg,6879863,03,03,,unknown,DEREK,,,ignored,,,03::DEREK,parent_folder_fallback,low,4896,3264,JPEG,readable,b3853d3d8c160828f41d9c4cafe304e208b0b7ac5aed3744c19ccc306bcae247,unknown,pending,unreviewed,,
IMG_707e5c8cc8c52e47,DEREK/RES22466.JPG,RES22466.JPG,.jpg,7234702,03,03,,unknown,DEREK,,,ignored,,,03::DEREK,parent_folder_fallback,low,4896,3264,JPEG,readable,edb6e3097d20bc39bc63c678f50f8b82d52d3b3bdad4ca4ebeb4dec88f2219db,unknown,pending,unreviewed,,
IMG_38860b6291bf291a,DEREK/RES22467.JPG,RES22467.JPG,.jpg,7332697,03,03,,unknown,DEREK,,,ignored,,,03::DEREK,parent_folder_fallback,low,4896,3264,JPEG,readable,52526c4a8f383b0de1896e940da54073f0910ae038488e000b41e316ed2d1f25,unknown,pending,unreviewed,,
IMG_8c55cc941e0986c1,DEREK/RES22468.JPG,RES22468.JPG,.jpg,6167344,03,03,,unknown,DEREK,,,ignored,,,03::DEREK,parent_folder_fallback,low,4896,3264,JPEG,readable,bf9a8b9ee0bd9d8310618dd5c0169af9c4997cb1a3daf97ca536caa3e269f3c3,unknown,pending,unreviewed,,
IMG_b0a645df873056ea,DEREK/RES22470.JPG,RES22470.JPG,.jpg,5390653,03,03,,unknown,DEREK,,,ignored,,,03::DEREK,parent_folder_fallback,low,4896,3264,JPEG,readable,78782fe554fcf568eac8c017bbda0f5d5bb75783ad38b7a53f909e4161ebfd8c,unknown,pending,unreviewed,,
IMG_f2d3168290278bbe,DEREK/RES22471.JPG,RES22471.JPG,.jpg,5344812,03,03,,unknown,DEREK,,,ignored,,,03::DEREK,parent_folder_fallback,low,4896,3264,JPEG,readable,e255dfea62a14fd2ff54838b3759baf70465618d1501984a2c7be8e54e83e8e8,unknown,pending,unreviewed,,
IMG_8cb83cfbbcf1a990,DEREK/RES22472.JPG,RES22472.JPG,.jpg,5294197,03,03,,unknown,DEREK,,,ignored,,,03::DEREK,parent_folder_fallback,low,4896,3264,JPEG,readable,5a0e0bcd19dc9110417291020aaf23b3977763afc60c26393a3dfb275fdf7d29,unknown,pending,unreviewed,,
IMG_20847735dc3dab63,DEREK/RES22473.JPG,RES22473.JPG,.jpg,6098161,03,03,,unknown,DEREK,,,ignored,,,03::DEREK,parent_folder_fallback,low,4896,3264,JPEG,readable,f3f4fc0164466e02a8ca0ed45da2fd435f882a125358287efef0f8e15a69312e,unknown,pending,unreviewed,,
IMG_4a2a68753224b8dc,DEREK/RES22474.JPG,RES22474.JPG,.jpg,6041473,03,03,,unknown,DEREK,,,ignored,,,03::DEREK,parent_folder_fallback,low,4896,3264,JPEG,readable,becbe3f171dc5e4d01325ded6ec55618b1dc158086b0e30f7e47b2b8f9c9aac7,unknown,pending,unreviewed,,
IMG_cc138a52c231883b,DEREK/RES22475.JPG,RES22475.JPG,.jpg,6768645,03,03,,unknown,DEREK,,,ignored,,,03::DEREK,parent_folder_fallback,low,4896,3264,JPEG,readable,8b83fd56f5d73003146318ee608f6bec568dc98cbc79350c4620bb28b7cc70be,unknown,pending,unreviewed,,
IMG_bc5df33570758b9d,DEREK/RES22476.JPG,RES22476.JPG,.jpg,5714526,03,03,,unknown,DEREK,,,ignored,,,03::DEREK,parent_folder_fallback,low,4896,3264,JPEG,readable,e9456ebd662882b665664f86b9c12a6c5f437fa9f33807175622d5d45533cb01,unknown,pending,unreviewed,,
IMG_3f91d7d332759709,DEREK/RES22477.JPG,RES22477.JPG,.jpg,6325401,03,03,,unknown,DEREK,,,ignored,,,03::DEREK,parent_folder_fallback,low,4896,3264,JPEG,readable,559f02fa6a183318b44912da6e508399ce88834031d034fb5a2f4a3ea6940988,unknown,pending,unreviewed,,
IMG_b1f9d456595c2dcb,DEREK/RES22478.JPG,RES22478.JPG,.jpg,5895314,03,03,,unknown,DEREK,,,ignored,,,03::DEREK,parent_folder_fallback,low,4896,3264,JPEG,readable,abfa8abebcadaf0677e54a541faefdabc07e8fb34600d78e757df708414de032,unknown,pending,unreviewed,,
IMG_1b90a9b99df25889,DEREK/RES22479.JPG,RES22479.JPG,.jpg,5862827,03,03,,unknown,DEREK,,,ignored,,,03::DEREK,parent_folder_fallback,low,4896,3264,JPEG,readable,729f2e840d8d71ed9b852bb72764d2d344cdddad52678d426f838d3296079264,unknown,pending,unreviewed,,
IMG_54be71fb2ee70237,DEREK/RES22483.JPG,RES22483.JPG,.jpg,5823150,03,03,,unknown,DEREK,,,ignored,,,03::DEREK,parent_folder_fallback,low,4896,3264,JPEG,readable,df9d41e35ef511b35283a56310fac139643d6f616409c36a48629f5e322caa74,unknown,pending,unreviewed,,
IMG_d2aace979f66f860,DEREK/RES22486.JPG,RES22486.JPG,.jpg,5756018,03,03,,unknown,DEREK,,,ignored,,,03::DEREK,parent_folder_fallback,low,4896,3264,JPEG,readable,c736604eb8e15bd34cfe09822be0ef2dd04e6afdcd906584131aedc12b550e02,unknown,pending,unreviewed,,
IMG_6da531596b1d090d,DEREK/RES22487.JPG,RES22487.JPG,.jpg,5753389,03,03,,unknown,DEREK,,,ignored,,,03::DEREK,parent_folder_fallback,low,4896,3264,JPEG,readable,5a727beae811ef9050abd3bee3693eb9e5b4999ade6cc10d3982621b7a93a4bb,unknown,pending,unreviewed,,
IMG_1def952acb8d4086,DEREK/RES22488.JPG,RES22488.JPG,.jpg,5667353,03,03,,unknown,DEREK,,,ignored,,,03::DEREK,parent_folder_fallback,low,4896,3264,JPEG,readable,cf6c95d0486fed62c2c5fd41e5b97fe97b72c2240a44d651e7d5b48c9bef3dfd,unknown,pending,unreviewed,,
IMG_7e2c2badc5478d34,DEREK/RES22489.JPG,RES22489.JPG,.jpg,5650938,03,03,,unknown,DEREK,,,ignored,,,03::DEREK,parent_folder_fallback,low,4896,3264,JPEG,readable,f163b00d6fab147ffeeeea84da5ec5bcbf5fbfd451714c42e86d18e1ddee0b20,unknown,pending,unreviewed,,
IMG_893c7b5b46a6d4e6,DEREK/RES22490.JPG,RES22490.JPG,.jpg,4226215,03,03,,unknown,DEREK,,,ignored,,,03::DEREK,parent_folder_fallback,low,4896,3264,JPEG,readable,b219b51bd77bc4f50a881ad76355b20ffffd3183fc652b1492ad3bc284933223,unknown,pending,unreviewed,,
IMG_eda209822e6e64d5,DEREK/RES22491.JPG,RES22491.JPG,.jpg,4745574,03,03,,unknown,DEREK,,,ignored,,,03::DEREK,parent_folder_fallback,low,4896,3264,JPEG,readable,528fe85e2581d809d3deace8aa053744639610a78744a53e224d1bdb38567679,unknown,pending,unreviewed,,
IMG_30d35f1ee01ff83d,DEREK/RES22492.JPG,RES22492.JPG,.jpg,5132829,03,03,,unknown,DEREK,,,ignored,,,03::DEREK,parent_folder_fallback,low,4896,3264,JPEG,readable,bc8ad245927300d2cab493514adb75ccffa012912caa0569a81116ca6fcf28c2,unknown,pending,unreviewed,,
IMG_5e6c5dee1f90cfe2,DEREK/RES22494.JPG,RES22494.JPG,.jpg,4996666,03,03,,unknown,DEREK,,,ignored,,,03::DEREK,parent_folder_fallback,low,4896,3264,JPEG,readable,eaeea2565622e28b3f0e7917b0f2647ee90369b2f9fb3eed1af7eb92bf7cd7b8,unknown,pending,unreviewed,,
IMG_0ea0fada15d2c059,DEREK/RES22495.JPG,RES22495.JPG,.jpg,5691344,03,03,,unknown,DEREK,,,ignored,,,03::DEREK,parent_folder_fallback,low,4896,3264,JPEG,readable,7eddcf9c04b4595c21fb57b3c99aaea6fe84b193306a0fe16d1aa8ab5cd14f3f,unknown,pending,unreviewed,,
IMG_12ac6312063d0b77,DEREK/RES22496.JPG,RES22496.JPG,.jpg,5595873,03,03,,unknown,DEREK,,,ignored,,,03::DEREK,parent_folder_fallback,low,4896,3264,JPEG,readable,2eec02fc904fa61ea98afb97fd97727e487a22c85bf9a2415f95757405d2a144,unknown,pending,unreviewed,,
IMG_8fe82f44dec92651,DEREK/RES22498.JPG,RES22498.JPG,.jpg,5675048,03,03,,unknown,DEREK,,,ignored,,,03::DEREK,parent_folder_fallback,low,4896,3264,JPEG,readable,f6b528e8386c9753ec7a85d35af92654b9a9b0639e48c61e4fbefae6239b64b6,unknown,pending,unreviewed,,
IMG_7e9354df10ac7f7d,DEREK/RES22499.JPG,RES22499.JPG,.jpg,5219196,03,03,,unknown,DEREK,,,ignored,,,03::DEREK,parent_folder_fallback,low,4896,3264,JPEG,readable,e826d417c58df59f990dbcf8a6145a5824a49899bb6aa22f8c06fea3d1014b38,unknown,pending,unreviewed,,
IMG_9e976bba64840932,DEREK/RES22500.JPG,RES22500.JPG,.jpg,5267857,03,03,,unknown,DEREK,,,ignored,,,03::DEREK,parent_folder_fallback,low,4896,3264,JPEG,readable,84483a10bf16c87eb10240c5c0caca4c8b894ef45aba3d597c402570f95ba144,unknown,pending,unreviewed,,
IMG_0c1fdfabfd6efaf3,DEREK/RES22501.JPG,RES22501.JPG,.jpg,4718187,03,03,,unknown,DEREK,,,ignored,,,03::DEREK,parent_folder_fallback,low,4896,3264,JPEG,readable,005bd2721557e073b06ea0141c28afbe8c6949e818d2e87aca8342057f7858ce,unknown,pending,unreviewed,,
IMG_f9a540df60478d4e,DEREK/RES22502.JPG,RES22502.JPG,.jpg,4674935,03,03,,unknown,DEREK,,,ignored,,,03::DEREK,parent_folder_fallback,low,4896,3264,JPEG,readable,c8ebcc305cfb97159296cd1deea3d24aa8255d379abbe6e366a21c51a8a8776b,unknown,pending,unreviewed,,
IMG_d844e9b212bc7f93,DEREK/RES22505.JPG,RES22505.JPG,.jpg,5332404,03,03,,unknown,DEREK,,,ignored,,,03::DEREK,parent_folder_fallback,low,4896,3264,JPEG,readable,f5bc929e3abce5685217d7ecdd175937a8177ab2c34e576ebf60c6568acbbea7,unknown,pending,unreviewed,,
IMG_c7905534f18736f0,DEREK/RES22518.JPG,RES22518.JPG,.jpg,6004709,03,03,,unknown,DEREK,,,ignored,,,03::DEREK,parent_folder_fallback,low,4896,3264,JPEG,readable,0129d42466ad1b1d5f4d3da4aad5b0ce05da83a38f2960324337063acc276d4b,unknown,pending,unreviewed,,
IMG_787a696d83b1a5d4,DEREK/RES22521.JPG,RES22521.JPG,.jpg,5847253,03,03,,unknown,DEREK,,,ignored,,,03::DEREK,parent_folder_fallback,low,4896,3264,JPEG,readable,1159067185202275f56d6810c869126af8c41f729a1c81f318653d58a1220e5b,unknown,pending,unreviewed,,
IMG_80631f009dbc9370,DEREK/RES22522.JPG,RES22522.JPG,.jpg,5855154,03,03,,unknown,DEREK,,,ignored,,,03::DEREK,parent_folder_fallback,low,4896,3264,JPEG,readable,a3d2a339339060748dbc2994e81468cd3ff8b2d9920e6dbb5beb18486c864a24,unknown,pending,unreviewed,,
IMG_c48be859872431a6,DEREK/RES22524.JPG,RES22524.JPG,.jpg,5757951,03,03,,unknown,DEREK,,,ignored,,,03::DEREK,parent_folder_fallback,low,4896,3264,JPEG,readable,d9ee5e2fd906c8f49f87dea08a368f3f582a97db6496ee67467b4d6fdf9beddc,unknown,pending,unreviewed,,
IMG_3d9201583e9a7a36,DEREK/RES22525.JPG,RES22525.JPG,.jpg,5280003,03,03,,unknown,DEREK,,,ignored,,,03::DEREK,parent_folder_fallback,low,4896,3264,JPEG,readable,742c372eab6f7c7cea0a0a25521bd942d6b491e8a5b919c873908fe24e831ffd,unknown,pending,unreviewed,,
IMG_2896486b02c9b556,DEREK/RES22526.JPG,RES22526.JPG,.jpg,5515336,03,03,,unknown,DEREK,,,ignored,,,03::DEREK,parent_folder_fallback,low,4896,3264,JPEG,readable,63d1a7a2eafba211550f3f09722fb28d1d627e5a56d198fd723d5c998f194dc7,unknown,pending,unreviewed,,
IMG_8b42c17b596a2a55,DEREK/RES22527.JPG,RES22527.JPG,.jpg,5464982,03,03,,unknown,DEREK,,,ignored,,,03::DEREK,parent_folder_fallback,low,4896,3264,JPEG,readable,69adec2a2677e764f9a48cc0b703c961d204cc6488a31b90bdbaf0a84b2f80dd,unknown,pending,unreviewed,,
IMG_77785698d5b8b2f8,DEREK/RES22528.JPG,RES22528.JPG,.jpg,5342574,03,03,,unknown,DEREK,,,ignored,,,03::DEREK,parent_folder_fallback,low,4896,3264,JPEG,readable,984202b8eb8db9084a3bca1be05155a359cbc7ecb103dbca0a3b763f8d11fd42,unknown,pending,unreviewed,,
IMG_d62c08b60dc92295,DEREK/RES22529.JPG,RES22529.JPG,.jpg,6251108,03,03,,unknown,DEREK,,,ignored,,,03::DEREK,parent_folder_fallback,low,4896,3264,JPEG,readable,573a72dc285dd00501e2e6a0381e6d922cd51bd5bbe6c3c1fac6b170ea370d19,unknown,pending,unreviewed,,
IMG_f8367de3cdd0f6f7,DEREK/RES22530.JPG,RES22530.JPG,.jpg,6023431,03,03,,unknown,DEREK,,,ignored,,,03::DEREK,parent_folder_fallback,low,4896,3264,JPEG,readable,c8b6ed6dd20fd57960753d069cd9f08e783532452643be970ae7381948483b48,unknown,pending,unreviewed,,
IMG_2de6747ef99f4ee0,DEREK/RES22532.JPG,RES22532.JPG,.jpg,5814864,03,03,,unknown,DEREK,,,ignored,,,03::DEREK,parent_folder_fallback,low,4896,3264,JPEG,readable,4a557227846dc2d50c2bd4699e8f3e0b7b9ad039ac43685d9aee14f98ec41761,unknown,pending,unreviewed,,
IMG_df78edfe9a941558,DEREK/RES22533.JPG,RES22533.JPG,.jpg,5824252,03,03,,unknown,DEREK,,,ignored,,,03::DEREK,parent_folder_fallback,low,4896,3264,JPEG,readable,55b9abe7e11b1d01a56a6ac49619d4096d6d4c73a0117abfd24312d64049f3ef,unknown,pending,unreviewed,,
IMG_b7fef570d0abdf08,DEREK/RES22535.JPG,RES22535.JPG,.jpg,5927765,03,03,,unknown,DEREK,,,ignored,,,03::DEREK,parent_folder_fallback,low,4896,3264,JPEG,readable,9e7356a6a8346c00c8bd24c2035f0ec8f751be9c152e29de4ad90c97fc45d465,unknown,pending,unreviewed,,
IMG_38fc6f4878c9f98b,DEREK/RES22537.JPG,RES22537.JPG,.jpg,6055284,03,03,,unknown,DEREK,,,ignored,,,03::DEREK,parent_folder_fallback,low,4896,3264,JPEG,readable,f7b961565dcb8c660972e4eac908a6a8c411965dae56881b3ff84d09a90f78ca,unknown,pending,unreviewed,,
IMG_0096d6360d90785a,DEREK/RES22538.JPG,RES22538.JPG,.jpg,4939412,03,03,,unknown,DEREK,,,ignored,,,03::DEREK,parent_folder_fallback,low,4896,3264,JPEG,readable,0edf2537ff443ce1360b80015a878f29b069c9f9f80a128acbdcbc7a7ab59556,unknown,pending,unreviewed,,
IMG_7a2507fdadbf908a,DEREK/RES22539.JPG,RES22539.JPG,.jpg,5692803,03,03,,unknown,DEREK,,,ignored,,,03::DEREK,parent_folder_fallback,low,4896,3264,JPEG,readable,043e328b973019e99d7bb459352afe506f64dc966ca3f559fb81e942d15323fa,unknown,pending,unreviewed,,
IMG_06629f4708ebff6e,DEREK/RES22540.JPG,RES22540.JPG,.jpg,5907083,03,03,,unknown,DEREK,,,ignored,,,03::DEREK,parent_folder_fallback,low,4896,3264,JPEG,readable,7136e6b3542db0d5cc3fcc6cd50728a98af2813ebcdc34fdaf114e6faecb83be,unknown,pending,unreviewed,,
IMG_ab94db233655c6d7,DEREK/RES22541.JPG,RES22541.JPG,.jpg,6114112,03,03,,unknown,DEREK,,,ignored,,,03::DEREK,parent_folder_fallback,low,4896,3264,JPEG,readable,795b30452a1c5e0ca236e3c3584fcf9b7cc932e2e68ae987fbcd77786b2924ad,unknown,pending,unreviewed,,
IMG_3689be6d7fe2729e,DEREK/RES22542.JPG,RES22542.JPG,.jpg,6153141,03,03,,unknown,DEREK,,,ignored,,,03::DEREK,parent_folder_fallback,low,4896,3264,JPEG,readable,920687d6123ad0da5265b5b9e0bbbe2df4235c326870351fc0797ebf011a6cd5,unknown,pending,unreviewed,,
IMG_d426d68ca6899d0f,DEREK/RES22543.JPG,RES22543.JPG,.jpg,7039086,03,03,,unknown,DEREK,,,ignored,,,03::DEREK,parent_folder_fallback,low,4896,3264,JPEG,readable,1a671be73d961dc11ba32a23afdfde0f9d23247eafa3e6e2a009b180c7d0510a,unknown,pending,unreviewed,,
IMG_991aa5b431995c4a,DEREK/RES22544.JPG,RES22544.JPG,.jpg,7004806,03,03,,unknown,DEREK,,,ignored,,,03::DEREK,parent_folder_fallback,low,4896,3264,JPEG,readable,247e96a6b5fc4308f0c552c95aa293185d8ba8ad4f0c03e6e12538372061d878,unknown,pending,unreviewed,,
IMG_2d1ac0145a567faf,DEREK/RES22545.JPG,RES22545.JPG,.jpg,6996460,03,03,,unknown,DEREK,,,ignored,,,03::DEREK,parent_folder_fallback,low,4896,3264,JPEG,readable,d572d3b9383de295004ce1126dee752812e75750e290446fab2c0dbe3385a83c,unknown,pending,unreviewed,,
IMG_9e68ed7f1873e55d,DEREK/RES22547.JPG,RES22547.JPG,.jpg,6768058,03,03,,unknown,DEREK,,,ignored,,,03::DEREK,parent_folder_fallback,low,4896,3264,JPEG,readable,c5bc3d8187e0cd9c7d7e9db10ab2e26c869ff63353f082574505595710db4618,unknown,pending,unreviewed,,
IMG_4c16f50b0080dde5,DEREK/RES22553.JPG,RES22553.JPG,.jpg,6141606,03,03,,unknown,DEREK,,,ignored,,,03::DEREK,parent_folder_fallback,low,4896,3264,JPEG,readable,f2ce720bee13415e5a72051aefd9cfdc2228fadb128583b09c164973f892d8e8,unknown,pending,unreviewed,,
IMG_2f7cabd8acd854ba,DEREK/RES22555.JPG,RES22555.JPG,.jpg,7408517,03,03,,unknown,DEREK,,,ignored,,,03::DEREK,parent_folder_fallback,low,4896,3264,JPEG,readable,d75e8f5f07f22db75056c4c8d17d77de9d4c58dbd76b74db62324a5055e23a2d,unknown,pending,unreviewed,,
IMG_0c1066532de21585,DEREK/RES22556.JPG,RES22556.JPG,.jpg,5577149,03,03,,unknown,DEREK,,,ignored,,,03::DEREK,parent_folder_fallback,low,4896,3264,JPEG,readable,d5286fbb67f3aa6db42f28165af27264a23aa03c412e686919ef2a17cba95e5b,unknown,pending,unreviewed,,
IMG_62870dc1f1957786,DEREK/RES22557.JPG,RES22557.JPG,.jpg,6072764,03,03,,unknown,DEREK,,,ignored,,,03::DEREK,parent_folder_fallback,low,4896,3264,JPEG,readable,f41d3963f45a226259d25e288c2f63fe4b52a1a26e3092efa1586f2387b02bda,unknown,pending,unreviewed,,
IMG_1fea04a3efc0f626,DEREK/RES22560.JPG,RES22560.JPG,.jpg,7306577,03,03,,unknown,DEREK,,,ignored,,,03::DEREK,parent_folder_fallback,low,4896,3264,JPEG,readable,2e8fbe84f1b79283ebc20b7d524105a141ab3153c65e063ebf9418950294c826,unknown,pending,unreviewed,,
IMG_d065081b3510344a,DEREK/RES22561.JPG,RES22561.JPG,.jpg,6261748,03,03,,unknown,DEREK,,,ignored,,,03::DEREK,parent_folder_fallback,low,4896,3264,JPEG,readable,d58c003ec6c07b37bbac9bffc802ca6c457e1cbe34b41fc45a6cfee3926bf7ca,unknown,pending,unreviewed,,
IMG_b09a5df4a22f170f,DEREK/RES22568.JPG,RES22568.JPG,.jpg,5701770,03,03,,unknown,DEREK,,,ignored,,,03::DEREK,parent_folder_fallback,low,4896,3264,JPEG,readable,c416ebaebb7e239cc81d3a3257a53a6d99a31def356a8c409d280bb983f46892,unknown,pending,unreviewed,,
IMG_12f8c6efaeb29fa3,DEREK/RES22569.JPG,RES22569.JPG,.jpg,5050477,03,03,,unknown,DEREK,,,ignored,,,03::DEREK,parent_folder_fallback,low,4896,3264,JPEG,readable,1b055fc3cc433fcf02785cce44fbff19a73bd80ab0b1e1b6dca4f82f93520bd4,unknown,pending,unreviewed,,
IMG_6c4abcb7a5ef1491,DEREK/RES22570.JPG,RES22570.JPG,.jpg,5105993,03,03,,unknown,DEREK,,,ignored,,,03::DEREK,parent_folder_fallback,low,4896,3264,JPEG,readable,81c9b8faf267870dc7e0b9b48c34a0c2c7688b77a82be398d86ac443b183119a,unknown,pending,unreviewed,,
IMG_718c4339bb4dc791,DEREK/RES22571.JPG,RES22571.JPG,.jpg,5226305,03,03,,unknown,DEREK,,,ignored,,,03::DEREK,parent_folder_fallback,low,4896,3264,JPEG,readable,bd1ae08975d7ec0c341bb51f5678a66110926d331eea06b75c1042b9e2a39391,unknown,pending,unreviewed,,
IMG_aac5948e8a87468a,DEREK/RES22572.JPG,RES22572.JPG,.jpg,5077861,03,03,,unknown,DEREK,,,ignored,,,03::DEREK,parent_folder_fallback,low,4896,3264,JPEG,readable,acbd723c73170a69f61d6e3a1d4e995c244d0f88ea126b070f2bc77618e59642,unknown,pending,unreviewed,,
IMG_0e251db744d15072,DEREK/RES22575.JPG,RES22575.JPG,.jpg,4969794,03,03,,unknown,DEREK,,,ignored,,,03::DEREK,parent_folder_fallback,low,4896,3264,JPEG,readable,d6e89eb8b78d639a1fbbb82cdb8cdc927f0361be03ee299a44f90295f860a8a5,unknown,pending,unreviewed,,
IMG_0a039158e0ed9db2,DEREK/RES22576.JPG,RES22576.JPG,.jpg,4928075,03,03,,unknown,DEREK,,,ignored,,,03::DEREK,parent_folder_fallback,low,4896,3264,JPEG,readable,f524a19a118784d140bdcd74c7dad5fb4fd42ce98490eaef0f24e17ee2b2b111,unknown,pending,unreviewed,,
IMG_28fbd7c022fb75e2,DEREK/RES22577.JPG,RES22577.JPG,.jpg,6030418,03,03,,unknown,DEREK,,,ignored,,,03::DEREK,parent_folder_fallback,low,4896,3264,JPEG,readable,4fe5335c07cd64f127e453238940fcacfaa188e0f613b1e0cc65265503ca194c,unknown,pending,unreviewed,,
IMG_de059607d99c1b4d,DEREK/RES22578.JPG,RES22578.JPG,.jpg,6033588,03,03,,unknown,DEREK,,,ignored,,,03::DEREK,parent_folder_fallback,low,4896,3264,JPEG,readable,41af8511347436f2bf425bcacb02fa3bd449f2f67b9fd9d4f864a9387268bd97,unknown,pending,unreviewed,,
IMG_695464cea38429cd,DEREK/RES22581.JPG,RES22581.JPG,.jpg,6017439,03,03,,unknown,DEREK,,,ignored,,,03::DEREK,parent_folder_fallback,low,4896,3264,JPEG,readable,287c1e6e2ea5744f0b3d36380a37e939783f1692b02e9e30662fd841f9ab0a25,unknown,pending,unreviewed,,
IMG_acb3a85dae662b30,DEREK/RES22582.JPG,RES22582.JPG,.jpg,6173932,03,03,,unknown,DEREK,,,ignored,,,03::DEREK,parent_folder_fallback,low,4896,3264,JPEG,readable,01fc69447ac12d13684dee360d24a6c774189d276314465d5423a665f5733b9c,unknown,pending,unreviewed,,
IMG_7f75602ba00aec17,DEREK/RES22583.JPG,RES22583.JPG,.jpg,5745336,03,03,,unknown,DEREK,,,ignored,,,03::DEREK,parent_folder_fallback,low,4896,3264,JPEG,readable,4728bbf76c02fd86947a4191ef07b7902be0e071578b00e358451b47d18fe210,unknown,pending,unreviewed,,
IMG_6cab9b6c5719ad9a,DEREK/RES22584.JPG,RES22584.JPG,.jpg,5675553,03,03,,unknown,DEREK,,,ignored,,,03::DEREK,parent_folder_fallback,low,4896,3264,JPEG,readable,5f08e67e2513b4bb571a6995a3da2872e31611b3a16cd85e7ef0ad80616d9b1f,unknown,pending,unreviewed,,
IMG_47abc007726e4c3e,DEREK/RES22585.JPG,RES22585.JPG,.jpg,5791374,03,03,,unknown,DEREK,,,ignored,,,03::DEREK,parent_folder_fallback,low,4896,3264,JPEG,readable,0d052e18e517e77b632a8bd64e457e72967ec9074985861b434ba56a9567cff9,unknown,pending,unreviewed,,
IMG_315cb6d1fec3e8d1,DEREK/RES22587.JPG,RES22587.JPG,.jpg,6286909,03,03,,unknown,DEREK,,,ignored,,,03::DEREK,parent_folder_fallback,low,4896,3264,JPEG,readable,4033a91c2232d96d6ae602078b7ed00b82fcf8b15c3f28b83586776408b66250,unknown,pending,unreviewed,,
IMG_70e3a3a8c4004938,DEREK/RES22588.JPG,RES22588.JPG,.jpg,6344389,03,03,,unknown,DEREK,,,ignored,,,03::DEREK,parent_folder_fallback,low,4896,3264,JPEG,readable,918bf94d1452e27aafbe066a272ee4748190fe11ee08584c59620b7fb4ed549f,unknown,pending,unreviewed,,
IMG_3a7cae0070287ff6,DEREK/RES22591.JPG,RES22591.JPG,.jpg,6857116,03,03,,unknown,DEREK,,,ignored,,,03::DEREK,parent_folder_fallback,low,4896,3264,JPEG,readable,0520bfd03e96956219c79bf4f0278212a5da0716a2ec1e7ec813faa98c97d814,unknown,pending,unreviewed,,
IMG_42fb4e55f1d44cb1,DEREK/RES22592.JPG,RES22592.JPG,.jpg,6953070,03,03,,unknown,DEREK,,,ignored,,,03::DEREK,parent_folder_fallback,low,4896,3264,JPEG,readable,bb99d345f3185278d262efe69e5969d703953cd864e8b39510c65a8e6b767785,unknown,pending,unreviewed,,
IMG_c5b69ed74ff481c9,DEREK/RES22593.JPG,RES22593.JPG,.jpg,7063339,03,03,,unknown,DEREK,,,ignored,,,03::DEREK,parent_folder_fallback,low,4896,3264,JPEG,readable,908382e10804286d54a091883de5c879f5337f2721701bcf79eb8081eb737f29,unknown,pending,unreviewed,,
IMG_e024b2f715dac974,DEREK/RES22594.JPG,RES22594.JPG,.jpg,6545949,03,03,,unknown,DEREK,,,ignored,,,03::DEREK,parent_folder_fallback,low,4896,3264,JPEG,readable,fd06588ba00e4142cc8ca91edc4ee0e17d42ad680f88ff659144955a6c08361c,unknown,pending,unreviewed,,
IMG_5251a9f4cc5a3202,DEREK/RES22598.JPG,RES22598.JPG,.jpg,5596449,03,03,,unknown,DEREK,,,ignored,,,03::DEREK,parent_folder_fallback,low,4896,3264,JPEG,readable,b35475ced59cc8fc73fa8405828e7daa3f0fa4f538e6b763857c945d39e1f043,unknown,pending,unreviewed,,
IMG_397225384500e65a,DEREK/RES22602.JPG,RES22602.JPG,.jpg,5170676,03,03,,unknown,DEREK,,,ignored,,,03::DEREK,parent_folder_fallback,low,4896,3264,JPEG,readable,8110d2c92d657ede48d8fd78e1dbbb6c2c67df342061a11f74adab6ea1501768,unknown,pending,unreviewed,,
IMG_03300a1bb58e83c2,DEREK/RES22603.JPG,RES22603.JPG,.jpg,5071631,03,03,,unknown,DEREK,,,ignored,,,03::DEREK,parent_folder_fallback,low,4896,3264,JPEG,readable,553fda0bda435ad654f2d7dbc5cf5211a6572c41b426f83fb9fc74ed17aebf5b,unknown,pending,unreviewed,,
IMG_dc6fc970e9872b7b,DEREK/RES22605.JPG,RES22605.JPG,.jpg,6394836,03,03,,unknown,DEREK,,,ignored,,,03::DEREK,parent_folder_fallback,low,4896,3264,JPEG,readable,8ddf1b4934e4598e8ff2ef7c262be38b0c6c8e37b498605f9e50b43b1e5bf62a,unknown,pending,unreviewed,,
IMG_ce865a06bb4d4d79,DEREK/RES22606.JPG,RES22606.JPG,.jpg,4890309,03,03,,unknown,DEREK,,,ignored,,,03::DEREK,parent_folder_fallback,low,4896,3264,JPEG,readable,aa43bc36871b8c306b34eed3d90067054fb5dc688eacab5f8a7e6f5df48e4066,unknown,pending,unreviewed,,
IMG_fc5d590bf7bc665b,DEREK/RES22607.JPG,RES22607.JPG,.jpg,4833899,03,03,,unknown,DEREK,,,ignored,,,03::DEREK,parent_folder_fallback,low,4896,3264,JPEG,readable,8751ef74ab56dd6c7dc174cd0325969941b15a122e4af882eac7bac739efc814,unknown,pending,unreviewed,,
IMG_2e641b50f9f35b34,DEREK/RES22613.JPG,RES22613.JPG,.jpg,5666635,03,03,,unknown,DEREK,,,ignored,,,03::DEREK,parent_folder_fallback,low,4896,3264,JPEG,readable,87c4dfc1af68518625a19ef0b8bee8944af4353a9b4af25262add1bab379a76f,unknown,pending,unreviewed,,
IMG_4bd7505548709c02,DEREK/RES22614.JPG,RES22614.JPG,.jpg,5547063,03,03,,unknown,DEREK,,,ignored,,,03::DEREK,parent_folder_fallback,low,4896,3264,JPEG,readable,40b9011831091b74d6084e467b79beb2068e6ec3f66f52a56383ea0fffaadba9,unknown,pending,unreviewed,,
IMG_282418f5f08bb410,DEREK/RES22615.JPG,RES22615.JPG,.jpg,4839690,03,03,,unknown,DEREK,,,ignored,,,03::DEREK,parent_folder_fallback,low,4896,3264,JPEG,readable,e6ee3a91302d829cb0e9b8a58f55152a7e104839b89025f6fc252feb8e3c82fd,unknown,pending,unreviewed,,
IMG_bb705e06cd2ab1ed,DEREK/RES22616.JPG,RES22616.JPG,.jpg,5205434,03,03,,unknown,DEREK,,,ignored,,,03::DEREK,parent_folder_fallback,low,4896,3264,JPEG,readable,a00d5ab2d2bac20bc54b314bd2a8146ea426a28598b6f9f38d1d668c3a6ec9b6,unknown,pending,unreviewed,,
IMG_283e5976929d3361,DEREK/RES22617.JPG,RES22617.JPG,.jpg,5318212,03,03,,unknown,DEREK,,,ignored,,,03::DEREK,parent_folder_fallback,low,4896,3264,JPEG,readable,91863d5fe40c4f8084d8cdc91f8b28fb31fb8274b10682608ab928e24eb4c2be,unknown,pending,unreviewed,,
IMG_4c8937cb0b3f3a24,DEREK/RES22618.JPG,RES22618.JPG,.jpg,6220743,03,03,,unknown,DEREK,,,ignored,,,03::DEREK,parent_folder_fallback,low,4896,3264,JPEG,readable,2406c10a874a8d05eb013fac87ce216888739095d1de04cfc2d73974c3e24b7d,unknown,pending,unreviewed,,
IMG_14f71f76c13d4533,DEREK/RES22621.JPG,RES22621.JPG,.jpg,5348359,03,03,,unknown,DEREK,,,ignored,,,03::DEREK,parent_folder_fallback,low,4896,3264,JPEG,readable,f9eb037099894f7be4c9c24c654949c5a5cfeb2957a980b343da9aa101527623,unknown,pending,unreviewed,,
IMG_49bc4d49f34ae0d0,DEREK/RES22622.JPG,RES22622.JPG,.jpg,5372375,03,03,,unknown,DEREK,,,ignored,,,03::DEREK,parent_folder_fallback,low,4896,3264,JPEG,readable,2e1ae1382a82be5e1dcf7b5763b21985f010176c32c1daa7290841616096bdb6,unknown,pending,unreviewed,,
IMG_bb06aa720b61b1a3,DEREK/RES22623.JPG,RES22623.JPG,.jpg,5865840,03,03,,unknown,DEREK,,,ignored,,,03::DEREK,parent_folder_fallback,low,4896,3264,JPEG,readable,f6f86834ba71eccfe4cfa7acdfe40a10b77990be67f968e5bee86c3d8ec64a65,unknown,pending,unreviewed,,
IMG_f74048a2f91419fd,DEREK/RES22624.JPG,RES22624.JPG,.jpg,5932187,03,03,,unknown,DEREK,,,ignored,,,03::DEREK,parent_folder_fallback,low,4896,3264,JPEG,readable,8e81aae5260fa4d1fad6f9e474a54f4599a5596ca1834305db71aec178fb3e7c,unknown,pending,unreviewed,,
IMG_e7a695fe65502784,DEREK/RES22625.JPG,RES22625.JPG,.jpg,5602883,03,03,,unknown,DEREK,,,ignored,,,03::DEREK,parent_folder_fallback,low,4896,3264,JPEG,readable,ea01785360930110762bfef4939567d890edd660aa30273b16b60ec277d0aa25,unknown,pending,unreviewed,,
IMG_782ee3b15382b6c2,DEREK/RES22626.JPG,RES22626.JPG,.jpg,5609103,03,03,,unknown,DEREK,,,ignored,,,03::DEREK,parent_folder_fallback,low,4896,3264,JPEG,readable,c35c9427b02b004d9d1aa50f6f0bd8bae63c44c2247d3fada1918908af8966ae,unknown,pending,unreviewed,,
IMG_456395367ab79700,DEREK/RES22628.JPG,RES22628.JPG,.jpg,5465817,03,03,,unknown,DEREK,,,ignored,,,03::DEREK,parent_folder_fallback,low,4896,3264,JPEG,readable,58d8b2ebd300155d90fc7fd541d464169b1e7ba14e8ae9b390894254f418f0c8,unknown,pending,unreviewed,,
IMG_cd4950a84e5be6a5,DEREK/RES22629.JPG,RES22629.JPG,.jpg,5400327,03,03,,unknown,DEREK,,,ignored,,,03::DEREK,parent_folder_fallback,low,4896,3264,JPEG,readable,042540c25899a244908e3e11e6673ba67a8f14f75cc023fd4872581068480b48,unknown,pending,unreviewed,,
IMG_2aed6d0cb891faee,DEREK/RES22630.JPG,RES22630.JPG,.jpg,5330165,03,03,,unknown,DEREK,,,ignored,,,03::DEREK,parent_folder_fallback,low,4896,3264,JPEG,readable,b145a4ba943923522356c85b45b002b1a69d86151b3fa02eaaac25271d9ddd22,unknown,pending,unreviewed,,
IMG_6bd4834d5619f4cf,DEREK/RES22631.JPG,RES22631.JPG,.jpg,5194468,03,03,,unknown,DEREK,,,ignored,,,03::DEREK,parent_folder_fallback,low,4896,3264,JPEG,readable,be007ce579e4473eb9fca002cf30a34fc375cba28de08de7210c0031ddb888f9,unknown,pending,unreviewed,,
IMG_a149d87ef1d04d25,DEREK/RES22632.JPG,RES22632.JPG,.jpg,6023687,03,03,,unknown,DEREK,,,ignored,,,03::DEREK,parent_folder_fallback,low,4896,3264,JPEG,readable,4962ce4fbf41c9bab594dc7b8243c5cbfb4f481e8821124e18c9ef00353a4041,unknown,pending,unreviewed,,
IMG_5b2d9e421f9718bd,DEREK/RES22633.JPG,RES22633.JPG,.jpg,5124885,03,03,,unknown,DEREK,,,ignored,,,03::DEREK,parent_folder_fallback,low,4896,3264,JPEG,readable,213dada318490693fcffa5bf15beb13836cd3c92e04c292f16057ac2bc34a56a,unknown,pending,unreviewed,,
IMG_2833158e250d737e,miscellaneous/0145_20140417_HBi_03_RAY_2024.JPG,0145_20140417_HBi_03_RAY_2024.JPG,.jpg,6581002,03,03,2014-04-17,unknown,miscellaneous,,,ignored,,,03::0145_20140417_HBi_03_RAY,filename_trailing_number,medium,4896,3264,JPEG,readable,d8313f01a340906ced9fa6a1fb61cb1ca849a0faac62de8854aee52b29b42100,unknown,pending,unreviewed,,
IMG_091430d096999375,miscellaneous/0171_20140417_HBi_03_RAY_2119.JPG,0171_20140417_HBi_03_RAY_2119.JPG,.jpg,6076562,03,03,2014-04-17,unknown,miscellaneous,,,ignored,,,03::0171_20140417_HBi_03_RAY,filename_trailing_number,medium,4896,3264,JPEG,readable,ff64979bd87a846c2c444fc9e9333fe5dee22d9ea91f4d72272f82d7b81f950d,unknown,pending,unreviewed,,
IMG_d33943ca6175d118,miscellaneous/0175_20140417_HBi_03_RAY_2135.JPG,0175_20140417_HBi_03_RAY_2135.JPG,.jpg,6646468,03,03,2014-04-17,unknown,miscellaneous,,,ignored,,,03::0175_20140417_HBi_03_RAY,filename_trailing_number,medium,4896,3264,JPEG,readable,83e042365715065c7080df2f2b4b08ecbe61e3751a406e5d4ef6a47db4e37382,unknown,pending,unreviewed,,
IMG_37f3d3919bac0f7b,miscellaneous/0176_20140417_HBi_03_RAY_2136.JPG,0176_20140417_HBi_03_RAY_2136.JPG,.jpg,6741461,03,03,2014-04-17,unknown,miscellaneous,,,ignored,,,03::0176_20140417_HBi_03_RAY,filename_trailing_number,medium,4896,3264,JPEG,readable,91f8084fbf6c7f447c8cd02bda5b61316d10d0c0164cedeacc3ec153218a07c7,unknown,pending,unreviewed,,
IMG_102fe9e100f3031b,miscellaneous/0329_20140417_HBi_03_RAY_0949.JPG,0329_20140417_HBi_03_RAY_0949.JPG,.jpg,6545428,03,03,2014-04-17,unknown,miscellaneous,,,ignored,,,03::0329_20140417_HBi_03_RAY,filename_trailing_number,medium,4896,3264,JPEG,readable,765b53913f25e9ed10d6320393226a6dfe4cd038ce75f76dd8a93c27459d90bd,unknown,pending,unreviewed,,
IMG_ac2a52c3be182a85,miscellaneous/0344_20140417_HBi_03_RAY_0972.JPG,0344_20140417_HBi_03_RAY_0972.JPG,.jpg,6627368,03,03,2014-04-17,unknown,miscellaneous,,,ignored,,,03::0344_20140417_HBi_03_RAY,filename_trailing_number,medium,4896,3264,JPEG,readable,8852f5bf09f155c90357df87c65963cd3e484721a459638c34d687e13e8cfb40,unknown,pending,unreviewed,,
IMG_c04746843e7a0692,miscellaneous/0345_20140417_HBi_03_RAY_0973.JPG,0345_20140417_HBi_03_RAY_0973.JPG,.jpg,6539008,03,03,2014-04-17,unknown,miscellaneous,,,ignored,,,03::0345_20140417_HBi_03_RAY,filename_trailing_number,medium,4896,3264,JPEG,readable,3129ce46213f7b9d222923f15826ff8649b84fe2737e7797026d33a922ad54f0,unknown,pending,unreviewed,,
IMG_9f5b9758a9bd2fa9,miscellaneous/0346_20140417_HBi_03_RAY_0974.JPG,0346_20140417_HBi_03_RAY_0974.JPG,.jpg,7138059,03,03,2014-04-17,unknown,miscellaneous,,,ignored,,,03::0346_20140417_HBi_03_RAY,filename_trailing_number,medium,4896,3264,JPEG,readable,e61422f143c98a8a31a81e15dd1d8fbeb41b10fb51664857bcd7e0a6b93430a7,unknown,pending,unreviewed,,
IMG_20794a8b16042dee,miscellaneous/0370_20140417_HBi_03_RAY_1026.JPG,0370_20140417_HBi_03_RAY_1026.JPG,.jpg,6054820,03,03,2014-04-17,unknown,miscellaneous,,,ignored,,,03::0370_20140417_HBi_03_RAY,filename_trailing_number,medium,4896,3264,JPEG,readable,99adcfcc7a4cd6d71f8abd1010364990610752af825ba039791302aeb616b2d5,unknown,pending,unreviewed,,
IMG_c8401c231c179194,miscellaneous/0372_20140417_HBi_03_RAY_1028.JPG,0372_20140417_HBi_03_RAY_1028.JPG,.jpg,6118183,03,03,2014-04-17,unknown,miscellaneous,,,ignored,,,03::0372_20140417_HBi_03_RAY,filename_trailing_number,medium,4896,3264,JPEG,readable,c5de179684ce91542bd3127dc1704d01abcee30ba172ab08283f3f34adccd594,unknown,pending,unreviewed,,
IMG_dcf73e42c617b8b9,miscellaneous/0394_20140417_HBi_03_RAY_1056.JPG,0394_20140417_HBi_03_RAY_1056.JPG,.jpg,5967135,03,03,2014-04-17,unknown,miscellaneous,,,ignored,,,03::0394_20140417_HBi_03_RAY,filename_trailing_number,medium,4896,3264,JPEG,readable,49306c878bb96d711f193ef04a03d6b4f714b5b5c377db4c24400f48902c429b,unknown,pending,unreviewed,,
IMG_83a31136cb0b0aec,miscellaneous/0426_20140417_HBi_03_RAY_1110.JPG,0426_20140417_HBi_03_RAY_1110.JPG,.jpg,4796087,03,03,2014-04-17,unknown,miscellaneous,,,ignored,,,03::0426_20140417_HBi_03_RAY,filename_trailing_number,medium,4896,3264,JPEG,readable,e3e60e61ebcb932b1c6c0430d5416203c672af0c459bd9995b2890a600b3dd87,unknown,pending,unreviewed,,
IMG_7aa8df6e076e78d6,miscellaneous/0445_20140417_HBi_03_RAY_1135.JPG,0445_20140417_HBi_03_RAY_1135.JPG,.jpg,5391028,03,03,2014-04-17,unknown,miscellaneous,,,ignored,,,03::0445_20140417_HBi_03_RAY,filename_trailing_number,medium,4896,3264,JPEG,readable,f4fd306f4296518e7c2cc112c15d1ac64b35e89e816b4e5c2ed93b4d14da2e3b,unknown,pending,unreviewed,,
IMG_e24e736717182267,miscellaneous/0447_20140417_HBi_03_RAY_1141.JPG,0447_20140417_HBi_03_RAY_1141.JPG,.jpg,7307204,03,03,2014-04-17,unknown,miscellaneous,,,ignored,,,03::0447_20140417_HBi_03_RAY,filename_trailing_number,medium,4896,3264,JPEG,readable,bcaa00fb7936acbc2fe7e872a9cc6f258d2b21bb209c1343fd932b571a32b7cb,unknown,pending,unreviewed,,
IMG_e5f74da652f593b1,miscellaneous/0448_20140417_HBi_03_RAY_1142.JPG,0448_20140417_HBi_03_RAY_1142.JPG,.jpg,7809578,03,03,2014-04-17,unknown,miscellaneous,,,ignored,,,03::0448_20140417_HBi_03_RAY,filename_trailing_number,medium,4896,3264,JPEG,readable,3576df6dad168a532c9af5e4a87fe711314fab7287ae21922b28b6c67fa9e0ac,unknown,pending,unreviewed,,
IMG_3c83acd9cff7cb47,miscellaneous/0449_20140417_HBi_03_RAY_1144.JPG,0449_20140417_HBi_03_RAY_1144.JPG,.jpg,7602778,03,03,2014-04-17,unknown,miscellaneous,,,ignored,,,03::0449_20140417_HBi_03_RAY,filename_trailing_number,medium,4896,3264,JPEG,readable,033a4c66dd3a4d032a842c6b947604323d0b9c554c7b15448a1727b4f59716bd,unknown,pending,unreviewed,,
IMG_1324ceb9560e86f0,miscellaneous/0450_20140417_HBi_03_RAY_1146.JPG,0450_20140417_HBi_03_RAY_1146.JPG,.jpg,6779877,03,03,2014-04-17,unknown,miscellaneous,,,ignored,,,03::0450_20140417_HBi_03_RAY,filename_trailing_number,medium,4896,3264,JPEG,readable,ab79382465c6ecebd99d2df971f258288ab9702b090456fe3e53e13190dc487b,unknown,pending,unreviewed,,
IMG_17a7552d579e8ac2,miscellaneous/0512_20140417_HBi_03_RAY_1250.JPG,0512_20140417_HBi_03_RAY_1250.JPG,.jpg,4587402,03,03,2014-04-17,unknown,miscellaneous,,,ignored,,,03::0512_20140417_HBi_03_RAY,filename_trailing_number,medium,4896,3264,JPEG,readable,16bc915461acce732200f85e32c7b1c9edd331b2ca09e3a372da314fffdce932,unknown,pending,unreviewed,,
IMG_b0f560762728c9ce,miscellaneous/0563_20140417_HBi_03_RAY_1349.JPG,0563_20140417_HBi_03_RAY_1349.JPG,.jpg,6541163,03,03,2014-04-17,unknown,miscellaneous,,,ignored,,,03::0563_20140417_HBi_03_RAY,filename_trailing_number,medium,4896,3264,JPEG,readable,b735e3021cb0f6d7f3d07d86038c8a6339002c2acb8581729333e3eec1b3bd4d,unknown,pending,unreviewed,,
IMG_927e9cfbd6c43b30,miscellaneous/0567_20140417_HBi_03_RAY_1353.JPG,0567_20140417_HBi_03_RAY_1353.JPG,.jpg,6072116,03,03,2014-04-17,unknown,miscellaneous,,,ignored,,,03::0567_20140417_HBi_03_RAY,filename_trailing_number,medium,4896,3264,JPEG,readable,def6c6f3acb97448e6a579a1b8d7382305bdddfe09a5551aab2cbe326f1eb500,unknown,pending,unreviewed,,
IMG_ea63a131dc126bf3,miscellaneous/0568_20140417_HBi_03_RAY_1354.JPG,0568_20140417_HBi_03_RAY_1354.JPG,.jpg,6155082,03,03,2014-04-17,unknown,miscellaneous,,,ignored,,,03::0568_20140417_HBi_03_RAY,filename_trailing_number,medium,4896,3264,JPEG,readable,c2934942114f08d4ae846fed64b0b65b479a068b83b0e2d65d5acae374e586c0,unknown,pending,unreviewed,,
IMG_bc4541f299cf3225,miscellaneous/0662_20140417_HBi_03_RAY_1521.JPG,0662_20140417_HBi_03_RAY_1521.JPG,.jpg,5816301,03,03,2014-04-17,unknown,miscellaneous,,,ignored,,,03::0662_20140417_HBi_03_RAY,filename_trailing_number,medium,4896,3264,JPEG,readable,0aecb308a0cce98b2d0fb4945d72b89c252600912f891532538e85f467132935,unknown,pending,unreviewed,,
IMG_f2447caf5dd19758,miscellaneous/0671_20140417_HBi_03_RAY_1539.JPG,0671_20140417_HBi_03_RAY_1539.JPG,.jpg,6429412,03,03,2014-04-17,unknown,miscellaneous,,,ignored,,,03::0671_20140417_HBi_03_RAY,filename_trailing_number,medium,4896,3264,JPEG,readable,25e0e235ee0a0b93e94fcceb2e4f71439063a5a83c1e09ab1bce1642e329a740,unknown,pending,unreviewed,,
IMG_ff8cbf8b7c558c7f,miscellaneous/0673_20140417_HBi_03_RAY_1546.JPG,0673_20140417_HBi_03_RAY_1546.JPG,.jpg,6133616,03,03,2014-04-17,unknown,miscellaneous,,,ignored,,,03::0673_20140417_HBi_03_RAY,filename_trailing_number,medium,4896,3264,JPEG,readable,7f2d8dddb6a249daede7c6c538b67858e7a5690b2358214215fbe0a7a3d7ee90,unknown,pending,unreviewed,,
IMG_94d531240634c3cf,miscellaneous/0697_20140417_HBi_03_RAY_1632.JPG,0697_20140417_HBi_03_RAY_1632.JPG,.jpg,6154161,03,03,2014-04-17,unknown,miscellaneous,,,ignored,,,03::0697_20140417_HBi_03_RAY,filename_trailing_number,medium,4896,3264,JPEG,readable,ba1c42775deef168c07a2356b6ae8293006d145714921f6973df45b24eb39f4e,unknown,pending,unreviewed,,
IMG_18e1ca1481f5d838,miscellaneous/0698_20140417_HBi_03_RAY_1638.JPG,0698_20140417_HBi_03_RAY_1638.JPG,.jpg,6543602,03,03,2014-04-17,unknown,miscellaneous,,,ignored,,,03::0698_20140417_HBi_03_RAY,filename_trailing_number,medium,4896,3264,JPEG,readable,b7d3f85145f34135cce5aacdf53218d9493592d36f0cc564aee00ed8cc95a226,unknown,pending,unreviewed,,
IMG_d66602452520150a,miscellaneous/0699_20140417_HBi_03_RAY_1641.JPG,0699_20140417_HBi_03_RAY_1641.JPG,.jpg,6486933,03,03,2014-04-17,unknown,miscellaneous,,,ignored,,,03::0699_20140417_HBi_03_RAY,filename_trailing_number,medium,4896,3264,JPEG,readable,9307e32afe88aee3f2b7fdbb2e70218c51926a69a5644144c3b34c87eefcd130,unknown,pending,unreviewed,,
IMG_83fc576d1d8e197b,miscellaneous/0700_20140417_HBi_03_RAY_1642.JPG,0700_20140417_HBi_03_RAY_1642.JPG,.jpg,6384859,03,03,2014-04-17,unknown,miscellaneous,,,ignored,,,03::0700_20140417_HBi_03_RAY,filename_trailing_number,medium,4896,3264,JPEG,readable,c9aa48ebe2d23a7d3f3980d6430ba81ecc37ebf6bf0711954c50260cc9da8b53,unknown,pending,unreviewed,,
IMG_1556095745010c53,miscellaneous/0701_20140417_HBi_03_RAY_1644.JPG,0701_20140417_HBi_03_RAY_1644.JPG,.jpg,5938835,03,03,2014-04-17,unknown,miscellaneous,,,ignored,,,03::0701_20140417_HBi_03_RAY,filename_trailing_number,medium,4896,3264,JPEG,readable,7028562475c3852f6577501551a856eb47d00a8b43142b5305f587bcb487f005,unknown,pending,unreviewed,,
IMG_174080c2002348a2,miscellaneous/0711_20140417_HBi_03_RAY_1657.JPG,0711_20140417_HBi_03_RAY_1657.JPG,.jpg,6909031,03,03,2014-04-17,unknown,miscellaneous,,,ignored,,,03::0711_20140417_HBi_03_RAY,filename_trailing_number,medium,4896,3264,JPEG,readable,1300200fbd1ab21bc24ecb3c199f44d919e8a1a926a954f2dfeb5ba432e608b8,unknown,pending,unreviewed,,
IMG_01ddfe7cdcd648de,miscellaneous/0712_20140417_HBi_03_RAY_1658.JPG,0712_20140417_HBi_03_RAY_1658.JPG,.jpg,6549313,03,03,2014-04-17,unknown,miscellaneous,,,ignored,,,03::0712_20140417_HBi_03_RAY,filename_trailing_number,medium,4896,3264,JPEG,readable,016e2d71e5041116a5ba8b913e03d3d9ac0596fce72e3774ef84afa44adf8416,unknown,pending,unreviewed,,
IMG_18791f4a7f794551,miscellaneous/0766_20140417_HBi_03_RAY_1746.JPG,0766_20140417_HBi_03_RAY_1746.JPG,.jpg,6226513,03,03,2014-04-17,unknown,miscellaneous,,,ignored,,,03::0766_20140417_HBi_03_RAY,filename_trailing_number,medium,4896,3264,JPEG,readable,93b900b4d7ae4e7aaafeb4394a0d94e6fd88eeb7613e770ff82f779a12686c24,unknown,pending,unreviewed,,
IMG_d2d1df45519c9ebc,miscellaneous/0805_20140417_HBi_03_RAY_1821.JPG,0805_20140417_HBi_03_RAY_1821.JPG,.jpg,6246190,03,03,2014-04-17,unknown,miscellaneous,,,ignored,,,03::0805_20140417_HBi_03_RAY,filename_trailing_number,medium,4896,3264,JPEG,readable,19e05e7e2f7c0b70c71b2ab8c7ba7afe67006a166253db2c958a3424f6768890,unknown,pending,unreviewed,,
IMG_27eedf4fdf0fc655,miscellaneous/0806_20140417_HBi_03_RAY_1822.JPG,0806_20140417_HBi_03_RAY_1822.JPG,.jpg,6143485,03,03,2014-04-17,unknown,miscellaneous,,,ignored,,,03::0806_20140417_HBi_03_RAY,filename_trailing_number,medium,4896,3264,JPEG,readable,5fa5ad20c1fd265d1ae2a812fdd2fb4957373122fdadfbd52f7718cad2853187,unknown,pending,unreviewed,,
IMG_c4371490818813e2,miscellaneous/0813_20140417_HBi_03_RAY_1832.JPG,0813_20140417_HBi_03_RAY_1832.JPG,.jpg,5282399,03,03,2014-04-17,unknown,miscellaneous,,,ignored,,,03::0813_20140417_HBi_03_RAY,filename_trailing_number,medium,4896,3264,JPEG,readable,7d603a7d09b8d26c6de285094823fbec2f938991024c932b02bf503c3923c381,unknown,pending,unreviewed,,
IMG_f279dfdb32dae6ef,miscellaneous/0817_20140417_HBi_03_RAY_1836.JPG,0817_20140417_HBi_03_RAY_1836.JPG,.jpg,5359782,03,03,2014-04-17,unknown,miscellaneous,,,ignored,,,03::0817_20140417_HBi_03_RAY,filename_trailing_number,medium,4896,3264,JPEG,readable,5030aea5665f08a259f40b44ef6413ce89e6991dd5e4bcbcd75e2f0e7a6c1d0a,unknown,pending,unreviewed,,
IMG_560dfd5ce96cd17e,miscellaneous/0875_20140417_HBi_03_RAY_1937.JPG,0875_20140417_HBi_03_RAY_1937.JPG,.jpg,5786716,03,03,2014-04-17,unknown,miscellaneous,,,ignored,,,03::0875_20140417_HBi_03_RAY,filename_trailing_number,medium,4896,3264,JPEG,readable,c2490489c0400842966bbef6ad60a97dbbe9007810e9ef907c77af7243f63c4f,unknown,pending,unreviewed,,
IMG_ff354ec62095b6e4,miscellaneous/0890_20140417_HBi_03_RAY_1958.JPG,0890_20140417_HBi_03_RAY_1958.JPG,.jpg,5604024,03,03,2014-04-17,unknown,miscellaneous,,,ignored,,,03::0890_20140417_HBi_03_RAY,filename_trailing_number,medium,4896,3264,JPEG,readable,a34477faa559406b8be559072cf74c6328a952b1b7fb96e56df3e7ddd048859a,unknown,pending,unreviewed,,
IMG_be83c1d92118cd88,miscellaneous/0891_20140417_HBi_03_RAY_1959.JPG,0891_20140417_HBi_03_RAY_1959.JPG,.jpg,5634661,03,03,2014-04-17,unknown,miscellaneous,,,ignored,,,03::0891_20140417_HBi_03_RAY,filename_trailing_number,medium,4896,3264,JPEG,readable,d23e2d65aa1721ee290dc21412416c77d50d9c76fb90fef599ceda2288940d57,unknown,pending,unreviewed,,
IMG_e6741da1321ed0a6,MO/RES20819.JPG,RES20819.JPG,.jpg,6402512,03,03,,unknown,MO,,,ignored,,,03::MO,parent_folder_fallback,low,4896,3264,JPEG,readable,07f6bfa991ab753f50155c9a1f378484f397aae1974e4de5d35fc3a29b8d3eec,unknown,pending,unreviewed,,
IMG_d5b9e7ab2f269941,MO/RES20820.JPG,RES20820.JPG,.jpg,6337490,03,03,,unknown,MO,,,ignored,,,03::MO,parent_folder_fallback,low,4896,3264,JPEG,readable,6fdf06dd14d3a295dc4dd378ffb8590a7145395eac5a4b7e5112ed6d89679a7b,unknown,pending,unreviewed,,
IMG_5394c7dfad2570be,MO/RES20821.JPG,RES20821.JPG,.jpg,6350858,03,03,,unknown,MO,,,ignored,,,03::MO,parent_folder_fallback,low,4896,3264,JPEG,readable,5563073441ebdb6182c3bd5efa630cb75084bf012c9e18e89527e9a7eb37f24e,unknown,pending,unreviewed,,
IMG_4e7a5b97bba6f769,MO/RES20822.JPG,RES20822.JPG,.jpg,6406649,03,03,,unknown,MO,,,ignored,,,03::MO,parent_folder_fallback,low,4896,3264,JPEG,readable,1d5bb6a776de1c568e27f5ab9973e8dab0e1a3ef950fd1dfba97ffd9422a84eb,unknown,pending,unreviewed,,
IMG_d9d2a0f79be9d0df,MO/RES20826.JPG,RES20826.JPG,.jpg,5296700,03,03,,unknown,MO,,,ignored,,,03::MO,parent_folder_fallback,low,4896,3264,JPEG,readable,54b46887b3b096de0b8dff7ff59543466cec7f2df86ecc981fa7a9d2b44312a1,unknown,pending,unreviewed,,
IMG_0247506ad3618c33,MO/RES20827.JPG,RES20827.JPG,.jpg,5290709,03,03,,unknown,MO,,,ignored,,,03::MO,parent_folder_fallback,low,4896,3264,JPEG,readable,cd29359974b695b3fa1c73360ff7711c300d05bbd5cda760d2ce419feee46f4a,unknown,pending,unreviewed,,
IMG_55fe04d59e6341bd,MO/RES20834.JPG,RES20834.JPG,.jpg,6539197,03,03,,unknown,MO,,,ignored,,,03::MO,parent_folder_fallback,low,4896,3264,JPEG,readable,84e11ef8b20daa21ba7fcbf6180ff81e370b5547b6bd7df783045e7d07d70ccd,unknown,pending,unreviewed,,
IMG_1c1b5587aa080ca3,MO/RES20841.JPG,RES20841.JPG,.jpg,6346330,03,03,,unknown,MO,,,ignored,,,03::MO,parent_folder_fallback,low,4896,3264,JPEG,readable,0035820bae6fd4f6c60052b6c7bf16a36a0b4b992ac3d8e83b09831256c75f6b,unknown,pending,unreviewed,,
IMG_7ac40f961fcd69aa,MO/RES20842.JPG,RES20842.JPG,.jpg,6007909,03,03,,unknown,MO,,,ignored,,,03::MO,parent_folder_fallback,low,4896,3264,JPEG,readable,12da4c66969151cd6eefcd519b423f7b17556d8713fba425ff6f557b2a549687,unknown,pending,unreviewed,,
IMG_1a8664d4bf912960,MO/RES20843.JPG,RES20843.JPG,.jpg,6041864,03,03,,unknown,MO,,,ignored,,,03::MO,parent_folder_fallback,low,4896,3264,JPEG,readable,3da8b965ce4242f8285572890d11d20020eb72cff6134b468cef487c7c49420b,unknown,pending,unreviewed,,
IMG_3115d10ee9850b76,MO/RES20844.JPG,RES20844.JPG,.jpg,6009446,03,03,,unknown,MO,,,ignored,,,03::MO,parent_folder_fallback,low,4896,3264,JPEG,readable,e795d2f40fa859de4236271541bbec32ef5b005d09517744868e065da926d631,unknown,pending,unreviewed,,
IMG_68bdd288da3fe447,MO/RES20845.JPG,RES20845.JPG,.jpg,6213652,03,03,,unknown,MO,,,ignored,,,03::MO,parent_folder_fallback,low,4896,3264,JPEG,readable,6999eb8141602571f6fbf653237b8fbe23b1f36a456954089077ddb0c7545705,unknown,pending,unreviewed,,
IMG_e885f35ed744acaa,MO/RES20848.JPG,RES20848.JPG,.jpg,5785175,03,03,,unknown,MO,,,ignored,,,03::MO,parent_folder_fallback,low,4896,3264,JPEG,readable,9cb7c2574c64584292feb278288c296bd25b7bbb23940c69bdbfb06e96ef1a5c,unknown,pending,unreviewed,,
IMG_5fd8deebadd70d3f,MO/RES20850.JPG,RES20850.JPG,.jpg,6068914,03,03,,unknown,MO,,,ignored,,,03::MO,parent_folder_fallback,low,4896,3264,JPEG,readable,2fe0d852ac317cd884ba9f98e6e1b0751a2168d6da2f9d7283bbd6f5b48c6f4a,unknown,pending,unreviewed,,
IMG_1fecdfa18c62216f,MO/RES20857.JPG,RES20857.JPG,.jpg,5744874,03,03,,unknown,MO,,,ignored,,,03::MO,parent_folder_fallback,low,4896,3264,JPEG,readable,2ac41331869b3a78ceac6ea90b72f7ab3565f59c9f79b8dc0947e80e98e2fb71,unknown,pending,unreviewed,,
IMG_aeab4aafee122389,MO/RES20858.JPG,RES20858.JPG,.jpg,5860938,03,03,,unknown,MO,,,ignored,,,03::MO,parent_folder_fallback,low,4896,3264,JPEG,readable,c094cc016c0db86fc71d20bd4ec2e30bb0365b58afb4e916948d8498a18b926b,unknown,pending,unreviewed,,
IMG_ca8a036fbe714f58,MO/RES20863.JPG,RES20863.JPG,.jpg,5509995,03,03,,unknown,MO,,,ignored,,,03::MO,parent_folder_fallback,low,4896,3264,JPEG,readable,54da8273a7e6aa2a13582508dd32db906665ed2f49a612dd4c1ff870b482a55d,unknown,pending,unreviewed,,
IMG_69db1a778e124dc3,MO/RES20864.JPG,RES20864.JPG,.jpg,5705659,03,03,,unknown,MO,,,ignored,,,03::MO,parent_folder_fallback,low,4896,3264,JPEG,readable,4aa155dd5dfb5413706bbe930ff99773a66f482b6030e544ff94decd8eef2890,unknown,pending,unreviewed,,
IMG_c6a826630e6c81f1,MO/RES20865.JPG,RES20865.JPG,.jpg,5671368,03,03,,unknown,MO,,,ignored,,,03::MO,parent_folder_fallback,low,4896,3264,JPEG,readable,649b37de23607a2e6e1e3ec73e746ab6f2f097721213cf084de89ce08ca24bae,unknown,pending,unreviewed,,
IMG_0a8ca1334eb33759,MO/RES20869.JPG,RES20869.JPG,.jpg,5064159,03,03,,unknown,MO,,,ignored,,,03::MO,parent_folder_fallback,low,4896,3264,JPEG,readable,f66d35306abdb0080f319da1719c01df49f6af4cbde92def932ee569ae4f72fe,unknown,pending,unreviewed,,
IMG_bb48145749d4bc1a,MO/RES20870.JPG,RES20870.JPG,.jpg,5046231,03,03,,unknown,MO,,,ignored,,,03::MO,parent_folder_fallback,low,4896,3264,JPEG,readable,a24cd4588a78fca1e3f48d2b2d650e9fe69b31534c995813e0da59754ea8b187,unknown,pending,unreviewed,,
IMG_6decefc48d12fa90,MO/RES20871.JPG,RES20871.JPG,.jpg,5110627,03,03,,unknown,MO,,,ignored,,,03::MO,parent_folder_fallback,low,4896,3264,JPEG,readable,d85de4567b6a017c4342765cde659ae4a54aa1efb049dffc79745687572cb773,unknown,pending,unreviewed,,
IMG_617025f8c7db243b,MO/RES20872.JPG,RES20872.JPG,.jpg,5076173,03,03,,unknown,MO,,,ignored,,,03::MO,parent_folder_fallback,low,4896,3264,JPEG,readable,64b45797c47f9bb39170de39e81f1f658fd24f527db106978b64927eb07d379a,unknown,pending,unreviewed,,
IMG_7432f3b3108222bc,MO/RES20875.JPG,RES20875.JPG,.jpg,5055829,03,03,,unknown,MO,,,ignored,,,03::MO,parent_folder_fallback,low,4896,3264,JPEG,readable,e8b104edb79127cc25c390f4533637ca5d1ae9b655b331daa2986b6fe9c8dfcd,unknown,pending,unreviewed,,
IMG_941b2c2acdc1f79b,MO/RES20882.JPG,RES20882.JPG,.jpg,6176380,03,03,,unknown,MO,,,ignored,,,03::MO,parent_folder_fallback,low,4896,3264,JPEG,readable,973401fc249f7e0834c3826d46e97501cd6e74e4bb29fe180090e50066801589,unknown,pending,unreviewed,,
IMG_2b5dd358600a8b49,MO/RES20883.JPG,RES20883.JPG,.jpg,5982514,03,03,,unknown,MO,,,ignored,,,03::MO,parent_folder_fallback,low,4896,3264,JPEG,readable,088f2ce840c09079201fbf4a8307017073fb9acc261ec00255b71f90ef50fd98,unknown,pending,unreviewed,,
IMG_ba56fff2dd8d66b0,MO/RES20888.JPG,RES20888.JPG,.jpg,6245916,03,03,,unknown,MO,,,ignored,,,03::MO,parent_folder_fallback,low,4896,3264,JPEG,readable,fb75d6abae6c57f946eebaf86e6ceda7af6a0719ca98615b3e6c849dbe2a1774,unknown,pending,unreviewed,,
IMG_9425c270456cc664,MO/RES20889.JPG,RES20889.JPG,.jpg,6151522,03,03,,unknown,MO,,,ignored,,,03::MO,parent_folder_fallback,low,4896,3264,JPEG,readable,e9d2021703460011e135c5550ed9051ad1f66484c7df3c9db3d9c5bacc02ceb4,unknown,pending,unreviewed,,
IMG_e882e9c9885044f4,MO/RES20890.JPG,RES20890.JPG,.jpg,5670574,03,03,,unknown,MO,,,ignored,,,03::MO,parent_folder_fallback,low,4896,3264,JPEG,readable,73ccdd2f27d74ef7fd7ee8719dc63dde67a3466c06a196607e9b5f786b59ba54,unknown,pending,unreviewed,,
IMG_8a3552cd228bc134,MO/RES20892.JPG,RES20892.JPG,.jpg,5758530,03,03,,unknown,MO,,,ignored,,,03::MO,parent_folder_fallback,low,4896,3264,JPEG,readable,a6fcf93473f9d3912b22594fe86019dadfb278c9e341aa364cfce3811f7506d7,unknown,pending,unreviewed,,
IMG_323ec8a4292e0af6,MO/RES20893.JPG,RES20893.JPG,.jpg,5843522,03,03,,unknown,MO,,,ignored,,,03::MO,parent_folder_fallback,low,4896,3264,JPEG,readable,c71ec1b552f0125d9bf3b4072c9ef2b877aa2f408b91630a3484fd1c8f4ddb89,unknown,pending,unreviewed,,
IMG_ca9f70f890ffa078,MO/RES20894.JPG,RES20894.JPG,.jpg,5539351,03,03,,unknown,MO,,,ignored,,,03::MO,parent_folder_fallback,low,4896,3264,JPEG,readable,1d057d4a041b51375bde69b3512db6081df3b79014483edf4ac46544a35c7c64,unknown,pending,unreviewed,,
IMG_b0e6333cd29842b8,MO/RES20895.JPG,RES20895.JPG,.jpg,5686904,03,03,,unknown,MO,,,ignored,,,03::MO,parent_folder_fallback,low,4896,3264,JPEG,readable,addb837b3df74fee651841fa6770d0fda038a0d1761e0c9904a2a9217e5a7690,unknown,pending,unreviewed,,
IMG_e25f6e4fa365aff5,MO/RES20896.JPG,RES20896.JPG,.jpg,5665899,03,03,,unknown,MO,,,ignored,,,03::MO,parent_folder_fallback,low,4896,3264,JPEG,readable,1a50603588d65a90d212276731ccfb579c3ce6bf7e34f96652dbc128fab0b8fe,unknown,pending,unreviewed,,
IMG_68052203be79e5bc,MO/RES20897.JPG,RES20897.JPG,.jpg,6271460,03,03,,unknown,MO,,,ignored,,,03::MO,parent_folder_fallback,low,4896,3264,JPEG,readable,67a91bcdfca6016436424a7053dd561c094f731f2148a2bc2cff021d56183122,unknown,pending,unreviewed,,
IMG_489c35503f9e5e2a,MO/RES20898.JPG,RES20898.JPG,.jpg,6252592,03,03,,unknown,MO,,,ignored,,,03::MO,parent_folder_fallback,low,4896,3264,JPEG,readable,9dc63d44546908376d60553bef1b0d52fe18e0c58b9b355efe19b4b08dc1c886,unknown,pending,unreviewed,,
IMG_8113e3817d2bc9a9,MO/RES20899.JPG,RES20899.JPG,.jpg,6321778,03,03,,unknown,MO,,,ignored,,,03::MO,parent_folder_fallback,low,4896,3264,JPEG,readable,324cd338d74a41749115846f01555565956e6697b800cfc25e0f8c05d873f398,unknown,pending,unreviewed,,
IMG_97db86d1d8abfd74,MO/RES20900.JPG,RES20900.JPG,.jpg,6350985,03,03,,unknown,MO,,,ignored,,,03::MO,parent_folder_fallback,low,4896,3264,JPEG,readable,88b3499db91621466c4ee077c18114a5e3809b7bd52b100755f18d9bfae02af4,unknown,pending,unreviewed,,
IMG_9fe0c4f4f15bf4b6,MO/RES20901.JPG,RES20901.JPG,.jpg,6495971,03,03,,unknown,MO,,,ignored,,,03::MO,parent_folder_fallback,low,4896,3264,JPEG,readable,d6563919826fc95143553a1cd57c2d291157c32800db71f2c9fff61f8a282abe,unknown,pending,unreviewed,,
IMG_202faac37944f841,MO/RES20906.JPG,RES20906.JPG,.jpg,6051285,03,03,,unknown,MO,,,ignored,,,03::MO,parent_folder_fallback,low,4896,3264,JPEG,readable,6f12b9823ca90e9a729a9949ef4c8476f9b9e7a6a4954ac6b8bcf1588db43f04,unknown,pending,unreviewed,,
IMG_430da8444f1cf6b0,MO/RES20907.JPG,RES20907.JPG,.jpg,5973261,03,03,,unknown,MO,,,ignored,,,03::MO,parent_folder_fallback,low,4896,3264,JPEG,readable,e6d6811a48a69a690c6bc2d2ac118b30e28698360251e2ba81f1a9abd3a2c0ce,unknown,pending,unreviewed,,
IMG_37f28c7b95a4d605,MO/RES20914.JPG,RES20914.JPG,.jpg,6126369,03,03,,unknown,MO,,,ignored,,,03::MO,parent_folder_fallback,low,4896,3264,JPEG,readable,5e8f58f36f7be63174552284ff2f736182ea01f5a36823f34f6d791615a74682,unknown,pending,unreviewed,,
IMG_10104a54306c9e68,MO/RES20915.JPG,RES20915.JPG,.jpg,6149024,03,03,,unknown,MO,,,ignored,,,03::MO,parent_folder_fallback,low,4896,3264,JPEG,readable,ea972f824aa439307d6a12b1971ee245fe27796108ade26ce3bce1bc4ec5e988,unknown,pending,unreviewed,,
IMG_ea59c00f5895a10a,MO/RES20923.JPG,RES20923.JPG,.jpg,5376769,03,03,,unknown,MO,,,ignored,,,03::MO,parent_folder_fallback,low,4896,3264,JPEG,readable,8657a78593718b561226381cc82c7b008f9c305926d9f9b614bd948c8844e272,unknown,pending,unreviewed,,
IMG_43e287569943afa7,MO/RES20926.JPG,RES20926.JPG,.jpg,6137729,03,03,,unknown,MO,,,ignored,,,03::MO,parent_folder_fallback,low,4896,3264,JPEG,readable,1f053439ccef259ee98ffae9072550ae897b98f888ad8975c2d5484243c82770,unknown,pending,unreviewed,,
IMG_bb273a37aaee6ba6,MO/RES20930.JPG,RES20930.JPG,.jpg,5508808,03,03,,unknown,MO,,,ignored,,,03::MO,parent_folder_fallback,low,4896,3264,JPEG,readable,92f924da0f6cf5deb62932e443c04b67c1f50a16007c93fb46c4f36e454c1128,unknown,pending,unreviewed,,
IMG_f214a751b939be17,MO/RES20931.JPG,RES20931.JPG,.jpg,5851582,03,03,,unknown,MO,,,ignored,,,03::MO,parent_folder_fallback,low,4896,3264,JPEG,readable,8808691deb17f95ecc22f746653d209dd64c6e2c8c31f8e78543188d9861bbb4,unknown,pending,unreviewed,,
IMG_b528931e21c83785,MO/RES20932.JPG,RES20932.JPG,.jpg,5579471,03,03,,unknown,MO,,,ignored,,,03::MO,parent_folder_fallback,low,4896,3264,JPEG,readable,5195112e0151a272090a0ecc8bbbc80bf4fe906500f5339c3aaab9d38e44377a,unknown,pending,unreviewed,,
IMG_4118bbb12b054949,MO/RES20933.JPG,RES20933.JPG,.jpg,5438572,03,03,,unknown,MO,,,ignored,,,03::MO,parent_folder_fallback,low,4896,3264,JPEG,readable,ff374050ea4b5880afcede5facea7a399882bed821ce7c3942f242e6efbbe045,unknown,pending,unreviewed,,
IMG_cc13eb420847fe22,MO/RES20934.JPG,RES20934.JPG,.jpg,5769542,03,03,,unknown,MO,,,ignored,,,03::MO,parent_folder_fallback,low,4896,3264,JPEG,readable,1a13a47008e53ad8825ff8840a243b4e4ee3b92a53938e1775a657088dd3b0ea,unknown,pending,unreviewed,,
IMG_07065ba4a41284d5,MO/RES20935.JPG,RES20935.JPG,.jpg,5856741,03,03,,unknown,MO,,,ignored,,,03::MO,parent_folder_fallback,low,4896,3264,JPEG,readable,dd30eea87889ec68df60ecee1d35e2f8ba6f1b8942a2c27621ff179d9d2f4477,unknown,pending,unreviewed,,
IMG_3cc919600b7c95aa,MO/RES20936.JPG,RES20936.JPG,.jpg,5805551,03,03,,unknown,MO,,,ignored,,,03::MO,parent_folder_fallback,low,4896,3264,JPEG,readable,76be70604b00573ae78b9b08a6eab0380ba36fde3224bb7b6e40ce2151b3fcb6,unknown,pending,unreviewed,,
IMG_b8926e1dadd61569,MO/RES20937.JPG,RES20937.JPG,.jpg,5838249,03,03,,unknown,MO,,,ignored,,,03::MO,parent_folder_fallback,low,4896,3264,JPEG,readable,fa84ba0d52121fd788e567ac55d76f38a5ee225bdfdc3bd357409908abd9b3c8,unknown,pending,unreviewed,,
IMG_00e4f79990533106,MO/RES20938.JPG,RES20938.JPG,.jpg,6549897,03,03,,unknown,MO,,,ignored,,,03::MO,parent_folder_fallback,low,4896,3264,JPEG,readable,03b96a4e1da7d1e2f34ac274ed3a44bd44a98b7b4162a69f8de2d40ee58876a7,unknown,pending,unreviewed,,
IMG_1cb96b9d02e0206a,MO/RES20939.JPG,RES20939.JPG,.jpg,6401213,03,03,,unknown,MO,,,ignored,,,03::MO,parent_folder_fallback,low,4896,3264,JPEG,readable,fa6f6bb4b19787eacbcfbac51ae4e8f6bffa173083f63421b15a7eeb466940bc,unknown,pending,unreviewed,,
IMG_e803b9328ca524bf,MO/RES20940.JPG,RES20940.JPG,.jpg,6604982,03,03,,unknown,MO,,,ignored,,,03::MO,parent_folder_fallback,low,4896,3264,JPEG,readable,ac045feace6c03d19fe8a5d3dcdec2e58402cf31c5bb4b55222ef667cbf0ee59,unknown,pending,unreviewed,,
IMG_7e210b573d4a73af,MO/RES20941.JPG,RES20941.JPG,.jpg,6625972,03,03,,unknown,MO,,,ignored,,,03::MO,parent_folder_fallback,low,4896,3264,JPEG,readable,657b0e0757283e3abed8df1aaeca87d778ba04e1f4ea122b66e487a4af5f2328,unknown,pending,unreviewed,,
IMG_af478cd4a253bde9,MO/RES20943.JPG,RES20943.JPG,.jpg,5370191,03,03,,unknown,MO,,,ignored,,,03::MO,parent_folder_fallback,low,4896,3264,JPEG,readable,c33865933e082c96e79a572b0f8121f768e42c80178b9f9c149d7f914bf71d59,unknown,pending,unreviewed,,
IMG_197f33717db44ead,MO/RES20944.JPG,RES20944.JPG,.jpg,6964360,03,03,,unknown,MO,,,ignored,,,03::MO,parent_folder_fallback,low,4896,3264,JPEG,readable,da4c2f493b0bb0ab8b951b8de5be1ed277c6d309a4d34c2b5cea8a009a03bf6c,unknown,pending,unreviewed,,
IMG_251edcb588ecb11f,MO/RES20945.JPG,RES20945.JPG,.jpg,7034523,03,03,,unknown,MO,,,ignored,,,03::MO,parent_folder_fallback,low,4896,3264,JPEG,readable,e1c09755684acd18487fc4ed6af977b5a3f95983b092728969139f04926c295d,unknown,pending,unreviewed,,
IMG_f5e0f0257f3de485,MO/RES20946.JPG,RES20946.JPG,.jpg,6841582,03,03,,unknown,MO,,,ignored,,,03::MO,parent_folder_fallback,low,4896,3264,JPEG,readable,3cadea3f4f5f9eba00d39e46f03bc1b19bbe3750f72a9edc5b275ae7d309056f,unknown,pending,unreviewed,,
IMG_bedfd87c9e15113a,MO/RES20947.JPG,RES20947.JPG,.jpg,6694117,03,03,,unknown,MO,,,ignored,,,03::MO,parent_folder_fallback,low,4896,3264,JPEG,readable,ed26d68c251235ca73411e77cba775cd48b8273fd012d5b9adea3066ee098b78,unknown,pending,unreviewed,,
IMG_75285b1cca848cb4,MO/RES20948.JPG,RES20948.JPG,.jpg,6694919,03,03,,unknown,MO,,,ignored,,,03::MO,parent_folder_fallback,low,4896,3264,JPEG,readable,0af0360c280870aeafb08d3eeff423fd72d41be204b27e495c0f745a42239bed,unknown,pending,unreviewed,,
IMG_7830d994ca7919c7,MO/RES20949.JPG,RES20949.JPG,.jpg,6685030,03,03,,unknown,MO,,,ignored,,,03::MO,parent_folder_fallback,low,4896,3264,JPEG,readable,c8c3980fb7effdae7dcd91e28af7418cdbae94c03817085a77c230e85a2e7ae0,unknown,pending,unreviewed,,
IMG_9b0262e0f23fb04a,MO/RES20950.JPG,RES20950.JPG,.jpg,6794480,03,03,,unknown,MO,,,ignored,,,03::MO,parent_folder_fallback,low,4896,3264,JPEG,readable,7b39905b67f3c86d26c30cf3e6d3be3b2652f1519830cfcd16063de6df86402b,unknown,pending,unreviewed,,
IMG_140a7e4cb5c5bf20,MO/RES20951.JPG,RES20951.JPG,.jpg,6776541,03,03,,unknown,MO,,,ignored,,,03::MO,parent_folder_fallback,low,4896,3264,JPEG,readable,7b4e9d2c5a60be7f3774d56685fd703b2c49680bb990eeb91ba0e69e2156ce04,unknown,pending,unreviewed,,
IMG_9f2b208c8f97417d,MO/RES20952.JPG,RES20952.JPG,.jpg,7298445,03,03,,unknown,MO,,,ignored,,,03::MO,parent_folder_fallback,low,4896,3264,JPEG,readable,1b3d3d17f7ef8112f14b920fb7ad29631e980f2647cf8c4f7406ab7ee0e0f0d5,unknown,pending,unreviewed,,
IMG_0fb0f00b17e1d28d,MO/RES20953.JPG,RES20953.JPG,.jpg,7146492,03,03,,unknown,MO,,,ignored,,,03::MO,parent_folder_fallback,low,4896,3264,JPEG,readable,0b0c4b1329bfad5fc29644dae57e84e10a78c8c03bf9e8e56c56303f8082ae21,unknown,pending,unreviewed,,
IMG_e40c9d26c4bc96f8,MO/RES20956.JPG,RES20956.JPG,.jpg,7011530,03,03,,unknown,MO,,,ignored,,,03::MO,parent_folder_fallback,low,4896,3264,JPEG,readable,d2eff71f14a5280a0ba0402b37b18055ebb04b0d6b7818482a8d994ba6e55da5,unknown,pending,unreviewed,,
IMG_7a1905b43f6416b5,MO/RES20958.JPG,RES20958.JPG,.jpg,6905475,03,03,,unknown,MO,,,ignored,,,03::MO,parent_folder_fallback,low,4896,3264,JPEG,readable,0361b708b366a57f2201d0e79a578c301d90e42faef8db5bb58789372606a070,unknown,pending,unreviewed,,
IMG_56639bfcac975955,MO/RES20962.JPG,RES20962.JPG,.jpg,6285422,03,03,,unknown,MO,,,ignored,,,03::MO,parent_folder_fallback,low,4896,3264,JPEG,readable,9a0a662443fe7c82d88dd01059fa6de97e835736e96d98f76d7cc4446cbc52d2,unknown,pending,unreviewed,,
IMG_8adf96fbefa4e20d,MO/RES20963.JPG,RES20963.JPG,.jpg,6103962,03,03,,unknown,MO,,,ignored,,,03::MO,parent_folder_fallback,low,4896,3264,JPEG,readable,c4cd159055741eb125f8af7524523a75a8941577b196922c81c00b0021929646,unknown,pending,unreviewed,,
IMG_ca6eadf6e0fd66aa,MO/RES20964.JPG,RES20964.JPG,.jpg,5953046,03,03,,unknown,MO,,,ignored,,,03::MO,parent_folder_fallback,low,4896,3264,JPEG,readable,42a558ed70012bc34668eb32303a27b743af1b1fc9070771a4eb332b2b8a43c0,unknown,pending,unreviewed,,
IMG_57a3d40aaca68477,MO/RES20965.JPG,RES20965.JPG,.jpg,5962912,03,03,,unknown,MO,,,ignored,,,03::MO,parent_folder_fallback,low,4896,3264,JPEG,readable,412b1e62d2c297f5aa0882fd52fc0b9f0e9df2222e1a80b8752f80048e16cfa9,unknown,pending,unreviewed,,
IMG_df6b3e6d04bd2e58,MO/RES20966.JPG,RES20966.JPG,.jpg,6359182,03,03,,unknown,MO,,,ignored,,,03::MO,parent_folder_fallback,low,4896,3264,JPEG,readable,48ae7993b61464050a8d2b6579371e2b2c0dbbaf74e84041b7d74ddc2af673de,unknown,pending,unreviewed,,
IMG_de3c97b0dd2d99ac,MO/RES20967.JPG,RES20967.JPG,.jpg,6794679,03,03,,unknown,MO,,,ignored,,,03::MO,parent_folder_fallback,low,4896,3264,JPEG,readable,6f33017d8dbd20e6e6d365f81a217ffdb58c6d27abc052a84cc6013087c47aa8,unknown,pending,unreviewed,,
IMG_e33267245b72627d,MO/RES20971.JPG,RES20971.JPG,.jpg,7109121,03,03,,unknown,MO,,,ignored,,,03::MO,parent_folder_fallback,low,4896,3264,JPEG,readable,358a56214cfdd9e2d18d82f3afedb4a84026720a7708c9a977a4d4526dca9228,unknown,pending,unreviewed,,
IMG_be1109e0c75fe098,MO/RES20975.JPG,RES20975.JPG,.jpg,6029387,03,03,,unknown,MO,,,ignored,,,03::MO,parent_folder_fallback,low,4896,3264,JPEG,readable,8734a77af9b1c783f807fc348f5aa8307aa174e96d13c6a2c6af3cc1cb1b11b9,unknown,pending,unreviewed,,
IMG_0ead72d2f251d055,MO/RES20976.JPG,RES20976.JPG,.jpg,5951926,03,03,,unknown,MO,,,ignored,,,03::MO,parent_folder_fallback,low,4896,3264,JPEG,readable,b84daa76a9063db1fb317e3128d345a6ed31c5730c8d76f0d712d047d013a501,unknown,pending,unreviewed,,
IMG_6d6d9cd4ae2dca48,MO/RES20977.JPG,RES20977.JPG,.jpg,6012207,03,03,,unknown,MO,,,ignored,,,03::MO,parent_folder_fallback,low,4896,3264,JPEG,readable,f51172d93fd1630655eacb3ee2a4bfa0872be0c7598fed5325f097b18cb8f678,unknown,pending,unreviewed,,
IMG_97ba36dc7438c59f,MO/RES20978.JPG,RES20978.JPG,.jpg,6225893,03,03,,unknown,MO,,,ignored,,,03::MO,parent_folder_fallback,low,4896,3264,JPEG,readable,2254e82526cb9bb2796127379573506277b9ed27c99e0b43212bd48d7cda65a6,unknown,pending,unreviewed,,
IMG_50e88ede55069b5a,MO/RES20979.JPG,RES20979.JPG,.jpg,6241353,03,03,,unknown,MO,,,ignored,,,03::MO,parent_folder_fallback,low,4896,3264,JPEG,readable,3540664f87c19ab0c791b85e88424478366d9fe3f2f4b9d4692cf7f7209768c2,unknown,pending,unreviewed,,
IMG_62161950dec42502,MO/RES20980.JPG,RES20980.JPG,.jpg,6347371,03,03,,unknown,MO,,,ignored,,,03::MO,parent_folder_fallback,low,4896,3264,JPEG,readable,d8ed5bc686e9e3787c04517bd21fccbe34584b476d7de3cc6d0043e8be1a94a9,unknown,pending,unreviewed,,
IMG_eebe32d8ca8f51be,MO/RES20981.JPG,RES20981.JPG,.jpg,5963796,03,03,,unknown,MO,,,ignored,,,03::MO,parent_folder_fallback,low,4896,3264,JPEG,readable,ba59d7a9e993e2ca4f5bca4afd31d6de894eb90d42fefe2f9502fb1815985cde,unknown,pending,unreviewed,,
IMG_29824715dbf192e9,MO/RES20985.JPG,RES20985.JPG,.jpg,5914232,03,03,,unknown,MO,,,ignored,,,03::MO,parent_folder_fallback,low,4896,3264,JPEG,readable,da417db4bb8859288d91f00d5bbc8f6fe3a26f0adefc7433c2fb42f2b42aad44,unknown,pending,unreviewed,,
IMG_25debb16d35fef8b,MO/RES20986.JPG,RES20986.JPG,.jpg,5862533,03,03,,unknown,MO,,,ignored,,,03::MO,parent_folder_fallback,low,4896,3264,JPEG,readable,8e124edd872931417b107cdf6e945c4ae9378756e59216e56096dd3b4b3d81cc,unknown,pending,unreviewed,,
IMG_e39a6b6e5503f127,MO/RES20987.JPG,RES20987.JPG,.jpg,5875817,03,03,,unknown,MO,,,ignored,,,03::MO,parent_folder_fallback,low,4896,3264,JPEG,readable,f61cab5140caa16f0e117280a699d91854741bb6466748178b2d59f4aa3a4106,unknown,pending,unreviewed,,
IMG_5d323e27c8c1048d,MO/RES20988.JPG,RES20988.JPG,.jpg,5892111,03,03,,unknown,MO,,,ignored,,,03::MO,parent_folder_fallback,low,4896,3264,JPEG,readable,8004ca93739e3d51c3e60ad55d5350b9bc7b38b6ad666374b34d6e4a689b5621,unknown,pending,unreviewed,,
IMG_5cfea368a0c3ada4,MO/RES20989.JPG,RES20989.JPG,.jpg,6880678,03,03,,unknown,MO,,,ignored,,,03::MO,parent_folder_fallback,low,4896,3264,JPEG,readable,c4f7b908dca4d2314c1b5edd7ef5afb13dfbb801a2d32cf37a563d6a08514c07,unknown,pending,unreviewed,,
IMG_3704f3d2d3b6a931,MO/RES20990.JPG,RES20990.JPG,.jpg,6525175,03,03,,unknown,MO,,,ignored,,,03::MO,parent_folder_fallback,low,4896,3264,JPEG,readable,399643a038f872dfa9095f62be25d7ae2cb9ab6b5ab94d7df4235c825716be59,unknown,pending,unreviewed,,
IMG_02e11447985c8236,MO/RES20991.JPG,RES20991.JPG,.jpg,6472265,03,03,,unknown,MO,,,ignored,,,03::MO,parent_folder_fallback,low,4896,3264,JPEG,readable,c0272ffe075a3c47d60cac0d782248751048b9e98aaeba534a7bf15d175317b1,unknown,pending,unreviewed,,
IMG_b93090a4e7e5d527,MO/RES20992.JPG,RES20992.JPG,.jpg,6608320,03,03,,unknown,MO,,,ignored,,,03::MO,parent_folder_fallback,low,4896,3264,JPEG,readable,af8c33862b77b41ee1f28cd4a85e7bcf7feaec1cecbca531e131f226b8191cd5,unknown,pending,unreviewed,,
IMG_ff3ca8ca749b62b2,MO/RES20993.JPG,RES20993.JPG,.jpg,6704203,03,03,,unknown,MO,,,ignored,,,03::MO,parent_folder_fallback,low,4896,3264,JPEG,readable,321e41ba0298d76491bfb96e71c1cbba4721f27da7148d036080e3c007a6ae1d,unknown,pending,unreviewed,,
IMG_514e30eb527a3aff,MO/RES20994.JPG,RES20994.JPG,.jpg,5582975,03,03,,unknown,MO,,,ignored,,,03::MO,parent_folder_fallback,low,4896,3264,JPEG,readable,1f8ac935f7eb90b102326c7d9441017f877c12530c77b3f8a069ed6182474b8e,unknown,pending,unreviewed,,
IMG_7d63bbadf0adc619,MO/RES20995.JPG,RES20995.JPG,.jpg,5615187,03,03,,unknown,MO,,,ignored,,,03::MO,parent_folder_fallback,low,4896,3264,JPEG,readable,805dd63b0f2b620340257bc096fdd626da54c3030a35bbf96edab917de8987c7,unknown,pending,unreviewed,,
IMG_f3c323ac9aab5e84,MO/RES20996.JPG,RES20996.JPG,.jpg,5652756,03,03,,unknown,MO,,,ignored,,,03::MO,parent_folder_fallback,low,4896,3264,JPEG,readable,106831ccc90e4cd7e190fe1b3299c8ce19b2a49f9719e1fc822ce56984054213,unknown,pending,unreviewed,,
IMG_152b9975f1c89d2b,MO/RES20998.JPG,RES20998.JPG,.jpg,5430226,03,03,,unknown,MO,,,ignored,,,03::MO,parent_folder_fallback,low,4896,3264,JPEG,readable,dbbeddb8e9a20af7025919462eaa3be7126a4173686eb035eea185220fb92380,unknown,pending,unreviewed,,
IMG_5332341d94a7edd4,MO/RES20999.JPG,RES20999.JPG,.jpg,5364585,03,03,,unknown,MO,,,ignored,,,03::MO,parent_folder_fallback,low,4896,3264,JPEG,readable,1ebd6346428845b4cfbcfe06bff1b546dfaafb83eb5c6d1ffe5f840450700f9c,unknown,pending,unreviewed,,
IMG_50edeb77a4919733,MO/RES21001.JPG,RES21001.JPG,.jpg,5293787,03,03,,unknown,MO,,,ignored,,,03::MO,parent_folder_fallback,low,4896,3264,JPEG,readable,57d0b099ab004e0c6163cf7ce8e810ed6a80f91923494edc824229a20ca3fb10,unknown,pending,unreviewed,,
IMG_d69ef20dc546d30f,MO/RES21002.JPG,RES21002.JPG,.jpg,5533117,03,03,,unknown,MO,,,ignored,,,03::MO,parent_folder_fallback,low,4896,3264,JPEG,readable,1006163cc50d5f4eba95c1e83f5839c1aa9e029488b45b54d2b0d939dcf35346,unknown,pending,unreviewed,,
IMG_e796d65db38a22b5,MO/RES21004.JPG,RES21004.JPG,.jpg,5185804,03,03,,unknown,MO,,,ignored,,,03::MO,parent_folder_fallback,low,4896,3264,JPEG,readable,16bec46f89d4be183bf91a3c20e02161c601022c508e858a4121661df2e85415,unknown,pending,unreviewed,,
IMG_48d0aa610189801e,MO/RES21007.JPG,RES21007.JPG,.jpg,5208456,03,03,,unknown,MO,,,ignored,,,03::MO,parent_folder_fallback,low,4896,3264,JPEG,readable,d3c8adcbe3474541106852158c517ae73b6807f52dfa4f1a2cf21bb001615707,unknown,pending,unreviewed,,
IMG_4080cd5a0c0df033,MO/RES21008.JPG,RES21008.JPG,.jpg,5248266,03,03,,unknown,MO,,,ignored,,,03::MO,parent_folder_fallback,low,4896,3264,JPEG,readable,9214b4585e87c772fc29b89ff64a5a360fa34610ecbbab094eba788678f91cf9,unknown,pending,unreviewed,,
IMG_a6545cb34eb02f7c,MO/RES21009.JPG,RES21009.JPG,.jpg,5368688,03,03,,unknown,MO,,,ignored,,,03::MO,parent_folder_fallback,low,4896,3264,JPEG,readable,f5e5e545251178aef2e938ebd465e526df9419a0120c0925b21bde4eaa390528,unknown,pending,unreviewed,,
IMG_838757c98e7cd887,MO/RES21010.JPG,RES21010.JPG,.jpg,5356016,03,03,,unknown,MO,,,ignored,,,03::MO,parent_folder_fallback,low,4896,3264,JPEG,readable,500fcf992729c2020fe84b6dcb0ff337611b2210e36b3facd46c396337e11e02,unknown,pending,unreviewed,,
IMG_076eb3456ba91e16,MO/RES21011.JPG,RES21011.JPG,.jpg,5800565,03,03,,unknown,MO,,,ignored,,,03::MO,parent_folder_fallback,low,4896,3264,JPEG,readable,80abac1c03fe7c2656d644c6d37c112ce47ca237c1630395578db262a71dc5d7,unknown,pending,unreviewed,,
IMG_acdc1d1ec203919c,MO/RES21012.JPG,RES21012.JPG,.jpg,5942823,03,03,,unknown,MO,,,ignored,,,03::MO,parent_folder_fallback,low,4896,3264,JPEG,readable,f749eb7d269bad42180d197edec6919eea2cbb6241ee11d73cc9e959a34d0728,unknown,pending,unreviewed,,
IMG_975baf99e288fa0e,MO/RES21013.JPG,RES21013.JPG,.jpg,5854389,03,03,,unknown,MO,,,ignored,,,03::MO,parent_folder_fallback,low,4896,3264,JPEG,readable,6748de1ebe24f05e29658151667f1bc9a3e43e1ad81926869467ef9c60f4d4f9,unknown,pending,unreviewed,,
IMG_1568ca4702c6105e,MO/RES21014.JPG,RES21014.JPG,.jpg,5882098,03,03,,unknown,MO,,,ignored,,,03::MO,parent_folder_fallback,low,4896,3264,JPEG,readable,5ffb9c37e38ceebcabd369e8cbb459716813f0cb8d8523f16d09a3f5f47b1904,unknown,pending,unreviewed,,
IMG_797ea09ce93afeb0,MO/RES21016.JPG,RES21016.JPG,.jpg,5401608,03,03,,unknown,MO,,,ignored,,,03::MO,parent_folder_fallback,low,4896,3264,JPEG,readable,0b57bc867e80b07d854f90de6060fb0c7ee4f2212d3623e9aa1f58acbc1d2c57,unknown,pending,unreviewed,,
IMG_ac34737cd428d723,MO/RES21018.JPG,RES21018.JPG,.jpg,5423301,03,03,,unknown,MO,,,ignored,,,03::MO,parent_folder_fallback,low,4896,3264,JPEG,readable,c3775a4c5d8f0471b0fde099373287ac084f33342ea46342dd45aa90f7669fd5,unknown,pending,unreviewed,,
IMG_4065ae47bcfbc181,MO/RES21019.JPG,RES21019.JPG,.jpg,5279900,03,03,,unknown,MO,,,ignored,,,03::MO,parent_folder_fallback,low,4896,3264,JPEG,readable,5795bde8ec2ab12deb862ec3c049696f55e4ca9480ae7a61cb62a55055cbda57,unknown,pending,unreviewed,,
IMG_3e47e00f6eb837ab,MO/RES21021.JPG,RES21021.JPG,.jpg,4989419,03,03,,unknown,MO,,,ignored,,,03::MO,parent_folder_fallback,low,4896,3264,JPEG,readable,0573de97c6f54899595a646f2dc50e0821cfa5e1718ac1223b327b885a7c978a,unknown,pending,unreviewed,,
IMG_4bc7f10a59e2f512,MO/RES21022.JPG,RES21022.JPG,.jpg,4908069,03,03,,unknown,MO,,,ignored,,,03::MO,parent_folder_fallback,low,4896,3264,JPEG,readable,ea891af0748a362d8a2bc2551457022c33075dae2d30a493b3b20f9b14b797de,unknown,pending,unreviewed,,
IMG_2afe762c09dc9563,MO/RES21023.JPG,RES21023.JPG,.jpg,4994555,03,03,,unknown,MO,,,ignored,,,03::MO,parent_folder_fallback,low,4896,3264,JPEG,readable,b8463397e1ff75844ee28d20d19312749b88913756d219614c1c29e4dbc03176,unknown,pending,unreviewed,,
IMG_0e080f3ee66ea720,MO/RES21025.JPG,RES21025.JPG,.jpg,5641390,03,03,,unknown,MO,,,ignored,,,03::MO,parent_folder_fallback,low,4896,3264,JPEG,readable,0e6a9f2d89fd1a032cbd41a65a32fb8ce848b0c3f029c8c1b68c31e2142e7b2a,unknown,pending,unreviewed,,
IMG_5ffdd46cde1493e8,MO/RES21030.JPG,RES21030.JPG,.jpg,6345820,03,03,,unknown,MO,,,ignored,,,03::MO,parent_folder_fallback,low,4896,3264,JPEG,readable,3a8bc207e91409e65291c089a3900c7842317e7dcd34277e3a9f80f53615c2b0,unknown,pending,unreviewed,,
IMG_988bb8c502a8d191,MO/RES21031.JPG,RES21031.JPG,.jpg,5187720,03,03,,unknown,MO,,,ignored,,,03::MO,parent_folder_fallback,low,4896,3264,JPEG,readable,5f83b9f8c57afa86e197d1c4ad00390ec2e0c243f20f4b0caf086bd984589818,unknown,pending,unreviewed,,
IMG_96ca3ec3c6721740,MO/RES21033.JPG,RES21033.JPG,.jpg,5000770,03,03,,unknown,MO,,,ignored,,,03::MO,parent_folder_fallback,low,4896,3264,JPEG,readable,2c785f47883ac03ac8569384e9b3ddcac1f69278017a569ee734880c1642126e,unknown,pending,unreviewed,,
IMG_cf9f18f2d8295fa6,MO/RES21034.JPG,RES21034.JPG,.jpg,4971903,03,03,,unknown,MO,,,ignored,,,03::MO,parent_folder_fallback,low,4896,3264,JPEG,readable,dc069976bcf1e502b0ecbc680ddc672e234f44efaffdfcad5ef15a7625e7af7e,unknown,pending,unreviewed,,
IMG_fed91d8f74a36525,MO/RES21035.JPG,RES21035.JPG,.jpg,4943964,03,03,,unknown,MO,,,ignored,,,03::MO,parent_folder_fallback,low,4896,3264,JPEG,readable,9c55f8769681c4ff822bc591649284255056f90dd00a752a221da487cddf1c22,unknown,pending,unreviewed,,
IMG_92535e9e14ed4550,MO/RES21036.JPG,RES21036.JPG,.jpg,5010857,03,03,,unknown,MO,,,ignored,,,03::MO,parent_folder_fallback,low,4896,3264,JPEG,readable,04a5fe4668d101536f3165849efc43d0ecc2b6e64e8023d83004728f3a71a5d0,unknown,pending,unreviewed,,
IMG_c421bab448a78960,MO/RES21037.JPG,RES21037.JPG,.jpg,5024345,03,03,,unknown,MO,,,ignored,,,03::MO,parent_folder_fallback,low,4896,3264,JPEG,readable,ecc647febea5635e3c9b9c8b09e902521485e2bd91d27386158101897e484eab,unknown,pending,unreviewed,,
IMG_9e6190cee2a4eb73,MO/RES21038.JPG,RES21038.JPG,.jpg,4850370,03,03,,unknown,MO,,,ignored,,,03::MO,parent_folder_fallback,low,4896,3264,JPEG,readable,ea15e10f80db41eecac058aa00fb31dd057341a9d6a49d0dddb68de9ffb14602,unknown,pending,unreviewed,,
IMG_56e9d53a6b17ccb7,MO/RES21039.JPG,RES21039.JPG,.jpg,4817404,03,03,,unknown,MO,,,ignored,,,03::MO,parent_folder_fallback,low,4896,3264,JPEG,readable,2417b4d9306cb6d63166215c0ec574846e0eff669bfe44a91971d2c8d3da3fe7,unknown,pending,unreviewed,,
IMG_a698596cbda87cf0,MO/RES21040.JPG,RES21040.JPG,.jpg,5212753,03,03,,unknown,MO,,,ignored,,,03::MO,parent_folder_fallback,low,4896,3264,JPEG,readable,3df9b69d0aa8a8ab3bc77105b907b34721a3bd837cec87486a0f1e32653b3974,unknown,pending,unreviewed,,
IMG_04a4d9a6c06af163,MO/RES21041.JPG,RES21041.JPG,.jpg,5075455,03,03,,unknown,MO,,,ignored,,,03::MO,parent_folder_fallback,low,4896,3264,JPEG,readable,d20fbc4395cd5b7987cbcac4f81a8ab76b9f5d91f97678a860b8feb9ed7439b6,unknown,pending,unreviewed,,
IMG_edc1400df9f25cbe,MO/RES21042.JPG,RES21042.JPG,.jpg,4962349,03,03,,unknown,MO,,,ignored,,,03::MO,parent_folder_fallback,low,4896,3264,JPEG,readable,f3141d626beb2dfee4a96d564903eaf04aea56d2c0576fe09e0d39eed5ccb9ba,unknown,pending,unreviewed,,
IMG_5940ac615fef5686,MO/RES21043.JPG,RES21043.JPG,.jpg,4974895,03,03,,unknown,MO,,,ignored,,,03::MO,parent_folder_fallback,low,4896,3264,JPEG,readable,050dfb5500271e3f7b676ea3b67fbae1193704569f1ac189e53d9415c6ee25c4,unknown,pending,unreviewed,,
IMG_688e7c08eaaa353f,MO/RES21044.JPG,RES21044.JPG,.jpg,5033307,03,03,,unknown,MO,,,ignored,,,03::MO,parent_folder_fallback,low,4896,3264,JPEG,readable,0f9e3e306fafef1ebd122d0aa18eafe12988012907bc6c24f8b8f6133a4781cc,unknown,pending,unreviewed,,
IMG_55c1626f49c7caaf,MO/RES21045.JPG,RES21045.JPG,.jpg,4980461,03,03,,unknown,MO,,,ignored,,,03::MO,parent_folder_fallback,low,4896,3264,JPEG,readable,76b968cba3663f0f40a71d0898c6e4fc73e1b94e1692f233942a36b552ee3ae6,unknown,pending,unreviewed,,
IMG_cf9794739c18197b,MO/RES21046.JPG,RES21046.JPG,.jpg,4789893,03,03,,unknown,MO,,,ignored,,,03::MO,parent_folder_fallback,low,4896,3264,JPEG,readable,71efa017be6dcf7d890db78e11e001a801e4227fc67f73de55297c7a072430a9,unknown,pending,unreviewed,,
IMG_3b2625d944b1506e,MO/RES21048.JPG,RES21048.JPG,.jpg,5071032,03,03,,unknown,MO,,,ignored,,,03::MO,parent_folder_fallback,low,4896,3264,JPEG,readable,6ca2c954fde01edb2f1a50d969aba1e02efa745027286e94ebd7341f8aa1ddbf,unknown,pending,unreviewed,,
IMG_6d2d87e7609dc861,MO/RES21049.JPG,RES21049.JPG,.jpg,4959310,03,03,,unknown,MO,,,ignored,,,03::MO,parent_folder_fallback,low,4896,3264,JPEG,readable,a32ce0f15f44c5ba847acce199a317e51eda28a2a447d7f233d69dbd78e58a92,unknown,pending,unreviewed,,
IMG_75886caaec6c4381,MO/RES21050.JPG,RES21050.JPG,.jpg,4926876,03,03,,unknown,MO,,,ignored,,,03::MO,parent_folder_fallback,low,4896,3264,JPEG,readable,40e725f05027749fc8b85b4de705c4f5e8b6813d6e496bccc4b9311992d1f11a,unknown,pending,unreviewed,,
IMG_f0977d4df8c6fb6a,MO/RES21051.JPG,RES21051.JPG,.jpg,4808611,03,03,,unknown,MO,,,ignored,,,03::MO,parent_folder_fallback,low,4896,3264,JPEG,readable,1ded33852067480c1758c6d4ecef3c67a5155c2de522342bbe2787be66b393ff,unknown,pending,unreviewed,,
IMG_b92183aa419fe2c7,MO/RES21052.JPG,RES21052.JPG,.jpg,5221262,03,03,,unknown,MO,,,ignored,,,03::MO,parent_folder_fallback,low,4896,3264,JPEG,readable,132aab7ee25404ef78433f7c258e73e35b9d9a9154418d4825e0c1d6f619c9b5,unknown,pending,unreviewed,,
IMG_fc0dd7b154044f56,MO/RES21053.JPG,RES21053.JPG,.jpg,5365117,03,03,,unknown,MO,,,ignored,,,03::MO,parent_folder_fallback,low,4896,3264,JPEG,readable,29177fc282b0faee0b3fc9cc630a3c62e2031efcb7a5c0d8af85dcb2fb0bb930,unknown,pending,unreviewed,,
IMG_6121f678c9472b6f,MO/RES21054.JPG,RES21054.JPG,.jpg,5497316,03,03,,unknown,MO,,,ignored,,,03::MO,parent_folder_fallback,low,4896,3264,JPEG,readable,aee82e9fd64ce94df06ae154d9e9b8f628e72491c7b03230552a4d71b5db9f84,unknown,pending,unreviewed,,
IMG_aa0c12fd17b81e6e,MO/RES21055.JPG,RES21055.JPG,.jpg,5057761,03,03,,unknown,MO,,,ignored,,,03::MO,parent_folder_fallback,low,4896,3264,JPEG,readable,c6b4eba5b4c16da3a67f1c2c04b2257196f90c540d20bdab94606ce07442f4ad,unknown,pending,unreviewed,,
IMG_459156cc7abf302c,MO/RES21056.JPG,RES21056.JPG,.jpg,5642714,03,03,,unknown,MO,,,ignored,,,03::MO,parent_folder_fallback,low,4896,3264,JPEG,readable,1ce29976c3cf29d5cfae113754f831c7597d28213dc2788e725356f29d3ca606,unknown,pending,unreviewed,,
IMG_468aa771caa88fe6,MO/RES21059.JPG,RES21059.JPG,.jpg,5645919,03,03,,unknown,MO,,,ignored,,,03::MO,parent_folder_fallback,low,4896,3264,JPEG,readable,e4e13263522169a66909567bc159d946690e8aeea812f2df84dac0fc363a2ca7,unknown,pending,unreviewed,,
IMG_64dd61c98b484f52,MO/RES21060.JPG,RES21060.JPG,.jpg,5512675,03,03,,unknown,MO,,,ignored,,,03::MO,parent_folder_fallback,low,4896,3264,JPEG,readable,10d387f12e2e0043543970338fe790870352d751b1de63bfdb327c5293d09208,unknown,pending,unreviewed,,
IMG_265f51569609e484,MO/RES21061.JPG,RES21061.JPG,.jpg,5510103,03,03,,unknown,MO,,,ignored,,,03::MO,parent_folder_fallback,low,4896,3264,JPEG,readable,e3ea27f3ce4e77e6e296849f4e052e1141b1b5adf92c27e15dc5e9ac9e22b454,unknown,pending,unreviewed,,
IMG_d8fadc06999030bb,MO/RES21062.JPG,RES21062.JPG,.jpg,5641923,03,03,,unknown,MO,,,ignored,,,03::MO,parent_folder_fallback,low,4896,3264,JPEG,readable,818d4ab3f972b9632630fc0cc07dfdb8f14785ba3c8238c7edee22191da6bef2,unknown,pending,unreviewed,,
IMG_98bccbe1915db769,MO/RES21063.JPG,RES21063.JPG,.jpg,4746701,03,03,,unknown,MO,,,ignored,,,03::MO,parent_folder_fallback,low,4896,3264,JPEG,readable,6390ab1a8425c4e5c827802c788daad2f528e43f837e3dc82a302b2412f721ae,unknown,pending,unreviewed,,
IMG_5226269ade3e11e2,MO/RES21065.JPG,RES21065.JPG,.jpg,7218382,03,03,,unknown,MO,,,ignored,,,03::MO,parent_folder_fallback,low,4896,3264,JPEG,readable,af07cba3dbaf297760705da531c4928500833674d3e479c5d503bdb20ca73323,unknown,pending,unreviewed,,
IMG_29b79dc167a8bdd7,MO/RES21068.JPG,RES21068.JPG,.jpg,5711622,03,03,,unknown,MO,,,ignored,,,03::MO,parent_folder_fallback,low,4896,3264,JPEG,readable,0b5e9c96b78bf17b3c1df5ed94ebf16006bd800667a7b818849a0e668c061bd2,unknown,pending,unreviewed,,
IMG_8806c69fd203989e,MO/RES21069.JPG,RES21069.JPG,.jpg,5812623,03,03,,unknown,MO,,,ignored,,,03::MO,parent_folder_fallback,low,4896,3264,JPEG,readable,05b45a362029e60d59e0423a578ebebc30b3518f7be869a27be6de18330b343d,unknown,pending,unreviewed,,
IMG_4857ac33ec0f83c5,MO/RES21070.JPG,RES21070.JPG,.jpg,5780209,03,03,,unknown,MO,,,ignored,,,03::MO,parent_folder_fallback,low,4896,3264,JPEG,readable,cef9e56fc4fcbd3e7a6c9710e66e9e1e181e8acd4d6fa261d0e3a0ac41781da5,unknown,pending,unreviewed,,
IMG_7a257627b8291894,MO/RES21071.JPG,RES21071.JPG,.jpg,6018734,03,03,,unknown,MO,,,ignored,,,03::MO,parent_folder_fallback,low,4896,3264,JPEG,readable,4a993af8cc2e5cf7c099492d074ee6cef660fb93936f133ca94546dbced77bf0,unknown,pending,unreviewed,,
IMG_88e9e8a2eaaf501e,MO/RES21072.JPG,RES21072.JPG,.jpg,6835195,03,03,,unknown,MO,,,ignored,,,03::MO,parent_folder_fallback,low,4896,3264,JPEG,readable,1db40fbdcd6b9f03bee3f747326d6fcaa3cd4ac9a8b3420a8206da371e243617,unknown,pending,unreviewed,,
IMG_2d9a7097d77e3ce6,MO/RES21074.JPG,RES21074.JPG,.jpg,6724657,03,03,,unknown,MO,,,ignored,,,03::MO,parent_folder_fallback,low,4896,3264,JPEG,readable,e4fde92e1fbceb8dccb98084cb77dcfa4c8c3710164cbc1a4e5f8227e29a910d,unknown,pending,unreviewed,,
IMG_f7eb88fb56e7f2f6,MO/RES21075.JPG,RES21075.JPG,.jpg,6540525,03,03,,unknown,MO,,,ignored,,,03::MO,parent_folder_fallback,low,4896,3264,JPEG,readable,ccd21dc6ff5f94f23be292f8fee9904ff6738c9724a730e537a2f20059faef20,unknown,pending,unreviewed,,
IMG_4aceafe0b4abc9ff,MO/RES21076.JPG,RES21076.JPG,.jpg,6508760,03,03,,unknown,MO,,,ignored,,,03::MO,parent_folder_fallback,low,4896,3264,JPEG,readable,8e7733011272f2ceb9bc8af46e0814361e295250f2fee72ed38f4b06b1917e4b,unknown,pending,unreviewed,,
IMG_e7810a50846eddf9,MO/RES21078.JPG,RES21078.JPG,.jpg,5784220,03,03,,unknown,MO,,,ignored,,,03::MO,parent_folder_fallback,low,4896,3264,JPEG,readable,528735631d7426e0cf358b1e7c6509c0b524cb5650eb8774b9a4c5d868e5a768,unknown,pending,unreviewed,,
IMG_9df68acd60f70402,MO/RES21081.JPG,RES21081.JPG,.jpg,5740208,03,03,,unknown,MO,,,ignored,,,03::MO,parent_folder_fallback,low,4896,3264,JPEG,readable,debd95480dc89065707563854751f2b8382cfd692d950fe232e99b72ac6e8434,unknown,pending,unreviewed,,
IMG_f0452d148fd1907b,MO/RES21082.JPG,RES21082.JPG,.jpg,5473247,03,03,,unknown,MO,,,ignored,,,03::MO,parent_folder_fallback,low,4896,3264,JPEG,readable,a663e3677c6e293482ab1d026877df745d6fd97b2b4ddca7604a56643ca4bb5e,unknown,pending,unreviewed,,
IMG_e072ac1fb26c6a10,MO/RES21083.JPG,RES21083.JPG,.jpg,4959221,03,03,,unknown,MO,,,ignored,,,03::MO,parent_folder_fallback,low,4896,3264,JPEG,readable,2619560f749665e67553c766702c0e3d10d23d540f0863a59e86cd62405875a5,unknown,pending,unreviewed,,
IMG_6417cdaa3156a97b,MO/RES21084.JPG,RES21084.JPG,.jpg,4735950,03,03,,unknown,MO,,,ignored,,,03::MO,parent_folder_fallback,low,4896,3264,JPEG,readable,f67107208434cd102a54fb7d9977f7a63621ff873b666ae43b443d7b28b1a179,unknown,pending,unreviewed,,
IMG_407439c8b210bb34,MO/RES21085.JPG,RES21085.JPG,.jpg,4995380,03,03,,unknown,MO,,,ignored,,,03::MO,parent_folder_fallback,low,4896,3264,JPEG,readable,24ab46b85947d98b67d73a3bb04e22a49629d3d4663506880d1c5e30f77e8bb7,unknown,pending,unreviewed,,
IMG_5d014b9d3628d93b,MO/RES21086.JPG,RES21086.JPG,.jpg,5038440,03,03,,unknown,MO,,,ignored,,,03::MO,parent_folder_fallback,low,4896,3264,JPEG,readable,6f2ffb35e7d337f34aee528c19ca4487733cc035198cf2fdfe8810fad5d41674,unknown,pending,unreviewed,,
IMG_4893540cbf7b127c,MO/RES21088.JPG,RES21088.JPG,.jpg,5100235,03,03,,unknown,MO,,,ignored,,,03::MO,parent_folder_fallback,low,4896,3264,JPEG,readable,40905bbb996b7e823337d7d54681f4a4e5342492e121b3bf8f59cd8a61a93e14,unknown,pending,unreviewed,,
IMG_fffed9cdba1874c8,MO/RES21090.JPG,RES21090.JPG,.jpg,4972046,03,03,,unknown,MO,,,ignored,,,03::MO,parent_folder_fallback,low,4896,3264,JPEG,readable,d3b83e80f1ed2b65f967685bffe51728c55082555ad94135f3490944246419de,unknown,pending,unreviewed,,
IMG_53bec9dc26d4be26,MO/RES21091.JPG,RES21091.JPG,.jpg,4921724,03,03,,unknown,MO,,,ignored,,,03::MO,parent_folder_fallback,low,4896,3264,JPEG,readable,56e085e35419dc9fd8d5eacadf202b1582402e32ecdf8a0f3c75e26fe7d938d8,unknown,pending,unreviewed,,
IMG_208911689c58ea4a,MO/RES21092.JPG,RES21092.JPG,.jpg,5635097,03,03,,unknown,MO,,,ignored,,,03::MO,parent_folder_fallback,low,4896,3264,JPEG,readable,c61086ae13607ff0fb1fdac1a38a5c64b4cfda8a8e1acde36ce79dc85e8e276b,unknown,pending,unreviewed,,
IMG_df5ad2c98a72fbb8,MO/RES21093.JPG,RES21093.JPG,.jpg,4622332,03,03,,unknown,MO,,,ignored,,,03::MO,parent_folder_fallback,low,4896,3264,JPEG,readable,c301a1065c8c17c7fbab2289b4599571ef8d33ee31afedc47dd94e9a402708df,unknown,pending,unreviewed,,
IMG_795237e88dd9354d,MO/RES21094.JPG,RES21094.JPG,.jpg,4381347,03,03,,unknown,MO,,,ignored,,,03::MO,parent_folder_fallback,low,4896,3264,JPEG,readable,32d6630611e9878faeb31d8f501850c14e8f27900ebd118cdf334149fdb99e45,unknown,pending,unreviewed,,
IMG_7c6fe9b8d5b4eedf,MO/RES21095.JPG,RES21095.JPG,.jpg,4451559,03,03,,unknown,MO,,,ignored,,,03::MO,parent_folder_fallback,low,4896,3264,JPEG,readable,7f3db3cc084110c7641b6876de9bacb901bf9563eb90f24083a104822ad83ca2,unknown,pending,unreviewed,,
IMG_5d2526051c7104ba,MO/RES21096.JPG,RES21096.JPG,.jpg,4478767,03,03,,unknown,MO,,,ignored,,,03::MO,parent_folder_fallback,low,4896,3264,JPEG,readable,081f568990cd88771e0edbebfcce4f1227b5900b7dcd37856c68ebf88bfe2cd3,unknown,pending,unreviewed,,
IMG_4870c5198c29dfda,MO/RES21098.JPG,RES21098.JPG,.jpg,4856588,03,03,,unknown,MO,,,ignored,,,03::MO,parent_folder_fallback,low,4896,3264,JPEG,readable,a0e8c4b541f2fe97f5019d8683fa80b570892937e6b0d48b42e157a8ded65b60,unknown,pending,unreviewed,,
IMG_60bf88164af1fb2c,MO/RES21099.JPG,RES21099.JPG,.jpg,4962464,03,03,,unknown,MO,,,ignored,,,03::MO,parent_folder_fallback,low,4896,3264,JPEG,readable,88c62d88d9d5344fc883f98debe463bb5f8709dfdc7cf6c1ecf10681847251c6,unknown,pending,unreviewed,,
IMG_dffc2517f79bc467,MO/RES21100.JPG,RES21100.JPG,.jpg,6029271,03,03,,unknown,MO,,,ignored,,,03::MO,parent_folder_fallback,low,4896,3264,JPEG,readable,859106e193ea40a6fb52fd965c1340d8bbbb56655f4139788788083f03557be3,unknown,pending,unreviewed,,
IMG_f9098a998c321d65,MO/RES21101.JPG,RES21101.JPG,.jpg,5965490,03,03,,unknown,MO,,,ignored,,,03::MO,parent_folder_fallback,low,4896,3264,JPEG,readable,8f8dd4856b9388e1b404e4fba151a9f1b25607b51f49db45845f4f71a91b02d9,unknown,pending,unreviewed,,
IMG_4eb17073ece73191,MO/RES21102.JPG,RES21102.JPG,.jpg,5966884,03,03,,unknown,MO,,,ignored,,,03::MO,parent_folder_fallback,low,4896,3264,JPEG,readable,b3d2a137fe3ff09d43a6caf505782e61ffe55af751e5f0bfcbadab0b3ae2063c,unknown,pending,unreviewed,,
IMG_79d9fe4400aaaeee,MO/RES21103.JPG,RES21103.JPG,.jpg,5894562,03,03,,unknown,MO,,,ignored,,,03::MO,parent_folder_fallback,low,4896,3264,JPEG,readable,cdb0f1f5987d23afac87dcfb74223b3c58b829a38ee070e77f7624c2541a0ba9,unknown,pending,unreviewed,,
IMG_c2e3380dbc4dc875,MO/RES21104.JPG,RES21104.JPG,.jpg,6027423,03,03,,unknown,MO,,,ignored,,,03::MO,parent_folder_fallback,low,4896,3264,JPEG,readable,fca1e0372faf8c17ddc5b4ed0f529669c0f1318a2a2f72c52a8782ae67708ce1,unknown,pending,unreviewed,,
IMG_93df110cd58f9c63,MO/RES21106.JPG,RES21106.JPG,.jpg,5961529,03,03,,unknown,MO,,,ignored,,,03::MO,parent_folder_fallback,low,4896,3264,JPEG,readable,aa1d61d7016d4ecdd74791a8ff907a25c5d54e9fc80a18984f2560dec5beb317,unknown,pending,unreviewed,,
IMG_1e7f2853dd4c39a2,MO/RES21107.JPG,RES21107.JPG,.jpg,5899280,03,03,,unknown,MO,,,ignored,,,03::MO,parent_folder_fallback,low,4896,3264,JPEG,readable,d8e1fad5335bbf40cfaede073b116d132243841ee7cb8625c743ac05fe115b68,unknown,pending,unreviewed,,
IMG_6a58018c95c2ac11,MO/RES21108.JPG,RES21108.JPG,.jpg,5869338,03,03,,unknown,MO,,,ignored,,,03::MO,parent_folder_fallback,low,4896,3264,JPEG,readable,1603a49da7c16f7efc926de0b4d252262332551171d7113f36a296533bfe66bd,unknown,pending,unreviewed,,
IMG_ac74dc4271df6bc6,MO/RES21109.JPG,RES21109.JPG,.jpg,5788537,03,03,,unknown,MO,,,ignored,,,03::MO,parent_folder_fallback,low,4896,3264,JPEG,readable,eee086fea6b1a45fea1ab5b4076b86a990424d4b52b7c8ac9fedfe2afd0c332b,unknown,pending,unreviewed,,
IMG_3579389f7ffe1be5,MO/RES21110.JPG,RES21110.JPG,.jpg,5926085,03,03,,unknown,MO,,,ignored,,,03::MO,parent_folder_fallback,low,4896,3264,JPEG,readable,df77049b635bae0fa1e409a9a36ba95f14f5fa7e00130125cfcad04b07d442cf,unknown,pending,unreviewed,,
IMG_d60df98b67582767,MO/RES21111.JPG,RES21111.JPG,.jpg,5953157,03,03,,unknown,MO,,,ignored,,,03::MO,parent_folder_fallback,low,4896,3264,JPEG,readable,6d4cddf3745809b3c53c1c96f96300a39087b0b97d0946e3389c2840319da9e9,unknown,pending,unreviewed,,
IMG_699d303fbe4f1304,MO/RES21112.JPG,RES21112.JPG,.jpg,5910437,03,03,,unknown,MO,,,ignored,,,03::MO,parent_folder_fallback,low,4896,3264,JPEG,readable,f6e7c3153c024673ea96838e4aced71ce55d7e0558d5d7d83156f73d7f32deef,unknown,pending,unreviewed,,
IMG_4abf5184627ccd0c,MO/RES21113.JPG,RES21113.JPG,.jpg,5884462,03,03,,unknown,MO,,,ignored,,,03::MO,parent_folder_fallback,low,4896,3264,JPEG,readable,06f6b6b1e2030831deff957ef36df22973dfa90daabdd070263c4345157cb381,unknown,pending,unreviewed,,
IMG_9afabbcc382b24cc,MO/RES21114.JPG,RES21114.JPG,.jpg,5962780,03,03,,unknown,MO,,,ignored,,,03::MO,parent_folder_fallback,low,4896,3264,JPEG,readable,174ab792816e5c99d8c0e7fa2feeccb89e669f620cef6264eb5cdc3c93a65a18,unknown,pending,unreviewed,,
IMG_b1b2dd0becc01b05,MO/RES21115.JPG,RES21115.JPG,.jpg,6034815,03,03,,unknown,MO,,,ignored,,,03::MO,parent_folder_fallback,low,4896,3264,JPEG,readable,b8fc8c44ab4d47f4f4e2aad447ad77d7fc6912dac28574c8e58a247b1217b120,unknown,pending,unreviewed,,
IMG_ec4d8a8a6e5ff9a7,MO/RES21116.JPG,RES21116.JPG,.jpg,6108750,03,03,,unknown,MO,,,ignored,,,03::MO,parent_folder_fallback,low,4896,3264,JPEG,readable,79c7e2cb5b85cba91154ed939e918761bbf5d4b4d8de3c749a98769ceb209872,unknown,pending,unreviewed,,
IMG_8620666243e28031,MO/RES21118.JPG,RES21118.JPG,.jpg,5522675,03,03,,unknown,MO,,,ignored,,,03::MO,parent_folder_fallback,low,4896,3264,JPEG,readable,377f396fb7b2d290be4fe3ca2de6af997189b1c4a5a6cd50ddbb4d23c53f8c0d,unknown,pending,unreviewed,,
IMG_2bc0b7c53d685fb3,MO/RES21119.JPG,RES21119.JPG,.jpg,5762999,03,03,,unknown,MO,,,ignored,,,03::MO,parent_folder_fallback,low,4896,3264,JPEG,readable,8d0ac8361e9b0af9a7d36133c677e4026e9eaaba1947512fdd6cf01b0179608d,unknown,pending,unreviewed,,
IMG_94aa2f6242112598,MO/RES21120.JPG,RES21120.JPG,.jpg,5560676,03,03,,unknown,MO,,,ignored,,,03::MO,parent_folder_fallback,low,4896,3264,JPEG,readable,949f3e76e04e8b97c8b177b4b6906be7856396305d781cc7ef7d83e7d9418ebc,unknown,pending,unreviewed,,
IMG_7bb4144a87f37a19,MO/RES21121.JPG,RES21121.JPG,.jpg,5963043,03,03,,unknown,MO,,,ignored,,,03::MO,parent_folder_fallback,low,4896,3264,JPEG,readable,e91561cc1d591aadd33438d9a8cd2df566be13b403d282f62e9c7a5cc9cee7ba,unknown,pending,unreviewed,,
IMG_c943d12d0b40c0cc,MO/RES21122.JPG,RES21122.JPG,.jpg,5503977,03,03,,unknown,MO,,,ignored,,,03::MO,parent_folder_fallback,low,4896,3264,JPEG,readable,dd6c5505cd32c799af4afea02f64e3c52083bc15687a43916a52c646b80629ab,unknown,pending,unreviewed,,
IMG_e08ca2b10808d06c,MO/RES21123.JPG,RES21123.JPG,.jpg,5567172,03,03,,unknown,MO,,,ignored,,,03::MO,parent_folder_fallback,low,4896,3264,JPEG,readable,1df33387763d5add548d42e579af8fe5b1eae6b08f3e2f2097931e7e713814f4,unknown,pending,unreviewed,,
IMG_02780b9b0f324415,MO/RES21124.JPG,RES21124.JPG,.jpg,5639851,03,03,,unknown,MO,,,ignored,,,03::MO,parent_folder_fallback,low,4896,3264,JPEG,readable,4c4efa337ae53c85f9aee105f77ac1117f74a1582f6042a97668ec679cfd5432,unknown,pending,unreviewed,,
IMG_df5b7d6eb0480929,MO/RES21125.JPG,RES21125.JPG,.jpg,5854543,03,03,,unknown,MO,,,ignored,,,03::MO,parent_folder_fallback,low,4896,3264,JPEG,readable,73f607789703a747d4d1c98ac480f12763f77e0924a66b8067f0cb5cb35cbb29,unknown,pending,unreviewed,,
IMG_d279170428387407,MO/RES21126.JPG,RES21126.JPG,.jpg,5664633,03,03,,unknown,MO,,,ignored,,,03::MO,parent_folder_fallback,low,4896,3264,JPEG,readable,863e43bafab571100ab119898532dd5bd9506aa307a18ce692450b841622b716,unknown,pending,unreviewed,,
IMG_e30d222e527120d7,MO/RES21127.JPG,RES21127.JPG,.jpg,5628350,03,03,,unknown,MO,,,ignored,,,03::MO,parent_folder_fallback,low,4896,3264,JPEG,readable,0a26922296ba62e16bc8b992194f68d1e4ec80a6cc0fb2664674896d6e59b4c2,unknown,pending,unreviewed,,
IMG_4ab1a40355536bb7,MO/RES21128.JPG,RES21128.JPG,.jpg,5523591,03,03,,unknown,MO,,,ignored,,,03::MO,parent_folder_fallback,low,4896,3264,JPEG,readable,6e3e323c629f49349e88bc85706da031f0be22edd61ef017ae66aa4ab736b89e,unknown,pending,unreviewed,,
IMG_bd625b86d79300fd,MO/RES21129.JPG,RES21129.JPG,.jpg,5525053,03,03,,unknown,MO,,,ignored,,,03::MO,parent_folder_fallback,low,4896,3264,JPEG,readable,6e70a889ae0e0f2d88b35e38f6659f8ea9537628446c5183fb4df754501992b8,unknown,pending,unreviewed,,
IMG_93ef1e970cc5be93,MO/RES21130.JPG,RES21130.JPG,.jpg,5793310,03,03,,unknown,MO,,,ignored,,,03::MO,parent_folder_fallback,low,4896,3264,JPEG,readable,88d1b8f3e3f6882e3e97dbd2c1b6a03b03e54fb4f66c31dcad5f751f99c300c0,unknown,pending,unreviewed,,
IMG_f6b8336a7a10fb6a,MO/RES21131.JPG,RES21131.JPG,.jpg,5654275,03,03,,unknown,MO,,,ignored,,,03::MO,parent_folder_fallback,low,4896,3264,JPEG,readable,a81da122994cad5af141c52599e92884c525aae45a3cbd66ba39a10700727378,unknown,pending,unreviewed,,
IMG_32e2706d2103c555,MO/RES21135.JPG,RES21135.JPG,.jpg,5770722,03,03,,unknown,MO,,,ignored,,,03::MO,parent_folder_fallback,low,4896,3264,JPEG,readable,374ccd7b5d669b8ef182a49d912df529e1f8b6529795ffa68c2100975a68631e,unknown,pending,unreviewed,,
IMG_41b23823e7f09640,MO/RES21136.JPG,RES21136.JPG,.jpg,5735633,03,03,,unknown,MO,,,ignored,,,03::MO,parent_folder_fallback,low,4896,3264,JPEG,readable,b93050ceb5f4ce742cb0e7e5252adb890781cd0e0c58bc3f7e84b41f88116db4,unknown,pending,unreviewed,,
IMG_c75df440be8418cf,MO/RES21137.JPG,RES21137.JPG,.jpg,5739729,03,03,,unknown,MO,,,ignored,,,03::MO,parent_folder_fallback,low,4896,3264,JPEG,readable,e480af107df3d70e52d762bb176091f7b338948d93d07a813624f26505814911,unknown,pending,unreviewed,,
IMG_4a10ace690018b73,MO/RES21138.JPG,RES21138.JPG,.jpg,6697240,03,03,,unknown,MO,,,ignored,,,03::MO,parent_folder_fallback,low,4896,3264,JPEG,readable,358e0837bce574fcfabd82fbff2ff6c7e684bbdcab302eb1cbe90179bbf39064,unknown,pending,unreviewed,,
IMG_2170cd11c4527ec2,MO/RES21140.JPG,RES21140.JPG,.jpg,5309662,03,03,,unknown,MO,,,ignored,,,03::MO,parent_folder_fallback,low,4896,3264,JPEG,readable,6764d471b9d832928e8441d194374992ba5be17170cfedd43f0f1c13d857f77f,unknown,pending,unreviewed,,
IMG_a45f56442808de6a,MO/RES21141.JPG,RES21141.JPG,.jpg,5497537,03,03,,unknown,MO,,,ignored,,,03::MO,parent_folder_fallback,low,4896,3264,JPEG,readable,610c1a4e7f41952c085da1b544512bd57d901d7bdd9f1df5b5a8f460b28db058,unknown,pending,unreviewed,,
IMG_f4aa7aee4185bcaf,MO/RES21142.JPG,RES21142.JPG,.jpg,5137916,03,03,,unknown,MO,,,ignored,,,03::MO,parent_folder_fallback,low,4896,3264,JPEG,readable,6a8930843b921dfcde3b6e05e50af7313f2d0d870161fe1498f68375b6da0eeb,unknown,pending,unreviewed,,
IMG_38083146a0dacd03,MO/RES21143.JPG,RES21143.JPG,.jpg,5739685,03,03,,unknown,MO,,,ignored,,,03::MO,parent_folder_fallback,low,4896,3264,JPEG,readable,49787122abf85467d9552fa0787d3c98b3cf1fbc66bc66648b7d9f628fed6681,unknown,pending,unreviewed,,
IMG_87a8b49ef3d02a07,MO/RES21145.JPG,RES21145.JPG,.jpg,5331509,03,03,,unknown,MO,,,ignored,,,03::MO,parent_folder_fallback,low,4896,3264,JPEG,readable,a3d7c49f6f5a1473aa3c79e507db34311505312559fe49925dd5974840c88efc,unknown,pending,unreviewed,,
IMG_b2f24dbe0fac297e,MO/RES21146.JPG,RES21146.JPG,.jpg,5566718,03,03,,unknown,MO,,,ignored,,,03::MO,parent_folder_fallback,low,4896,3264,JPEG,readable,447b7eb8bdba6a889086879f84d6370373dffacc05a9040d733a342d56ab9204,unknown,pending,unreviewed,,
IMG_a766ea724f36dbad,MO/RES21148.JPG,RES21148.JPG,.jpg,5169245,03,03,,unknown,MO,,,ignored,,,03::MO,parent_folder_fallback,low,4896,3264,JPEG,readable,5db86393a02dc9c4fdd5ec2fb90cdef9bbde7a248943d846468bb19a0b48c8ab,unknown,pending,unreviewed,,
IMG_5072a1dba8318153,MO/RES21149.JPG,RES21149.JPG,.jpg,5636507,03,03,,unknown,MO,,,ignored,,,03::MO,parent_folder_fallback,low,4896,3264,JPEG,readable,779d388831f85b23ab9902380d5d7c51b165bf8c718e2f386be5f3a7808ed81d,unknown,pending,unreviewed,,
IMG_fc992d96488057b6,MO/RES21150.JPG,RES21150.JPG,.jpg,5500198,03,03,,unknown,MO,,,ignored,,,03::MO,parent_folder_fallback,low,4896,3264,JPEG,readable,9c2188f63b4b1ef73809e29770e6ea17f8dbda07f76d54c46cbdf8bf6615b0a3,unknown,pending,unreviewed,,
IMG_223996cd3ba19176,MO/RES21151.JPG,RES21151.JPG,.jpg,5347297,03,03,,unknown,MO,,,ignored,,,03::MO,parent_folder_fallback,low,4896,3264,JPEG,readable,75400663e671bb85fa2130a3dde8ea1ce0ba7602f46df899acf288796df2d617,unknown,pending,unreviewed,,
IMG_41e6335f48e95824,MO/RES21152.JPG,RES21152.JPG,.jpg,6586176,03,03,,unknown,MO,,,ignored,,,03::MO,parent_folder_fallback,low,4896,3264,JPEG,readable,66558f140f63480b2f8138fc53aa331b3b4063e558771e94b191f711370bc4a9,unknown,pending,unreviewed,,
IMG_abfb02b2b87046dd,MO/RES21153.JPG,RES21153.JPG,.jpg,6583662,03,03,,unknown,MO,,,ignored,,,03::MO,parent_folder_fallback,low,4896,3264,JPEG,readable,e92fbdef41a097a0a011bc3b305eefeb73f9b4f300d89e59a47d06802ee30309,unknown,pending,unreviewed,,
IMG_fff0982cea6302ac,MO/RES21154.JPG,RES21154.JPG,.jpg,5557213,03,03,,unknown,MO,,,ignored,,,03::MO,parent_folder_fallback,low,4896,3264,JPEG,readable,8e39def3d9c2c7b96b4c07f75ae30888143b8a15ef31e096bd8b27e0f15dccb6,unknown,pending,unreviewed,,
IMG_9c88bd5f18ebcfd8,MO/RES21155.JPG,RES21155.JPG,.jpg,5480841,03,03,,unknown,MO,,,ignored,,,03::MO,parent_folder_fallback,low,4896,3264,JPEG,readable,f43fae74e96150ebad442e10f96b3e44c37651fe5c892de9ae846c1c63938bf0,unknown,pending,unreviewed,,
IMG_524e54d684c84b35,MO/RES21156.JPG,RES21156.JPG,.jpg,5672016,03,03,,unknown,MO,,,ignored,,,03::MO,parent_folder_fallback,low,4896,3264,JPEG,readable,35810ff2458cd26fd824ca11e252b68acc4cd940add69b8d01cbc8b9bac4fa56,unknown,pending,unreviewed,,
IMG_0594925747441d47,MO/RES21157.JPG,RES21157.JPG,.jpg,5728659,03,03,,unknown,MO,,,ignored,,,03::MO,parent_folder_fallback,low,4896,3264,JPEG,readable,fcccb1a38bb16c7cca5e1f866049f7b9261be25ea37f2a2cfb9b972085b13d2b,unknown,pending,unreviewed,,
IMG_28a0eec2fabc5b86,MO/RES21158.JPG,RES21158.JPG,.jpg,6103372,03,03,,unknown,MO,,,ignored,,,03::MO,parent_folder_fallback,low,4896,3264,JPEG,readable,433335b7f6a67f16f2d75bd963637310f107f45a504881cc8c076465502db6e3,unknown,pending,unreviewed,,
IMG_cf66823cbbb3120a,MO/RES21159.JPG,RES21159.JPG,.jpg,6447486,03,03,,unknown,MO,,,ignored,,,03::MO,parent_folder_fallback,low,4896,3264,JPEG,readable,1858984f5cd7af3e1d95543e423a6b33ba76904173734e4f91a2982ae3ca5ea9,unknown,pending,unreviewed,,
IMG_2c9e9607d7628639,MO/RES21160.JPG,RES21160.JPG,.jpg,6243936,03,03,,unknown,MO,,,ignored,,,03::MO,parent_folder_fallback,low,4896,3264,JPEG,readable,f2a0fd55f4652504386c62fa547330a723b497900223c15534e4781fb21663d5,unknown,pending,unreviewed,,
IMG_dc6c6053d588706a,MO/RES21161.JPG,RES21161.JPG,.jpg,6241749,03,03,,unknown,MO,,,ignored,,,03::MO,parent_folder_fallback,low,4896,3264,JPEG,readable,9af9de4b7ba52b6e8006b34a3ce4869d45d4c4c36b29e4fca1f2d1bfa6768027,unknown,pending,unreviewed,,
IMG_ed056be949f201e6,MO/RES21162.JPG,RES21162.JPG,.jpg,6395133,03,03,,unknown,MO,,,ignored,,,03::MO,parent_folder_fallback,low,4896,3264,JPEG,readable,6a5d5cf6d94bcbe80303c9f1780eba87cdd2d7246d278106bdd6a1a6d01150cf,unknown,pending,unreviewed,,
IMG_b474a622c85aa00e,MO/RES21163.JPG,RES21163.JPG,.jpg,6880946,03,03,,unknown,MO,,,ignored,,,03::MO,parent_folder_fallback,low,4896,3264,JPEG,readable,0bd311a205a8d16daa214371082cb79273ac64ff212cbb83bdd557a838c9ec36,unknown,pending,unreviewed,,
IMG_3aace5cd01b60e9c,MO/RES21166.JPG,RES21166.JPG,.jpg,6167724,03,03,,unknown,MO,,,ignored,,,03::MO,parent_folder_fallback,low,4896,3264,JPEG,readable,09bd222b0c82963fa4c1d057063b7f59b96e1b739675776c702b6022c7577915,unknown,pending,unreviewed,,
IMG_7aa256abc7fe3dcd,MO/RES21167.JPG,RES21167.JPG,.jpg,6365178,03,03,,unknown,MO,,,ignored,,,03::MO,parent_folder_fallback,low,4896,3264,JPEG,readable,0ba6ea9373a086f307051785e5730423596753e22190d8218c15c72e8303e0a0,unknown,pending,unreviewed,,
IMG_fdc1734471cb95a4,MO/RES21168.JPG,RES21168.JPG,.jpg,6499568,03,03,,unknown,MO,,,ignored,,,03::MO,parent_folder_fallback,low,4896,3264,JPEG,readable,b4bbd25e60080f3c36aca462a3e166cf36d519366b076f299c11ffd758ab0d78,unknown,pending,unreviewed,,
IMG_758cfe1a7af923ab,MO/RES21169.JPG,RES21169.JPG,.jpg,6498735,03,03,,unknown,MO,,,ignored,,,03::MO,parent_folder_fallback,low,4896,3264,JPEG,readable,6aab3078f1b337000d91f9c0b8b2881f882aba7a06d68c3bd41f0f5eb0650bab,unknown,pending,unreviewed,,
IMG_bbea4a04c75242fc,MO/RES21171.JPG,RES21171.JPG,.jpg,7274569,03,03,,unknown,MO,,,ignored,,,03::MO,parent_folder_fallback,low,4896,3264,JPEG,readable,e667559d2b8ea1bd78873d2061792c3055f3cb5e86703123a6906ac61e2cd197,unknown,pending,unreviewed,,
IMG_5137ccaafcfe118b,MO/RES21174.JPG,RES21174.JPG,.jpg,6456318,03,03,,unknown,MO,,,ignored,,,03::MO,parent_folder_fallback,low,4896,3264,JPEG,readable,1d3761bb4039002bb049295feb340337c89c337b65262bbbe77b03bedeb483c5,unknown,pending,unreviewed,,
IMG_51ff01a01bfb91a0,MO/RES21175.JPG,RES21175.JPG,.jpg,6511861,03,03,,unknown,MO,,,ignored,,,03::MO,parent_folder_fallback,low,4896,3264,JPEG,readable,a1f2fcc29c495fc3ada0972af5b31f15b7bea658721f480d6355a6c018493ebf,unknown,pending,unreviewed,,
IMG_31fc5699514305aa,MO/RES21176.JPG,RES21176.JPG,.jpg,6393217,03,03,,unknown,MO,,,ignored,,,03::MO,parent_folder_fallback,low,4896,3264,JPEG,readable,528815c716feb62fb9cc9296fe54b0e9e305812cd322c31e41e0df0dd138ab9a,unknown,pending,unreviewed,,
IMG_a73e85caf25ee774,MO/RES21177.JPG,RES21177.JPG,.jpg,6354803,03,03,,unknown,MO,,,ignored,,,03::MO,parent_folder_fallback,low,4896,3264,JPEG,readable,86ac901b283a081e747564c4904cd845365d14b2b8646845ea5fa060610d5685,unknown,pending,unreviewed,,
IMG_92982916d00f797d,MO/RES21178.JPG,RES21178.JPG,.jpg,6292751,03,03,,unknown,MO,,,ignored,,,03::MO,parent_folder_fallback,low,4896,3264,JPEG,readable,51be755d57dd4fa0dac75ce101f0aca111d6efd2aa56d9b63329373d0bfc9c68,unknown,pending,unreviewed,,
IMG_ca46d4532096f038,MO/RES21179.JPG,RES21179.JPG,.jpg,6119884,03,03,,unknown,MO,,,ignored,,,03::MO,parent_folder_fallback,low,4896,3264,JPEG,readable,9ef8ecfc6a79cba5738030f37d4b2830b9f162c959632dab00479e8a29a5670f,unknown,pending,unreviewed,,
IMG_8aa1208f073f0bac,MO/RES21180.JPG,RES21180.JPG,.jpg,6145019,03,03,,unknown,MO,,,ignored,,,03::MO,parent_folder_fallback,low,4896,3264,JPEG,readable,dfc8313fd023529bc5a7621f736a6a56abc4a64fef4c59859cd9a497166def3f,unknown,pending,unreviewed,,
IMG_be5199bb6aed4459,MO/RES21181.JPG,RES21181.JPG,.jpg,5761040,03,03,,unknown,MO,,,ignored,,,03::MO,parent_folder_fallback,low,4896,3264,JPEG,readable,77652d6124ebc3fa7f80d0a56950a5ef0da4940dcdf6e27c190726f81a689114,unknown,pending,unreviewed,,
IMG_38973f69468ae3b5,MO/RES21182.JPG,RES21182.JPG,.jpg,6264988,03,03,,unknown,MO,,,ignored,,,03::MO,parent_folder_fallback,low,4896,3264,JPEG,readable,d32d7cc289c2f770478bdea1bbc3884536d12b7daa1655623da16ecff277085a,unknown,pending,unreviewed,,
IMG_410de5e35cb8b780,MO/RES21183.JPG,RES21183.JPG,.jpg,6237059,03,03,,unknown,MO,,,ignored,,,03::MO,parent_folder_fallback,low,4896,3264,JPEG,readable,95eb6651b01598987823bb19e437a789782de8678dedb49a1d04da3f868504e6,unknown,pending,unreviewed,,
IMG_5a694ced01206ad6,MO/RES21184.JPG,RES21184.JPG,.jpg,6206929,03,03,,unknown,MO,,,ignored,,,03::MO,parent_folder_fallback,low,4896,3264,JPEG,readable,3b3bf8c896d58ffa389b69bc9aee1ab9f2083873ec2a4e4d3e14cb7ce83bd65b,unknown,pending,unreviewed,,
IMG_04d6358351faf987,MO/RES21185.JPG,RES21185.JPG,.jpg,6138036,03,03,,unknown,MO,,,ignored,,,03::MO,parent_folder_fallback,low,4896,3264,JPEG,readable,17893b92a9928a95a8fd9da6f45432d78af2eb362cb7bd1dc8b149eb814609f4,unknown,pending,unreviewed,,
IMG_01cf3be586a2733a,MO/RES21186.JPG,RES21186.JPG,.jpg,6460736,03,03,,unknown,MO,,,ignored,,,03::MO,parent_folder_fallback,low,4896,3264,JPEG,readable,1dfe0327ee7091e6cd7ba2623dc25eaead96f06d77d6e0a009dba3931d4f1ecc,unknown,pending,unreviewed,,
IMG_b5ec0a004981a2d5,MO/RES21187.JPG,RES21187.JPG,.jpg,6438826,03,03,,unknown,MO,,,ignored,,,03::MO,parent_folder_fallback,low,4896,3264,JPEG,readable,deeee1004a2b53dd32e06a3d48c5f639a5ce210ff1a7cc8e1516778101d5617a,unknown,pending,unreviewed,,
IMG_4b836a55ebb52cf9,MO/RES21188.JPG,RES21188.JPG,.jpg,6443855,03,03,,unknown,MO,,,ignored,,,03::MO,parent_folder_fallback,low,4896,3264,JPEG,readable,918c373ec4c27ab3e4dcd3894c261a396b1d877343cc4c0b7c1d0d8ba62fa95c,unknown,pending,unreviewed,,
IMG_1580d38d1432a7ff,MO/RES21189.JPG,RES21189.JPG,.jpg,5912771,03,03,,unknown,MO,,,ignored,,,03::MO,parent_folder_fallback,low,4896,3264,JPEG,readable,6396694e3488cea4b108db365bfae0b5b6fd6cce1faf310a40824b11d44cf91d,unknown,pending,unreviewed,,
IMG_c6aba1d68b416549,MO/RES21190.JPG,RES21190.JPG,.jpg,6024862,03,03,,unknown,MO,,,ignored,,,03::MO,parent_folder_fallback,low,4896,3264,JPEG,readable,ffc23ff45e7057c05c681a05f425c8473c9dac20ebf86f5fa3eb7456181ca135,unknown,pending,unreviewed,,
IMG_5aa40a1fb73a8575,MO/RES21195.JPG,RES21195.JPG,.jpg,6663168,03,03,,unknown,MO,,,ignored,,,03::MO,parent_folder_fallback,low,4896,3264,JPEG,readable,9838ba8e22a6d89da3a8c0ea5687a9df47042eb39649ab55df8776b663573d17,unknown,pending,unreviewed,,
IMG_628068969238190c,MO/RES21196.JPG,RES21196.JPG,.jpg,6573466,03,03,,unknown,MO,,,ignored,,,03::MO,parent_folder_fallback,low,4896,3264,JPEG,readable,01cb71a537b2f6fb7cf46fa094f7122305e3b19950b2e62cab5025189832e057,unknown,pending,unreviewed,,
IMG_c652632c4e1fef83,MO/RES21197.JPG,RES21197.JPG,.jpg,6458494,03,03,,unknown,MO,,,ignored,,,03::MO,parent_folder_fallback,low,4896,3264,JPEG,readable,3cf700d5171422070f5903ffe7ae5aefece68c6dd0b65abd5e3b0761ce584437,unknown,pending,unreviewed,,
IMG_323386662953f0a1,MO/RES21198.JPG,RES21198.JPG,.jpg,5764258,03,03,,unknown,MO,,,ignored,,,03::MO,parent_folder_fallback,low,4896,3264,JPEG,readable,b2d145b9f06a87b349e0d411feb0dea08b94ca5863167ad5d3553d70aaf394da,unknown,pending,unreviewed,,
IMG_c153625d18e627a3,MO/RES21201.JPG,RES21201.JPG,.jpg,5038890,03,03,,unknown,MO,,,ignored,,,03::MO,parent_folder_fallback,low,4896,3264,JPEG,readable,020eb097a91fd7a1f76471091bfcaececc4557e2c719accf47b3f138258a9ddf,unknown,pending,unreviewed,,
IMG_7befec18d178ed22,MO/RES21202.JPG,RES21202.JPG,.jpg,5066146,03,03,,unknown,MO,,,ignored,,,03::MO,parent_folder_fallback,low,4896,3264,JPEG,readable,98df4900207dfe7d6fe40dabd0a4437082042281f1a584e92b434d3327ab4418,unknown,pending,unreviewed,,
IMG_5aae464131ae7537,MO/RES21204.JPG,RES21204.JPG,.jpg,5418355,03,03,,unknown,MO,,,ignored,,,03::MO,parent_folder_fallback,low,4896,3264,JPEG,readable,10d523685638a7d469743019200e3a24c8836b75d2ae1029ab29fe8e284f683d,unknown,pending,unreviewed,,
IMG_0a5c5fe6220ad184,MO/RES21205.JPG,RES21205.JPG,.jpg,5373492,03,03,,unknown,MO,,,ignored,,,03::MO,parent_folder_fallback,low,4896,3264,JPEG,readable,5760c6db4736c16b86b175bb1e2e066a51d482a098de7bf60ba34f6f20616cc4,unknown,pending,unreviewed,,
IMG_85ed7e4b50fb92a8,MO/RES21207.JPG,RES21207.JPG,.jpg,4923001,03,03,,unknown,MO,,,ignored,,,03::MO,parent_folder_fallback,low,4896,3264,JPEG,readable,a8bb5c384fcb6f6943b8931a32b39c11640e362aeeb8a1c40c01ca5d3a1abdfa,unknown,pending,unreviewed,,
IMG_48217d0a9eddac0e,MO/RES21208.JPG,RES21208.JPG,.jpg,5573673,03,03,,unknown,MO,,,ignored,,,03::MO,parent_folder_fallback,low,4896,3264,JPEG,readable,bce6f2b85f26586520a291d0f884cb5f45f84a6cfdf5fff9031838c141a1d24a,unknown,pending,unreviewed,,
IMG_ef35ff949d66cc8d,MO/RES21209.JPG,RES21209.JPG,.jpg,5620399,03,03,,unknown,MO,,,ignored,,,03::MO,parent_folder_fallback,low,4896,3264,JPEG,readable,44bf99671a9c17fcc59038c6db27ab410512dd4614953e53e44a594fe2051cf1,unknown,pending,unreviewed,,
IMG_80976f14e1545d8c,MO/RES21210.JPG,RES21210.JPG,.jpg,6094529,03,03,,unknown,MO,,,ignored,,,03::MO,parent_folder_fallback,low,4896,3264,JPEG,readable,9116ae42f79cd0f38f32c6ed4635ce7b71e5944716c739c43d3282041d354edf,unknown,pending,unreviewed,,
IMG_76398acbd264cb84,MO/RES21215.JPG,RES21215.JPG,.jpg,6129914,03,03,,unknown,MO,,,ignored,,,03::MO,parent_folder_fallback,low,4896,3264,JPEG,readable,e445e31f096a1b7d5344bc64df731241222e38db05a1157de389dd056c235cff,unknown,pending,unreviewed,,
IMG_096ebad8e4d06822,MO/RES21216.JPG,RES21216.JPG,.jpg,6084729,03,03,,unknown,MO,,,ignored,,,03::MO,parent_folder_fallback,low,4896,3264,JPEG,readable,4bf17dc5fdaf6923c65eddacf48d47e23e13a7a76c9bf22f43539ba1917b0aef,unknown,pending,unreviewed,,
IMG_22fcd220d5440486,MO/RES21217.JPG,RES21217.JPG,.jpg,6058390,03,03,,unknown,MO,,,ignored,,,03::MO,parent_folder_fallback,low,4896,3264,JPEG,readable,5baba8aab98e89770fd1eadaceae6e9bf1602debdacdd872b1ec510eb0030cd9,unknown,pending,unreviewed,,
IMG_31b24dd861e486bd,MO/RES21221.JPG,RES21221.JPG,.jpg,5799809,03,03,,unknown,MO,,,ignored,,,03::MO,parent_folder_fallback,low,4896,3264,JPEG,readable,1625a084b0a6dee95e886cd4444ec08d57375bc529d81278f080896c825cae80,unknown,pending,unreviewed,,
IMG_e5d3a0a5432cd8c4,MO/RES21222.JPG,RES21222.JPG,.jpg,5935165,03,03,,unknown,MO,,,ignored,,,03::MO,parent_folder_fallback,low,4896,3264,JPEG,readable,62fac29e82817086e3b5a69ba7403eec1b1e72d2adcde2b2959aafa15112c880,unknown,pending,unreviewed,,
IMG_8e8d0236bce561f8,MO/RES21223.JPG,RES21223.JPG,.jpg,5879566,03,03,,unknown,MO,,,ignored,,,03::MO,parent_folder_fallback,low,4896,3264,JPEG,readable,a7a4ed9111e9e423a9cd36f783a8a1f667c542bbcfc1771762f5b607c3031338,unknown,pending,unreviewed,,
IMG_d819e6fb2b222adb,MO/RES21224.JPG,RES21224.JPG,.jpg,5881770,03,03,,unknown,MO,,,ignored,,,03::MO,parent_folder_fallback,low,4896,3264,JPEG,readable,bd01e2b5a49edfd85cc5ea278cfcb350881c3fd2b243ae23533e103f968f0dec,unknown,pending,unreviewed,,
IMG_01705d347dfd156f,MO/RES21227.JPG,RES21227.JPG,.jpg,5043248,03,03,,unknown,MO,,,ignored,,,03::MO,parent_folder_fallback,low,4896,3264,JPEG,readable,c5e9337d7dda15d680e1774de3e3dcb430114d562d1d266ccb654e71fc27d4c3,unknown,pending,unreviewed,,
IMG_b68fc8739cd7bb3a,MO/RES21228.JPG,RES21228.JPG,.jpg,5091635,03,03,,unknown,MO,,,ignored,,,03::MO,parent_folder_fallback,low,4896,3264,JPEG,readable,2c103833fe659f51006bdd0ce319c6fd9aaaf3c4703c207d5db096741dc42273,unknown,pending,unreviewed,,
IMG_b6ea32f5fbaf01ce,MO/RES21229.JPG,RES21229.JPG,.jpg,5278350,03,03,,unknown,MO,,,ignored,,,03::MO,parent_folder_fallback,low,4896,3264,JPEG,readable,145356af9ffc40c31cf08c1bf517737c5c81b9d5c365a22edb3f1d8bf3fa8f93,unknown,pending,unreviewed,,
IMG_bf1394e2a313cd35,MO/RES21230.JPG,RES21230.JPG,.jpg,5313824,03,03,,unknown,MO,,,ignored,,,03::MO,parent_folder_fallback,low,4896,3264,JPEG,readable,058d78f2f3dc577c49cdf3a9ebe1822049e36922cfcd4bc47f985fc31e981f11,unknown,pending,unreviewed,,
IMG_4016791ccf6d061d,MO/RES21232.JPG,RES21232.JPG,.jpg,6137198,03,03,,unknown,MO,,,ignored,,,03::MO,parent_folder_fallback,low,4896,3264,JPEG,readable,72237aad8aa22583712897d9c0e8dd6552a832b78d488c0bf9cc4a334d4292e6,unknown,pending,unreviewed,,
IMG_c24fcacd73bc5110,MO/RES21235.JPG,RES21235.JPG,.jpg,5178798,03,03,,unknown,MO,,,ignored,,,03::MO,parent_folder_fallback,low,4896,3264,JPEG,readable,80bf66190ad13a4a573c52457dcd4652cbb0d1c2d2e53f031a1f000a9651bb64,unknown,pending,unreviewed,,
IMG_81a49bed58983194,MO/RES21242.JPG,RES21242.JPG,.jpg,5095446,03,03,,unknown,MO,,,ignored,,,03::MO,parent_folder_fallback,low,4896,3264,JPEG,readable,b2520e4f95142069598e41d915076629e7fe63f00d437d5d050a310d064e6021,unknown,pending,unreviewed,,
IMG_5f728d1c6496c2db,MO/RES21243.JPG,RES21243.JPG,.jpg,5174671,03,03,,unknown,MO,,,ignored,,,03::MO,parent_folder_fallback,low,4896,3264,JPEG,readable,46be2cef649bbf2baf8a8e1b524d7dddbe87d4759a7747a4bf3f99de7b300a6e,unknown,pending,unreviewed,,
IMG_76894541acdcf38f,MO/RES21244.JPG,RES21244.JPG,.jpg,5176831,03,03,,unknown,MO,,,ignored,,,03::MO,parent_folder_fallback,low,4896,3264,JPEG,readable,6cbc550fab615096e3aef79ede00d254a7801c502db80eedab713670062c903b,unknown,pending,unreviewed,,
IMG_aec899178c356d21,MO/RES21245.JPG,RES21245.JPG,.jpg,5296076,03,03,,unknown,MO,,,ignored,,,03::MO,parent_folder_fallback,low,4896,3264,JPEG,readable,f3b71a6a39d48d2266b3e8c626722da679b1586fddd09be9c02a8241e088c6c9,unknown,pending,unreviewed,,
IMG_bb0afa6e89b71a46,MO/RES21246.JPG,RES21246.JPG,.jpg,5185224,03,03,,unknown,MO,,,ignored,,,03::MO,parent_folder_fallback,low,4896,3264,JPEG,readable,c6551ea2b1ce1b69b03edcd9036494890679249a19c6f5e3f00a756f79497483,unknown,pending,unreviewed,,
IMG_2df6f1a0f9c2bd59,MO/RES21247.JPG,RES21247.JPG,.jpg,5146661,03,03,,unknown,MO,,,ignored,,,03::MO,parent_folder_fallback,low,4896,3264,JPEG,readable,9621f7f4a3120762dcae884d3f8e83517128040f7c2d2e06048d3d22c20e5d63,unknown,pending,unreviewed,,
IMG_a572646345a501f7,MO/RES21248.JPG,RES21248.JPG,.jpg,5531283,03,03,,unknown,MO,,,ignored,,,03::MO,parent_folder_fallback,low,4896,3264,JPEG,readable,4fea974016251449244dfd35cc13d7ba6c0221926a230c035ed2b30cc96ecc7b,unknown,pending,unreviewed,,
IMG_bb35063fc5fedd04,MO/RES21249.JPG,RES21249.JPG,.jpg,5672341,03,03,,unknown,MO,,,ignored,,,03::MO,parent_folder_fallback,low,4896,3264,JPEG,readable,e7367c0c26b0babb0bfef16cb4d485c88e21b753ea6c3fd987d14f583b7256d9,unknown,pending,unreviewed,,
IMG_cf6092889ddf58a9,MO/RES21250.JPG,RES21250.JPG,.jpg,5582037,03,03,,unknown,MO,,,ignored,,,03::MO,parent_folder_fallback,low,4896,3264,JPEG,readable,c0ccb176affbc6f4b57a0db3b956e70fa07bdcfdd92a0c4a9dc5ac8459449b94,unknown,pending,unreviewed,,
IMG_806488aa2155b2f8,MO/RES21254.JPG,RES21254.JPG,.jpg,5307469,03,03,,unknown,MO,,,ignored,,,03::MO,parent_folder_fallback,low,4896,3264,JPEG,readable,3dcb51e8b23b1722e284b0c7010f3cc39cc1241bbcc0ce8ee555d85850ff15bc,unknown,pending,unreviewed,,
IMG_1c62a7484981eeed,MO/RES21255.JPG,RES21255.JPG,.jpg,5184556,03,03,,unknown,MO,,,ignored,,,03::MO,parent_folder_fallback,low,4896,3264,JPEG,readable,83a31082d63b61a936aee03e4f3ee0c592141e0ec72cdc5dd382e499a18bf4d4,unknown,pending,unreviewed,,
IMG_ecb75db7176e5e88,MO/RES21256.JPG,RES21256.JPG,.jpg,5305543,03,03,,unknown,MO,,,ignored,,,03::MO,parent_folder_fallback,low,4896,3264,JPEG,readable,bae6dc05ea5ed8b98e5d5ca284422a119c4a9917349a37288a479c47cc6eb7a3,unknown,pending,unreviewed,,
IMG_4bbc736decfcddd3,MO/RES21257.JPG,RES21257.JPG,.jpg,5287396,03,03,,unknown,MO,,,ignored,,,03::MO,parent_folder_fallback,low,4896,3264,JPEG,readable,897a8d22e1447cbcf9aec0f776229e0c3c9b8f5b4c4c66fa7b33bb60cfb3d63c,unknown,pending,unreviewed,,
IMG_80d5ab12308679b0,MO/RES21258.JPG,RES21258.JPG,.jpg,5175256,03,03,,unknown,MO,,,ignored,,,03::MO,parent_folder_fallback,low,4896,3264,JPEG,readable,936285c0b5a1e0b88c6351a76bca71840fb38ce5e604862f9cbf654ec94ee4bb,unknown,pending,unreviewed,,
IMG_0b396040915b43ab,MO/RES21263.JPG,RES21263.JPG,.jpg,5878355,03,03,,unknown,MO,,,ignored,,,03::MO,parent_folder_fallback,low,4896,3264,JPEG,readable,e47a4c239292e91fcfeef256f93a74ab25a86cb5abb9c15db92b295704ca9c61,unknown,pending,unreviewed,,
IMG_854a944e3a4380e7,MO/RES21264.JPG,RES21264.JPG,.jpg,5705787,03,03,,unknown,MO,,,ignored,,,03::MO,parent_folder_fallback,low,4896,3264,JPEG,readable,b05addc726682823396af4187711bb8c1a6f746261e24433055670f22899034c,unknown,pending,unreviewed,,
IMG_e64dc6b525717d15,MO/RES21268.JPG,RES21268.JPG,.jpg,5892931,03,03,,unknown,MO,,,ignored,,,03::MO,parent_folder_fallback,low,4896,3264,JPEG,readable,5d36803d34a82898ca4b42d922460b989a24c94ca9d9dfe2eb793a6bd4ad4715,unknown,pending,unreviewed,,
IMG_0855424ed97e9248,MO/RES21269.JPG,RES21269.JPG,.jpg,5907376,03,03,,unknown,MO,,,ignored,,,03::MO,parent_folder_fallback,low,4896,3264,JPEG,readable,df5f915eeeba760adcaeee1ebf9d2e01b55630990717c3c78f3ecc364a1d32da,unknown,pending,unreviewed,,
IMG_9ff25eb6c5caa027,MO/RES21270.JPG,RES21270.JPG,.jpg,5539562,03,03,,unknown,MO,,,ignored,,,03::MO,parent_folder_fallback,low,4896,3264,JPEG,readable,d65e928b942221618fa966ffa374866d9eefbcd0bcd93a5444e73db469deb204,unknown,pending,unreviewed,,
IMG_0d8aaa0998df21e5,MO/RES21271.JPG,RES21271.JPG,.jpg,5597067,03,03,,unknown,MO,,,ignored,,,03::MO,parent_folder_fallback,low,4896,3264,JPEG,readable,2948c940f6b14ecb5c6e1978ebb89f1643af9643f325c23bc091fe063eb17855,unknown,pending,unreviewed,,
IMG_b77ef9e16f74a7f6,MO/RES21272.JPG,RES21272.JPG,.jpg,5653009,03,03,,unknown,MO,,,ignored,,,03::MO,parent_folder_fallback,low,4896,3264,JPEG,readable,06f6deda46736897ae71853225cac153d1588cfdcbd94c665aa3b42ae6645a22,unknown,pending,unreviewed,,
IMG_36585f37f7049e76,MO/RES21275.JPG,RES21275.JPG,.jpg,5953489,03,03,,unknown,MO,,,ignored,,,03::MO,parent_folder_fallback,low,4896,3264,JPEG,readable,04374f95ed64abccbbf328b8886de6617d28987adc9e23948a0391b93d3cb0a5,unknown,pending,unreviewed,,
IMG_4d5b8742cb2f8027,MO/RES21276.JPG,RES21276.JPG,.jpg,5669677,03,03,,unknown,MO,,,ignored,,,03::MO,parent_folder_fallback,low,4896,3264,JPEG,readable,550913dd01513fac9b412c1beb23062260f0d6cb4ed50a15d8fa61316b658570,unknown,pending,unreviewed,,
IMG_2d637f39567dc4ce,MO/RES21277.JPG,RES21277.JPG,.jpg,5630814,03,03,,unknown,MO,,,ignored,,,03::MO,parent_folder_fallback,low,4896,3264,JPEG,readable,ffba63a67b764b09a268bf7d795f50bf3f303a65648bd1b5fc96abfc81933b2c,unknown,pending,unreviewed,,
IMG_aedc290dcad820dc,MO/RES21278.JPG,RES21278.JPG,.jpg,5404882,03,03,,unknown,MO,,,ignored,,,03::MO,parent_folder_fallback,low,4896,3264,JPEG,readable,20c4ce4f1bb66c536c302e6c85becfe8a5f0ca8254681a55866bab9e907444d7,unknown,pending,unreviewed,,
IMG_57dc4dc4f684985b,MO/RES21279.JPG,RES21279.JPG,.jpg,5371499,03,03,,unknown,MO,,,ignored,,,03::MO,parent_folder_fallback,low,4896,3264,JPEG,readable,9577be3f2f59c007198191ad5d0f835a0bc78a073cbfc4ea44b47df197619395,unknown,pending,unreviewed,,
IMG_747612aa66bb732e,MO/RES21280.JPG,RES21280.JPG,.jpg,5337816,03,03,,unknown,MO,,,ignored,,,03::MO,parent_folder_fallback,low,4896,3264,JPEG,readable,2cac831fab34baab2ad233776c9af99e324f31d46b2872eb6d2c9e43fd9a45f1,unknown,pending,unreviewed,,
IMG_a37adf9b2a1b0f14,MO/RES21281.JPG,RES21281.JPG,.jpg,5174329,03,03,,unknown,MO,,,ignored,,,03::MO,parent_folder_fallback,low,4896,3264,JPEG,readable,9551c9f2c6f3950fc6233eab88a59f41122bafe2160c97b64fa987e4f3b4b953,unknown,pending,unreviewed,,
IMG_e62a41d9df38eaa5,MO/RES21282.JPG,RES21282.JPG,.jpg,5221987,03,03,,unknown,MO,,,ignored,,,03::MO,parent_folder_fallback,low,4896,3264,JPEG,readable,98b81961c0aa747a884fbccf300da9a43805b9224079eba91a27320ece985fe6,unknown,pending,unreviewed,,
IMG_7398d77e3e3b6d61,MO/RES21283.JPG,RES21283.JPG,.jpg,5121677,03,03,,unknown,MO,,,ignored,,,03::MO,parent_folder_fallback,low,4896,3264,JPEG,readable,2bb0334741eb399df54693e8131eec9949531dadf904bf129d1835c88a166098,unknown,pending,unreviewed,,
IMG_85cd11c5c556669e,MO/RES21284.JPG,RES21284.JPG,.jpg,5150173,03,03,,unknown,MO,,,ignored,,,03::MO,parent_folder_fallback,low,4896,3264,JPEG,readable,4074c75a891cea78e7fc749c469c54a7821e1ed2fb7e83e3600656186e2c80d0,unknown,pending,unreviewed,,
IMG_f38122a53df58ade,MO/RES21289.JPG,RES21289.JPG,.jpg,6283395,03,03,,unknown,MO,,,ignored,,,03::MO,parent_folder_fallback,low,4896,3264,JPEG,readable,f9c5d6a3c5572bb6c5949cb3dabced951c2931f5a52d39965ffcad9e8428901c,unknown,pending,unreviewed,,
IMG_78c888b7ab4ef194,MO/RES21290.JPG,RES21290.JPG,.jpg,6203622,03,03,,unknown,MO,,,ignored,,,03::MO,parent_folder_fallback,low,4896,3264,JPEG,readable,c3e08db4b9047d381d751918a4f96758d5dde7a750f2e1200716b8f6416faa19,unknown,pending,unreviewed,,
IMG_4a819d3207544bde,MO/RES21291.JPG,RES21291.JPG,.jpg,6325149,03,03,,unknown,MO,,,ignored,,,03::MO,parent_folder_fallback,low,4896,3264,JPEG,readable,69445bd0567c4db25204e99382d8319fa9d8143aa733ca78793af9573a2ce124,unknown,pending,unreviewed,,
IMG_221301698200a80d,MO/RES21292.JPG,RES21292.JPG,.jpg,5909146,03,03,,unknown,MO,,,ignored,,,03::MO,parent_folder_fallback,low,4896,3264,JPEG,readable,07959ea528d1257dea3292d670eae724f7820162c66765240714ef565b0bccb9,unknown,pending,unreviewed,,
IMG_f88998e4480ff1b5,MO/RES21293.JPG,RES21293.JPG,.jpg,5922227,03,03,,unknown,MO,,,ignored,,,03::MO,parent_folder_fallback,low,4896,3264,JPEG,readable,24e11d9abb8653736146562c1fac67d2249cff8980da2628b2f92d3a14f7f44e,unknown,pending,unreviewed,,
IMG_3f214090fbc8a4ef,MO/RES21294.JPG,RES21294.JPG,.jpg,5938410,03,03,,unknown,MO,,,ignored,,,03::MO,parent_folder_fallback,low,4896,3264,JPEG,readable,b1e66da9bb0a3da485e8cf97da962ee284844a3c5381a2e20ee104a97229dd30,unknown,pending,unreviewed,,
IMG_864f1fe4d0dfe0b8,MO/RES21295.JPG,RES21295.JPG,.jpg,6210849,03,03,,unknown,MO,,,ignored,,,03::MO,parent_folder_fallback,low,4896,3264,JPEG,readable,88ef69fda94418ff93e420cdc9397255b20c9c7058525c7d2170464e9a5a01e3,unknown,pending,unreviewed,,
IMG_187c35a1235a5587,MO/RES21296.JPG,RES21296.JPG,.jpg,6181868,03,03,,unknown,MO,,,ignored,,,03::MO,parent_folder_fallback,low,4896,3264,JPEG,readable,b229124bcaf0a8f9dfaf4b6c2deb921f9a67fcef28775c471236171017047ecf,unknown,pending,unreviewed,,
IMG_95e261a16fcbf54d,MO/RES21297.JPG,RES21297.JPG,.jpg,6023432,03,03,,unknown,MO,,,ignored,,,03::MO,parent_folder_fallback,low,4896,3264,JPEG,readable,30180afcd7b07873c80257849c869547b0b0cbd42d6fa7eb1574799bcd610a7f,unknown,pending,unreviewed,,
IMG_1d10b8151a253e41,MO/RES21300.JPG,RES21300.JPG,.jpg,5631350,03,03,,unknown,MO,,,ignored,,,03::MO,parent_folder_fallback,low,4896,3264,JPEG,readable,c2dc9914c8e0362c053f95fce3cb6b6eaeda7b0d6f1053cfb1860acf442b1a1d,unknown,pending,unreviewed,,
IMG_198ab9320020d6a0,MO/RES21301.JPG,RES21301.JPG,.jpg,5479612,03,03,,unknown,MO,,,ignored,,,03::MO,parent_folder_fallback,low,4896,3264,JPEG,readable,2bca14e6e384cb1128c99ebafca3578f2e65c62dd7d57b0032bf43aaa5248ab9,unknown,pending,unreviewed,,
IMG_7a20d19b1e846746,MO/RES21302.JPG,RES21302.JPG,.jpg,5566166,03,03,,unknown,MO,,,ignored,,,03::MO,parent_folder_fallback,low,4896,3264,JPEG,readable,19a88a423af530b60d951d1982ab90e0058e243e9f231b8a8ecad2ee30eea921,unknown,pending,unreviewed,,
IMG_13a1049c8e1de1f8,MO/RES21305.JPG,RES21305.JPG,.jpg,5437332,03,03,,unknown,MO,,,ignored,,,03::MO,parent_folder_fallback,low,4896,3264,JPEG,readable,04da76e4a485a2649597da8766c6d90c72e605c492c68c1dd03aa35b6f005c90,unknown,pending,unreviewed,,
IMG_7b78eb016fd9206f,MO/RES21306.JPG,RES21306.JPG,.jpg,5286950,03,03,,unknown,MO,,,ignored,,,03::MO,parent_folder_fallback,low,4896,3264,JPEG,readable,097f0dd7064973ad6e6424bf9eaaeff4d8a2efb23ffb989eb2cad3e6feee0673,unknown,pending,unreviewed,,
IMG_73d9103833bad5e0,MO/RES21307.JPG,RES21307.JPG,.jpg,5439559,03,03,,unknown,MO,,,ignored,,,03::MO,parent_folder_fallback,low,4896,3264,JPEG,readable,193350f91ac531f785024fb3014542a0ddae7f6b897dec83e7fb2349127d4e6b,unknown,pending,unreviewed,,
IMG_14a0bfd3906b5284,MO/RES21308.JPG,RES21308.JPG,.jpg,5445734,03,03,,unknown,MO,,,ignored,,,03::MO,parent_folder_fallback,low,4896,3264,JPEG,readable,cbc56d6964f6b66dc29a360382bb83474e83f70fe304fd0a6528a293c45c389d,unknown,pending,unreviewed,,
IMG_eefe57c729ca48d2,MO/RES21309.JPG,RES21309.JPG,.jpg,5447726,03,03,,unknown,MO,,,ignored,,,03::MO,parent_folder_fallback,low,4896,3264,JPEG,readable,a03a383c596ea341f40d2770f0441b723aba1b3480fde81739ceb92511b9c74d,unknown,pending,unreviewed,,
IMG_7db9093cef0929c5,MO/RES21310.JPG,RES21310.JPG,.jpg,5419204,03,03,,unknown,MO,,,ignored,,,03::MO,parent_folder_fallback,low,4896,3264,JPEG,readable,dfda915ebadf561d9ba1e9e9b435f3a66cc5f73506dfa39b824195f28508824f,unknown,pending,unreviewed,,
IMG_a94b787f9cbb23a6,MO/RES21311.JPG,RES21311.JPG,.jpg,5371681,03,03,,unknown,MO,,,ignored,,,03::MO,parent_folder_fallback,low,4896,3264,JPEG,readable,c296c633b2c9b9a0c8aae609008308fadecf7a9c54e95626ffbf1725e785642b,unknown,pending,unreviewed,,
IMG_7f07213e55e7e588,MO/RES21312.JPG,RES21312.JPG,.jpg,5271125,03,03,,unknown,MO,,,ignored,,,03::MO,parent_folder_fallback,low,4896,3264,JPEG,readable,774c4c5ce1a29e2440cf9802d951ed11f3f95f79bcb1069cd09dd671d12cd097,unknown,pending,unreviewed,,
IMG_0a4cf3d4e9b0e686,MO/RES21313.JPG,RES21313.JPG,.jpg,5247998,03,03,,unknown,MO,,,ignored,,,03::MO,parent_folder_fallback,low,4896,3264,JPEG,readable,08dd12d43d8f9ed07100c2eba9e57621d6c64c509be95d92476cc48fad5170cc,unknown,pending,unreviewed,,
IMG_316aac51aec8d287,MO/RES21314.JPG,RES21314.JPG,.jpg,5528403,03,03,,unknown,MO,,,ignored,,,03::MO,parent_folder_fallback,low,4896,3264,JPEG,readable,88caf895f854999ed19eaca5733d826226443d2ff2eefce0622c00f93ee4a94c,unknown,pending,unreviewed,,
IMG_7f4ce91991f88f5f,MO/RES21315.JPG,RES21315.JPG,.jpg,5514007,03,03,,unknown,MO,,,ignored,,,03::MO,parent_folder_fallback,low,4896,3264,JPEG,readable,c49271448429759f2077596b97c080a1b7cb62018890bed30979290bd1635fef,unknown,pending,unreviewed,,
IMG_0697bc0a54b3704d,MO/RES21316.JPG,RES21316.JPG,.jpg,5413299,03,03,,unknown,MO,,,ignored,,,03::MO,parent_folder_fallback,low,4896,3264,JPEG,readable,9674608f87424453873ef8feb95b5d1fafbd5cceef50a7451843e1fad4e71f54,unknown,pending,unreviewed,,
IMG_bce221c98e79cd3f,MO/RES21317.JPG,RES21317.JPG,.jpg,5383370,03,03,,unknown,MO,,,ignored,,,03::MO,parent_folder_fallback,low,4896,3264,JPEG,readable,b1de25267112abad2ee5040b63d402e1f8a6382c5b0a894a52beb74d6f152e7f,unknown,pending,unreviewed,,
IMG_45d714652fadd229,MO/RES21318.JPG,RES21318.JPG,.jpg,5316922,03,03,,unknown,MO,,,ignored,,,03::MO,parent_folder_fallback,low,4896,3264,JPEG,readable,a7cbbb6db196d8c74f0f09b71c9a393048917ab0d71bff90c2cbee5b40616d79,unknown,pending,unreviewed,,
IMG_f5c4df605892143e,MO/RES21319.JPG,RES21319.JPG,.jpg,5351996,03,03,,unknown,MO,,,ignored,,,03::MO,parent_folder_fallback,low,4896,3264,JPEG,readable,76f03283ed3230d6e636dd20f40fe75032cc3478b566bb945dc7c9d4017d42b9,unknown,pending,unreviewed,,
IMG_a78c2f3afe62ecce,MO/RES21320.JPG,RES21320.JPG,.jpg,5381788,03,03,,unknown,MO,,,ignored,,,03::MO,parent_folder_fallback,low,4896,3264,JPEG,readable,8572e02c5043c6bad6d2aa66c6158be6ab5fd66f44d04465d2ea4036c2d121ef,unknown,pending,unreviewed,,
IMG_19b8ad5124892d11,MO/RES21321.JPG,RES21321.JPG,.jpg,5471407,03,03,,unknown,MO,,,ignored,,,03::MO,parent_folder_fallback,low,4896,3264,JPEG,readable,b854501b37fb4989e1a9efd372a4bfc5769dc73a3e24c74fce4ff65cdb402948,unknown,pending,unreviewed,,
IMG_0fd24a09d60a528c,MO/RES21322.JPG,RES21322.JPG,.jpg,5383422,03,03,,unknown,MO,,,ignored,,,03::MO,parent_folder_fallback,low,4896,3264,JPEG,readable,3a82ffeffe4ac063a4b76dd15406a8e1d1a920ab5bfd017e973649c259e11b9f,unknown,pending,unreviewed,,
IMG_819a6d28035e4e8f,MO/RES21325.JPG,RES21325.JPG,.jpg,5536081,03,03,,unknown,MO,,,ignored,,,03::MO,parent_folder_fallback,low,4896,3264,JPEG,readable,ff78a78b73ab98743e19c4c393187aae2404acbb86f43307645714dd8079a2fe,unknown,pending,unreviewed,,
IMG_f3f60f9fc0ac3f45,MO/RES21326.JPG,RES21326.JPG,.jpg,5443730,03,03,,unknown,MO,,,ignored,,,03::MO,parent_folder_fallback,low,4896,3264,JPEG,readable,47a76dab6f47bfe0c0f96065ac77809ae8f79d33bd8b75b4f3c99b9a66ac4831,unknown,pending,unreviewed,,
IMG_6a42be5106720030,MO/RES21327.JPG,RES21327.JPG,.jpg,5547890,03,03,,unknown,MO,,,ignored,,,03::MO,parent_folder_fallback,low,4896,3264,JPEG,readable,aa1c3ad78fc7e639a7372c6f94ef81473b7e835da4e10246af20c58aff2bab9e,unknown,pending,unreviewed,,
IMG_8ef47276ffda348b,MO/RES21328.JPG,RES21328.JPG,.jpg,5453662,03,03,,unknown,MO,,,ignored,,,03::MO,parent_folder_fallback,low,4896,3264,JPEG,readable,4523ab5cb1515666dba6005aa36b944ce5ec277b56dc3981bad13c621090b969,unknown,pending,unreviewed,,
IMG_8c629d884d27db0c,MO/RES21334.JPG,RES21334.JPG,.jpg,5285542,03,03,,unknown,MO,,,ignored,,,03::MO,parent_folder_fallback,low,4896,3264,JPEG,readable,f3c12c858658efc56c0b8a42b49b8b38f0562c4b087672cbd279d0ffa8e8a5f1,unknown,pending,unreviewed,,
IMG_e9c5499729f5041d,MO/RES21335.JPG,RES21335.JPG,.jpg,5266625,03,03,,unknown,MO,,,ignored,,,03::MO,parent_folder_fallback,low,4896,3264,JPEG,readable,415c231a2d1aff669f8e7b8f5ae9a0eea21710dd1bd901349202e45f809b396e,unknown,pending,unreviewed,,
IMG_aad82479cd328a8b,MO/RES21336.JPG,RES21336.JPG,.jpg,5197566,03,03,,unknown,MO,,,ignored,,,03::MO,parent_folder_fallback,low,4896,3264,JPEG,readable,1b341edc1c3e464134cb9d74dbf7e4d2caa9ebc7bb020474621cd2e97d3498cb,unknown,pending,unreviewed,,
IMG_929668a4a53db1be,MO/RES21337.JPG,RES21337.JPG,.jpg,5258768,03,03,,unknown,MO,,,ignored,,,03::MO,parent_folder_fallback,low,4896,3264,JPEG,readable,f3f07935851edbaab1038658da55b837eb76f47e6d11e4c8afb196c300f48fc7,unknown,pending,unreviewed,,
IMG_7eabd31801bcf052,MO/RES21338.JPG,RES21338.JPG,.jpg,5215350,03,03,,unknown,MO,,,ignored,,,03::MO,parent_folder_fallback,low,4896,3264,JPEG,readable,48ef80375128b7a8e6fd9bebc1dd626a06ed9685dbb64c7d7832e41d9440c7a0,unknown,pending,unreviewed,,
IMG_9c573fa4ee02d0ee,MO/RES21339.JPG,RES21339.JPG,.jpg,5166277,03,03,,unknown,MO,,,ignored,,,03::MO,parent_folder_fallback,low,4896,3264,JPEG,readable,8ecdccb75ab601b2373eba8e2e106654bc4b343884cae9b99dafd910bff0e73f,unknown,pending,unreviewed,,
IMG_9818276e5b583f9f,MO/RES21340.JPG,RES21340.JPG,.jpg,5058614,03,03,,unknown,MO,,,ignored,,,03::MO,parent_folder_fallback,low,4896,3264,JPEG,readable,74fc8c8bccf9c35d06c7a1f419c73ef9ced387bb1557ffbe536f95af87451eb1,unknown,pending,unreviewed,,
IMG_6680692669504b51,MO/RES21341.JPG,RES21341.JPG,.jpg,4987242,03,03,,unknown,MO,,,ignored,,,03::MO,parent_folder_fallback,low,4896,3264,JPEG,readable,aab040cbcbefaafcf3c13302b808244aa59f11006d3d94c61d9e48c35a4cc03d,unknown,pending,unreviewed,,
IMG_6af7067d38e38c3a,MO/RES21342.JPG,RES21342.JPG,.jpg,5253530,03,03,,unknown,MO,,,ignored,,,03::MO,parent_folder_fallback,low,4896,3264,JPEG,readable,0f55bd630e0af2f2f5a4ca82b2065d9216e76f96489ccb9e73474c297445663d,unknown,pending,unreviewed,,
IMG_8731c217a8c80d6a,MO/RES21343.JPG,RES21343.JPG,.jpg,5232272,03,03,,unknown,MO,,,ignored,,,03::MO,parent_folder_fallback,low,4896,3264,JPEG,readable,829313957ec96cd8444640b82312193c37b6f4d07b7f896683ad286862bdeb11,unknown,pending,unreviewed,,
IMG_f15b219467658f93,MO/RES21344.JPG,RES21344.JPG,.jpg,5620355,03,03,,unknown,MO,,,ignored,,,03::MO,parent_folder_fallback,low,4896,3264,JPEG,readable,44437047293ff912af74d76d414b03162535faf35f45f41b7ca25d9dc53d865d,unknown,pending,unreviewed,,
IMG_d2a8256a19315bdd,MO/RES21348.JPG,RES21348.JPG,.jpg,5318329,03,03,,unknown,MO,,,ignored,,,03::MO,parent_folder_fallback,low,4896,3264,JPEG,readable,900bed7b89ba6e11b9506d0ba5bcf3d009e2f9d4f466c618fbe69471ed35b273,unknown,pending,unreviewed,,
IMG_20f98003e7ef70ff,MO/RES21349.JPG,RES21349.JPG,.jpg,5143067,03,03,,unknown,MO,,,ignored,,,03::MO,parent_folder_fallback,low,4896,3264,JPEG,readable,f2a17a0290c314d784677405d4b783e98ffeb31351ef0a0424929100f5fc69df,unknown,pending,unreviewed,,
IMG_131c9f1eb139e911,MO/RES21350.JPG,RES21350.JPG,.jpg,5077988,03,03,,unknown,MO,,,ignored,,,03::MO,parent_folder_fallback,low,4896,3264,JPEG,readable,d84d77caa7fb4ba1a3395c4670459f7513c80f82e31d2a650af31d341b8addac,unknown,pending,unreviewed,,
IMG_a7754efdf8710ab5,MO/RES21352.JPG,RES21352.JPG,.jpg,5226854,03,03,,unknown,MO,,,ignored,,,03::MO,parent_folder_fallback,low,4896,3264,JPEG,readable,43b623dd582e9c977b74ab04e68619faeda62ddb9528410866e12c3cf2ce9773,unknown,pending,unreviewed,,
IMG_6f7596bccc667752,MO/RES21353.JPG,RES21353.JPG,.jpg,5069627,03,03,,unknown,MO,,,ignored,,,03::MO,parent_folder_fallback,low,4896,3264,JPEG,readable,8f8afbf92536d8910cd2cbb5cf140362977e7a98a9ebe182185b071b26918a68,unknown,pending,unreviewed,,
IMG_dca87dc3b8964410,MO/RES21354.JPG,RES21354.JPG,.jpg,5068702,03,03,,unknown,MO,,,ignored,,,03::MO,parent_folder_fallback,low,4896,3264,JPEG,readable,2c46819858ee4aee51bd9a8366ea4c9b9d27c39336288f9ebb9c282edce8eb48,unknown,pending,unreviewed,,
IMG_b8e3033ac390ee07,MO/RES21355.JPG,RES21355.JPG,.jpg,5431852,03,03,,unknown,MO,,,ignored,,,03::MO,parent_folder_fallback,low,4896,3264,JPEG,readable,ff7d1a9dfffea5f6365e73d90f5ac09858527e0cb9004c7e0e3b699f296c9cb1,unknown,pending,unreviewed,,
IMG_bf07e0dd9e37cac9,MO/RES21356.JPG,RES21356.JPG,.jpg,5292262,03,03,,unknown,MO,,,ignored,,,03::MO,parent_folder_fallback,low,4896,3264,JPEG,readable,14da2724cc561e9847fc007d68abf0f21055a5de5e173681b358f490f901da47,unknown,pending,unreviewed,,
IMG_8e4c126fcab45a2b,MO/RES21357.JPG,RES21357.JPG,.jpg,5309607,03,03,,unknown,MO,,,ignored,,,03::MO,parent_folder_fallback,low,4896,3264,JPEG,readable,85dd46da54e56858d89eff7ee40f8496b687927ce38f88207fcb8a0caf80a738,unknown,pending,unreviewed,,
IMG_07632820e92a984e,MO/RES21358.JPG,RES21358.JPG,.jpg,5193859,03,03,,unknown,MO,,,ignored,,,03::MO,parent_folder_fallback,low,4896,3264,JPEG,readable,5f18902b9aac2474f259b1dabec636bb3f33beb09274c9aef113383aae98fbe3,unknown,pending,unreviewed,,
IMG_b18f9a644cbf634a,MO/RES21361.JPG,RES21361.JPG,.jpg,6035229,03,03,,unknown,MO,,,ignored,,,03::MO,parent_folder_fallback,low,4896,3264,JPEG,readable,6509ab9c32097aa626b9536ed4fcb33588487a13678a98419912dc22ae6ab271,unknown,pending,unreviewed,,
IMG_31a96dadfe19c3d5,MO/RES21362.JPG,RES21362.JPG,.jpg,5798417,03,03,,unknown,MO,,,ignored,,,03::MO,parent_folder_fallback,low,4896,3264,JPEG,readable,bc61fe49e79107e9527ab83950adb7131c5db62181548a2a739a5f091bb21941,unknown,pending,unreviewed,,
IMG_ee99539e64f0c74b,MO/RES21365.JPG,RES21365.JPG,.jpg,5986492,03,03,,unknown,MO,,,ignored,,,03::MO,parent_folder_fallback,low,4896,3264,JPEG,readable,ea2843b90626e2771bee5dca7152c5f026bc1f40e9f36cdf8e867dfd4ca9d5fd,unknown,pending,unreviewed,,
IMG_31657c42e10e0979,MO/RES21371.JPG,RES21371.JPG,.jpg,6193247,03,03,,unknown,MO,,,ignored,,,03::MO,parent_folder_fallback,low,4896,3264,JPEG,readable,dc353b2d78c66c08e53186390bd1e1ff88878edb29d961f7664e44abe872f54f,unknown,pending,unreviewed,,
IMG_9e40e49b7470961e,MO/RES21372.JPG,RES21372.JPG,.jpg,6038151,03,03,,unknown,MO,,,ignored,,,03::MO,parent_folder_fallback,low,4896,3264,JPEG,readable,89332fc9c8c8aac0bb7bf012967b461f308646a31499f00d0a8b7e63cf1af687,unknown,pending,unreviewed,,
IMG_ecd66753e3e30a0d,MO/RES21373.JPG,RES21373.JPG,.jpg,5901228,03,03,,unknown,MO,,,ignored,,,03::MO,parent_folder_fallback,low,4896,3264,JPEG,readable,51f0560aec4b637f870c0e7757ec308f7b99c701af3b31a96f6db0d812a1ea4c,unknown,pending,unreviewed,,
IMG_f4eeba32368914a3,MO/RES21377.JPG,RES21377.JPG,.jpg,5907732,03,03,,unknown,MO,,,ignored,,,03::MO,parent_folder_fallback,low,4896,3264,JPEG,readable,2e64156b08ceaad6119f5bff29c182e86e5f4b2dded1e30c6c696300cebdff37,unknown,pending,unreviewed,,
IMG_7174c9bca5f54acb,MO/RES21378.JPG,RES21378.JPG,.jpg,6087839,03,03,,unknown,MO,,,ignored,,,03::MO,parent_folder_fallback,low,4896,3264,JPEG,readable,7efd1197707eb2c42b9c5dac9b70581f86da457833e244e5d3cf44e022a97b20,unknown,pending,unreviewed,,
IMG_7b1115b57928b4dd,MO/RES21379.JPG,RES21379.JPG,.jpg,6288869,03,03,,unknown,MO,,,ignored,,,03::MO,parent_folder_fallback,low,4896,3264,JPEG,readable,023f26829f2a722ae947b39192cad92b7433dec40bb3552c15458b6826881f22,unknown,pending,unreviewed,,
IMG_329fedea74e61963,MO/RES21380.JPG,RES21380.JPG,.jpg,6322201,03,03,,unknown,MO,,,ignored,,,03::MO,parent_folder_fallback,low,4896,3264,JPEG,readable,e7aa5506ed3a4d5309bd5aab16130747836ddd2c42adb99f11547eb185d5e10e,unknown,pending,unreviewed,,
IMG_ef9f09198b4b5774,MO/RES21383.JPG,RES21383.JPG,.jpg,5809915,03,03,,unknown,MO,,,ignored,,,03::MO,parent_folder_fallback,low,4896,3264,JPEG,readable,636a0c005bdbbf488b67038d1a8c0a9bb6b0f17256d558de90dd9875f5252952,unknown,pending,unreviewed,,
IMG_6ceb486aa0abaf43,MO/RES21390.JPG,RES21390.JPG,.jpg,5919103,03,03,,unknown,MO,,,ignored,,,03::MO,parent_folder_fallback,low,4896,3264,JPEG,readable,c72f814143df0f7d490e748c52d47dd6c59f2d4abdbee8e9b23e95044610a883,unknown,pending,unreviewed,,
IMG_e4cf188149fb5e15,MO/RES21391.JPG,RES21391.JPG,.jpg,5904672,03,03,,unknown,MO,,,ignored,,,03::MO,parent_folder_fallback,low,4896,3264,JPEG,readable,97e619f0fdb6aa236970d32231926d04ad7365e5de95fa24f4c3a6079d4cf22d,unknown,pending,unreviewed,,
IMG_284f74c873cc2453,MO/RES21393.JPG,RES21393.JPG,.jpg,6975912,03,03,,unknown,MO,,,ignored,,,03::MO,parent_folder_fallback,low,4896,3264,JPEG,readable,48b9fe406700a29e09c87ca01f74b5754179d39631c76fc3acbded8c338e6f89,unknown,pending,unreviewed,,
IMG_540b76c707f1c1b7,MO/RES21394.JPG,RES21394.JPG,.jpg,6918681,03,03,,unknown,MO,,,ignored,,,03::MO,parent_folder_fallback,low,4896,3264,JPEG,readable,3b5081fce20dcb3b813af75ba42e449b473696d4ced4bdb1a564d5a73ec45985,unknown,pending,unreviewed,,
IMG_ad130577582db060,MO/RES21395.JPG,RES21395.JPG,.jpg,6806465,03,03,,unknown,MO,,,ignored,,,03::MO,parent_folder_fallback,low,4896,3264,JPEG,readable,fb4c1eb8488467bb9472420b64c2d608c26bff5f876156bdab49f0cef6e230ed,unknown,pending,unreviewed,,
IMG_c43083e141041e0e,MO/RES21396.JPG,RES21396.JPG,.jpg,6321611,03,03,,unknown,MO,,,ignored,,,03::MO,parent_folder_fallback,low,4896,3264,JPEG,readable,bbbe5bfd2037e896c53a9f2b35f3005325bac4c199683f035a57ac69032f41b5,unknown,pending,unreviewed,,
IMG_7e5cc71c39f1060e,MO/RES21399.JPG,RES21399.JPG,.jpg,6133408,03,03,,unknown,MO,,,ignored,,,03::MO,parent_folder_fallback,low,4896,3264,JPEG,readable,5ed6e499eeb7f9ce4fa30e7b6acf030aaece97c82f57d103c69719f2c20ddb02,unknown,pending,unreviewed,,
IMG_b3767c9b075110a5,MO/RES21400.JPG,RES21400.JPG,.jpg,5991912,03,03,,unknown,MO,,,ignored,,,03::MO,parent_folder_fallback,low,4896,3264,JPEG,readable,21b430da7ece585baf95dc7c41be0acdd03925cef7cb51c5320f5ace3ba2303f,unknown,pending,unreviewed,,
IMG_ef65b8cc51e8f1c0,MO/RES21401.JPG,RES21401.JPG,.jpg,6031369,03,03,,unknown,MO,,,ignored,,,03::MO,parent_folder_fallback,low,4896,3264,JPEG,readable,ad6076a8bd0080c27b3985efde51ef5d5272ef9db6c1040d4e972611439abea3,unknown,pending,unreviewed,,
IMG_47fffdc1816f305d,MO/RES21402.JPG,RES21402.JPG,.jpg,6062560,03,03,,unknown,MO,,,ignored,,,03::MO,parent_folder_fallback,low,4896,3264,JPEG,readable,031fcfd3ba5e39f0d529dac55c8022d622628462e6015a6efc98a31de9e899b4,unknown,pending,unreviewed,,
IMG_e904fa89e545aeb3,MO/RES21403.JPG,RES21403.JPG,.jpg,6124035,03,03,,unknown,MO,,,ignored,,,03::MO,parent_folder_fallback,low,4896,3264,JPEG,readable,19443c5a64d7f14a2e016729d971b310ad7a1ea15d744082ad99efbee4c1c737,unknown,pending,unreviewed,,
IMG_305edb6ccf60c2c3,MO/RES21404.JPG,RES21404.JPG,.jpg,6059947,03,03,,unknown,MO,,,ignored,,,03::MO,parent_folder_fallback,low,4896,3264,JPEG,readable,77ad631168028127b91b4fc1303e7b166137cb87d3bcf3cff7959505ea867c4b,unknown,pending,unreviewed,,
IMG_2a2aeb5985d0cb5d,MO/RES21405.JPG,RES21405.JPG,.jpg,6097508,03,03,,unknown,MO,,,ignored,,,03::MO,parent_folder_fallback,low,4896,3264,JPEG,readable,75e179ba0d72723e61f7a917f8df8cc8c86cd1c93bbd6cfd406973169634f78c,unknown,pending,unreviewed,,
IMG_043e8bcd37593717,MO/RES21406.JPG,RES21406.JPG,.jpg,5945918,03,03,,unknown,MO,,,ignored,,,03::MO,parent_folder_fallback,low,4896,3264,JPEG,readable,45589f13c98b3e1fa3b7856360537063e4607e254471ead790625edef5c17f65,unknown,pending,unreviewed,,
IMG_c33146e775359879,MO/RES21407.JPG,RES21407.JPG,.jpg,7181549,03,03,,unknown,MO,,,ignored,,,03::MO,parent_folder_fallback,low,4896,3264,JPEG,readable,ba9d903bb7fffe91265b67b3493c3ee1b0b7b25be65ff7ed228c9bf5a0616a4e,unknown,pending,unreviewed,,
IMG_e98c16d2a32e75a8,MO/RES21408.JPG,RES21408.JPG,.jpg,7049122,03,03,,unknown,MO,,,ignored,,,03::MO,parent_folder_fallback,low,4896,3264,JPEG,readable,f0f0a28ec234e991796f164462e505afc39f013d9a06d10653ad66a7cb6e1c68,unknown,pending,unreviewed,,
IMG_7f86d0136f42c127,MO/RES21409.JPG,RES21409.JPG,.jpg,7030750,03,03,,unknown,MO,,,ignored,,,03::MO,parent_folder_fallback,low,4896,3264,JPEG,readable,0bc30429ae04596d6c596f9ca3665c76326e4f52044a101d76caec286a749769,unknown,pending,unreviewed,,
IMG_aa2f122d608911e8,MO/RES21410.JPG,RES21410.JPG,.jpg,7019918,03,03,,unknown,MO,,,ignored,,,03::MO,parent_folder_fallback,low,4896,3264,JPEG,readable,b70abea174ccdbaa5033d56c9662b57a93ef315bcb578f3f2cd370bf6ce7ba39,unknown,pending,unreviewed,,
IMG_a406babc84449fc3,MO/RES21411.JPG,RES21411.JPG,.jpg,5734139,03,03,,unknown,MO,,,ignored,,,03::MO,parent_folder_fallback,low,4896,3264,JPEG,readable,9a12603a905060c1ed1a89b57e48a364765fd2e921ef2b986dd42c14e644b022,unknown,pending,unreviewed,,
IMG_0a8ed719d342c232,MO/RES21412.JPG,RES21412.JPG,.jpg,5983123,03,03,,unknown,MO,,,ignored,,,03::MO,parent_folder_fallback,low,4896,3264,JPEG,readable,7942100c2777e6dd734c71705bc7ee816f7ade5c09bb50d9c2ca6547ab67da07,unknown,pending,unreviewed,,
IMG_804b7c4afe1956e1,MO/RES21415.JPG,RES21415.JPG,.jpg,6784826,03,03,,unknown,MO,,,ignored,,,03::MO,parent_folder_fallback,low,4896,3264,JPEG,readable,161c6965217a011cfe264a184b3b48c4bb41c98a017da0be4cb542b2e51acfb4,unknown,pending,unreviewed,,
IMG_3f1121defec27c39,MO/RES21416.JPG,RES21416.JPG,.jpg,6754238,03,03,,unknown,MO,,,ignored,,,03::MO,parent_folder_fallback,low,4896,3264,JPEG,readable,0436efc365a97a4cb707e345cd9cdadd57acf2a071ba1958fea174b20cdf5edd,unknown,pending,unreviewed,,
IMG_d55adce9e47820f0,MO/RES21418.JPG,RES21418.JPG,.jpg,6654466,03,03,,unknown,MO,,,ignored,,,03::MO,parent_folder_fallback,low,4896,3264,JPEG,readable,1a5cfa5deeecc28dab6b8e14ac91bdbce22c8d73cbd58017d2041d4742442464,unknown,pending,unreviewed,,
IMG_42353ab4eab8ec74,MO/RES21419.JPG,RES21419.JPG,.jpg,6533051,03,03,,unknown,MO,,,ignored,,,03::MO,parent_folder_fallback,low,4896,3264,JPEG,readable,510db2fd6867d0bcd82debf365349c6ef5b3fdf40ede32d8c1c0758ed1ac7919,unknown,pending,unreviewed,,
IMG_600a35488ba2785e,MO/RES21420.JPG,RES21420.JPG,.jpg,6665919,03,03,,unknown,MO,,,ignored,,,03::MO,parent_folder_fallback,low,4896,3264,JPEG,readable,95327c7594eb273e5753be9cbca466eb0962c7a7a4a97e63d462e6935976f075,unknown,pending,unreviewed,,
IMG_a8766aa7905d0223,MO/RES21421.JPG,RES21421.JPG,.jpg,6766381,03,03,,unknown,MO,,,ignored,,,03::MO,parent_folder_fallback,low,4896,3264,JPEG,readable,d96a780bb4ad51f8dbf2f3b70a299b9968759c4ca33f36b0c29d239249975c75,unknown,pending,unreviewed,,
IMG_4b85f1456b2bdf7a,MO/RES21422.JPG,RES21422.JPG,.jpg,5819685,03,03,,unknown,MO,,,ignored,,,03::MO,parent_folder_fallback,low,4896,3264,JPEG,readable,eadee85f5e3c1205b100e12c42b1a01a64baa1b36cad4caa086cc53b874694ab,unknown,pending,unreviewed,,
IMG_7957290258cd9b6a,MO/RES21423.JPG,RES21423.JPG,.jpg,5804357,03,03,,unknown,MO,,,ignored,,,03::MO,parent_folder_fallback,low,4896,3264,JPEG,readable,db199369347075dd28b45e31e75ee44312c52a98c3ed921f314ce6fbff323fc4,unknown,pending,unreviewed,,
IMG_ba63933c7cfb50f1,MO/RES21424.JPG,RES21424.JPG,.jpg,5771147,03,03,,unknown,MO,,,ignored,,,03::MO,parent_folder_fallback,low,4896,3264,JPEG,readable,44bce718fde7f37e48f4cf492733094527c9547e5cfca072da5feac0809cb8f9,unknown,pending,unreviewed,,
IMG_1d3b8f78fab8274d,MO/RES21425.JPG,RES21425.JPG,.jpg,5701190,03,03,,unknown,MO,,,ignored,,,03::MO,parent_folder_fallback,low,4896,3264,JPEG,readable,1784c94db898a1a0f15d905b96cae7b88f91d5013792a46b9a5cbd4317ded888,unknown,pending,unreviewed,,
IMG_34d0511435a0ac20,MO/RES21426.JPG,RES21426.JPG,.jpg,6261521,03,03,,unknown,MO,,,ignored,,,03::MO,parent_folder_fallback,low,4896,3264,JPEG,readable,5c5b30e5ba71784d9fdc2611a7ec23375de92ed9aa9d4562204985c67e4ae23f,unknown,pending,unreviewed,,
IMG_ddb241b286dc01aa,MO/RES21427.JPG,RES21427.JPG,.jpg,6370021,03,03,,unknown,MO,,,ignored,,,03::MO,parent_folder_fallback,low,4896,3264,JPEG,readable,d72ff5c325e1c68cb81520ed524058ff51e2c4e1b78041cd1e4087e48ea23475,unknown,pending,unreviewed,,
IMG_0dc02e7861501692,MO/RES21428.JPG,RES21428.JPG,.jpg,6359510,03,03,,unknown,MO,,,ignored,,,03::MO,parent_folder_fallback,low,4896,3264,JPEG,readable,e609a63181e1bb0ac35018dcbc8092c46df1b9dc06f8d674dfc6dc01489ace42,unknown,pending,unreviewed,,
IMG_555d33b04b7118fd,MO/RES21429.JPG,RES21429.JPG,.jpg,6166396,03,03,,unknown,MO,,,ignored,,,03::MO,parent_folder_fallback,low,4896,3264,JPEG,readable,69b4982a5099901c35712f7518ddb2bd29566dd8bb32bfcddc48604ea9cb5e4f,unknown,pending,unreviewed,,
IMG_8c6a3b7809c0dd7f,MO/RES21437.JPG,RES21437.JPG,.jpg,6474382,03,03,,unknown,MO,,,ignored,,,03::MO,parent_folder_fallback,low,4896,3264,JPEG,readable,d9f46a23e9bb54b38e7df1fc1df38ca4c1ae9b1aa64f77d8a9641781e14c1e3d,unknown,pending,unreviewed,,
IMG_bf2b376bfb4f1da2,MO/RES21438.JPG,RES21438.JPG,.jpg,6011234,03,03,,unknown,MO,,,ignored,,,03::MO,parent_folder_fallback,low,4896,3264,JPEG,readable,2d0cfc058581fcd8e2a8e31c5613f1031602748913c29b258cf64be1f93f1cbd,unknown,pending,unreviewed,,
IMG_bde2537db6ed4b26,MO/RES21439.JPG,RES21439.JPG,.jpg,6030328,03,03,,unknown,MO,,,ignored,,,03::MO,parent_folder_fallback,low,4896,3264,JPEG,readable,b4135b53689bc057de6fc325c4dc8eb30ac67e7e247f9ccd048588ef53582942,unknown,pending,unreviewed,,
IMG_1d018b5abaaf4382,MO/RES21440.JPG,RES21440.JPG,.jpg,6070828,03,03,,unknown,MO,,,ignored,,,03::MO,parent_folder_fallback,low,4896,3264,JPEG,readable,a4c95854ff6322d8443288a3c9e3d583b0f6bdaadc26b083f75dee8e18c514ea,unknown,pending,unreviewed,,
IMG_4a989244b5b539a5,MO/RES21451.JPG,RES21451.JPG,.jpg,5991572,03,03,,unknown,MO,,,ignored,,,03::MO,parent_folder_fallback,low,4896,3264,JPEG,readable,3e45a10584e387b9cad3ba4d97ba4ab272eaac4aab0665c37849e616dc2c64e1,unknown,pending,unreviewed,,
IMG_70bd12d1b558244b,MO/RES21454.JPG,RES21454.JPG,.jpg,5967945,03,03,,unknown,MO,,,ignored,,,03::MO,parent_folder_fallback,low,4896,3264,JPEG,readable,a7fc70adb8bdff7749f0826b6f160c19f2e4899dc195afcba37005152a3de2da,unknown,pending,unreviewed,,
IMG_b33617e39ca1b3ef,MO/RES21455.JPG,RES21455.JPG,.jpg,5997785,03,03,,unknown,MO,,,ignored,,,03::MO,parent_folder_fallback,low,4896,3264,JPEG,readable,8d7fdeefaed1d116d971353a032a6d320ae0e9c21e6aee4a42e8aedf8776c7ad,unknown,pending,unreviewed,,
IMG_37c20e1ec34f5477,MO/RES21456.JPG,RES21456.JPG,.jpg,6099696,03,03,,unknown,MO,,,ignored,,,03::MO,parent_folder_fallback,low,4896,3264,JPEG,readable,266ab9094e333a810c55fff0f1107b5e298f96edb75883fb8cf064b1228deba2,unknown,pending,unreviewed,,
IMG_e2221da44b89e009,MO/RES21457.JPG,RES21457.JPG,.jpg,6207587,03,03,,unknown,MO,,,ignored,,,03::MO,parent_folder_fallback,low,4896,3264,JPEG,readable,bfea17da92e02291db0dc95debb5d5d80e1b8d05724ff16904a02a569299c478,unknown,pending,unreviewed,,
IMG_4a90a3c7479d9ec6,MO/RES21460.JPG,RES21460.JPG,.jpg,5835581,03,03,,unknown,MO,,,ignored,,,03::MO,parent_folder_fallback,low,4896,3264,JPEG,readable,75c66391dfd4520c9e37e71eb5825390cb3186df71dbbb0b7329803cfdc55332,unknown,pending,unreviewed,,
IMG_59a07f11f903634b,MO/RES21461.JPG,RES21461.JPG,.jpg,5860482,03,03,,unknown,MO,,,ignored,,,03::MO,parent_folder_fallback,low,4896,3264,JPEG,readable,6220c19418e8f233b0a2cd2926a53669cf8d4d9cf0447c2996d35ea7f85bb9a4,unknown,pending,unreviewed,,
IMG_625050baaa647503,MO/RES21462.JPG,RES21462.JPG,.jpg,5887025,03,03,,unknown,MO,,,ignored,,,03::MO,parent_folder_fallback,low,4896,3264,JPEG,readable,7767c0a1673b32b3aea8c430c5d959352dc6a3434d863187f3ef90eaeb195977,unknown,pending,unreviewed,,
IMG_d2a44fdca2a5dcea,MO/RES21463.JPG,RES21463.JPG,.jpg,5878325,03,03,,unknown,MO,,,ignored,,,03::MO,parent_folder_fallback,low,4896,3264,JPEG,readable,e162d939ee4d9171588f783325bebc9f227a7014d8f56023ba60416ab0baf067,unknown,pending,unreviewed,,
IMG_7d8d66b7a8fd4c4e,MO/RES21467.JPG,RES21467.JPG,.jpg,5853300,03,03,,unknown,MO,,,ignored,,,03::MO,parent_folder_fallback,low,4896,3264,JPEG,readable,2eb01a9883ed090a1b0c6dcd6c275f2198c06e5c5c76cb40d00e0848d4bfff21,unknown,pending,unreviewed,,
IMG_1dfbeb9bca6de745,MO/RES21468.JPG,RES21468.JPG,.jpg,5850256,03,03,,unknown,MO,,,ignored,,,03::MO,parent_folder_fallback,low,4896,3264,JPEG,readable,1ea51fc2d76d73e1338dcd68f5a9ba3c167e3f7d50304055ff2a6196c77a1fcf,unknown,pending,unreviewed,,
IMG_7689e087c34966df,MO/RES21469.JPG,RES21469.JPG,.jpg,5944011,03,03,,unknown,MO,,,ignored,,,03::MO,parent_folder_fallback,low,4896,3264,JPEG,readable,a3e26188cfa4fb8a452033ade6d5802cdb40010460cd64fa77261a916e50ca7a,unknown,pending,unreviewed,,
IMG_ea261786a6488ad0,MO/RES21470.JPG,RES21470.JPG,.jpg,6455177,03,03,,unknown,MO,,,ignored,,,03::MO,parent_folder_fallback,low,4896,3264,JPEG,readable,c65dcfebbf0264bab7753ab550b45cc1f7909651dbdecf4c1185d42efceb1f7b,unknown,pending,unreviewed,,
IMG_1a837caf1adfbb36,MO/RES21471.JPG,RES21471.JPG,.jpg,6520726,03,03,,unknown,MO,,,ignored,,,03::MO,parent_folder_fallback,low,4896,3264,JPEG,readable,7601cc2b4e254d8ebb3c2e26cf0ba9ba38634cfd67b83fa732fec7147be3456b,unknown,pending,unreviewed,,
IMG_229f97fa622b00eb,MO/RES21474.JPG,RES21474.JPG,.jpg,5861163,03,03,,unknown,MO,,,ignored,,,03::MO,parent_folder_fallback,low,4896,3264,JPEG,readable,d0574b71a738edea61c97a7e58bbb27af10c81741cb0dd577a627f7e5b132bca,unknown,pending,unreviewed,,
IMG_b381f221432e476e,MO/RES21475.JPG,RES21475.JPG,.jpg,6247309,03,03,,unknown,MO,,,ignored,,,03::MO,parent_folder_fallback,low,4896,3264,JPEG,readable,8a32893987d14facc6e7f72825fa8e643e045c5cbbd8916870f687cb471fef59,unknown,pending,unreviewed,,
IMG_b94df8a6b15cc5c1,MO/RES21481.JPG,RES21481.JPG,.jpg,6997891,03,03,,unknown,MO,,,ignored,,,03::MO,parent_folder_fallback,low,4896,3264,JPEG,readable,a70522f5dc7aedc17d45874041cc0ca3de4045b8c983abbe0b6acb458276cc17,unknown,pending,unreviewed,,
IMG_b4cb0723c1b8a561,MO/RES21482.JPG,RES21482.JPG,.jpg,6951404,03,03,,unknown,MO,,,ignored,,,03::MO,parent_folder_fallback,low,4896,3264,JPEG,readable,2d759b85a2cfd0bc6a5bb440c91e9907f8214fb7559ffd5172f3a7160f48b345,unknown,pending,unreviewed,,
IMG_a9114f12af8cb491,MO/RES21483.JPG,RES21483.JPG,.jpg,6644246,03,03,,unknown,MO,,,ignored,,,03::MO,parent_folder_fallback,low,4896,3264,JPEG,readable,68ad2fed82025d54dcf93ecff5e19860f77ba21647b7f092d8a28bcf782b29ff,unknown,pending,unreviewed,,
IMG_5f97ae1410c0cb84,MO/RES21484.JPG,RES21484.JPG,.jpg,6622269,03,03,,unknown,MO,,,ignored,,,03::MO,parent_folder_fallback,low,4896,3264,JPEG,readable,32a1fcc84a2751db50b5748b22f0ab4d24c9bba7a9cf84939b99b898855346b3,unknown,pending,unreviewed,,
IMG_683233c28d915a5b,MO/RES21485.JPG,RES21485.JPG,.jpg,6705479,03,03,,unknown,MO,,,ignored,,,03::MO,parent_folder_fallback,low,4896,3264,JPEG,readable,c0a24d786518af5ab107ef62a20ff7137c091160e313a1c0abbaa729a434d6bc,unknown,pending,unreviewed,,
IMG_c4f1a41b42b495c1,MO/RES21487.JPG,RES21487.JPG,.jpg,6416694,03,03,,unknown,MO,,,ignored,,,03::MO,parent_folder_fallback,low,4896,3264,JPEG,readable,95af9dba861e55fa4aabe937adbd8cc13289ded13b54ac2a493919e4970717b1,unknown,pending,unreviewed,,
IMG_97053c5492e20d6c,MO/RES21488.JPG,RES21488.JPG,.jpg,6013153,03,03,,unknown,MO,,,ignored,,,03::MO,parent_folder_fallback,low,4896,3264,JPEG,readable,c9efe5a567bf68ab3d9fc6e411dd45409b31a9163581ffb3bbd1925d95907d75,unknown,pending,unreviewed,,
IMG_b021ded5af06bbc5,MO/RES21489.JPG,RES21489.JPG,.jpg,5826461,03,03,,unknown,MO,,,ignored,,,03::MO,parent_folder_fallback,low,4896,3264,JPEG,readable,7fdcc9764dc81dc03752cb5de9341aee4c73f35b68f78962b1da8b1cc59e1f74,unknown,pending,unreviewed,,
IMG_b6a603867de321d9,MO/RES21490.JPG,RES21490.JPG,.jpg,5725907,03,03,,unknown,MO,,,ignored,,,03::MO,parent_folder_fallback,low,4896,3264,JPEG,readable,a3a7b6ec96a93fe97fd9085e46186e60f504279e5d909b4ddcce439309e83f15,unknown,pending,unreviewed,,
IMG_9370604719a4b0b0,MO/RES21491.JPG,RES21491.JPG,.jpg,5734634,03,03,,unknown,MO,,,ignored,,,03::MO,parent_folder_fallback,low,4896,3264,JPEG,readable,224f7930d137ae771eb57949b99b6f4d08bc8727c64e1dc56a2fcfec91d7f3b8,unknown,pending,unreviewed,,
IMG_4e4175679cc51d97,MO/RES21492.JPG,RES21492.JPG,.jpg,5822443,03,03,,unknown,MO,,,ignored,,,03::MO,parent_folder_fallback,low,4896,3264,JPEG,readable,7a16c118614f5d600710c84e427368d7a1725c02c480b9d23abbb26203681106,unknown,pending,unreviewed,,
IMG_9ca173d272c19c1c,MO/RES21493.JPG,RES21493.JPG,.jpg,6398521,03,03,,unknown,MO,,,ignored,,,03::MO,parent_folder_fallback,low,4896,3264,JPEG,readable,923a29fe177c0760ed5738c6e3aaae960e088aa3226cb2a49049d2e898d9c947,unknown,pending,unreviewed,,
IMG_e9ad12c22b0fe555,MO/RES21494.JPG,RES21494.JPG,.jpg,5823868,03,03,,unknown,MO,,,ignored,,,03::MO,parent_folder_fallback,low,4896,3264,JPEG,readable,a25096c609b9bc5f2f232d3404c847e9704830111f85a03f6b48ea9c17e6aea6,unknown,pending,unreviewed,,
IMG_1024fc0e8f685360,MO/RES21495.JPG,RES21495.JPG,.jpg,5394364,03,03,,unknown,MO,,,ignored,,,03::MO,parent_folder_fallback,low,4896,3264,JPEG,readable,1a37ec3acab26f0d6c3844ac0685e7a681052547f726d1e2c689f9fb63351074,unknown,pending,unreviewed,,
IMG_47262bf3203d0283,MO/RES21496.JPG,RES21496.JPG,.jpg,5216925,03,03,,unknown,MO,,,ignored,,,03::MO,parent_folder_fallback,low,4896,3264,JPEG,readable,3cd4acb32eb87fc1cd58ba5731a0030f00a1a60da98213714c139f274886a3ad,unknown,pending,unreviewed,,
IMG_2990f0754527ecf8,MO/RES21497.JPG,RES21497.JPG,.jpg,7277985,03,03,,unknown,MO,,,ignored,,,03::MO,parent_folder_fallback,low,4896,3264,JPEG,readable,1efa896ef3f985c5807b34160203fc3a03c211831d456ba2e68941b3c4372f5b,unknown,pending,unreviewed,,
IMG_8968e2f46bd4a591,MO/RES21498.JPG,RES21498.JPG,.jpg,5255655,03,03,,unknown,MO,,,ignored,,,03::MO,parent_folder_fallback,low,4896,3264,JPEG,readable,cd316d241389d7e1a167f8c2e20d003bbb047dcc49e2aa00a969e138f4200049,unknown,pending,unreviewed,,
IMG_8418f46aaa0e05f2,MO/RES21499.JPG,RES21499.JPG,.jpg,5152351,03,03,,unknown,MO,,,ignored,,,03::MO,parent_folder_fallback,low,4896,3264,JPEG,readable,e5f3bcea140e2179d215bb2fa3e99cbc6dde7aea11d4174ada77958ff1522090,unknown,pending,unreviewed,,
IMG_c4ff0b0bb70e9f4e,MO/RES21500.JPG,RES21500.JPG,.jpg,5119953,03,03,,unknown,MO,,,ignored,,,03::MO,parent_folder_fallback,low,4896,3264,JPEG,readable,f22f651670a571dbd9a4a0156225f0fa82ba42b4bd3115e7c4b61ecb87eb10bc,unknown,pending,unreviewed,,
IMG_ace763b08675d021,MO/RES21501.JPG,RES21501.JPG,.jpg,5304430,03,03,,unknown,MO,,,ignored,,,03::MO,parent_folder_fallback,low,4896,3264,JPEG,readable,a2a249fc87a1ccbb90f0657012ac47e2959bdcbc4e11c3ca8b4188ad4a214a94,unknown,pending,unreviewed,,
IMG_dbac79d4ced88ee0,MO/RES21502.JPG,RES21502.JPG,.jpg,5476324,03,03,,unknown,MO,,,ignored,,,03::MO,parent_folder_fallback,low,4896,3264,JPEG,readable,ded0d131fca0a23998223d58e1d00f313438e744dc0a23824b2537dd3dc1f3ba,unknown,pending,unreviewed,,
IMG_71a82eb94e5366b0,MO/RES21507.JPG,RES21507.JPG,.jpg,6025739,03,03,,unknown,MO,,,ignored,,,03::MO,parent_folder_fallback,low,4896,3264,JPEG,readable,eb64ccbb59aba51aae43cac1e9738ee57cb105c9aff47ef11c5e40dcb536debd,unknown,pending,unreviewed,,
IMG_118ec8575e24d9d1,MO/RES21508.JPG,RES21508.JPG,.jpg,6029857,03,03,,unknown,MO,,,ignored,,,03::MO,parent_folder_fallback,low,4896,3264,JPEG,readable,4d997cabe4025e10ce44ec1bcc37c1b2d716788271a1e196e2aec7002246f089,unknown,pending,unreviewed,,
IMG_83c58b95f52b493b,MO/RES21509.JPG,RES21509.JPG,.jpg,5996565,03,03,,unknown,MO,,,ignored,,,03::MO,parent_folder_fallback,low,4896,3264,JPEG,readable,df9c6c4989701fdda5acf903b2398e800992426a4ed514896877f985a9fa27c5,unknown,pending,unreviewed,,
IMG_d4d5d01d7c966dad,MO/RES21510.JPG,RES21510.JPG,.jpg,5554299,03,03,,unknown,MO,,,ignored,,,03::MO,parent_folder_fallback,low,4896,3264,JPEG,readable,e6d2e1001cc4a1ecedc45c43212278cf0f194d7a63db31b229c066c799aab05b,unknown,pending,unreviewed,,
IMG_745bf45fe5005b42,MO/RES21511.JPG,RES21511.JPG,.jpg,5578554,03,03,,unknown,MO,,,ignored,,,03::MO,parent_folder_fallback,low,4896,3264,JPEG,readable,f38ca0c2d899ac5c9e384f0f28d10e66b277e5980cd97502a959b06f40a98b80,unknown,pending,unreviewed,,
IMG_4b689653c29334a8,MO/RES21512.JPG,RES21512.JPG,.jpg,5504008,03,03,,unknown,MO,,,ignored,,,03::MO,parent_folder_fallback,low,4896,3264,JPEG,readable,f91e70ebf90b3a57aee862b9d001a32690900bb23dee98bfdb4160eb703de6b4,unknown,pending,unreviewed,,
IMG_66209b29e5da871e,MO/RES21513.JPG,RES21513.JPG,.jpg,6154975,03,03,,unknown,MO,,,ignored,,,03::MO,parent_folder_fallback,low,4896,3264,JPEG,readable,8c6ad7a3b62158f7b379c8e6ae1d58ca674c051ee90147b49634fe5aebf22f74,unknown,pending,unreviewed,,
IMG_4602ef49a24b23a2,MO/RES21514.JPG,RES21514.JPG,.jpg,5731793,03,03,,unknown,MO,,,ignored,,,03::MO,parent_folder_fallback,low,4896,3264,JPEG,readable,866d14f4fe37e5defaf32ecdbf500335427baf3db446c452faabce5eccca0515,unknown,pending,unreviewed,,
IMG_217274c1e47fb463,MO/RES21516.JPG,RES21516.JPG,.jpg,6080349,03,03,,unknown,MO,,,ignored,,,03::MO,parent_folder_fallback,low,4896,3264,JPEG,readable,2f68c176afb6a081fee790799b053fcacdb2e4ea8203c18e01b3166105b1feda,unknown,pending,unreviewed,,
IMG_a352a5ba20e4fec5,MO/RES21519.JPG,RES21519.JPG,.jpg,6167412,03,03,,unknown,MO,,,ignored,,,03::MO,parent_folder_fallback,low,4896,3264,JPEG,readable,c8f5c73025c16958b0d1e1797113ba7cbd7f41202462177a7bf4debb826b0f0e,unknown,pending,unreviewed,,
IMG_4ef78542f7faa149,MO/RES21520.JPG,RES21520.JPG,.jpg,6242893,03,03,,unknown,MO,,,ignored,,,03::MO,parent_folder_fallback,low,4896,3264,JPEG,readable,f820298d34b5390cfe4df66986d260f4d571d2c7afe36bdeb55f89324bdb525e,unknown,pending,unreviewed,,
IMG_f8d16ff5f2d3d777,MO/RES21521.JPG,RES21521.JPG,.jpg,6198757,03,03,,unknown,MO,,,ignored,,,03::MO,parent_folder_fallback,low,4896,3264,JPEG,readable,532d44bc02c6cc3f07067b19cf8759c30f7494de11aa13347aa26f48caafa751,unknown,pending,unreviewed,,
IMG_fd3d672d7d9e4544,MO/RES21522.JPG,RES21522.JPG,.jpg,6165579,03,03,,unknown,MO,,,ignored,,,03::MO,parent_folder_fallback,low,4896,3264,JPEG,readable,3fa65a29962205a0a2ba8a4f01fb3656eeb98328fb441d4ca143065e102be2ea,unknown,pending,unreviewed,,
IMG_2435d9e935e50a46,MO/RES21524.JPG,RES21524.JPG,.jpg,6128518,03,03,,unknown,MO,,,ignored,,,03::MO,parent_folder_fallback,low,4896,3264,JPEG,readable,1d0f0245825c3f01f51d0e7a5b2f52bbbe52a55d11e90464728e64f7a7fa99ac,unknown,pending,unreviewed,,
IMG_ec691501d3f6ad7f,MO/RES21525.JPG,RES21525.JPG,.jpg,6082947,03,03,,unknown,MO,,,ignored,,,03::MO,parent_folder_fallback,low,4896,3264,JPEG,readable,0dc12c2964297d5d92e73a611df1c41961e66086eb3bd16a633c545b1bb6aabb,unknown,pending,unreviewed,,
IMG_127b276015891302,MO/RES21526.JPG,RES21526.JPG,.jpg,6051511,03,03,,unknown,MO,,,ignored,,,03::MO,parent_folder_fallback,low,4896,3264,JPEG,readable,f094cb5240b1bcca0101e5d8fb5e5afc4a869deece14562e9b6fbe6c9eb9ac2e,unknown,pending,unreviewed,,
IMG_714220ec915e5672,MO/RES21527.JPG,RES21527.JPG,.jpg,5413355,03,03,,unknown,MO,,,ignored,,,03::MO,parent_folder_fallback,low,4896,3264,JPEG,readable,b0a5cd3177276cd09908e10ad98770ad75390e0ffd9f470d90f50c71706f8643,unknown,pending,unreviewed,,
IMG_4d72713c88dbb1a0,MO/RES21533.JPG,RES21533.JPG,.jpg,4723911,03,03,,unknown,MO,,,ignored,,,03::MO,parent_folder_fallback,low,4896,3264,JPEG,readable,b4ef701857fa82f63c06090a71e257149ac7420c90cb551aa1ace4f82050b176,unknown,pending,unreviewed,,
IMG_196d305375a1ecb8,MO/RES21534.JPG,RES21534.JPG,.jpg,4890813,03,03,,unknown,MO,,,ignored,,,03::MO,parent_folder_fallback,low,4896,3264,JPEG,readable,9a491038e4f112790feae19cc02de5ae22579234cf6bc62dc401aa569f36b1bf,unknown,pending,unreviewed,,
IMG_3a7f372b5b888e46,MO/RES21537.JPG,RES21537.JPG,.jpg,6308708,03,03,,unknown,MO,,,ignored,,,03::MO,parent_folder_fallback,low,4896,3264,JPEG,readable,7f2cc8527e8fecb33366928277c8794e29d470298d2b25a14d9cf5ec00ebb92b,unknown,pending,unreviewed,,
IMG_6fd538ce18dabb00,MO/RES21538.JPG,RES21538.JPG,.jpg,6285690,03,03,,unknown,MO,,,ignored,,,03::MO,parent_folder_fallback,low,4896,3264,JPEG,readable,f2e0fa08aba1e825e8fe81d4013174387fce9ab66daf9ba0c2c4b65b78022462,unknown,pending,unreviewed,,
IMG_a3c084c1152b7553,MO/RES21541.JPG,RES21541.JPG,.jpg,6269823,03,03,,unknown,MO,,,ignored,,,03::MO,parent_folder_fallback,low,4896,3264,JPEG,readable,00529e54b36f611fd8c3bdcf14bce49f63e0f1e6f15ac7d9aebe0f040518862f,unknown,pending,unreviewed,,
IMG_2e50c07eefce60ce,MO/RES21542.JPG,RES21542.JPG,.jpg,6136515,03,03,,unknown,MO,,,ignored,,,03::MO,parent_folder_fallback,low,4896,3264,JPEG,readable,c450917b8f93b5f4b66b8fd730c1c3c645af0ded5597aa5eb8d4ebc999408d96,unknown,pending,unreviewed,,
IMG_28a3ad24437a58ef,MO/RES21543.JPG,RES21543.JPG,.jpg,6202551,03,03,,unknown,MO,,,ignored,,,03::MO,parent_folder_fallback,low,4896,3264,JPEG,readable,d710105d96fe5493445f8c4197dbedd5089d3b0b90a9b710789f42e441caed86,unknown,pending,unreviewed,,
IMG_687c0e282a6fa519,MO/RES21544.JPG,RES21544.JPG,.jpg,6324750,03,03,,unknown,MO,,,ignored,,,03::MO,parent_folder_fallback,low,4896,3264,JPEG,readable,10f4044987965262c37945ab5f089c7d0b258f357abd6f652673acf1d4ea532b,unknown,pending,unreviewed,,
IMG_0f8a602b24cd56ca,MO/RES21545.JPG,RES21545.JPG,.jpg,6331333,03,03,,unknown,MO,,,ignored,,,03::MO,parent_folder_fallback,low,4896,3264,JPEG,readable,1cc4452b065ed68be7fafac698280a778302b187d79e5e32561b1a610e05b3f6,unknown,pending,unreviewed,,
IMG_93ed750c32054db3,MO/RES21547.JPG,RES21547.JPG,.jpg,6165185,03,03,,unknown,MO,,,ignored,,,03::MO,parent_folder_fallback,low,4896,3264,JPEG,readable,b68d074af9c2d26042ff6f7cf1206c9ec7145e835d0b0e819a6d9258ceec18e8,unknown,pending,unreviewed,,
IMG_c86bbe6a6c70f05c,MO/RES21549.JPG,RES21549.JPG,.jpg,6002864,03,03,,unknown,MO,,,ignored,,,03::MO,parent_folder_fallback,low,4896,3264,JPEG,readable,19ecf409951836fecf3b4497712028f69db3de251ab6e1525d4484e60423fdfb,unknown,pending,unreviewed,,
IMG_114538fb61175dfa,MO/RES21550.JPG,RES21550.JPG,.jpg,5889236,03,03,,unknown,MO,,,ignored,,,03::MO,parent_folder_fallback,low,4896,3264,JPEG,readable,6c52304f8b442c60b252aff7a5bd1b9e9b0b71a8acf4094532270797d3e1fb06,unknown,pending,unreviewed,,
IMG_c2e2cdcd32b47ca4,MO/RES21551.JPG,RES21551.JPG,.jpg,5728461,03,03,,unknown,MO,,,ignored,,,03::MO,parent_folder_fallback,low,4896,3264,JPEG,readable,386801ea135cc86ea1f8018010ed58028b8b2ef71348c77597d45c521375c76a,unknown,pending,unreviewed,,
IMG_97808d343e9a8d36,MO/RES21552.JPG,RES21552.JPG,.jpg,6003866,03,03,,unknown,MO,,,ignored,,,03::MO,parent_folder_fallback,low,4896,3264,JPEG,readable,6f644e3ce546c9b40547008c584e31f958093e770155a11945769a4a864b3321,unknown,pending,unreviewed,,
IMG_6165c0921fc948fc,MO/RES21553.JPG,RES21553.JPG,.jpg,5585917,03,03,,unknown,MO,,,ignored,,,03::MO,parent_folder_fallback,low,4896,3264,JPEG,readable,d4e3d75fdb73b01413367a5edbd1c55d17b5561bca6c1d86b1c75f6a7c60345b,unknown,pending,unreviewed,,
IMG_f6eb9e4be26923ed,MO/RES21554.JPG,RES21554.JPG,.jpg,5227815,03,03,,unknown,MO,,,ignored,,,03::MO,parent_folder_fallback,low,4896,3264,JPEG,readable,4e483ead89bbd2a95fd20d2918fee07d5c90c93a34cf3ac0fd28eef73d515a3a,unknown,pending,unreviewed,,
IMG_f75507bd9c892055,MO/RES21555.JPG,RES21555.JPG,.jpg,7042085,03,03,,unknown,MO,,,ignored,,,03::MO,parent_folder_fallback,low,4896,3264,JPEG,readable,b511ab65546e34234d9c9683ca71bbcd20c7ba72538980106672e1bcf12c1a63,unknown,pending,unreviewed,,
IMG_77f4ad762db0d6a3,MO/RES21556.JPG,RES21556.JPG,.jpg,6947357,03,03,,unknown,MO,,,ignored,,,03::MO,parent_folder_fallback,low,4896,3264,JPEG,readable,46cbf5687075505815597c98ec8751c4bcb524ce2d68c7a1a9cbf1709805a35c,unknown,pending,unreviewed,,
IMG_91c3c4588351ad20,MO/RES21558.JPG,RES21558.JPG,.jpg,5426067,03,03,,unknown,MO,,,ignored,,,03::MO,parent_folder_fallback,low,4896,3264,JPEG,readable,7d6f1ad8ee8fd1de50e3641260158b210d515e8249a4dd7b8acb9882ec0f6ca0,unknown,pending,unreviewed,,
IMG_d37b33d5f57fcc6b,MO/RES21559.JPG,RES21559.JPG,.jpg,5377245,03,03,,unknown,MO,,,ignored,,,03::MO,parent_folder_fallback,low,4896,3264,JPEG,readable,ed5880de6ad6a71d57ab1242779c077150722351b393ee304fa8a064f53ea2e6,unknown,pending,unreviewed,,
IMG_2c5cf4f5ef9e205c,MO/RES21560.JPG,RES21560.JPG,.jpg,5305481,03,03,,unknown,MO,,,ignored,,,03::MO,parent_folder_fallback,low,4896,3264,JPEG,readable,bc4bc734ba53683e05031956cd7e1d46504f9dd461024eef4f1044c41a4f920b,unknown,pending,unreviewed,,
IMG_35c5bf5f13de2fc4,MO/RES21561.JPG,RES21561.JPG,.jpg,6516075,03,03,,unknown,MO,,,ignored,,,03::MO,parent_folder_fallback,low,4896,3264,JPEG,readable,6fa3aac5b0937f8bd2a0333a9a15a7ffc49140543044d943bd3d893a608cdda0,unknown,pending,unreviewed,,
IMG_3e939de248bc4957,MO/RES21565.JPG,RES21565.JPG,.jpg,7085116,03,03,,unknown,MO,,,ignored,,,03::MO,parent_folder_fallback,low,4896,3264,JPEG,readable,9fbfc03b508b58ed54270a1f81ad4a58036a1cd29970c837f3fa57c24e999968,unknown,pending,unreviewed,,
IMG_8d286e21a9a74ccb,MO/RES21567.JPG,RES21567.JPG,.jpg,6445919,03,03,,unknown,MO,,,ignored,,,03::MO,parent_folder_fallback,low,4896,3264,JPEG,readable,8e04657fde45aa872c8c4e4d4c68edac14a4798fa5cecae65bbd11c681bc7f6b,unknown,pending,unreviewed,,
IMG_b5d68696d420c3ff,MO/RES21568.JPG,RES21568.JPG,.jpg,6484512,03,03,,unknown,MO,,,ignored,,,03::MO,parent_folder_fallback,low,4896,3264,JPEG,readable,4a8d654c3bc57e99506d6a88da02859f727b1820e09f19cc8a69ac79465f20dc,unknown,pending,unreviewed,,
IMG_2c81f0dfbc4625d2,MO/RES21569.JPG,RES21569.JPG,.jpg,6434924,03,03,,unknown,MO,,,ignored,,,03::MO,parent_folder_fallback,low,4896,3264,JPEG,readable,6f6ddd87eb9a5d1c3a7de6890b702f143955c4b9196074d18c6c159cda39bf5f,unknown,pending,unreviewed,,
IMG_d043fd40155657fb,MO/RES21570.JPG,RES21570.JPG,.jpg,6387143,03,03,,unknown,MO,,,ignored,,,03::MO,parent_folder_fallback,low,4896,3264,JPEG,readable,c8e13cd2ce3eb68e465f3f9318bf656ce8ca3aaf01ecdb489b73453ff6d91e2b,unknown,pending,unreviewed,,
IMG_e73e2cadb2ca877f,MO/RES21571.JPG,RES21571.JPG,.jpg,6513559,03,03,,unknown,MO,,,ignored,,,03::MO,parent_folder_fallback,low,4896,3264,JPEG,readable,a8e16a295aac510eeda779076cd65425977fd882faed6e2a5c6f40612f79a072,unknown,pending,unreviewed,,
IMG_dcf4ef5ff27d65f6,MO/RES21572.JPG,RES21572.JPG,.jpg,6559653,03,03,,unknown,MO,,,ignored,,,03::MO,parent_folder_fallback,low,4896,3264,JPEG,readable,d86c6570c561c4df65c0234d4b9d0d9fb67933b32c0e363df898545cf88524cd,unknown,pending,unreviewed,,
IMG_8ab86aa825fe5b35,MO/RES21573.JPG,RES21573.JPG,.jpg,6526725,03,03,,unknown,MO,,,ignored,,,03::MO,parent_folder_fallback,low,4896,3264,JPEG,readable,d934e2364dd0487c367ceef7da055af4a123a9ef2a62d17707e4783f8a0c9866,unknown,pending,unreviewed,,
IMG_510bd76015f98f9f,MO/RES21576.JPG,RES21576.JPG,.jpg,5602236,03,03,,unknown,MO,,,ignored,,,03::MO,parent_folder_fallback,low,4896,3264,JPEG,readable,1d38cb229b5b5ad365d5de2cc81a63ad950907cebe14a8c8a2111775912764ea,unknown,pending,unreviewed,,
IMG_b5502f8206b9a74c,MO/RES21577.JPG,RES21577.JPG,.jpg,5408974,03,03,,unknown,MO,,,ignored,,,03::MO,parent_folder_fallback,low,4896,3264,JPEG,readable,42b5549e78a19ac5d2d42e182dff1e863d3f9f669943971e5d8b1c15b0764d3c,unknown,pending,unreviewed,,
IMG_cd22d765083d52d8,MO/RES21578.JPG,RES21578.JPG,.jpg,5185211,03,03,,unknown,MO,,,ignored,,,03::MO,parent_folder_fallback,low,4896,3264,JPEG,readable,5e1801f7b9504a23f680253dda3d178850f2b8d177c1de75f76d60e8d2f93064,unknown,pending,unreviewed,,
IMG_26f11ff8bcbc5471,MO/RES21582.JPG,RES21582.JPG,.jpg,6164168,03,03,,unknown,MO,,,ignored,,,03::MO,parent_folder_fallback,low,4896,3264,JPEG,readable,51f6de55fc2ed970b7cd5716d3d5fb7621bf500748f20517187c908bbd0005c4,unknown,pending,unreviewed,,
IMG_e982a0d6ebf4583f,MO/RES21583.JPG,RES21583.JPG,.jpg,6235430,03,03,,unknown,MO,,,ignored,,,03::MO,parent_folder_fallback,low,4896,3264,JPEG,readable,112a20388b32b941dcd7955cf5d6ae64e042af64415948cc9c553607ea6dc002,unknown,pending,unreviewed,,
IMG_b890f43f05c58c5a,MO/RES21584.JPG,RES21584.JPG,.jpg,6405446,03,03,,unknown,MO,,,ignored,,,03::MO,parent_folder_fallback,low,4896,3264,JPEG,readable,8722985531b39428defc32b252f5c0dbe27c3e5e2b5b0bc353b6bc4056c329b4,unknown,pending,unreviewed,,
IMG_105c2447e950b8e0,MO/RES21585.JPG,RES21585.JPG,.jpg,6466491,03,03,,unknown,MO,,,ignored,,,03::MO,parent_folder_fallback,low,4896,3264,JPEG,readable,e1ec48f503275dc8405adedfe7e02c53545bbbb476277ad6ad8690dcc5338bef,unknown,pending,unreviewed,,
IMG_46589c37687c9f10,MO/RES21587.JPG,RES21587.JPG,.jpg,5894833,03,03,,unknown,MO,,,ignored,,,03::MO,parent_folder_fallback,low,4896,3264,JPEG,readable,1460c03e706917d93dfeeb977fe8b3b104843aaa19bfa82c689a5be1b7e523a4,unknown,pending,unreviewed,,
IMG_254907ee1c793b00,MO/RES21588.JPG,RES21588.JPG,.jpg,6061940,03,03,,unknown,MO,,,ignored,,,03::MO,parent_folder_fallback,low,4896,3264,JPEG,readable,1d4d2866a72be3618c47ff9199f48eda9a3bb02ad7a68d88c4376d6af2ac5403,unknown,pending,unreviewed,,
IMG_c557ba944704133d,MO/RES21589.JPG,RES21589.JPG,.jpg,6169103,03,03,,unknown,MO,,,ignored,,,03::MO,parent_folder_fallback,low,4896,3264,JPEG,readable,4b9a0b8676a53b12ac91aa30dcc6cc2c9d83284cdbc5e152d5bae2b1e79cb902,unknown,pending,unreviewed,,
IMG_e73d90e0ca0ceaa0,MO/RES21590.JPG,RES21590.JPG,.jpg,6242573,03,03,,unknown,MO,,,ignored,,,03::MO,parent_folder_fallback,low,4896,3264,JPEG,readable,9391c271a5d243881553ef6250f6ba5417a67552e418eddfb602ae0e9f6b2e40,unknown,pending,unreviewed,,
IMG_59d2f9307146c82d,MO/RES21594.JPG,RES21594.JPG,.jpg,6075433,03,03,,unknown,MO,,,ignored,,,03::MO,parent_folder_fallback,low,4896,3264,JPEG,readable,a0028388c6c4364fa3625b62c7de4aed7598fd57a2ea959903f17e3900fe78c7,unknown,pending,unreviewed,,
IMG_0f0fbef15dcd3283,MO/RES21595.JPG,RES21595.JPG,.jpg,5910913,03,03,,unknown,MO,,,ignored,,,03::MO,parent_folder_fallback,low,4896,3264,JPEG,readable,8bfafca63a96a55e16b3eb80433280fce49a403b64d86bed25851d9f277bd13e,unknown,pending,unreviewed,,
IMG_ed2f66a7b006d42e,MO/RES21596.JPG,RES21596.JPG,.jpg,5785319,03,03,,unknown,MO,,,ignored,,,03::MO,parent_folder_fallback,low,4896,3264,JPEG,readable,7be35e520e01a78359515fe6b220b42362cd750322beec7ac212916acf6d95ea,unknown,pending,unreviewed,,
IMG_5411d14cc9ed36f6,MO/RES21597.JPG,RES21597.JPG,.jpg,6213728,03,03,,unknown,MO,,,ignored,,,03::MO,parent_folder_fallback,low,4896,3264,JPEG,readable,a5d1da12a3f37e5f6e0e9515f6dd9de5bd03b28ae5e417f8fd853101f379517e,unknown,pending,unreviewed,,
IMG_3101b1e976e80ca8,MO/RES21600.JPG,RES21600.JPG,.jpg,5759892,03,03,,unknown,MO,,,ignored,,,03::MO,parent_folder_fallback,low,4896,3264,JPEG,readable,8914d87788e6109e8b560a9a20e97fb017d5b79fbd38470bfa837781975aa960,unknown,pending,unreviewed,,
IMG_43cef4db96fcddd7,MO/RES21604.JPG,RES21604.JPG,.jpg,5143523,03,03,,unknown,MO,,,ignored,,,03::MO,parent_folder_fallback,low,4896,3264,JPEG,readable,5a50589a73751fad4359983d0f442a1a2545781665e5224a715ab33940bba421,unknown,pending,unreviewed,,
IMG_a6546172bae71f96,MO/RES21605.JPG,RES21605.JPG,.jpg,5156328,03,03,,unknown,MO,,,ignored,,,03::MO,parent_folder_fallback,low,4896,3264,JPEG,readable,62faf81bad22faf55a57f11970fc21d24bb56b40710dc44db7926cd42b514142,unknown,pending,unreviewed,,
IMG_366b327b9ad90f97,MO/RES21606.JPG,RES21606.JPG,.jpg,5059685,03,03,,unknown,MO,,,ignored,,,03::MO,parent_folder_fallback,low,4896,3264,JPEG,readable,4bfccd2714fcbb4dcbd638d1612472d53f352ada1e23b31456e6dd9fc9d39be7,unknown,pending,unreviewed,,
IMG_cd4be44b9142fa85,MO/RES21607.JPG,RES21607.JPG,.jpg,5115355,03,03,,unknown,MO,,,ignored,,,03::MO,parent_folder_fallback,low,4896,3264,JPEG,readable,002ee2d0ac3da383b73c67da14a5d365f37b9f557034c1279055f16ffab36884,unknown,pending,unreviewed,,
IMG_ad880bf54790a12e,MO/RES21608.JPG,RES21608.JPG,.jpg,5190973,03,03,,unknown,MO,,,ignored,,,03::MO,parent_folder_fallback,low,4896,3264,JPEG,readable,beee4dc32aa9c9cef3107babbbda7a4cd0b7cfcbd83db567fa9907fc682c1fe8,unknown,pending,unreviewed,,
IMG_210278252b444d76,MO/RES21609.JPG,RES21609.JPG,.jpg,4992904,03,03,,unknown,MO,,,ignored,,,03::MO,parent_folder_fallback,low,4896,3264,JPEG,readable,894504918790ce8ea41ddac5da2318c7d9ca9eab21d60f1419c392f7eb9882da,unknown,pending,unreviewed,,
IMG_027359faa51043e9,MO/RES21610.JPG,RES21610.JPG,.jpg,5098732,03,03,,unknown,MO,,,ignored,,,03::MO,parent_folder_fallback,low,4896,3264,JPEG,readable,a3abe395412180cbe56b4a537b17266902b18b3063d6bcbe47d76b98617ec8b2,unknown,pending,unreviewed,,
IMG_d686a638c99511ad,MO/RES21611.JPG,RES21611.JPG,.jpg,6019766,03,03,,unknown,MO,,,ignored,,,03::MO,parent_folder_fallback,low,4896,3264,JPEG,readable,34a49bef2297226fd1153e15d6c0ce37d2d1cc09953938f573f8c1f59dea03bc,unknown,pending,unreviewed,,
IMG_5f0659fd772241ca,MO/RES21612.JPG,RES21612.JPG,.jpg,5782347,03,03,,unknown,MO,,,ignored,,,03::MO,parent_folder_fallback,low,4896,3264,JPEG,readable,1b1ea58cc10fbce4282d9b350d3e2b1438c549db1d2b12d33a5136be20c966b4,unknown,pending,unreviewed,,
IMG_5e4fef3d523eef6a,MO/RES21613.JPG,RES21613.JPG,.jpg,5691257,03,03,,unknown,MO,,,ignored,,,03::MO,parent_folder_fallback,low,4896,3264,JPEG,readable,7f951165e3f2d4f38dcbcd45a722295d8c7dc7796c86b20a11bb1fdfd62ba3b6,unknown,pending,unreviewed,,
IMG_51c90a854cd5f9cc,MO/RES21614.JPG,RES21614.JPG,.jpg,7074544,03,03,,unknown,MO,,,ignored,,,03::MO,parent_folder_fallback,low,4896,3264,JPEG,readable,76b21ae103ff58bf7f81c82dbf35fc0a459a3bc48a2ef8f56ecd47d59676c9de,unknown,pending,unreviewed,,
IMG_f3cd63b20adeebf5,MO/RES21615.JPG,RES21615.JPG,.jpg,7132618,03,03,,unknown,MO,,,ignored,,,03::MO,parent_folder_fallback,low,4896,3264,JPEG,readable,1c8dcf2f1507d970543184cd6b7cece726e210594a4a08332ced8446f92d2c51,unknown,pending,unreviewed,,
IMG_80db0633b8616705,MO/RES21617.JPG,RES21617.JPG,.jpg,5111844,03,03,,unknown,MO,,,ignored,,,03::MO,parent_folder_fallback,low,4896,3264,JPEG,readable,e395025467dd556f9b9fe3641a440e48f3fb534f8719619fb41babbb3ba48549,unknown,pending,unreviewed,,
IMG_0f47897779950568,MO/RES21619.JPG,RES21619.JPG,.jpg,6077938,03,03,,unknown,MO,,,ignored,,,03::MO,parent_folder_fallback,low,4896,3264,JPEG,readable,c624d3160c98eefc4c5f71743d7adad56ba685324ffa28a064059bf46ccb4fe5,unknown,pending,unreviewed,,
IMG_d0e4f5e75facd619,MO/RES21622.JPG,RES21622.JPG,.jpg,5374139,03,03,,unknown,MO,,,ignored,,,03::MO,parent_folder_fallback,low,4896,3264,JPEG,readable,2753377ebe6312355e87448bf0f57e07c05d67729d6c568a6fb30021ae1ea3af,unknown,pending,unreviewed,,
IMG_adb82deab62fa1a4,MO/RES21623.JPG,RES21623.JPG,.jpg,5220761,03,03,,unknown,MO,,,ignored,,,03::MO,parent_folder_fallback,low,4896,3264,JPEG,readable,96a556030639f98a138022e921ad6fef9b2ae1e1ad5f233789ae4b4a40110c1d,unknown,pending,unreviewed,,
IMG_3982557ea167804d,MO/RES21624.JPG,RES21624.JPG,.jpg,5404471,03,03,,unknown,MO,,,ignored,,,03::MO,parent_folder_fallback,low,4896,3264,JPEG,readable,517fdcaad153e1cbffcfa9b5d0927d0df003e0998d28928c167feecbb3373de2,unknown,pending,unreviewed,,
IMG_dc5269c12605a865,MO/RES21625.JPG,RES21625.JPG,.jpg,5999170,03,03,,unknown,MO,,,ignored,,,03::MO,parent_folder_fallback,low,4896,3264,JPEG,readable,cffa78c291b08cab423680f5481c11355b92384d1b12cc61ad53a648d4a8a46b,unknown,pending,unreviewed,,
IMG_b824beb20f6505f8,MO/RES21626.JPG,RES21626.JPG,.jpg,5626178,03,03,,unknown,MO,,,ignored,,,03::MO,parent_folder_fallback,low,4896,3264,JPEG,readable,9811f98a34286eb32b1830b8da31e13d660b8506194c24e969b30f68d603a3f1,unknown,pending,unreviewed,,
IMG_daf7a073d402798a,MO/RES21627.JPG,RES21627.JPG,.jpg,5564372,03,03,,unknown,MO,,,ignored,,,03::MO,parent_folder_fallback,low,4896,3264,JPEG,readable,6cb16b8b9d57f078b1d374b7b8746b6d6b431b294a807777fdf75571f27ae16e,unknown,pending,unreviewed,,
IMG_5932b496f089ac94,MO/RES21628.JPG,RES21628.JPG,.jpg,6424692,03,03,,unknown,MO,,,ignored,,,03::MO,parent_folder_fallback,low,4896,3264,JPEG,readable,688e923198b2e66d32793864f1ce73e4604e1aa17332347cc6fde7d05aa12bbf,unknown,pending,unreviewed,,
IMG_604af8b0e746f97b,MO/RES21629.JPG,RES21629.JPG,.jpg,6210526,03,03,,unknown,MO,,,ignored,,,03::MO,parent_folder_fallback,low,4896,3264,JPEG,readable,eba8e45ed18f633c886ae2ba41e07f9163a618f4f376b5f5faf1fc232c258915,unknown,pending,unreviewed,,
IMG_452b1ffccb46b228,MO/RES21635.JPG,RES21635.JPG,.jpg,5713240,03,03,,unknown,MO,,,ignored,,,03::MO,parent_folder_fallback,low,4896,3264,JPEG,readable,4c377aa6cdc9bda80baa66aa4d8b8c4d704c7320996fd7e8f96934be1f509407,unknown,pending,unreviewed,,
IMG_07c622c0d894b9b6,MO/RES21637.JPG,RES21637.JPG,.jpg,5319400,03,03,,unknown,MO,,,ignored,,,03::MO,parent_folder_fallback,low,4896,3264,JPEG,readable,781e0717f679c89caf505f883a23bfd04d95d460e341892b12e983d37ebe686f,unknown,pending,unreviewed,,
IMG_37517ec15b7a2722,MO/RES21638.JPG,RES21638.JPG,.jpg,5438368,03,03,,unknown,MO,,,ignored,,,03::MO,parent_folder_fallback,low,4896,3264,JPEG,readable,b816a60ebb285a2ee5aba90611781c63dee1d8bd78a07b2cbaf736129cdde19f,unknown,pending,unreviewed,,
IMG_d0b01a040a463c02,MO/RES21639.JPG,RES21639.JPG,.jpg,5448276,03,03,,unknown,MO,,,ignored,,,03::MO,parent_folder_fallback,low,4896,3264,JPEG,readable,f36697244b34c211a9b76cefd4979227c614fd8ca948adc18d5eb0c62e20528a,unknown,pending,unreviewed,,
IMG_9c8375c0637b229d,MO/RES21640.JPG,RES21640.JPG,.jpg,6267528,03,03,,unknown,MO,,,ignored,,,03::MO,parent_folder_fallback,low,4896,3264,JPEG,readable,30e0be2238401c527b60b035ba5b4af11e952636465601adc3bda78eeb20ba26,unknown,pending,unreviewed,,
IMG_3084a43a48de5ef1,MO/RES21641.JPG,RES21641.JPG,.jpg,6330165,03,03,,unknown,MO,,,ignored,,,03::MO,parent_folder_fallback,low,4896,3264,JPEG,readable,0873c2d128da2ca064928d35ffd5cc728d42c2be5f7e27dc9cc74f085d1642ef,unknown,pending,unreviewed,,
IMG_99d405132efedec9,MO/RES21642.JPG,RES21642.JPG,.jpg,6574144,03,03,,unknown,MO,,,ignored,,,03::MO,parent_folder_fallback,low,4896,3264,JPEG,readable,e2ac116e3bc6d825c067b8511677a803993dd8f48a7a7af9ec1c7afca9231512,unknown,pending,unreviewed,,
IMG_3f196a4a059f7e0e,MO/RES21643.JPG,RES21643.JPG,.jpg,5940986,03,03,,unknown,MO,,,ignored,,,03::MO,parent_folder_fallback,low,4896,3264,JPEG,readable,afb05f4bab8681d86fb07d876b7925277495bc3012b11f447e8b1a6a8aaddd31,unknown,pending,unreviewed,,
IMG_d91b53c186afdd6a,MO/RES21644.JPG,RES21644.JPG,.jpg,5902261,03,03,,unknown,MO,,,ignored,,,03::MO,parent_folder_fallback,low,4896,3264,JPEG,readable,21b21876de25e686164a161fe04fdc01c60cb093f8509e5cf3510c01b7e409b7,unknown,pending,unreviewed,,
IMG_0f34c7376b94c589,MO/RES21645.JPG,RES21645.JPG,.jpg,6017459,03,03,,unknown,MO,,,ignored,,,03::MO,parent_folder_fallback,low,4896,3264,JPEG,readable,8f2183398961a94476de3180380faef4d7c2cc146d690c67281bbce33401c62a,unknown,pending,unreviewed,,
IMG_21d0e50c7edcc80b,MO/RES21646.JPG,RES21646.JPG,.jpg,6214675,03,03,,unknown,MO,,,ignored,,,03::MO,parent_folder_fallback,low,4896,3264,JPEG,readable,91326994277272fe73f9f411c57069c1e5d7496bd9e5445e61ab9735ebb52fc9,unknown,pending,unreviewed,,
IMG_8946984a8f8fd7a6,MO/RES21647.JPG,RES21647.JPG,.jpg,6107275,03,03,,unknown,MO,,,ignored,,,03::MO,parent_folder_fallback,low,4896,3264,JPEG,readable,3f8e53410a3706b1a6a192ca2143608e152848816601108c47450181fb922cfc,unknown,pending,unreviewed,,
IMG_9415daaa68633f5d,MO/RES21648.JPG,RES21648.JPG,.jpg,6121975,03,03,,unknown,MO,,,ignored,,,03::MO,parent_folder_fallback,low,4896,3264,JPEG,readable,48350cf01171cb442f46b248d664820ac394150167605d0d536d5b0d4bccd929,unknown,pending,unreviewed,,
IMG_e98d5224570ae15f,MO/RES21649.JPG,RES21649.JPG,.jpg,6150216,03,03,,unknown,MO,,,ignored,,,03::MO,parent_folder_fallback,low,4896,3264,JPEG,readable,73d1a33e170aef7899ae8e0830784e43425ef80786def61ecf95a5bb728992b6,unknown,pending,unreviewed,,
IMG_67e50345b407af68,MO/RES21651.JPG,RES21651.JPG,.jpg,5429388,03,03,,unknown,MO,,,ignored,,,03::MO,parent_folder_fallback,low,4896,3264,JPEG,readable,94530f03370df2969ebcaf768c7e75ff657e2a2f740994913de0b3ac7f503622,unknown,pending,unreviewed,,
IMG_b6ae744dec6e87ca,MO/RES21652.JPG,RES21652.JPG,.jpg,5315004,03,03,,unknown,MO,,,ignored,,,03::MO,parent_folder_fallback,low,4896,3264,JPEG,readable,cf67cb5b0d3f8212a624324bf02a9a0d74c98171df7658bec61ba8c5cf45f289,unknown,pending,unreviewed,,
IMG_f3071cedd3d07da5,MO/RES21653.JPG,RES21653.JPG,.jpg,5190082,03,03,,unknown,MO,,,ignored,,,03::MO,parent_folder_fallback,low,4896,3264,JPEG,readable,f6d72344a7e58da7cc7aa4705c31bdd9d9434bb758b5de30e93581455776ab7e,unknown,pending,unreviewed,,
IMG_bc9a2ef5fb79258b,MO/RES21654.JPG,RES21654.JPG,.jpg,5078745,03,03,,unknown,MO,,,ignored,,,03::MO,parent_folder_fallback,low,4896,3264,JPEG,readable,46eae39e9dfad19a55c3e7bdea4c0e1dde03ec73349eb869dd0b6cbc3491641d,unknown,pending,unreviewed,,
IMG_b43148113fe5eca8,MO/RES21655.JPG,RES21655.JPG,.jpg,5315934,03,03,,unknown,MO,,,ignored,,,03::MO,parent_folder_fallback,low,4896,3264,JPEG,readable,0960bdbaf80b2cc2b8bf55c54a6c4f0629df2b9ef193121f63a6072b902a4f65,unknown,pending,unreviewed,,
IMG_42a0feaad5ed5acd,MO/RES21656.JPG,RES21656.JPG,.jpg,5279741,03,03,,unknown,MO,,,ignored,,,03::MO,parent_folder_fallback,low,4896,3264,JPEG,readable,fef17825883a03f115ed3488c2850ac9f2dea38a9183a61f2ad20987538626e6,unknown,pending,unreviewed,,
IMG_f5acc44bee102ddc,MO/RES21657.JPG,RES21657.JPG,.jpg,5471361,03,03,,unknown,MO,,,ignored,,,03::MO,parent_folder_fallback,low,4896,3264,JPEG,readable,ce69b71b9408df6baf2d424ec2693a6aa74c7a8b0f33200fc2948a3a7207e979,unknown,pending,unreviewed,,
IMG_03ca49f5d103f90b,MO/RES21658.JPG,RES21658.JPG,.jpg,5419656,03,03,,unknown,MO,,,ignored,,,03::MO,parent_folder_fallback,low,4896,3264,JPEG,readable,1fc63f1da342ed2c55efc38741441d4d09e7088fad1308ff9d68882781e34d1a,unknown,pending,unreviewed,,
IMG_d74a07d76787269a,MO/RES21659.JPG,RES21659.JPG,.jpg,5526490,03,03,,unknown,MO,,,ignored,,,03::MO,parent_folder_fallback,low,4896,3264,JPEG,readable,29c83331046ac33d2ad98643020b980be715cc1ebc8f9d85e08655773d9290c1,unknown,pending,unreviewed,,
IMG_48721f557f7f049c,MO/RES21660.JPG,RES21660.JPG,.jpg,6054602,03,03,,unknown,MO,,,ignored,,,03::MO,parent_folder_fallback,low,4896,3264,JPEG,readable,ccdbb214be4846b675e15f3b1a65e83478c346b4408246240a5986f3ddf37b45,unknown,pending,unreviewed,,
IMG_02d767113c289d26,MO/RES21661.JPG,RES21661.JPG,.jpg,5756381,03,03,,unknown,MO,,,ignored,,,03::MO,parent_folder_fallback,low,4896,3264,JPEG,readable,54513259b5c5e623a51663961b1abf021de6143d7059ab7969743e535c57a39c,unknown,pending,unreviewed,,
IMG_d77880743a8b466f,MO/RES21662.JPG,RES21662.JPG,.jpg,5249463,03,03,,unknown,MO,,,ignored,,,03::MO,parent_folder_fallback,low,4896,3264,JPEG,readable,0f9af2faaa554483ccb62977bc79757d4685d4049221745f2f2ecb9d0c609961,unknown,pending,unreviewed,,
IMG_5c6259d04bde48e2,MO/RES21663.JPG,RES21663.JPG,.jpg,5211763,03,03,,unknown,MO,,,ignored,,,03::MO,parent_folder_fallback,low,4896,3264,JPEG,readable,61ed6abeac57f7ec78317dcb3974e827b4e5dc7424925d14a1e8542159dbdc9d,unknown,pending,unreviewed,,
IMG_724599dd0646ad8a,MO/RES21664.JPG,RES21664.JPG,.jpg,5053970,03,03,,unknown,MO,,,ignored,,,03::MO,parent_folder_fallback,low,4896,3264,JPEG,readable,399119b7caa0c3c0e4a8969c210a9501ea3f526809e3f45b55b9415b299259eb,unknown,pending,unreviewed,,
IMG_73a9678737336a14,MO/RES21665.JPG,RES21665.JPG,.jpg,5487589,03,03,,unknown,MO,,,ignored,,,03::MO,parent_folder_fallback,low,4896,3264,JPEG,readable,3c03e41407a8dc3460574777d3cbf6993838e7e4569c81461885ba79e561b234,unknown,pending,unreviewed,,
IMG_05df1c3b6ffbd042,MO/RES21666.JPG,RES21666.JPG,.jpg,5519616,03,03,,unknown,MO,,,ignored,,,03::MO,parent_folder_fallback,low,4896,3264,JPEG,readable,2ff8d968a19163a741ec0f04d703d2e0ac344d38d7036544f9ed0b448da63828,unknown,pending,unreviewed,,
IMG_3dbbb3869335522a,MO/RES21668.JPG,RES21668.JPG,.jpg,5284355,03,03,,unknown,MO,,,ignored,,,03::MO,parent_folder_fallback,low,4896,3264,JPEG,readable,f189f4cc3655d0677fb29409594c0d6cd7a910bfebaf0ea8515361c600c56a72,unknown,pending,unreviewed,,
IMG_74d90d9870d11df5,MO/RES21669.JPG,RES21669.JPG,.jpg,5345157,03,03,,unknown,MO,,,ignored,,,03::MO,parent_folder_fallback,low,4896,3264,JPEG,readable,1da9bd71b36f162ed9813012e96c1fa86bb642915a13274357f90e0dddeee3b9,unknown,pending,unreviewed,,
IMG_ba32b7148e1523a9,MO/RES21670.JPG,RES21670.JPG,.jpg,5249348,03,03,,unknown,MO,,,ignored,,,03::MO,parent_folder_fallback,low,4896,3264,JPEG,readable,ecc68d3df0dbc155df950eb60512f249f15d3e50dc4121971e1dc96cb319f16d,unknown,pending,unreviewed,,
IMG_e5b45e1d233ee4b5,MO/RES21671.JPG,RES21671.JPG,.jpg,5230540,03,03,,unknown,MO,,,ignored,,,03::MO,parent_folder_fallback,low,4896,3264,JPEG,readable,56c1236452bd041741ae5b395c3a70f2f7b829d6e2f5a15428b14a4bf63cc547,unknown,pending,unreviewed,,
IMG_47245c28e37a23c8,MO/RES21672.JPG,RES21672.JPG,.jpg,5182337,03,03,,unknown,MO,,,ignored,,,03::MO,parent_folder_fallback,low,4896,3264,JPEG,readable,4500a5eb666ebbb73b327fbe5e84fa05c1839321e62758a860c95effe12eedf0,unknown,pending,unreviewed,,
IMG_eae14a70cc297e17,MO/RES21673.JPG,RES21673.JPG,.jpg,5148763,03,03,,unknown,MO,,,ignored,,,03::MO,parent_folder_fallback,low,4896,3264,JPEG,readable,1d6af459e24ff853bde1ec16d75e35470e007662361ef97f16bfcbb650bd7f35,unknown,pending,unreviewed,,
IMG_cec6d139195d9d76,MO/RES21674.JPG,RES21674.JPG,.jpg,5721626,03,03,,unknown,MO,,,ignored,,,03::MO,parent_folder_fallback,low,4896,3264,JPEG,readable,d8b6c6b6ccdb43727b1cb3d3dde62a50428034fd289876c2cecfa540114ff263,unknown,pending,unreviewed,,
IMG_9e839f2403007d61,MO/RES21675.JPG,RES21675.JPG,.jpg,5818178,03,03,,unknown,MO,,,ignored,,,03::MO,parent_folder_fallback,low,4896,3264,JPEG,readable,c699aabed17b791ded176a4800734f17c882a71a44eaa97c12a385c4737d9324,unknown,pending,unreviewed,,
IMG_8a7de41916f0d7ee,MO/RES21676.JPG,RES21676.JPG,.jpg,5809365,03,03,,unknown,MO,,,ignored,,,03::MO,parent_folder_fallback,low,4896,3264,JPEG,readable,9845e19f2dc74eb298a4ef60f8187959e58c5bc77b54ff04f47c19d8b901f228,unknown,pending,unreviewed,,
IMG_ef5bd186154c3027,MO/RES21677.JPG,RES21677.JPG,.jpg,6169508,03,03,,unknown,MO,,,ignored,,,03::MO,parent_folder_fallback,low,4896,3264,JPEG,readable,073023fdf71238a97915f320f8afce4c8c297616eba01e9adc60dd4287c84314,unknown,pending,unreviewed,,
IMG_0da14144cf403788,MO/RES21681.JPG,RES21681.JPG,.jpg,6204756,03,03,,unknown,MO,,,ignored,,,03::MO,parent_folder_fallback,low,4896,3264,JPEG,readable,111c52c3c5d9b6ccdb8d2b3efead0e93589b98126e6e7713dbadfab421046580,unknown,pending,unreviewed,,
IMG_14f109ea8b3578e3,MO/RES21682.JPG,RES21682.JPG,.jpg,6212823,03,03,,unknown,MO,,,ignored,,,03::MO,parent_folder_fallback,low,4896,3264,JPEG,readable,cd16656098f17a19f36f1511b3d27d7fd96e2dca669c094ed68dd2582fa744bb,unknown,pending,unreviewed,,
IMG_3fad3a237df4902b,MO/RES21685.JPG,RES21685.JPG,.jpg,6473052,03,03,,unknown,MO,,,ignored,,,03::MO,parent_folder_fallback,low,4896,3264,JPEG,readable,bd2698ec8f0ce440a04c7b5b893668fa8a479430436d3244f872517f805cd89a,unknown,pending,unreviewed,,
IMG_4ff8583ff66182b6,MO/RES21686.JPG,RES21686.JPG,.jpg,5161233,03,03,,unknown,MO,,,ignored,,,03::MO,parent_folder_fallback,low,4896,3264,JPEG,readable,7533ce4c476a0dcdc71941e730f6a9b79043428bd82b70ef3f72379e37c2205e,unknown,pending,unreviewed,,
IMG_694c80bab13df912,MO/RES21687.JPG,RES21687.JPG,.jpg,5108742,03,03,,unknown,MO,,,ignored,,,03::MO,parent_folder_fallback,low,4896,3264,JPEG,readable,b1fc59559ad60d4a0d0ead9f44831644992107ed8c3a2e32dbb6f1ae95bd0ec6,unknown,pending,unreviewed,,
IMG_3f6dd7930b19666a,MO/RES21688.JPG,RES21688.JPG,.jpg,5022371,03,03,,unknown,MO,,,ignored,,,03::MO,parent_folder_fallback,low,4896,3264,JPEG,readable,aecb3a8238d5f0a999bf0bfca55f9e5a02051192ccd1a3fbd198fd3e565bfbc8,unknown,pending,unreviewed,,
IMG_6ef241c658b99e10,MO/RES21689.JPG,RES21689.JPG,.jpg,4930825,03,03,,unknown,MO,,,ignored,,,03::MO,parent_folder_fallback,low,4896,3264,JPEG,readable,7543f53973b66b1cca440ef089e7eaf7f91de495c1bb71d7a6b7c43a8047cbeb,unknown,pending,unreviewed,,
IMG_5e88007a1afdb212,MO/RES21690.JPG,RES21690.JPG,.jpg,6079731,03,03,,unknown,MO,,,ignored,,,03::MO,parent_folder_fallback,low,4896,3264,JPEG,readable,1947a422620d8e9fa2ccf41e8b339f9778bc331ca093c18add8c720315b91cb6,unknown,pending,unreviewed,,
IMG_2281967a1045625f,MO/RES21691.JPG,RES21691.JPG,.jpg,5906865,03,03,,unknown,MO,,,ignored,,,03::MO,parent_folder_fallback,low,4896,3264,JPEG,readable,9fa0fb579fa4db05809c8ce38889b5f38d1d097797900eb6b8a46135f43f1adf,unknown,pending,unreviewed,,
IMG_8515e3aa8f4f256c,MO/RES21693.JPG,RES21693.JPG,.jpg,4989203,03,03,,unknown,MO,,,ignored,,,03::MO,parent_folder_fallback,low,4896,3264,JPEG,readable,b2c21ad2428fd5069a895980117ea9e58cb9ee038599a5f7e7fb0738bde9df29,unknown,pending,unreviewed,,
IMG_8271e68866041cb0,MO/RES21694.JPG,RES21694.JPG,.jpg,5026830,03,03,,unknown,MO,,,ignored,,,03::MO,parent_folder_fallback,low,4896,3264,JPEG,readable,2f118a6d598e131a2e1d87f39dd76b068fa415091e94e763777623d41cd38f2b,unknown,pending,unreviewed,,
IMG_92edb05cc61df160,MO/RES21695.JPG,RES21695.JPG,.jpg,6369026,03,03,,unknown,MO,,,ignored,,,03::MO,parent_folder_fallback,low,4896,3264,JPEG,readable,1b1c4ed64a45df0a55899123a5ce03e4f3eb1055981b5a66d0667edce88a38f3,unknown,pending,unreviewed,,
IMG_326404dd9dcd0329,MO/RES21698.JPG,RES21698.JPG,.jpg,5798593,03,03,,unknown,MO,,,ignored,,,03::MO,parent_folder_fallback,low,4896,3264,JPEG,readable,8cd9985f3a51e0a22462752dc008764b1ce081e807f6b69ea32c9f2da4d3fb8a,unknown,pending,unreviewed,,
IMG_e45e9951b16cc200,MO/RES21702.JPG,RES21702.JPG,.jpg,6094660,03,03,,unknown,MO,,,ignored,,,03::MO,parent_folder_fallback,low,4896,3264,JPEG,readable,20803b69a99323b59d082fe8fe362bf34c06978c1fb19a49b76eee418e241e80,unknown,pending,unreviewed,,
IMG_e82df34887e5d787,MO/RES21703.JPG,RES21703.JPG,.jpg,6121577,03,03,,unknown,MO,,,ignored,,,03::MO,parent_folder_fallback,low,4896,3264,JPEG,readable,bab092f5b0652010c01f4bb309df1a862ec73994a3f300adb964d65f0b0acde4,unknown,pending,unreviewed,,
IMG_355ec3a8ca03752e,MO/RES21704.JPG,RES21704.JPG,.jpg,6202760,03,03,,unknown,MO,,,ignored,,,03::MO,parent_folder_fallback,low,4896,3264,JPEG,readable,11c9c010fe3befe35f25acb56120dca73544ddf450aacd2275298006f6d7d44e,unknown,pending,unreviewed,,
IMG_31448ab2f3e0305f,MO/RES21705.JPG,RES21705.JPG,.jpg,6259515,03,03,,unknown,MO,,,ignored,,,03::MO,parent_folder_fallback,low,4896,3264,JPEG,readable,fd11153869f8b96fcf2b0011e4140eabbb0e9ea0dd8b77d8d8ae725f91fb54f0,unknown,pending,unreviewed,,
IMG_b0a26e74c5f6d674,MO/RES21708.JPG,RES21708.JPG,.jpg,6147141,03,03,,unknown,MO,,,ignored,,,03::MO,parent_folder_fallback,low,4896,3264,JPEG,readable,bfc89731828ad6ba2bd333947c2f706761d8c2341316064d0273019baf60c345,unknown,pending,unreviewed,,
IMG_c372be69b27e8205,MO/RES21709.JPG,RES21709.JPG,.jpg,6096495,03,03,,unknown,MO,,,ignored,,,03::MO,parent_folder_fallback,low,4896,3264,JPEG,readable,8f34005273721a336c524ecd7f81c252b02d899318c0940c7076549b89c85536,unknown,pending,unreviewed,,
IMG_2a2c174a0e29b5e6,MO/RES21714.JPG,RES21714.JPG,.jpg,5813919,03,03,,unknown,MO,,,ignored,,,03::MO,parent_folder_fallback,low,4896,3264,JPEG,readable,27706966d17286b252c6807658402bda1b624bfed51bc19b9bed37c23ef110e5,unknown,pending,unreviewed,,
IMG_f6dcf332055af8ea,MO/RES21715.JPG,RES21715.JPG,.jpg,5855375,03,03,,unknown,MO,,,ignored,,,03::MO,parent_folder_fallback,low,4896,3264,JPEG,readable,cd26d2691fe9c76c5c9438916d4a7a1699d3850a4a8dc80ed15f486242ee4a5a,unknown,pending,unreviewed,,
IMG_b3bfcb8fd7eb29b0,MO/RES21716.JPG,RES21716.JPG,.jpg,5919324,03,03,,unknown,MO,,,ignored,,,03::MO,parent_folder_fallback,low,4896,3264,JPEG,readable,fcf3b0c2bd213746f66d3f065917ccc1290622a3a09e4e04e1909052ef5808ab,unknown,pending,unreviewed,,
IMG_9421763e811ea7c8,MO/RES21717.JPG,RES21717.JPG,.jpg,5815194,03,03,,unknown,MO,,,ignored,,,03::MO,parent_folder_fallback,low,4896,3264,JPEG,readable,cd5e1723fda21b834eb8cda4a912c4ad85215179533572798734bfca7b5ac16b,unknown,pending,unreviewed,,
IMG_f5b9d6313b275774,MO/RES21718.JPG,RES21718.JPG,.jpg,5899512,03,03,,unknown,MO,,,ignored,,,03::MO,parent_folder_fallback,low,4896,3264,JPEG,readable,ef1a11e78386fa2df3bbf3ce6081d648a2fe6219589ad226e20e348f1b49f242,unknown,pending,unreviewed,,
IMG_81205503ef2b2397,MO/RES21719.JPG,RES21719.JPG,.jpg,5908853,03,03,,unknown,MO,,,ignored,,,03::MO,parent_folder_fallback,low,4896,3264,JPEG,readable,11e5970f4d754bf53691a59cef96256be9a013bc1e302f878df16f588ab1ff39,unknown,pending,unreviewed,,
IMG_e157cb5db0a0695a,MO/RES21720.JPG,RES21720.JPG,.jpg,5913549,03,03,,unknown,MO,,,ignored,,,03::MO,parent_folder_fallback,low,4896,3264,JPEG,readable,28f5dfaefa8fbdede5fc5153581265ab83f099da90c1e50b028622de8bbf00b4,unknown,pending,unreviewed,,
IMG_9104267fae139307,MO/RES21721.JPG,RES21721.JPG,.jpg,5971027,03,03,,unknown,MO,,,ignored,,,03::MO,parent_folder_fallback,low,4896,3264,JPEG,readable,1948818ac10729477234c747661ac92ffe4deef9ec0710bd84646414d93adda8,unknown,pending,unreviewed,,
IMG_4dfb607f133245e7,MO/RES21722.JPG,RES21722.JPG,.jpg,5441139,03,03,,unknown,MO,,,ignored,,,03::MO,parent_folder_fallback,low,4896,3264,JPEG,readable,62178f9ab2abfdfda67bf609eb7e2b57a7fee2e9ce090fcc6606c301b6c0fb14,unknown,pending,unreviewed,,
IMG_c3c5b1a3516c3385,MO/RES21723.JPG,RES21723.JPG,.jpg,5454043,03,03,,unknown,MO,,,ignored,,,03::MO,parent_folder_fallback,low,4896,3264,JPEG,readable,cb1198ba4f50e2e52c3ad5c68b9fa4c9f1bee5e59ba41d61dc665695a895214c,unknown,pending,unreviewed,,
IMG_d49058ba99fdcb06,MO/RES21724.JPG,RES21724.JPG,.jpg,5472222,03,03,,unknown,MO,,,ignored,,,03::MO,parent_folder_fallback,low,4896,3264,JPEG,readable,1bb83cb2bea5ee0e8fd5b0331e77e21bf55e835d86854ea6511cc56e1a0a907d,unknown,pending,unreviewed,,
IMG_ccd141c9cb619751,MO/RES21725.JPG,RES21725.JPG,.jpg,5536311,03,03,,unknown,MO,,,ignored,,,03::MO,parent_folder_fallback,low,4896,3264,JPEG,readable,9b137fc1e8de9786e328d51f9063c68802b35f8dca5e628d387066a6498f58c9,unknown,pending,unreviewed,,
IMG_bcaf5ce87a60bc17,MO/RES21728.JPG,RES21728.JPG,.jpg,5271511,03,03,,unknown,MO,,,ignored,,,03::MO,parent_folder_fallback,low,4896,3264,JPEG,readable,376a1e1ec67f4635d252276161276b70d1ab739c30c26f0dff63a1962eed1927,unknown,pending,unreviewed,,
IMG_12368c16f98f9f51,MO/RES21729.JPG,RES21729.JPG,.jpg,5385536,03,03,,unknown,MO,,,ignored,,,03::MO,parent_folder_fallback,low,4896,3264,JPEG,readable,c722cc068cd90fd8459e944c157b56b8cdb5cfee43b3037a58bbdbed42ab5232,unknown,pending,unreviewed,,
IMG_20c06bb090b45b35,MO/RES21730.JPG,RES21730.JPG,.jpg,5267990,03,03,,unknown,MO,,,ignored,,,03::MO,parent_folder_fallback,low,4896,3264,JPEG,readable,a8ccf831445f9fd5ac94c26b248b15db9bf03eccfb6a018a0a541912a0ffdc64,unknown,pending,unreviewed,,
IMG_f92cf470445087d9,MO/RES21731.JPG,RES21731.JPG,.jpg,5151627,03,03,,unknown,MO,,,ignored,,,03::MO,parent_folder_fallback,low,4896,3264,JPEG,readable,520b92997097796da2d8569c4dae6a4c7b2c4e97215e8826025c783de93c334b,unknown,pending,unreviewed,,
IMG_e585543c8866a435,MO/RES21732.JPG,RES21732.JPG,.jpg,5957711,03,03,,unknown,MO,,,ignored,,,03::MO,parent_folder_fallback,low,4896,3264,JPEG,readable,465424f39ab407078007c79fa4238385418106d9c5280f1f2d2d0feb8dbfbeec,unknown,pending,unreviewed,,
IMG_676ecd5ae6fd2c15,MO/RES21733.JPG,RES21733.JPG,.jpg,6187969,03,03,,unknown,MO,,,ignored,,,03::MO,parent_folder_fallback,low,4896,3264,JPEG,readable,16e220cd32d8fe707a4927deab3f67ad963426ebb63650bac9f76c53331b21c1,unknown,pending,unreviewed,,
IMG_b2bd33202e75fa0f,MO/RES21734.JPG,RES21734.JPG,.jpg,6221864,03,03,,unknown,MO,,,ignored,,,03::MO,parent_folder_fallback,low,4896,3264,JPEG,readable,56f2151d6ccba0a9381316b4be999fd6dbb5ac37546921473c99930011ab7d20,unknown,pending,unreviewed,,
IMG_1f9a13236160fc93,MO/RES21735.JPG,RES21735.JPG,.jpg,6085097,03,03,,unknown,MO,,,ignored,,,03::MO,parent_folder_fallback,low,4896,3264,JPEG,readable,adc815c2c87f7619aa7960208c3e36a919f2fffc290c8b15fc9899ee1ab136f5,unknown,pending,unreviewed,,
IMG_2ad673608a42a22a,MO/RES21736.JPG,RES21736.JPG,.jpg,6082180,03,03,,unknown,MO,,,ignored,,,03::MO,parent_folder_fallback,low,4896,3264,JPEG,readable,6ce66ef12183041343f4dcc4acf4ce75e434a55667c12787404b78a81c2b051f,unknown,pending,unreviewed,,
IMG_4c5b1f6c4c78e533,MO/RES21739.JPG,RES21739.JPG,.jpg,5779106,03,03,,unknown,MO,,,ignored,,,03::MO,parent_folder_fallback,low,4896,3264,JPEG,readable,1811ddeb24545766c35079953504bd62f1cf6eae1e943e16d11be55b98816197,unknown,pending,unreviewed,,
IMG_85c04ddf60e20a8c,MO/RES21740.JPG,RES21740.JPG,.jpg,5856397,03,03,,unknown,MO,,,ignored,,,03::MO,parent_folder_fallback,low,4896,3264,JPEG,readable,53d3d8ebff00b638cc87f4d52a93ded1349a3419b9fa36e8d724e38a8eb75366,unknown,pending,unreviewed,,
IMG_d315ec66dfab6899,MO/RES21743.JPG,RES21743.JPG,.jpg,6039606,03,03,,unknown,MO,,,ignored,,,03::MO,parent_folder_fallback,low,4896,3264,JPEG,readable,ef12f0a5281cc5c5231919030d58be2c311240567182c8aee40e3eb753746ce4,unknown,pending,unreviewed,,
IMG_25c91a02e1bbf64b,MO/RES21746.JPG,RES21746.JPG,.jpg,6162017,03,03,,unknown,MO,,,ignored,,,03::MO,parent_folder_fallback,low,4896,3264,JPEG,readable,d48020cf9fffb1d79d252a3418ed7ad73ad2da1f98f703f102493e514b61c358,unknown,pending,unreviewed,,
IMG_47b62cb1e393ab1b,MO/RES21747.JPG,RES21747.JPG,.jpg,6159764,03,03,,unknown,MO,,,ignored,,,03::MO,parent_folder_fallback,low,4896,3264,JPEG,readable,e01adad7d224e6c11a8c66901f1ec1cf2eb7401266ab715b03f03d07bc3cfd10,unknown,pending,unreviewed,,
IMG_8fecf6bceeeb167e,MO/RES21748.JPG,RES21748.JPG,.jpg,6205910,03,03,,unknown,MO,,,ignored,,,03::MO,parent_folder_fallback,low,4896,3264,JPEG,readable,e949566035bf6665018dd1983406c3214a70a912b82bc922547564d22e3a6111,unknown,pending,unreviewed,,
IMG_0ed36ca542b81d6a,MO/RES21751.JPG,RES21751.JPG,.jpg,4918154,03,03,,unknown,MO,,,ignored,,,03::MO,parent_folder_fallback,low,4896,3264,JPEG,readable,30ec7b6d7bfec37b8bc1ea5f276d04d0d7edf1ec6f05b4574e9f8d17a76cf433,unknown,pending,unreviewed,,
IMG_1206fa0847d058bd,MO/RES21752.JPG,RES21752.JPG,.jpg,4889859,03,03,,unknown,MO,,,ignored,,,03::MO,parent_folder_fallback,low,4896,3264,JPEG,readable,0692521fa95f3fbf256ee538ceff213eb95988e97938a76c387e53d51cadada5,unknown,pending,unreviewed,,
IMG_a00bf9792ac4a264,MO/RES21753.JPG,RES21753.JPG,.jpg,4939748,03,03,,unknown,MO,,,ignored,,,03::MO,parent_folder_fallback,low,4896,3264,JPEG,readable,4d62ae2de87405b5c496a728f7e90d728e7b59b313c794611c60b81b6b1b41cd,unknown,pending,unreviewed,,
IMG_8119da02d722d7bf,MO/RES21754.JPG,RES21754.JPG,.jpg,5115546,03,03,,unknown,MO,,,ignored,,,03::MO,parent_folder_fallback,low,4896,3264,JPEG,readable,1ac1eac5b18ab08460cb6f304ab331905107d8a66d05d5ca56a8ebd15d4a69c1,unknown,pending,unreviewed,,
IMG_05e7e027dd0c2abd,MO/RES21764.JPG,RES21764.JPG,.jpg,6040567,03,03,,unknown,MO,,,ignored,,,03::MO,parent_folder_fallback,low,4896,3264,JPEG,readable,d560c99d1ac20cab8211780643572fbb105b0955d405ce420ebaf567419d2176,unknown,pending,unreviewed,,
IMG_7afb6345b2caac6d,MO/RES21765.JPG,RES21765.JPG,.jpg,5957694,03,03,,unknown,MO,,,ignored,,,03::MO,parent_folder_fallback,low,4896,3264,JPEG,readable,4c81db7e6e07d382f9fda8a538983f953ab3fdd694ba4f1930ec2cba8f6196f8,unknown,pending,unreviewed,,
IMG_71e151653432a9d9,MO/RES21766.JPG,RES21766.JPG,.jpg,5920617,03,03,,unknown,MO,,,ignored,,,03::MO,parent_folder_fallback,low,4896,3264,JPEG,readable,32057f536d7c1021b4b3d8002f23b31586275f3ccd88a1b32e64aee68301b0ce,unknown,pending,unreviewed,,
IMG_47eeec1ffdb9121f,MO/RES21767.JPG,RES21767.JPG,.jpg,5912507,03,03,,unknown,MO,,,ignored,,,03::MO,parent_folder_fallback,low,4896,3264,JPEG,readable,8e4a7a3f140833eb545fbe9623bf4c048e2aa8c690db69684eab8405a8751a3a,unknown,pending,unreviewed,,
IMG_0404e2496b31242d,MO/RES21769.JPG,RES21769.JPG,.jpg,6147005,03,03,,unknown,MO,,,ignored,,,03::MO,parent_folder_fallback,low,4896,3264,JPEG,readable,fc91cabb2ef767f1262c9166360c8942f0301a2f5f2e1389d0721800b239bb58,unknown,pending,unreviewed,,
IMG_c3f056ca36d872bb,MO/RES21770.JPG,RES21770.JPG,.jpg,6042395,03,03,,unknown,MO,,,ignored,,,03::MO,parent_folder_fallback,low,4896,3264,JPEG,readable,8bd3ce6d3c9aca3c22c2f3139c61b3b69c0c9177db50c30beb710dadb02eef8d,unknown,pending,unreviewed,,
IMG_4e42cb062e6d726f,MO/RES21771.JPG,RES21771.JPG,.jpg,6043514,03,03,,unknown,MO,,,ignored,,,03::MO,parent_folder_fallback,low,4896,3264,JPEG,readable,1d97079ae284468093a47af0f1eb01c51ba21edf355ebdd29b0dd53761f5b7e8,unknown,pending,unreviewed,,
IMG_e9cfe2de5ad3f503,MO/RES21774.JPG,RES21774.JPG,.jpg,6079947,03,03,,unknown,MO,,,ignored,,,03::MO,parent_folder_fallback,low,4896,3264,JPEG,readable,b968fb0916c04863232a8f7fbe0a01e86b280dd6a8138df9dcf3a71392a7a538,unknown,pending,unreviewed,,
IMG_c3047a02f1c15b0d,MO/RES21776.JPG,RES21776.JPG,.jpg,6367341,03,03,,unknown,MO,,,ignored,,,03::MO,parent_folder_fallback,low,4896,3264,JPEG,readable,d95e85cd721e111f40b029c1a5f526d9ed92e85da3a5302f114a5007e8d5a3af,unknown,pending,unreviewed,,
IMG_04e436c9a683590c,MO/RES21780.JPG,RES21780.JPG,.jpg,5069850,03,03,,unknown,MO,,,ignored,,,03::MO,parent_folder_fallback,low,4896,3264,JPEG,readable,52f1dacab5a729eecd99a8d7b220346c89d994d4ce6200b848008ac08a1c6bdb,unknown,pending,unreviewed,,
IMG_096203d8109ffac7,MO/RES21781.JPG,RES21781.JPG,.jpg,4965546,03,03,,unknown,MO,,,ignored,,,03::MO,parent_folder_fallback,low,4896,3264,JPEG,readable,43880d89d8306860d9774c45f13b56ffafc3f106dda85ce361899f071d99d4fa,unknown,pending,unreviewed,,
IMG_c457be3c97165723,MO/RES21790.JPG,RES21790.JPG,.jpg,5612819,03,03,,unknown,MO,,,ignored,,,03::MO,parent_folder_fallback,low,4896,3264,JPEG,readable,0b777eadf33a766e3d32bf621d1455401170f35463d1d14854c9cedd34ae4c80,unknown,pending,unreviewed,,
IMG_d77e9899985717b0,MO/RES21791.JPG,RES21791.JPG,.jpg,5914356,03,03,,unknown,MO,,,ignored,,,03::MO,parent_folder_fallback,low,4896,3264,JPEG,readable,50bcc2f37c5a54e6e10c9735f5ef01748db67d11324c4f182884ad5c26c27ff5,unknown,pending,unreviewed,,
IMG_bc731326732907bc,MO/RES21802.JPG,RES21802.JPG,.jpg,6262160,03,03,,unknown,MO,,,ignored,,,03::MO,parent_folder_fallback,low,4896,3264,JPEG,readable,0864ab7450bc14a63bcb62251431c8311c0531f046d7e9c02bac9ef997477df3,unknown,pending,unreviewed,,
IMG_58cd31f4331ebabb,MO/RES21803.JPG,RES21803.JPG,.jpg,6079479,03,03,,unknown,MO,,,ignored,,,03::MO,parent_folder_fallback,low,4896,3264,JPEG,readable,420c601d475da7acddffb3911e2c899ae58f79a1de9c7e98d8002d312cca51b0,unknown,pending,unreviewed,,
IMG_cfda5929d2ab48b9,MO/RES21804.JPG,RES21804.JPG,.jpg,6168814,03,03,,unknown,MO,,,ignored,,,03::MO,parent_folder_fallback,low,4896,3264,JPEG,readable,78151996698548f5c5c575a50242086d62faca3398cea4c4786d6a40aaf87fc6,unknown,pending,unreviewed,,
IMG_6f75368a30889960,MO/RES21808.JPG,RES21808.JPG,.jpg,5847646,03,03,,unknown,MO,,,ignored,,,03::MO,parent_folder_fallback,low,4896,3264,JPEG,readable,985d2726cd8cf6030e4b8cd7e817ec60e0f37e51a7d1afe8d9890282b85d54e7,unknown,pending,unreviewed,,
IMG_62f34b4cf03cbd2f,MO/RES21809.JPG,RES21809.JPG,.jpg,5881566,03,03,,unknown,MO,,,ignored,,,03::MO,parent_folder_fallback,low,4896,3264,JPEG,readable,d307c8489d10763c6786e746a333f7b78f54737bf3e921724e86883e0c664ab1,unknown,pending,unreviewed,,
IMG_d8945ac46737525e,MO/RES21810.JPG,RES21810.JPG,.jpg,5823514,03,03,,unknown,MO,,,ignored,,,03::MO,parent_folder_fallback,low,4896,3264,JPEG,readable,a2e1c794feb1bf24bbd029f6666aff5214870ad2d41d6e626fdd72e568ff3983,unknown,pending,unreviewed,,
IMG_769b1927d192c54e,MO/RES21811.JPG,RES21811.JPG,.jpg,5928550,03,03,,unknown,MO,,,ignored,,,03::MO,parent_folder_fallback,low,4896,3264,JPEG,readable,6128d0a90fc8e3cb1962455e22e06b26006b307463d3bb9abb0d67359d0e4f1a,unknown,pending,unreviewed,,
IMG_66edc4776df8ebe0,MO/RES21812.JPG,RES21812.JPG,.jpg,5814758,03,03,,unknown,MO,,,ignored,,,03::MO,parent_folder_fallback,low,4896,3264,JPEG,readable,96db098361967da39865bf9cfe8073619f79d32970daecf75d871fbbdc95d6fa,unknown,pending,unreviewed,,
IMG_6ee9db889bfbfe6b,MO/RES21820.JPG,RES21820.JPG,.jpg,5863927,03,03,,unknown,MO,,,ignored,,,03::MO,parent_folder_fallback,low,4896,3264,JPEG,readable,9d3ba620d476d35ea37cfd97037c151ad92f157251eef6fd356fd45e58e094e9,unknown,pending,unreviewed,,
IMG_961888e4a844546c,MO/RES21821.JPG,RES21821.JPG,.jpg,5904699,03,03,,unknown,MO,,,ignored,,,03::MO,parent_folder_fallback,low,4896,3264,JPEG,readable,74ac6d70153164ed34b59572e530bc58f61a97d0fdc5d58f62c85547e283b83c,unknown,pending,unreviewed,,
IMG_62611482d622e2ce,MO/RES21825.JPG,RES21825.JPG,.jpg,5958033,03,03,,unknown,MO,,,ignored,,,03::MO,parent_folder_fallback,low,4896,3264,JPEG,readable,0f38838e374c876931ba483543536c166c5542ee6057dc84472c0967a3be6842,unknown,pending,unreviewed,,
IMG_3ee637192e08193f,MO/RES21826.JPG,RES21826.JPG,.jpg,6325568,03,03,,unknown,MO,,,ignored,,,03::MO,parent_folder_fallback,low,4896,3264,JPEG,readable,743b1352aae3096c6a8677185bbe776cfe66376ffd4d7031fdc44e05d7414fbd,unknown,pending,unreviewed,,
IMG_c8bf85063b0e0312,MO/RES21831.JPG,RES21831.JPG,.jpg,6317489,03,03,,unknown,MO,,,ignored,,,03::MO,parent_folder_fallback,low,4896,3264,JPEG,readable,951ece574b844f87afdc37479b433f2f21bfcc9ef7b33a5c8e4c8eb180ee26c7,unknown,pending,unreviewed,,
IMG_361ace80016384ec,MO/RES21832.JPG,RES21832.JPG,.jpg,6289676,03,03,,unknown,MO,,,ignored,,,03::MO,parent_folder_fallback,low,4896,3264,JPEG,readable,1903fa2ebbf0264255ce720f271211153131866f6571247f3a9b10ec88b2b156,unknown,pending,unreviewed,,
IMG_5e7af5429544dc31,MO/RES21833.JPG,RES21833.JPG,.jpg,6280936,03,03,,unknown,MO,,,ignored,,,03::MO,parent_folder_fallback,low,4896,3264,JPEG,readable,1eb69164d6a4b4c77476a44b7e0d7b540deb401eee630fd0cda987f6c5f8b70f,unknown,pending,unreviewed,,
IMG_2468e1affb126028,MO/RES21834.JPG,RES21834.JPG,.jpg,6248086,03,03,,unknown,MO,,,ignored,,,03::MO,parent_folder_fallback,low,4896,3264,JPEG,readable,6c1aeba65c0738e056dfcde65eb887c2fe723e73819d55f1b31992631ac11e46,unknown,pending,unreviewed,,
IMG_9156f97187e62162,MO/RES21838.JPG,RES21838.JPG,.jpg,5872261,03,03,,unknown,MO,,,ignored,,,03::MO,parent_folder_fallback,low,4896,3264,JPEG,readable,15a070c2c8d1e7fe3484e5b9e4a3cdb7adc821dfbc88bde9d96b79f7de3533b5,unknown,pending,unreviewed,,
IMG_a7207d79dc2e710a,MO/RES21839.JPG,RES21839.JPG,.jpg,5956417,03,03,,unknown,MO,,,ignored,,,03::MO,parent_folder_fallback,low,4896,3264,JPEG,readable,99c542616551d175afaadfa2aebc60bb5f5b21f461b29c3366b0209eb0f019c7,unknown,pending,unreviewed,,
IMG_e86d52ea35c35e39,MO/RES21842.JPG,RES21842.JPG,.jpg,6108300,03,03,,unknown,MO,,,ignored,,,03::MO,parent_folder_fallback,low,4896,3264,JPEG,readable,5d6bfca92f4e8f36545cfd20c9a5fa7a439d39b00fd38c68b5025b87b68ec5c4,unknown,pending,unreviewed,,
IMG_7a36a559b629110d,MO/RES21843.JPG,RES21843.JPG,.jpg,6228760,03,03,,unknown,MO,,,ignored,,,03::MO,parent_folder_fallback,low,4896,3264,JPEG,readable,9503ed562e422a7f2e3fef50d37017d623f9bc66f42b2fb71ce355d0e1884e71,unknown,pending,unreviewed,,
IMG_7503fe771e076c38,MO/RES21844.JPG,RES21844.JPG,.jpg,6261730,03,03,,unknown,MO,,,ignored,,,03::MO,parent_folder_fallback,low,4896,3264,JPEG,readable,9270acb0877c936a520ac0118564db096f6148a5e14f221a20ccf5bb4395beca,unknown,pending,unreviewed,,
IMG_c834cf3a887cabe3,MO/RES21845.JPG,RES21845.JPG,.jpg,6112664,03,03,,unknown,MO,,,ignored,,,03::MO,parent_folder_fallback,low,4896,3264,JPEG,readable,a3451cab1efad3956c69a54ee860aa9540d6f30d34563c273b0483a9c5e4b208,unknown,pending,unreviewed,,
IMG_c3e5146d37900a68,MO/RES21846.JPG,RES21846.JPG,.jpg,5935968,03,03,,unknown,MO,,,ignored,,,03::MO,parent_folder_fallback,low,4896,3264,JPEG,readable,782b855f4702977db8a278b72c1bebacac81a39a4f4fc8df43a9548048a3a3bc,unknown,pending,unreviewed,,
IMG_b347dd4ef2470655,MO/RES21849.JPG,RES21849.JPG,.jpg,6043287,03,03,,unknown,MO,,,ignored,,,03::MO,parent_folder_fallback,low,4896,3264,JPEG,readable,ae4e356342da745df983ab48d466b209512dafe146a4f295aa08790a00366c4d,unknown,pending,unreviewed,,
IMG_51f294df7397185b,MO/RES21850.JPG,RES21850.JPG,.jpg,5943614,03,03,,unknown,MO,,,ignored,,,03::MO,parent_folder_fallback,low,4896,3264,JPEG,readable,1c0fcd895f68738042b5b38be53fe32ddfd5ffc4be29e65ea3c2cf2e2ae3188d,unknown,pending,unreviewed,,
IMG_d5651d3217c8d396,MO/RES21851.JPG,RES21851.JPG,.jpg,6008732,03,03,,unknown,MO,,,ignored,,,03::MO,parent_folder_fallback,low,4896,3264,JPEG,readable,89a0842b899e8eb3fef134bdb793e9c6d62f18e747355922399e5ad91df34839,unknown,pending,unreviewed,,
IMG_ae8cf562cd83295f,MO/RES21852.JPG,RES21852.JPG,.jpg,5981412,03,03,,unknown,MO,,,ignored,,,03::MO,parent_folder_fallback,low,4896,3264,JPEG,readable,9b25d6cb71375435db878581e33be6e96105f0defb5c89fa78c5592eeb37cee8,unknown,pending,unreviewed,,
IMG_96d691e0715be421,MO/RES21853.JPG,RES21853.JPG,.jpg,6745237,03,03,,unknown,MO,,,ignored,,,03::MO,parent_folder_fallback,low,4896,3264,JPEG,readable,24d61eaae44ee20c9dd0a239627b582c1182afe5f1e6637927857f3ee39dde25,unknown,pending,unreviewed,,
IMG_e518965e10655480,MO/RES21854.JPG,RES21854.JPG,.jpg,6740494,03,03,,unknown,MO,,,ignored,,,03::MO,parent_folder_fallback,low,4896,3264,JPEG,readable,0caaf1c4a497d296ee641643a73e5a180ed6b788f5024f90436770e9633074de,unknown,pending,unreviewed,,
IMG_d640f532467cc555,MO/RES21855.JPG,RES21855.JPG,.jpg,6716768,03,03,,unknown,MO,,,ignored,,,03::MO,parent_folder_fallback,low,4896,3264,JPEG,readable,53e1bec4f5501460cf2b0932ba7399e22b235a19500666bdf1242e9cef4ad1dd,unknown,pending,unreviewed,,
IMG_49fdc86316dca18f,MO/RES21859.JPG,RES21859.JPG,.jpg,6318098,03,03,,unknown,MO,,,ignored,,,03::MO,parent_folder_fallback,low,4896,3264,JPEG,readable,c9b436924b6b9d9e676bffeae887ab66ac1d7da1f24c8c928b6566371d216b26,unknown,pending,unreviewed,,
IMG_b9da93f32feb0ade,MO/RES21860.JPG,RES21860.JPG,.jpg,6855883,03,03,,unknown,MO,,,ignored,,,03::MO,parent_folder_fallback,low,4896,3264,JPEG,readable,3450cfb70e2da9389e92f0bffb8405fff7d102978efd1c838cfc679d73cb3679,unknown,pending,unreviewed,,
IMG_770d9c7f3244553c,MO/RES21861.JPG,RES21861.JPG,.jpg,7408282,03,03,,unknown,MO,,,ignored,,,03::MO,parent_folder_fallback,low,4896,3264,JPEG,readable,3f5b9989a4fc65a17bc958ed017de37a6de64db3f51e07675be3ada53cdb7fbf,unknown,pending,unreviewed,,
IMG_23f127f15714921b,MO/RES21862.JPG,RES21862.JPG,.jpg,7774683,03,03,,unknown,MO,,,ignored,,,03::MO,parent_folder_fallback,low,4896,3264,JPEG,readable,363563b25f18a601cbfe82b086ab736c91974105d904e8eb2e8a28880a651f22,unknown,pending,unreviewed,,
IMG_75f6904ad49c06bd,MO/RES21866.JPG,RES21866.JPG,.jpg,5905531,03,03,,unknown,MO,,,ignored,,,03::MO,parent_folder_fallback,low,4896,3264,JPEG,readable,6758a1d35e2386514604f15e44a91eb3cf5db92560824322819d6d9dbd0f4c74,unknown,pending,unreviewed,,
IMG_80d446f4eff96f88,MO/RES21867.JPG,RES21867.JPG,.jpg,6018929,03,03,,unknown,MO,,,ignored,,,03::MO,parent_folder_fallback,low,4896,3264,JPEG,readable,408972bf03b55eac48b07252b599be4d7d29bed4e8d48485fcd7a8147b07a56e,unknown,pending,unreviewed,,
IMG_a479bb79670ca716,MO/RES21869.JPG,RES21869.JPG,.jpg,6455052,03,03,,unknown,MO,,,ignored,,,03::MO,parent_folder_fallback,low,4896,3264,JPEG,readable,a6b8ca9ef3cf24421badcc3d6e8234665051db75570a948a93c8d56ac26f1b20,unknown,pending,unreviewed,,
IMG_5e71b4671d78a97e,MO/RES21870.JPG,RES21870.JPG,.jpg,6388614,03,03,,unknown,MO,,,ignored,,,03::MO,parent_folder_fallback,low,4896,3264,JPEG,readable,ff301c3a6bb45d1182f27a4136a0da4a0928e3e8258fd6e68a0820aa967a838e,unknown,pending,unreviewed,,
IMG_b14dba3a2a181ccb,MO/RES21871.JPG,RES21871.JPG,.jpg,6464103,03,03,,unknown,MO,,,ignored,,,03::MO,parent_folder_fallback,low,4896,3264,JPEG,readable,32558b1f4b7e60afe2e12d7db1a4cab68687666641416c65bce3c27a2611013a,unknown,pending,unreviewed,,
IMG_a0842def13462242,MO/RES21874.JPG,RES21874.JPG,.jpg,5881624,03,03,,unknown,MO,,,ignored,,,03::MO,parent_folder_fallback,low,4896,3264,JPEG,readable,799486a20f1dad1d88fa80a1019207784913573ffae68b0354bf7c8d69105df8,unknown,pending,unreviewed,,
IMG_59a06550284543a3,MO/RES21877.JPG,RES21877.JPG,.jpg,5688958,03,03,,unknown,MO,,,ignored,,,03::MO,parent_folder_fallback,low,4896,3264,JPEG,readable,374a8ace598be8fb678839a4c0789b689d6243a43781042d94896e81ca1cf133,unknown,pending,unreviewed,,
IMG_afff16e75555a377,MO/RES21880.JPG,RES21880.JPG,.jpg,5283702,03,03,,unknown,MO,,,ignored,,,03::MO,parent_folder_fallback,low,4896,3264,JPEG,readable,38dcc4de9fd6f2ed6e8252f7d10b992e5dce5e6a93be60b7f75a6983f1bf8b32,unknown,pending,unreviewed,,
IMG_fcaf247b29317f89,MO/RES21881.JPG,RES21881.JPG,.jpg,5271060,03,03,,unknown,MO,,,ignored,,,03::MO,parent_folder_fallback,low,4896,3264,JPEG,readable,5702fa1d47a9cdcc2b96b4a1927e028c4a349667c617015e03e8df74e416cdf5,unknown,pending,unreviewed,,
IMG_e91aade98c550f73,MO/RES21882.JPG,RES21882.JPG,.jpg,5490639,03,03,,unknown,MO,,,ignored,,,03::MO,parent_folder_fallback,low,4896,3264,JPEG,readable,a580897f299060b7650a89122491283c3d4922f9fe60d435b2585d81d8b351cb,unknown,pending,unreviewed,,
IMG_155dc92a21dd63d8,MO/RES21883.JPG,RES21883.JPG,.jpg,6323625,03,03,,unknown,MO,,,ignored,,,03::MO,parent_folder_fallback,low,4896,3264,JPEG,readable,2ff932a6fb20823aeb3e38398fcd7a49a457ec21910a05b59887296f6159eaec,unknown,pending,unreviewed,,
IMG_7e60d7623d5b6e66,MO/RES21884.JPG,RES21884.JPG,.jpg,6189220,03,03,,unknown,MO,,,ignored,,,03::MO,parent_folder_fallback,low,4896,3264,JPEG,readable,7b6b683d962725b645b7fb8dcce164d2b0c521292b9c1882a2df87fb0b01d9b5,unknown,pending,unreviewed,,
IMG_72149662ef79b47a,MO/RES21885.JPG,RES21885.JPG,.jpg,5974452,03,03,,unknown,MO,,,ignored,,,03::MO,parent_folder_fallback,low,4896,3264,JPEG,readable,b17337cffe9bfabd9a48db2f0acc4072ad6b79621f3c1ecc7ac17bfaeed718fb,unknown,pending,unreviewed,,
IMG_14f3ef93bd47fb8e,MO/RES21886.JPG,RES21886.JPG,.jpg,6135241,03,03,,unknown,MO,,,ignored,,,03::MO,parent_folder_fallback,low,4896,3264,JPEG,readable,64c6d661d76a24e07b289dc488de00d02e423d79efee122588385d438dd141c3,unknown,pending,unreviewed,,
IMG_80553f23890dce50,MO/RES21887.JPG,RES21887.JPG,.jpg,6243989,03,03,,unknown,MO,,,ignored,,,03::MO,parent_folder_fallback,low,4896,3264,JPEG,readable,ef0d77950aa17aa803f4fe0e11b5ae83e0de902903ee7c5d36b41c0d790d8cf9,unknown,pending,unreviewed,,
IMG_2a8085743e206cc7,MO/RES21888.JPG,RES21888.JPG,.jpg,6272901,03,03,,unknown,MO,,,ignored,,,03::MO,parent_folder_fallback,low,4896,3264,JPEG,readable,1bfd7cb1d91080d4bd4b554460dcd8b088f8f040ad132b9d84c9c55056dd6054,unknown,pending,unreviewed,,
IMG_fc10668d6414f30a,MO/RES21889.JPG,RES21889.JPG,.jpg,5935513,03,03,,unknown,MO,,,ignored,,,03::MO,parent_folder_fallback,low,4896,3264,JPEG,readable,fbc6462cc188316e85d3d1c1bc679e14dc4ca60501cb92b915e1bad58431804e,unknown,pending,unreviewed,,
IMG_57cdd16437168c16,MO/RES21890.JPG,RES21890.JPG,.jpg,5706715,03,03,,unknown,MO,,,ignored,,,03::MO,parent_folder_fallback,low,4896,3264,JPEG,readable,a66c76ad9a83a63e5d4c31bc2e65a45c9af8277604d1c9a9f10b8d93e7b1da7b,unknown,pending,unreviewed,,
IMG_1682d5e9eb0bcd3c,MO/RES21893.JPG,RES21893.JPG,.jpg,6686878,03,03,,unknown,MO,,,ignored,,,03::MO,parent_folder_fallback,low,4896,3264,JPEG,readable,79ce9db7baeda24bbbb62617bb4059ac28c1f82955b99b37499388d956c447c4,unknown,pending,unreviewed,,
IMG_65ea833aec3f7eda,MO/RES21894.JPG,RES21894.JPG,.jpg,6611711,03,03,,unknown,MO,,,ignored,,,03::MO,parent_folder_fallback,low,4896,3264,JPEG,readable,4fd315b1dfcc3001efb744790ea05cee637d891cba48c50ae3d3fcd41085ab25,unknown,pending,unreviewed,,
IMG_1de3a7a68cf6f018,MO/RES21895.JPG,RES21895.JPG,.jpg,6544292,03,03,,unknown,MO,,,ignored,,,03::MO,parent_folder_fallback,low,4896,3264,JPEG,readable,29c69e2d0bcd18ad674c47f584ba2e35b2b590cfa61b03d116b2e76a974fcf67,unknown,pending,unreviewed,,
IMG_f7a17e840b61c09e,MO/RES21896.JPG,RES21896.JPG,.jpg,6980493,03,03,,unknown,MO,,,ignored,,,03::MO,parent_folder_fallback,low,4896,3264,JPEG,readable,31580aa6595af0880e293c04de64b426212380dd58762c7bdc70e7bc7c344fdc,unknown,pending,unreviewed,,
IMG_7f28a108ed7e00cf,MO/RES21897.JPG,RES21897.JPG,.jpg,7372978,03,03,,unknown,MO,,,ignored,,,03::MO,parent_folder_fallback,low,4896,3264,JPEG,readable,ea921487441698b52aa72c7780d39b4dd2cb4282991118416a055604b9a5fa5d,unknown,pending,unreviewed,,
IMG_d3c821d4da37f0bd,MO/RES21898.JPG,RES21898.JPG,.jpg,7498749,03,03,,unknown,MO,,,ignored,,,03::MO,parent_folder_fallback,low,4896,3264,JPEG,readable,6e6a4788650afe1729572ed0e658ad3daf33147c3c5dfe0609cd60f8f4b0fa20,unknown,pending,unreviewed,,
IMG_5dbcb3450ae9ed94,MO/RES21899.JPG,RES21899.JPG,.jpg,7102528,03,03,,unknown,MO,,,ignored,,,03::MO,parent_folder_fallback,low,4896,3264,JPEG,readable,1405cd36f758c045e312c213c622402185a9bcc26e08a2762c7f3f3aa58a13d6,unknown,pending,unreviewed,,
IMG_0bc366d6445805fa,MO/RES21900.JPG,RES21900.JPG,.jpg,7110815,03,03,,unknown,MO,,,ignored,,,03::MO,parent_folder_fallback,low,4896,3264,JPEG,readable,5de0759be2c29a009f5a988aae57cdce05d9c2a243cc4e0a95a766486cfd8f44,unknown,pending,unreviewed,,
IMG_97ec7900a9947398,MO/RES21901.JPG,RES21901.JPG,.jpg,7370512,03,03,,unknown,MO,,,ignored,,,03::MO,parent_folder_fallback,low,4896,3264,JPEG,readable,e7ab79e5118f1f707a0f778157cdbfc4fa3af61b15db125a81a7b07e905d96c8,unknown,pending,unreviewed,,
IMG_0c1ff582155f50e0,MO/RES21902.JPG,RES21902.JPG,.jpg,7364116,03,03,,unknown,MO,,,ignored,,,03::MO,parent_folder_fallback,low,4896,3264,JPEG,readable,efceee8c3173b6f60a2c150fd3fc4fc44ffda682b6b857b6899a49909e4ca575,unknown,pending,unreviewed,,
IMG_da22b4362dbbf94d,nn relationship/0143_20140417_HBi_03_RAY_0630.JPG,0143_20140417_HBi_03_RAY_0630.JPG,.jpg,5897526,03,03,2014-04-17,unknown,nn relationship,,,ignored,,,03::0143_20140417_HBi_03_RAY,filename_trailing_number,medium,4896,3264,JPEG,readable,8a8af83e985400e4044999ce689f14c24b12c933ecd6f94b881cdd13f498b895,unknown,pending,unreviewed,,
IMG_5c21931847e360e4,nn relationship/0144_20140417_HBi_03_RAY_0631.JPG,0144_20140417_HBi_03_RAY_0631.JPG,.jpg,7840891,03,03,2014-04-17,unknown,nn relationship,,,ignored,,,03::0144_20140417_HBi_03_RAY,filename_trailing_number,medium,4896,3264,JPEG,readable,c814bb5d82b9a2ded8f9b8a96b876c2e0f87f026c382a8e8d31a23d4ab63a843,unknown,pending,unreviewed,,
IMG_c2079b397c8a1860,nn relationship/0146_20140417_HBi_03_RAY_0634.JPG,0146_20140417_HBi_03_RAY_0634.JPG,.jpg,5690572,03,03,2014-04-17,unknown,nn relationship,,,ignored,,,03::0146_20140417_HBi_03_RAY,filename_trailing_number,medium,4896,3264,JPEG,readable,a76f5a573223df390daab32df5c6e7efcda8175209408ae0b72d12b5186bec8d,unknown,pending,unreviewed,,
IMG_af920647dd7d5788,nn relationship/0147_20140417_HBi_03_RAY_0638.JPG,0147_20140417_HBi_03_RAY_0638.JPG,.jpg,5992684,03,03,2014-04-17,unknown,nn relationship,,,ignored,,,03::0147_20140417_HBi_03_RAY,filename_trailing_number,medium,4896,3264,JPEG,readable,91b466570ce8d2cb1a2faacaea327d1a5287c9a696402bf6c4e38091251049f3,unknown,pending,unreviewed,,
IMG_e099709223dccec7,nn relationship/0148_20140417_HBi_03_RAY_0639.JPG,0148_20140417_HBi_03_RAY_0639.JPG,.jpg,5962754,03,03,2014-04-17,unknown,nn relationship,,,ignored,,,03::0148_20140417_HBi_03_RAY,filename_trailing_number,medium,4896,3264,JPEG,readable,2a190afc40b876a61d5b0a2e50758a879acc21699839513aecf79e89c5ec981e,unknown,pending,unreviewed,,
IMG_0074f50e82b31aef,nn relationship/0151_20140417_HBi_03_RAY_0646.JPG,0151_20140417_HBi_03_RAY_0646.JPG,.jpg,6374027,03,03,2014-04-17,unknown,nn relationship,,,ignored,,,03::0151_20140417_HBi_03_RAY,filename_trailing_number,medium,4896,3264,JPEG,readable,e735ab05f8cb2c64a55073c8a61cf847e57d6ece9bf58eaf4aad2fc714c5a5f6,unknown,pending,unreviewed,,
IMG_99b1d14c0d3d23f5,nn relationship/0152_20140417_HBi_03_RAY_0647.JPG,0152_20140417_HBi_03_RAY_0647.JPG,.jpg,6298551,03,03,2014-04-17,unknown,nn relationship,,,ignored,,,03::0152_20140417_HBi_03_RAY,filename_trailing_number,medium,4896,3264,JPEG,readable,dd9cc69bf51a93421e327961be4830a8860afe437dd11e82cd4aa47cb456c380,unknown,pending,unreviewed,,
IMG_2b3f67115537b70c,nn relationship/0152_20140417_HBi_03_RAY_2049.JPG,0152_20140417_HBi_03_RAY_2049.JPG,.jpg,5553143,03,03,2014-04-17,unknown,nn relationship,,,ignored,,,03::0152_20140417_HBi_03_RAY,filename_trailing_number,medium,4896,3264,JPEG,readable,d8e2a8347befef9596bdda52b0194ea27419c9587b9ac1e2d2c0d7b9396ced46,unknown,pending,unreviewed,,
IMG_0fd20a53340535ba,nn relationship/0153_20140417_HBi_03_RAY_0649.JPG,0153_20140417_HBi_03_RAY_0649.JPG,.jpg,6433793,03,03,2014-04-17,unknown,nn relationship,,,ignored,,,03::0153_20140417_HBi_03_RAY,filename_trailing_number,medium,4896,3264,JPEG,readable,bbfed908c53972b9d6381c59687156e35164de7477787029513687b42911c321,unknown,pending,unreviewed,,
IMG_de70e4b3d1838e5b,nn relationship/0153_20140417_HBi_03_RAY_2058.JPG,0153_20140417_HBi_03_RAY_2058.JPG,.jpg,5512242,03,03,2014-04-17,unknown,nn relationship,,,ignored,,,03::0153_20140417_HBi_03_RAY,filename_trailing_number,medium,4896,3264,JPEG,readable,78ebc9a61703cad02047c10ed424a7ebba549242c423cee7ded3dd7a25e0a795,unknown,pending,unreviewed,,
IMG_b282b26a31f08130,nn relationship/0165_20140417_HBi_03_RAY_0666.JPG,0165_20140417_HBi_03_RAY_0666.JPG,.jpg,6014441,03,03,2014-04-17,unknown,nn relationship,,,ignored,,,03::0165_20140417_HBi_03_RAY,filename_trailing_number,medium,4896,3264,JPEG,readable,335b04ced673aaf3ca8e520cca633b32f84cc8aa88eea673f4e621bfe2916f66,unknown,pending,unreviewed,,
IMG_e07ebebda503a547,nn relationship/0166_20140417_HBi_03_RAY_0669.JPG,0166_20140417_HBi_03_RAY_0669.JPG,.jpg,6020027,03,03,2014-04-17,unknown,nn relationship,,,ignored,,,03::0166_20140417_HBi_03_RAY,filename_trailing_number,medium,4896,3264,JPEG,readable,319e9c277f48d6eb9fc8f84507446b6cb17d58318d0cbe022b01fa1ba4b5c6a9,unknown,pending,unreviewed,,
IMG_7f11aed81671e1c1,nn relationship/0167_20140417_HBi_03_RAY_0672.JPG,0167_20140417_HBi_03_RAY_0672.JPG,.jpg,5835621,03,03,2014-04-17,unknown,nn relationship,,,ignored,,,03::0167_20140417_HBi_03_RAY,filename_trailing_number,medium,4896,3264,JPEG,readable,1a5985ff2484091936f05834278f15dd2b54a54cb38cc6dda5eb19ae1c2736bb,unknown,pending,unreviewed,,
IMG_08f08dfd7a266bde,nn relationship/0168_20140417_HBi_03_RAY_0673.JPG,0168_20140417_HBi_03_RAY_0673.JPG,.jpg,5474671,03,03,2014-04-17,unknown,nn relationship,,,ignored,,,03::0168_20140417_HBi_03_RAY,filename_trailing_number,medium,4896,3264,JPEG,readable,ecba66451786b69dfa7a49015f4b20364c4fc7582b13bb66333156151b4901dc,unknown,pending,unreviewed,,
IMG_359f1ca44451a5c8,nn relationship/0170_20140417_HBi_03_RAY_0675.JPG,0170_20140417_HBi_03_RAY_0675.JPG,.jpg,5423204,03,03,2014-04-17,unknown,nn relationship,,,ignored,,,03::0170_20140417_HBi_03_RAY,filename_trailing_number,medium,4896,3264,JPEG,readable,3a7d5779430a27c4bd9ed533c232131b7829d644caae1c335cd728ce07ede466,unknown,pending,unreviewed,,
IMG_4b098b42cc8d0835,nn relationship/0171_20140417_HBi_03_RAY_0676.JPG,0171_20140417_HBi_03_RAY_0676.JPG,.jpg,5781230,03,03,2014-04-17,unknown,nn relationship,,,ignored,,,03::0171_20140417_HBi_03_RAY,filename_trailing_number,medium,4896,3264,JPEG,readable,d5cf71d3edaa6686906d7bc3a4cdcc52b4f1a1d8f4bd251eeaa6b848653ca343,unknown,pending,unreviewed,,
IMG_6b56adcf1564a43d,nn relationship/0172_20140417_HBi_03_RAY_0677.JPG,0172_20140417_HBi_03_RAY_0677.JPG,.jpg,5507802,03,03,2014-04-17,unknown,nn relationship,,,ignored,,,03::0172_20140417_HBi_03_RAY,filename_trailing_number,medium,4896,3264,JPEG,readable,bebabd95888d1eb8dc04506385d1bf36ca8c1be5b066fc42a174ba7f7e43e3a8,unknown,pending,unreviewed,,
IMG_881a88123c3b099c,nn relationship/0173_20140417_HBi_03_RAY_0678.JPG,0173_20140417_HBi_03_RAY_0678.JPG,.jpg,5578044,03,03,2014-04-17,unknown,nn relationship,,,ignored,,,03::0173_20140417_HBi_03_RAY,filename_trailing_number,medium,4896,3264,JPEG,readable,273587b2614914404a4f83254eb597d196cd19ebce2658138c9c9c601428534b,unknown,pending,unreviewed,,
IMG_fbc79d61f3ecdc84,nn relationship/0174_20140417_HBi_03_RAY_0681.JPG,0174_20140417_HBi_03_RAY_0681.JPG,.jpg,5643770,03,03,2014-04-17,unknown,nn relationship,,,ignored,,,03::0174_20140417_HBi_03_RAY,filename_trailing_number,medium,4896,3264,JPEG,readable,15514bd44b807664327c7d9d34be87d3bf8ea0e300cb4079a6c47c7635cdda5c,unknown,pending,unreviewed,,
IMG_5cc4b1d28f86331d,nn relationship/0175_20140417_HBi_03_RAY_0682.JPG,0175_20140417_HBi_03_RAY_0682.JPG,.jpg,5393736,03,03,2014-04-17,unknown,nn relationship,,,ignored,,,03::0175_20140417_HBi_03_RAY,filename_trailing_number,medium,4896,3264,JPEG,readable,1a2fb8f470a34786bffb3d0ad2dd6f4bba00dfe4ec6dab0b8d5a5eb3e9aa47c9,unknown,pending,unreviewed,,
IMG_7869649aa884d315,nn relationship/0176_20140417_HBi_03_RAY_0683.JPG,0176_20140417_HBi_03_RAY_0683.JPG,.jpg,5698416,03,03,2014-04-17,unknown,nn relationship,,,ignored,,,03::0176_20140417_HBi_03_RAY,filename_trailing_number,medium,4896,3264,JPEG,readable,50034b15fee7bd8963dc72e32190f019822613c7a677f67a66029064f55ba7ca,unknown,pending,unreviewed,,
IMG_e9987c64b6bd480c,nn relationship/0178_20140417_HBi_03_RAY_2138.JPG,0178_20140417_HBi_03_RAY_2138.JPG,.jpg,6265429,03,03,2014-04-17,unknown,nn relationship,,,ignored,,,03::0178_20140417_HBi_03_RAY,filename_trailing_number,medium,4896,3264,JPEG,readable,152fb68af283b71244f91d6a7ee076cee3a5c5501244dd56d70ab3b965366dd3,unknown,pending,unreviewed,,
IMG_442ca8615febc2ac,nn relationship/0179_20140417_HBi_03_RAY_2139.JPG,0179_20140417_HBi_03_RAY_2139.JPG,.jpg,6223126,03,03,2014-04-17,unknown,nn relationship,,,ignored,,,03::0179_20140417_HBi_03_RAY,filename_trailing_number,medium,4896,3264,JPEG,readable,eeb2fc3aba1388dfdebf3069c3b91a0c595410ceb7ecce78ef7f3392ea20fd3e,unknown,pending,unreviewed,,
IMG_fb1d185375b9a9ff,nn relationship/0180_20140417_HBi_03_RAY_2145.JPG,0180_20140417_HBi_03_RAY_2145.JPG,.jpg,6473589,03,03,2014-04-17,unknown,nn relationship,,,ignored,,,03::0180_20140417_HBi_03_RAY,filename_trailing_number,medium,4896,3264,JPEG,readable,3fed9f504d62b2ad952866e9dab7c7639be5e55821cff7fa2f3ce26a84ba713e,unknown,pending,unreviewed,,
IMG_e0f36c58a4b16fc7,nn relationship/0181_20140417_HBi_03_RAY_2147.JPG,0181_20140417_HBi_03_RAY_2147.JPG,.jpg,7330490,03,03,2014-04-17,unknown,nn relationship,,,ignored,,,03::0181_20140417_HBi_03_RAY,filename_trailing_number,medium,4896,3264,JPEG,readable,711f23095faa58580387303b7b063be576f272ed9bf095ef9c861289bfd9e9bc,unknown,pending,unreviewed,,
IMG_70931aa6b6cd8fbe,nn relationship/0182_20140417_HBi_03_RAY_2148.JPG,0182_20140417_HBi_03_RAY_2148.JPG,.jpg,7391057,03,03,2014-04-17,unknown,nn relationship,,,ignored,,,03::0182_20140417_HBi_03_RAY,filename_trailing_number,medium,4896,3264,JPEG,readable,c32111c2d711f451b1ead475984ab3da7baf6b0d7446586b2837176006b1d59f,unknown,pending,unreviewed,,
IMG_afec3dd0b019f9a6,nn relationship/0187_20140417_HBi_03_RAY_0698.JPG,0187_20140417_HBi_03_RAY_0698.JPG,.jpg,5943846,03,03,2014-04-17,unknown,nn relationship,,,ignored,,,03::0187_20140417_HBi_03_RAY,filename_trailing_number,medium,4896,3264,JPEG,readable,ce5cd4875131fee6e0040340047601defcafa76966cfabbf073bb9c3c2c0d663,unknown,pending,unreviewed,,
IMG_50289e1d173150e0,nn relationship/0188_20140417_HBi_03_RAY_0699.JPG,0188_20140417_HBi_03_RAY_0699.JPG,.jpg,5982057,03,03,2014-04-17,unknown,nn relationship,,,ignored,,,03::0188_20140417_HBi_03_RAY,filename_trailing_number,medium,4896,3264,JPEG,readable,413acede44582c36d1b7d3fe48b0fad10b0b6f13d966e2a9b2137c99fadc614f,unknown,pending,unreviewed,,
IMG_55c500066b0becef,nn relationship/0189_20140417_HBi_03_RAY_0700.JPG,0189_20140417_HBi_03_RAY_0700.JPG,.jpg,5988282,03,03,2014-04-17,unknown,nn relationship,,,ignored,,,03::0189_20140417_HBi_03_RAY,filename_trailing_number,medium,4896,3264,JPEG,readable,f9c0b6c61731af3516d617c40b734a3b00e1de74db1442f45d8f3ebcf9935b7e,unknown,pending,unreviewed,,
IMG_79ece8913c7c4198,nn relationship/0189_20140417_HBi_03_RAY_2177.JPG,0189_20140417_HBi_03_RAY_2177.JPG,.jpg,5465393,03,03,2014-04-17,unknown,nn relationship,,,ignored,,,03::0189_20140417_HBi_03_RAY,filename_trailing_number,medium,4896,3264,JPEG,readable,fe5a99d13219437586ed6df09323c8eb85f4c964dbc0a4c7a43164da4fdbe24a,unknown,pending,unreviewed,,
IMG_01badc450f872f92,nn relationship/0190_20140417_HBi_03_RAY_0701.JPG,0190_20140417_HBi_03_RAY_0701.JPG,.jpg,6069653,03,03,2014-04-17,unknown,nn relationship,,,ignored,,,03::0190_20140417_HBi_03_RAY,filename_trailing_number,medium,4896,3264,JPEG,readable,fece47af9cde90bcec67053a814e6ba9ef1140b11d143b9a228dd3818f7a0d82,unknown,pending,unreviewed,,
IMG_5a27e4b26bcbad51,nn relationship/0192_20140417_HBi_03_RAY_0705.JPG,0192_20140417_HBi_03_RAY_0705.JPG,.jpg,6188213,03,03,2014-04-17,unknown,nn relationship,,,ignored,,,03::0192_20140417_HBi_03_RAY,filename_trailing_number,medium,4896,3264,JPEG,readable,2cf63ec0a99dda01d04ce873ae09bb0aafa37dc192fe94dd11e0b7ee990fc462,unknown,pending,unreviewed,,
IMG_c93feaac6052a7cc,nn relationship/0193_20140417_HBi_03_RAY_0706.JPG,0193_20140417_HBi_03_RAY_0706.JPG,.jpg,6239011,03,03,2014-04-17,unknown,nn relationship,,,ignored,,,03::0193_20140417_HBi_03_RAY,filename_trailing_number,medium,4896,3264,JPEG,readable,097878b5cd8e53dd4964e98b23ed5bede08119454f76557e95326fdb450dfcc2,unknown,pending,unreviewed,,
IMG_094f034f86893297,nn relationship/0198_20140417_HBi_03_RAY_0721.JPG,0198_20140417_HBi_03_RAY_0721.JPG,.jpg,6262641,03,03,2014-04-17,unknown,nn relationship,,,ignored,,,03::0198_20140417_HBi_03_RAY,filename_trailing_number,medium,4896,3264,JPEG,readable,09e62b79aa832ddfaaff53187a74be67a2cedb9430d525c79ce1503cbd854bfb,unknown,pending,unreviewed,,
IMG_db8c9d532a0177da,nn relationship/0199_20140417_HBi_03_RAY_0722.JPG,0199_20140417_HBi_03_RAY_0722.JPG,.jpg,6403677,03,03,2014-04-17,unknown,nn relationship,,,ignored,,,03::0199_20140417_HBi_03_RAY,filename_trailing_number,medium,4896,3264,JPEG,readable,24a17661e14adde2f38c6ee497b0522de90f194aad07a32690c3442a66a8dfee,unknown,pending,unreviewed,,
IMG_60627c46203463fb,nn relationship/0202_20140417_HBi_03_RAY_0731.JPG,0202_20140417_HBi_03_RAY_0731.JPG,.jpg,6960668,03,03,2014-04-17,unknown,nn relationship,,,ignored,,,03::0202_20140417_HBi_03_RAY,filename_trailing_number,medium,4896,3264,JPEG,readable,653083cd61365c2a6359359e38f6d57f189a19ffd1e43aa675006cd5ba16ae17,unknown,pending,unreviewed,,
IMG_b8720ebd5d28d80b,nn relationship/0202_20140417_HBi_03_RAY_2271.JPG,0202_20140417_HBi_03_RAY_2271.JPG,.jpg,5695226,03,03,2014-04-17,unknown,nn relationship,,,ignored,,,03::0202_20140417_HBi_03_RAY,filename_trailing_number,medium,4896,3264,JPEG,readable,d38dfe7536b0800c6b41e57cdc2c0b677f02f9c2042da7919695ab7646bd6633,unknown,pending,unreviewed,,
IMG_ae8861dd17fc2d64,nn relationship/0203_20140417_HBi_03_RAY_0734.JPG,0203_20140417_HBi_03_RAY_0734.JPG,.jpg,6676694,03,03,2014-04-17,unknown,nn relationship,,,ignored,,,03::0203_20140417_HBi_03_RAY,filename_trailing_number,medium,4896,3264,JPEG,readable,16c8560777e2b52e06702dbfdb119b0c681abd69352f19cd1cd95be98ea5a1a0,unknown,pending,unreviewed,,
IMG_22945a60040a3686,nn relationship/0203_20140417_HBi_03_RAY_2286.JPG,0203_20140417_HBi_03_RAY_2286.JPG,.jpg,6889259,03,03,2014-04-17,unknown,nn relationship,,,ignored,,,03::0203_20140417_HBi_03_RAY,filename_trailing_number,medium,4896,3264,JPEG,readable,7382ea6bf48b2239a544f4e28b79bd8b2d1c6e910851beda6e392d163e1633e6,unknown,pending,unreviewed,,
IMG_71e5f5eb50b73a17,nn relationship/0204_20140417_HBi_03_RAY_0735.JPG,0204_20140417_HBi_03_RAY_0735.JPG,.jpg,6729958,03,03,2014-04-17,unknown,nn relationship,,,ignored,,,03::0204_20140417_HBi_03_RAY,filename_trailing_number,medium,4896,3264,JPEG,readable,54ef7fd19d113253f508021f33c5e0d8ff77eb91ea09b56909a4f9fda65fa171,unknown,pending,unreviewed,,
IMG_a1d2a4855fb642f3,nn relationship/0205_20140417_HBi_03_RAY_0736.JPG,0205_20140417_HBi_03_RAY_0736.JPG,.jpg,6734437,03,03,2014-04-17,unknown,nn relationship,,,ignored,,,03::0205_20140417_HBi_03_RAY,filename_trailing_number,medium,4896,3264,JPEG,readable,675ee463c7803416ee8ac24012218d2943ee5832bdee3711cd1f6caffda3f89d,unknown,pending,unreviewed,,
IMG_791ba79e1bed20ff,nn relationship/0207_20140417_HBi_03_RAY_0755.JPG,0207_20140417_HBi_03_RAY_0755.JPG,.jpg,5997479,03,03,2014-04-17,unknown,nn relationship,,,ignored,,,03::0207_20140417_HBi_03_RAY,filename_trailing_number,medium,4896,3264,JPEG,readable,8e626da44f61cdea0a16add93da519f5811ec6fcb43fcf2e68d7e141587dba1f,unknown,pending,unreviewed,,
IMG_b08526dc4eedeaa7,nn relationship/0208_20140417_HBi_03_RAY_0756.JPG,0208_20140417_HBi_03_RAY_0756.JPG,.jpg,6003597,03,03,2014-04-17,unknown,nn relationship,,,ignored,,,03::0208_20140417_HBi_03_RAY,filename_trailing_number,medium,4896,3264,JPEG,readable,04b451f9cbc6eadfb1126d1ef1edc5ae4756a94228fc26626bd7b2a73c9699af,unknown,pending,unreviewed,,
IMG_3c0898c0dbe8fbbe,nn relationship/0209_20140417_HBi_03_RAY_0757.JPG,0209_20140417_HBi_03_RAY_0757.JPG,.jpg,6155578,03,03,2014-04-17,unknown,nn relationship,,,ignored,,,03::0209_20140417_HBi_03_RAY,filename_trailing_number,medium,4896,3264,JPEG,readable,06d4dfa5f2f3f95f048d898e2b55df4009faa8f05e49025bfc1bfb7cd204a1bd,unknown,pending,unreviewed,,
IMG_8a04db6e0e227069,nn relationship/0210_20140417_HBi_03_RAY_0758.JPG,0210_20140417_HBi_03_RAY_0758.JPG,.jpg,6231785,03,03,2014-04-17,unknown,nn relationship,,,ignored,,,03::0210_20140417_HBi_03_RAY,filename_trailing_number,medium,4896,3264,JPEG,readable,491273b1ff740115660609847daa0ab11b8a4632ed5ef5d7f59e20577da3e073,unknown,pending,unreviewed,,
IMG_dc919e9e984f02f4,nn relationship/0217_20140417_HBi_03_RAY_0768.JPG,0217_20140417_HBi_03_RAY_0768.JPG,.jpg,6667489,03,03,2014-04-17,unknown,nn relationship,,,ignored,,,03::0217_20140417_HBi_03_RAY,filename_trailing_number,medium,4896,3264,JPEG,readable,8e73c21438db0cac560a8440561dc74799aea1a57c2e28b5444aefc23b0d322f,unknown,pending,unreviewed,,
IMG_c1d724817a832db7,nn relationship/0218_20140417_HBi_03_RAY_0769.JPG,0218_20140417_HBi_03_RAY_0769.JPG,.jpg,6808619,03,03,2014-04-17,unknown,nn relationship,,,ignored,,,03::0218_20140417_HBi_03_RAY,filename_trailing_number,medium,4896,3264,JPEG,readable,047a09f1ced2f5ce89d925283e78e84fc260576699efbd9f38aa154e219d9619,unknown,pending,unreviewed,,
IMG_9dc152e2827754a1,nn relationship/0219_20140417_HBi_03_RAY_0770.JPG,0219_20140417_HBi_03_RAY_0770.JPG,.jpg,6666104,03,03,2014-04-17,unknown,nn relationship,,,ignored,,,03::0219_20140417_HBi_03_RAY,filename_trailing_number,medium,4896,3264,JPEG,readable,3aaf62e57aaaf714dc49b40f41a85516a2683fb239ffeca83794cdf5836d4646,unknown,pending,unreviewed,,
IMG_a4287090f888e0fa,nn relationship/0223_20140417_HBi_03_RAY_0781.JPG,0223_20140417_HBi_03_RAY_0781.JPG,.jpg,5216650,03,03,2014-04-17,unknown,nn relationship,,,ignored,,,03::0223_20140417_HBi_03_RAY,filename_trailing_number,medium,4896,3264,JPEG,readable,a90de1718a9e78d2b9c1e17e9f6743a4bc4372a59024d5198a304955d1cb3e28,unknown,pending,unreviewed,,
IMG_c6004d19d7a07a9e,nn relationship/0224_20140417_HBi_03_RAY_0782.JPG,0224_20140417_HBi_03_RAY_0782.JPG,.jpg,5082691,03,03,2014-04-17,unknown,nn relationship,,,ignored,,,03::0224_20140417_HBi_03_RAY,filename_trailing_number,medium,4896,3264,JPEG,readable,f1cd0acf7c6daa5f7d5f199810fe99f1f81a38aef71f05a03023bbcbf6b85f45,unknown,pending,unreviewed,,
IMG_faf388f89d32baa4,nn relationship/0225_20140417_HBi_03_RAY_0784.JPG,0225_20140417_HBi_03_RAY_0784.JPG,.jpg,4860255,03,03,2014-04-17,unknown,nn relationship,,,ignored,,,03::0225_20140417_HBi_03_RAY,filename_trailing_number,medium,4896,3264,JPEG,readable,2f55d88ba86c0adbb35ed1f3c8d0ec44ddddce77370b4cdf7295985cabbb58b4,unknown,pending,unreviewed,,
IMG_7c3ea66d621886a4,nn relationship/0226_20140417_HBi_03_RAY_0785.JPG,0226_20140417_HBi_03_RAY_0785.JPG,.jpg,4789466,03,03,2014-04-17,unknown,nn relationship,,,ignored,,,03::0226_20140417_HBi_03_RAY,filename_trailing_number,medium,4896,3264,JPEG,readable,e262fdfde333916c4fed2dc147ec031e98cd92978dd3bbe684ebdf98df7c61d5,unknown,pending,unreviewed,,
IMG_58bc709e7fa29ba3,nn relationship/0227_20140417_HBi_03_RAY_0787.JPG,0227_20140417_HBi_03_RAY_0787.JPG,.jpg,6114519,03,03,2014-04-17,unknown,nn relationship,,,ignored,,,03::0227_20140417_HBi_03_RAY,filename_trailing_number,medium,4896,3264,JPEG,readable,6a92f5cbd7bc640a47141686e45c98776490a2da9ab2a7489e0d1da22e6205df,unknown,pending,unreviewed,,
IMG_55397b4277adcb70,nn relationship/0228_20140417_HBi_03_RAY_0788.JPG,0228_20140417_HBi_03_RAY_0788.JPG,.jpg,6282030,03,03,2014-04-17,unknown,nn relationship,,,ignored,,,03::0228_20140417_HBi_03_RAY,filename_trailing_number,medium,4896,3264,JPEG,readable,f3918958d7383fe63537fd186050eb1fff9eeb2d040245cabae04ef3a78983b3,unknown,pending,unreviewed,,
IMG_463292a25c050428,nn relationship/0229_20140417_HBi_03_RAY_0789.JPG,0229_20140417_HBi_03_RAY_0789.JPG,.jpg,6025955,03,03,2014-04-17,unknown,nn relationship,,,ignored,,,03::0229_20140417_HBi_03_RAY,filename_trailing_number,medium,4896,3264,JPEG,readable,ddf6253db9fd528a59184e6e407e52a5e8a653eee0378256a9cd548ec0dd192b,unknown,pending,unreviewed,,
IMG_0dd0676348ba0452,nn relationship/0231_20140417_HBi_03_RAY_0799.JPG,0231_20140417_HBi_03_RAY_0799.JPG,.jpg,5276181,03,03,2014-04-17,unknown,nn relationship,,,ignored,,,03::0231_20140417_HBi_03_RAY,filename_trailing_number,medium,4896,3264,JPEG,readable,8536fa5a1b091690cdf99fc95be4d38676a6562d817b375a544e911911cc80b7,unknown,pending,unreviewed,,
IMG_8cfb57642bf5fd28,nn relationship/0232_20140417_HBi_03_RAY_0800.JPG,0232_20140417_HBi_03_RAY_0800.JPG,.jpg,5143303,03,03,2014-04-17,unknown,nn relationship,,,ignored,,,03::0232_20140417_HBi_03_RAY,filename_trailing_number,medium,4896,3264,JPEG,readable,ef58f26035a3c38be60f4dd3f429eaea127bddffeeab059c42667bd5fcbf0ddb,unknown,pending,unreviewed,,
IMG_3129a174763c28f0,nn relationship/0233_20140417_HBi_03_RAY_0801.JPG,0233_20140417_HBi_03_RAY_0801.JPG,.jpg,4950444,03,03,2014-04-17,unknown,nn relationship,,,ignored,,,03::0233_20140417_HBi_03_RAY,filename_trailing_number,medium,4896,3264,JPEG,readable,2b5e8bcf26cea2c4098423813a74cb6c47ba2bd07208da4e16887fb90b8e4259,unknown,pending,unreviewed,,
IMG_50c9b07bc7d7549d,nn relationship/0237_20140417_HBi_03_RAY_0811.JPG,0237_20140417_HBi_03_RAY_0811.JPG,.jpg,5349860,03,03,2014-04-17,unknown,nn relationship,,,ignored,,,03::0237_20140417_HBi_03_RAY,filename_trailing_number,medium,4896,3264,JPEG,readable,ca5dc2a68c90ec08eb63d19b5b709105fe098c7fc7c1a7b54189847af6bce902,unknown,pending,unreviewed,,
IMG_c3c729734966fc7d,nn relationship/0238_20140417_HBi_03_RAY_0812.JPG,0238_20140417_HBi_03_RAY_0812.JPG,.jpg,5167599,03,03,2014-04-17,unknown,nn relationship,,,ignored,,,03::0238_20140417_HBi_03_RAY,filename_trailing_number,medium,4896,3264,JPEG,readable,7222fcacf86041c8e6236d551b8d5808bb7b11a1a703b16e6f9d14a2ad237c1a,unknown,pending,unreviewed,,
IMG_26e5925c099e2092,nn relationship/0239_20140417_HBi_03_RAY_0813.JPG,0239_20140417_HBi_03_RAY_0813.JPG,.jpg,5043924,03,03,2014-04-17,unknown,nn relationship,,,ignored,,,03::0239_20140417_HBi_03_RAY,filename_trailing_number,medium,4896,3264,JPEG,readable,b6b6883be6e6ea902d1c008744f357cc6a2217e66c5c53974fe9bff6def5e474,unknown,pending,unreviewed,,
IMG_a7800ea34c1cb9eb,nn relationship/0266_20140417_HBi_03_RAY_0860.JPG,0266_20140417_HBi_03_RAY_0860.JPG,.jpg,6016236,03,03,2014-04-17,unknown,nn relationship,,,ignored,,,03::0266_20140417_HBi_03_RAY,filename_trailing_number,medium,4896,3264,JPEG,readable,658772259e34411be6acd31161c0a4942670724f12a663aab76fa3079a8055ab,unknown,pending,unreviewed,,
IMG_c34434dc9cb18b5a,nn relationship/0267_20140417_HBi_03_RAY_0861.JPG,0267_20140417_HBi_03_RAY_0861.JPG,.jpg,6023027,03,03,2014-04-17,unknown,nn relationship,,,ignored,,,03::0267_20140417_HBi_03_RAY,filename_trailing_number,medium,4896,3264,JPEG,readable,da5a93edb443232ad8bfd1cfe112958bf3f586e1f1c2f73ea6990fd14b984e87,unknown,pending,unreviewed,,
IMG_4672df4848929734,nn relationship/0272_20140417_HBi_03_RAY_0869.JPG,0272_20140417_HBi_03_RAY_0869.JPG,.jpg,5410960,03,03,2014-04-17,unknown,nn relationship,,,ignored,,,03::0272_20140417_HBi_03_RAY,filename_trailing_number,medium,4896,3264,JPEG,readable,363801f712159b786f73fcf3a419cae07814b1072ec6aadae84ed49d2c30438e,unknown,pending,unreviewed,,
IMG_7247d7a4ebb83364,nn relationship/0273_20140417_HBi_03_RAY_0870.JPG,0273_20140417_HBi_03_RAY_0870.JPG,.jpg,5416499,03,03,2014-04-17,unknown,nn relationship,,,ignored,,,03::0273_20140417_HBi_03_RAY,filename_trailing_number,medium,4896,3264,JPEG,readable,ba65a12afbbfdb2de47b6156878452a459b0ea4d3527130b42047fa584dcfba7,unknown,pending,unreviewed,,
IMG_e4046e4e1f1cd596,nn relationship/0274_20140417_HBi_03_RAY_0871.JPG,0274_20140417_HBi_03_RAY_0871.JPG,.jpg,5267692,03,03,2014-04-17,unknown,nn relationship,,,ignored,,,03::0274_20140417_HBi_03_RAY,filename_trailing_number,medium,4896,3264,JPEG,readable,da301f90ff1903132324aa8d664d09158aebc3139ae3b40aee61f4cbd0104b20,unknown,pending,unreviewed,,
IMG_c015a9dede6aea57,nn relationship/0306_20140417_HBi_03_RAY_0910.JPG,0306_20140417_HBi_03_RAY_0910.JPG,.jpg,5969870,03,03,2014-04-17,unknown,nn relationship,,,ignored,,,03::0306_20140417_HBi_03_RAY,filename_trailing_number,medium,4896,3264,JPEG,readable,956c2767410f015c1da87aac32b79e4f42fcf85c7bd23e99087019b804794941,unknown,pending,unreviewed,,
IMG_2afd388f3031b0db,nn relationship/0307_20140417_HBi_03_RAY_0911.JPG,0307_20140417_HBi_03_RAY_0911.JPG,.jpg,6021361,03,03,2014-04-17,unknown,nn relationship,,,ignored,,,03::0307_20140417_HBi_03_RAY,filename_trailing_number,medium,4896,3264,JPEG,readable,68c9d851c116177139e19252c244c2a004fe34f8874e0150432ad1e0b4b9af81,unknown,pending,unreviewed,,
IMG_117e173df63721ba,nn relationship/0308_20140417_HBi_03_RAY_0912.JPG,0308_20140417_HBi_03_RAY_0912.JPG,.jpg,6047585,03,03,2014-04-17,unknown,nn relationship,,,ignored,,,03::0308_20140417_HBi_03_RAY,filename_trailing_number,medium,4896,3264,JPEG,readable,cadb1b4e57316b73b0bd6e373549f2d15a8ff1570459571e1884357914e45131,unknown,pending,unreviewed,,
IMG_1d0a5c4175f06980,nn relationship/0309_20140417_HBi_03_RAY_0913.JPG,0309_20140417_HBi_03_RAY_0913.JPG,.jpg,5930031,03,03,2014-04-17,unknown,nn relationship,,,ignored,,,03::0309_20140417_HBi_03_RAY,filename_trailing_number,medium,4896,3264,JPEG,readable,1602ac6920f2977dcdf6d7481dcef80f59c79ec20d809d58261ce049d465efa1,unknown,pending,unreviewed,,
IMG_dca7c9fd56865449,nn relationship/0310_20140417_HBi_03_RAY_0914.JPG,0310_20140417_HBi_03_RAY_0914.JPG,.jpg,6026206,03,03,2014-04-17,unknown,nn relationship,,,ignored,,,03::0310_20140417_HBi_03_RAY,filename_trailing_number,medium,4896,3264,JPEG,readable,adeaf5eeaa211763cd8b382ff279692a19555c9ff9793699acdf504c9c6238ee,unknown,pending,unreviewed,,
IMG_a1ee5878d14478f1,nn relationship/0311_20140417_HBi_03_RAY_0915.JPG,0311_20140417_HBi_03_RAY_0915.JPG,.jpg,5911670,03,03,2014-04-17,unknown,nn relationship,,,ignored,,,03::0311_20140417_HBi_03_RAY,filename_trailing_number,medium,4896,3264,JPEG,readable,824ac3d5f0cf5019bb4da7b5529292e278a45e364918631be9f21fe3f6b03bef,unknown,pending,unreviewed,,
IMG_8c3f40d5d48b512d,nn relationship/0312_20140417_HBi_03_RAY_0916.JPG,0312_20140417_HBi_03_RAY_0916.JPG,.jpg,6279969,03,03,2014-04-17,unknown,nn relationship,,,ignored,,,03::0312_20140417_HBi_03_RAY,filename_trailing_number,medium,4896,3264,JPEG,readable,0e0fa502bd599cbab88f20a6771cc3307bab04217e9358788d9fc1636456a35f,unknown,pending,unreviewed,,
IMG_04c42b791d45e93a,nn relationship/0326_20140417_HBi_03_RAY_0942.JPG,0326_20140417_HBi_03_RAY_0942.JPG,.jpg,6311858,03,03,2014-04-17,unknown,nn relationship,,,ignored,,,03::0326_20140417_HBi_03_RAY,filename_trailing_number,medium,4896,3264,JPEG,readable,3f4f6439f35f2e6c0aff457d58f89d705df8908ef3f3f9105a708780f3bdad5e,unknown,pending,unreviewed,,
IMG_3e8a27d293055752,nn relationship/0334_20140417_HBi_03_RAY_0962.JPG,0334_20140417_HBi_03_RAY_0962.JPG,.jpg,6489172,03,03,2014-04-17,unknown,nn relationship,,,ignored,,,03::0334_20140417_HBi_03_RAY,filename_trailing_number,medium,4896,3264,JPEG,readable,537ffe894539f3d4d1f37b5cd01d57f683707b9cc8fefeaf6fec7c80399faa79,unknown,pending,unreviewed,,
IMG_014769a55519ddcb,nn relationship/0335_20140417_HBi_03_RAY_0963.JPG,0335_20140417_HBi_03_RAY_0963.JPG,.jpg,6586229,03,03,2014-04-17,unknown,nn relationship,,,ignored,,,03::0335_20140417_HBi_03_RAY,filename_trailing_number,medium,4896,3264,JPEG,readable,d47611485ebec7fb906ebfc729f69fc52c5647aa811a5bbbfe58ebb983195cc8,unknown,pending,unreviewed,,
IMG_ae90d33b0498e8ef,nn relationship/0343_20140417_HBi_03_RAY_0971.JPG,0343_20140417_HBi_03_RAY_0971.JPG,.jpg,6535473,03,03,2014-04-17,unknown,nn relationship,,,ignored,,,03::0343_20140417_HBi_03_RAY,filename_trailing_number,medium,4896,3264,JPEG,readable,d4d879514c48c58b86612a03e22a9c7c8d6005a6b074f7cc9167c3ea5b31966f,unknown,pending,unreviewed,,
IMG_c63d30cf0cf200b1,nn relationship/0347_20140417_HBi_03_RAY_0978.JPG,0347_20140417_HBi_03_RAY_0978.JPG,.jpg,6022872,03,03,2014-04-17,unknown,nn relationship,,,ignored,,,03::0347_20140417_HBi_03_RAY,filename_trailing_number,medium,4896,3264,JPEG,readable,4913739d8f719bcb0ce723817507519c8d42ea6553d1f4b8c93db0402a3967e7,unknown,pending,unreviewed,,
IMG_400b9089a739d71f,nn relationship/0348_20140417_HBi_03_RAY_0980.JPG,0348_20140417_HBi_03_RAY_0980.JPG,.jpg,6209629,03,03,2014-04-17,unknown,nn relationship,,,ignored,,,03::0348_20140417_HBi_03_RAY,filename_trailing_number,medium,4896,3264,JPEG,readable,842e55cca1a7685117db97814e77d919727a6a39a84e60162714dbfe2c342ff4,unknown,pending,unreviewed,,
IMG_b656b50b71bae83e,nn relationship/0354_20140417_HBi_03_RAY_1004.JPG,0354_20140417_HBi_03_RAY_1004.JPG,.jpg,6867925,03,03,2014-04-17,unknown,nn relationship,,,ignored,,,03::0354_20140417_HBi_03_RAY,filename_trailing_number,medium,4896,3264,JPEG,readable,854e5df945c686227009e66d067c6206e1afdaf92a653ff905f20719f1626343,unknown,pending,unreviewed,,
IMG_ced0bc8129caaa5e,nn relationship/0355_20140417_HBi_03_RAY_1006.JPG,0355_20140417_HBi_03_RAY_1006.JPG,.jpg,6660356,03,03,2014-04-17,unknown,nn relationship,,,ignored,,,03::0355_20140417_HBi_03_RAY,filename_trailing_number,medium,4896,3264,JPEG,readable,8e613b06e3573a4c26671de49ce477cb053925de3fed5100e18521949e9f2580,unknown,pending,unreviewed,,
IMG_9dbc6e998c2b0bdf,nn relationship/0356_20140417_HBi_03_RAY_1008.JPG,0356_20140417_HBi_03_RAY_1008.JPG,.jpg,6445050,03,03,2014-04-17,unknown,nn relationship,,,ignored,,,03::0356_20140417_HBi_03_RAY,filename_trailing_number,medium,4896,3264,JPEG,readable,112aa4052415128de8fe687fedcc9402c01f3e82436ede0c1a949b16a3470400,unknown,pending,unreviewed,,
IMG_208de69b9fe28df8,nn relationship/0357_20140417_HBi_03_RAY_1011.JPG,0357_20140417_HBi_03_RAY_1011.JPG,.jpg,6821579,03,03,2014-04-17,unknown,nn relationship,,,ignored,,,03::0357_20140417_HBi_03_RAY,filename_trailing_number,medium,4896,3264,JPEG,readable,9ba33bc843e6cce7823779b8bdda8132ef5e423ad24e19ea76fe4a77e34677ad,unknown,pending,unreviewed,,
IMG_46a6a4456a5fc2a8,nn relationship/0358_20140417_HBi_03_RAY_1012.JPG,0358_20140417_HBi_03_RAY_1012.JPG,.jpg,6782663,03,03,2014-04-17,unknown,nn relationship,,,ignored,,,03::0358_20140417_HBi_03_RAY,filename_trailing_number,medium,4896,3264,JPEG,readable,904a3592fdabb05625a7e5bc43d6d237b2442491496db37a046f04315659bd51,unknown,pending,unreviewed,,
IMG_d2aefa4db0f7b9a8,nn relationship/0361_20140417_HBi_03_RAY_1015.JPG,0361_20140417_HBi_03_RAY_1015.JPG,.jpg,6371890,03,03,2014-04-17,unknown,nn relationship,,,ignored,,,03::0361_20140417_HBi_03_RAY,filename_trailing_number,medium,4896,3264,JPEG,readable,60b9bbced545129a833440627117589e0c86e8650653228a71451c4a39263e22,unknown,pending,unreviewed,,
IMG_46552f32890a523f,nn relationship/0368_20140417_HBi_03_RAY_1024.JPG,0368_20140417_HBi_03_RAY_1024.JPG,.jpg,6192513,03,03,2014-04-17,unknown,nn relationship,,,ignored,,,03::0368_20140417_HBi_03_RAY,filename_trailing_number,medium,4896,3264,JPEG,readable,bca7a10ebf57fb270770903bdd90e54db3b230eac7e3c2f2493edfd2dec3f474,unknown,pending,unreviewed,,
IMG_89904d27df5cc545,nn relationship/0369_20140417_HBi_03_RAY_1025.JPG,0369_20140417_HBi_03_RAY_1025.JPG,.jpg,6246165,03,03,2014-04-17,unknown,nn relationship,,,ignored,,,03::0369_20140417_HBi_03_RAY,filename_trailing_number,medium,4896,3264,JPEG,readable,5ffdffeeac80cc67859b16e99a86e47e9d4125693fa673885bb85c15e6762a12,unknown,pending,unreviewed,,
IMG_b8b46f9248079e09,nn relationship/0371_20140417_HBi_03_RAY_1027.JPG,0371_20140417_HBi_03_RAY_1027.JPG,.jpg,6278760,03,03,2014-04-17,unknown,nn relationship,,,ignored,,,03::0371_20140417_HBi_03_RAY,filename_trailing_number,medium,4896,3264,JPEG,readable,61a76fe525dec82e4636518bf3a303f0cf1404247577ba5bf28e15173044e34e,unknown,pending,unreviewed,,
IMG_d436ec1a036bb3bf,nn relationship/0374_20140417_HBi_03_RAY_1032.JPG,0374_20140417_HBi_03_RAY_1032.JPG,.jpg,6506411,03,03,2014-04-17,unknown,nn relationship,,,ignored,,,03::0374_20140417_HBi_03_RAY,filename_trailing_number,medium,4896,3264,JPEG,readable,4f87b29130bc7ef55ac3bce22727b9ca40b35279ec665f41054271aec1ca04ac,unknown,pending,unreviewed,,
IMG_97c01f01f805718f,nn relationship/0375_20140417_HBi_03_RAY_1033.JPG,0375_20140417_HBi_03_RAY_1033.JPG,.jpg,6466423,03,03,2014-04-17,unknown,nn relationship,,,ignored,,,03::0375_20140417_HBi_03_RAY,filename_trailing_number,medium,4896,3264,JPEG,readable,3f5d292b3ca19c2d984ea59d4924851fbb8fc2c1c5370eb716ae1586c220ad35,unknown,pending,unreviewed,,
IMG_9b9c3f204ee906cc,nn relationship/0376_20140417_HBi_03_RAY_1034.JPG,0376_20140417_HBi_03_RAY_1034.JPG,.jpg,6482955,03,03,2014-04-17,unknown,nn relationship,,,ignored,,,03::0376_20140417_HBi_03_RAY,filename_trailing_number,medium,4896,3264,JPEG,readable,427d613770dd99a9a1e40bb4f5dab885abc8168e562e8122b5b42cf972daba9a,unknown,pending,unreviewed,,
IMG_1ed79522893c52aa,nn relationship/0377_20140417_HBi_03_RAY_1035.JPG,0377_20140417_HBi_03_RAY_1035.JPG,.jpg,6856597,03,03,2014-04-17,unknown,nn relationship,,,ignored,,,03::0377_20140417_HBi_03_RAY,filename_trailing_number,medium,4896,3264,JPEG,readable,a96b778753bcfec16de30557dd6ece27b81175b90a1c23a8a24d434854b482e2,unknown,pending,unreviewed,,
IMG_f5fca3e8b4f5a809,nn relationship/0378_20140417_HBi_03_RAY_1036.JPG,0378_20140417_HBi_03_RAY_1036.JPG,.jpg,6683525,03,03,2014-04-17,unknown,nn relationship,,,ignored,,,03::0378_20140417_HBi_03_RAY,filename_trailing_number,medium,4896,3264,JPEG,readable,d5316d2aeafaf2839f4c213055f50d6bf6e99f875a227f87d20ca01b4a9ba27b,unknown,pending,unreviewed,,
IMG_b714da0cfcba9933,nn relationship/0379_20140417_HBi_03_RAY_1037.JPG,0379_20140417_HBi_03_RAY_1037.JPG,.jpg,6749558,03,03,2014-04-17,unknown,nn relationship,,,ignored,,,03::0379_20140417_HBi_03_RAY,filename_trailing_number,medium,4896,3264,JPEG,readable,51c2fdc727b969a074375eaee717513042ce9a658d32779c6630928bf52b00f8,unknown,pending,unreviewed,,
IMG_e24b058368c0d41a,nn relationship/0382_20140417_HBi_03_RAY_1041.JPG,0382_20140417_HBi_03_RAY_1041.JPG,.jpg,6312680,03,03,2014-04-17,unknown,nn relationship,,,ignored,,,03::0382_20140417_HBi_03_RAY,filename_trailing_number,medium,4896,3264,JPEG,readable,d82c3ec30ed4a1ce3fff853d7c14daff4100559639dcaea42b5241fd9f459976,unknown,pending,unreviewed,,
IMG_9d6ff54e2f9eb3e3,nn relationship/0399_20140417_HBi_03_RAY_1061.JPG,0399_20140417_HBi_03_RAY_1061.JPG,.jpg,6250234,03,03,2014-04-17,unknown,nn relationship,,,ignored,,,03::0399_20140417_HBi_03_RAY,filename_trailing_number,medium,4896,3264,JPEG,readable,cd222f752fba94f091616f4c83e01246bd0eb3a176ab2cf36115d63fcd2ccbac,unknown,pending,unreviewed,,
IMG_11b619a28e7d3f12,nn relationship/0400_20140417_HBi_03_RAY_1062.JPG,0400_20140417_HBi_03_RAY_1062.JPG,.jpg,5445282,03,03,2014-04-17,unknown,nn relationship,,,ignored,,,03::0400_20140417_HBi_03_RAY,filename_trailing_number,medium,4896,3264,JPEG,readable,82a2bd09b482297f6f39e296eab1bf869e2ffff2023747f7aa517654a32bdfa1,unknown,pending,unreviewed,,
IMG_f061ff999cf49887,nn relationship/0401_20140417_HBi_03_RAY_1063.JPG,0401_20140417_HBi_03_RAY_1063.JPG,.jpg,6347415,03,03,2014-04-17,unknown,nn relationship,,,ignored,,,03::0401_20140417_HBi_03_RAY,filename_trailing_number,medium,4896,3264,JPEG,readable,d97b7f4b1ea749f133f4924cf49b94e762edfbff0fced1e08b07704347ac6284,unknown,pending,unreviewed,,
IMG_d7fa1b3020d330d7,nn relationship/0403_20140417_HBi_03_RAY_1067.JPG,0403_20140417_HBi_03_RAY_1067.JPG,.jpg,6581745,03,03,2014-04-17,unknown,nn relationship,,,ignored,,,03::0403_20140417_HBi_03_RAY,filename_trailing_number,medium,4896,3264,JPEG,readable,bbb4fb06163dbb4492b6d414d1593c140866df8c95847cc8144d0d03e8d0eeba,unknown,pending,unreviewed,,
IMG_d7c9b2afa3099763,nn relationship/0404_20140417_HBi_03_RAY_1068.JPG,0404_20140417_HBi_03_RAY_1068.JPG,.jpg,6439201,03,03,2014-04-17,unknown,nn relationship,,,ignored,,,03::0404_20140417_HBi_03_RAY,filename_trailing_number,medium,4896,3264,JPEG,readable,a2ae22e245fe2e51d0e7c0ca36a04e01c8bfedf8f8ce16af29ffa4b5f5618166,unknown,pending,unreviewed,,
IMG_91d638c27fd4bf7e,nn relationship/0405_20140417_HBi_03_RAY_1075.JPG,0405_20140417_HBi_03_RAY_1075.JPG,.jpg,6915817,03,03,2014-04-17,unknown,nn relationship,,,ignored,,,03::0405_20140417_HBi_03_RAY,filename_trailing_number,medium,4896,3264,JPEG,readable,a7adb04fceb4395057228708ebcb564a3805f675d1af1ba8939ad13bc9caae50,unknown,pending,unreviewed,,
IMG_5b3d7b73c14f0d57,nn relationship/0406_20140417_HBi_03_RAY_1076.JPG,0406_20140417_HBi_03_RAY_1076.JPG,.jpg,7023288,03,03,2014-04-17,unknown,nn relationship,,,ignored,,,03::0406_20140417_HBi_03_RAY,filename_trailing_number,medium,4896,3264,JPEG,readable,f2c2919d15d8af4da7f80318c1bfe8ea21c2663bf469b93ab6edce228bb6bbfb,unknown,pending,unreviewed,,
IMG_4c49882a535a825d,nn relationship/0407_20140417_HBi_03_RAY_1077.JPG,0407_20140417_HBi_03_RAY_1077.JPG,.jpg,7082768,03,03,2014-04-17,unknown,nn relationship,,,ignored,,,03::0407_20140417_HBi_03_RAY,filename_trailing_number,medium,4896,3264,JPEG,readable,f6932dcb328908f62bb4eb0bcf98b81fa6aedbb73f40b671ad175bc8f41df0d7,unknown,pending,unreviewed,,
IMG_a89ed259f952fb2f,nn relationship/0409_20140417_HBi_03_RAY_1079.JPG,0409_20140417_HBi_03_RAY_1079.JPG,.jpg,6133218,03,03,2014-04-17,unknown,nn relationship,,,ignored,,,03::0409_20140417_HBi_03_RAY,filename_trailing_number,medium,4896,3264,JPEG,readable,79ab5b75e1fdff5808fc2a82705de7fb361bd5d90308515fe4fb5c7b0a972c5c,unknown,pending,unreviewed,,
IMG_bf38cd748fce44e6,nn relationship/0416_20140417_HBi_03_RAY_1089.JPG,0416_20140417_HBi_03_RAY_1089.JPG,.jpg,5454344,03,03,2014-04-17,unknown,nn relationship,,,ignored,,,03::0416_20140417_HBi_03_RAY,filename_trailing_number,medium,4896,3264,JPEG,readable,25a69152e1b9c3ea081fe013689a32d681f051296100d8f4caf7b8617371b642,unknown,pending,unreviewed,,
IMG_ae0378af9e61c2c5,nn relationship/0417_20140417_HBi_03_RAY_1090.JPG,0417_20140417_HBi_03_RAY_1090.JPG,.jpg,5497725,03,03,2014-04-17,unknown,nn relationship,,,ignored,,,03::0417_20140417_HBi_03_RAY,filename_trailing_number,medium,4896,3264,JPEG,readable,72c0c17b6b85ece4d665193eca89d23961d44c5779117bfcdcbfce7d42a53d44,unknown,pending,unreviewed,,
IMG_a972b976a01ccf25,nn relationship/0418_20140417_HBi_03_RAY_1091.JPG,0418_20140417_HBi_03_RAY_1091.JPG,.jpg,5632740,03,03,2014-04-17,unknown,nn relationship,,,ignored,,,03::0418_20140417_HBi_03_RAY,filename_trailing_number,medium,4896,3264,JPEG,readable,e7d625ee91ace92448900397344aef665b0180d0ebd2b2e534fddc074d28e7b0,unknown,pending,unreviewed,,
IMG_9e85bf9910ae43cc,nn relationship/0419_20140417_HBi_03_RAY_1096.JPG,0419_20140417_HBi_03_RAY_1096.JPG,.jpg,5600271,03,03,2014-04-17,unknown,nn relationship,,,ignored,,,03::0419_20140417_HBi_03_RAY,filename_trailing_number,medium,4896,3264,JPEG,readable,661fccdae579f558644720c1d9ed5e50298c0b53a6f4ddcdf560c3ac19d7d7af,unknown,pending,unreviewed,,
IMG_7fc9c6bf1132bf02,nn relationship/0420_20140417_HBi_03_RAY_1101.JPG,0420_20140417_HBi_03_RAY_1101.JPG,.jpg,5940028,03,03,2014-04-17,unknown,nn relationship,,,ignored,,,03::0420_20140417_HBi_03_RAY,filename_trailing_number,medium,4896,3264,JPEG,readable,104711ebf4fa17c955309e20b7558f0f1e5e170a02104689670506fbabe5a65c,unknown,pending,unreviewed,,
IMG_b13f0b7b5cd3c5a8,nn relationship/0421_20140417_HBi_03_RAY_1102.JPG,0421_20140417_HBi_03_RAY_1102.JPG,.jpg,6300080,03,03,2014-04-17,unknown,nn relationship,,,ignored,,,03::0421_20140417_HBi_03_RAY,filename_trailing_number,medium,4896,3264,JPEG,readable,3691d511f972a94c0c6964d4eb636e4e8570f2cee948811ad0bc4e606da3b6ee,unknown,pending,unreviewed,,
IMG_5d6e34e54477a0ed,nn relationship/0422_20140417_HBi_03_RAY_1105.JPG,0422_20140417_HBi_03_RAY_1105.JPG,.jpg,6317941,03,03,2014-04-17,unknown,nn relationship,,,ignored,,,03::0422_20140417_HBi_03_RAY,filename_trailing_number,medium,4896,3264,JPEG,readable,5b35d7abb0dea67e0b0af89b399b5235a6e196875f8573f9296c4e69328c1cf6,unknown,pending,unreviewed,,
IMG_2490ecdf9e763c6c,nn relationship/0423_20140417_HBi_03_RAY_1106.JPG,0423_20140417_HBi_03_RAY_1106.JPG,.jpg,6240226,03,03,2014-04-17,unknown,nn relationship,,,ignored,,,03::0423_20140417_HBi_03_RAY,filename_trailing_number,medium,4896,3264,JPEG,readable,aa876abc22b5f4517072ab41e2596f66943c3db66fbdff89a21d057368d24f47,unknown,pending,unreviewed,,
IMG_718bde742120ae1c,nn relationship/0424_20140417_HBi_03_RAY_1107.JPG,0424_20140417_HBi_03_RAY_1107.JPG,.jpg,6212904,03,03,2014-04-17,unknown,nn relationship,,,ignored,,,03::0424_20140417_HBi_03_RAY,filename_trailing_number,medium,4896,3264,JPEG,readable,1c1b700f595d6e7955b6fc15f5da44c29c2f693e40f4388fa9079a274ae2f6bc,unknown,pending,unreviewed,,
IMG_ad8a0a6bd15bd84b,nn relationship/0429_20140417_HBi_03_RAY_1114.JPG,0429_20140417_HBi_03_RAY_1114.JPG,.jpg,5389764,03,03,2014-04-17,unknown,nn relationship,,,ignored,,,03::0429_20140417_HBi_03_RAY,filename_trailing_number,medium,4896,3264,JPEG,readable,dae68fcf2b4167af7bdc7e837b810a831cbafe16f85c9bc3ca580eb8fabfae95,unknown,pending,unreviewed,,
IMG_6883e275c2668f18,nn relationship/0430_20140417_HBi_03_RAY_1115.JPG,0430_20140417_HBi_03_RAY_1115.JPG,.jpg,5437639,03,03,2014-04-17,unknown,nn relationship,,,ignored,,,03::0430_20140417_HBi_03_RAY,filename_trailing_number,medium,4896,3264,JPEG,readable,5a5e00163bee6288d4f4a41bdcebcefd9002567c9d0337934fcb47576783e53e,unknown,pending,unreviewed,,
IMG_4913cfc5fff31fc9,nn relationship/0431_20140417_HBi_03_RAY_1116.JPG,0431_20140417_HBi_03_RAY_1116.JPG,.jpg,5208336,03,03,2014-04-17,unknown,nn relationship,,,ignored,,,03::0431_20140417_HBi_03_RAY,filename_trailing_number,medium,4896,3264,JPEG,readable,adc29d570e7b44c684c74b58b8cbae188286f254a5101fe7a627014e2e87287a,unknown,pending,unreviewed,,
IMG_7ad5f088857ac5a3,nn relationship/0432_20140417_HBi_03_RAY_1117.JPG,0432_20140417_HBi_03_RAY_1117.JPG,.jpg,5553108,03,03,2014-04-17,unknown,nn relationship,,,ignored,,,03::0432_20140417_HBi_03_RAY,filename_trailing_number,medium,4896,3264,JPEG,readable,2e094861af0a95a96b90ee92ce0018ddd5668523d3a37eac9f3873d8b5461dc7,unknown,pending,unreviewed,,
IMG_0c87630a3ff2d174,nn relationship/0433_20140417_HBi_03_RAY_1118.JPG,0433_20140417_HBi_03_RAY_1118.JPG,.jpg,5026373,03,03,2014-04-17,unknown,nn relationship,,,ignored,,,03::0433_20140417_HBi_03_RAY,filename_trailing_number,medium,4896,3264,JPEG,readable,91b75f16fb315fd33ec238b8441236d8b9c422cb22d7f2e29026c87651d0b064,unknown,pending,unreviewed,,
IMG_a31ca7e5a80f0d35,nn relationship/0434_20140417_HBi_03_RAY_1120.JPG,0434_20140417_HBi_03_RAY_1120.JPG,.jpg,5522756,03,03,2014-04-17,unknown,nn relationship,,,ignored,,,03::0434_20140417_HBi_03_RAY,filename_trailing_number,medium,4896,3264,JPEG,readable,2169567297b251b3208c14f277c51c33592185c63310d34a55f60459dbc00d82,unknown,pending,unreviewed,,
IMG_0d940a1ac0252115,nn relationship/0435_20140417_HBi_03_RAY_1121.JPG,0435_20140417_HBi_03_RAY_1121.JPG,.jpg,5346194,03,03,2014-04-17,unknown,nn relationship,,,ignored,,,03::0435_20140417_HBi_03_RAY,filename_trailing_number,medium,4896,3264,JPEG,readable,10d1b2f56c7cb400ff9fa44389e1291bbc1297b6b0e2e2f7f1c8d1e6fe3b0d8e,unknown,pending,unreviewed,,
IMG_66f8babb6971d1c1,nn relationship/0436_20140417_HBi_03_RAY_1122.JPG,0436_20140417_HBi_03_RAY_1122.JPG,.jpg,5229048,03,03,2014-04-17,unknown,nn relationship,,,ignored,,,03::0436_20140417_HBi_03_RAY,filename_trailing_number,medium,4896,3264,JPEG,readable,7cd06b4ae066ffa2fbbf4587dfa3bad837bdf53c5aac615b1e7a08a6dcc2fd12,unknown,pending,unreviewed,,
IMG_8b8e7ec86fb4640b,nn relationship/0437_20140417_HBi_03_RAY_1123.JPG,0437_20140417_HBi_03_RAY_1123.JPG,.jpg,5172794,03,03,2014-04-17,unknown,nn relationship,,,ignored,,,03::0437_20140417_HBi_03_RAY,filename_trailing_number,medium,4896,3264,JPEG,readable,c01ff9a5b947fcca268a36c1e33f841fecab5838d7df3419a42df62d5bed68a9,unknown,pending,unreviewed,,
IMG_4dfb5fab09b983f4,nn relationship/0438_20140417_HBi_03_RAY_1124.JPG,0438_20140417_HBi_03_RAY_1124.JPG,.jpg,5570127,03,03,2014-04-17,unknown,nn relationship,,,ignored,,,03::0438_20140417_HBi_03_RAY,filename_trailing_number,medium,4896,3264,JPEG,readable,45372871de756326a3a20dbdaa48d6af6e51d79b6eead52db8c9050c8907c659,unknown,pending,unreviewed,,
IMG_aa9e0b6bca939683,nn relationship/0452_20140417_HBi_03_RAY_1154.JPG,0452_20140417_HBi_03_RAY_1154.JPG,.jpg,5749114,03,03,2014-04-17,unknown,nn relationship,,,ignored,,,03::0452_20140417_HBi_03_RAY,filename_trailing_number,medium,4896,3264,JPEG,readable,343800b8ba2bfe7eafe99af900de3d1c35e27db2672c559ffee9b09745fb995a,unknown,pending,unreviewed,,
IMG_08c4cd89f5653365,nn relationship/0479_20140417_HBi_03_RAY_1203.JPG,0479_20140417_HBi_03_RAY_1203.JPG,.jpg,6826613,03,03,2014-04-17,unknown,nn relationship,,,ignored,,,03::0479_20140417_HBi_03_RAY,filename_trailing_number,medium,4896,3264,JPEG,readable,5a9a92f328e3ced02db943ccb857fec3f7080acbb35e727c9ed171ca33e87cfb,unknown,pending,unreviewed,,
IMG_2b1d82c8f2cef70c,nn relationship/0480_20140417_HBi_03_RAY_1204.JPG,0480_20140417_HBi_03_RAY_1204.JPG,.jpg,6710057,03,03,2014-04-17,unknown,nn relationship,,,ignored,,,03::0480_20140417_HBi_03_RAY,filename_trailing_number,medium,4896,3264,JPEG,readable,e5140a24a97a15b167caf290388e2337bfba8f69bc0e26d863a30d06aeadb447,unknown,pending,unreviewed,,
IMG_5ab81a1e72281c10,nn relationship/0481_20140417_HBi_03_RAY_1205.JPG,0481_20140417_HBi_03_RAY_1205.JPG,.jpg,6900360,03,03,2014-04-17,unknown,nn relationship,,,ignored,,,03::0481_20140417_HBi_03_RAY,filename_trailing_number,medium,4896,3264,JPEG,readable,6d2beeceadc43537e9db81685c84dea19551ad6b16dd64e19fc01076be8d16c4,unknown,pending,unreviewed,,
IMG_acccf312eeacdd50,nn relationship/0493_20140417_HBi_03_RAY_1228.JPG,0493_20140417_HBi_03_RAY_1228.JPG,.jpg,6451158,03,03,2014-04-17,unknown,nn relationship,,,ignored,,,03::0493_20140417_HBi_03_RAY,filename_trailing_number,medium,4896,3264,JPEG,readable,3b12e9189f43fbd64f063f10e45812451616558ad446b8e85648a0392dc57ab8,unknown,pending,unreviewed,,
IMG_c9a26fcd2899391c,nn relationship/0515_20140417_HBi_03_RAY_1253.JPG,0515_20140417_HBi_03_RAY_1253.JPG,.jpg,6045388,03,03,2014-04-17,unknown,nn relationship,,,ignored,,,03::0515_20140417_HBi_03_RAY,filename_trailing_number,medium,4896,3264,JPEG,readable,ae125ed4c7820d53041c23cc41edd1af7e50ab2c505fa46fe04e355022fa45fc,unknown,pending,unreviewed,,
IMG_ce242bd6972676be,nn relationship/0533_20140417_HBi_03_RAY_1295.JPG,0533_20140417_HBi_03_RAY_1295.JPG,.jpg,6692872,03,03,2014-04-17,unknown,nn relationship,,,ignored,,,03::0533_20140417_HBi_03_RAY,filename_trailing_number,medium,4896,3264,JPEG,readable,8c3365f38c1bf7a2c3441ce6f97566f699a563def4bc9221a16a5518ead8f71f,unknown,pending,unreviewed,,
IMG_a337350874282b8c,nn relationship/0534_20140417_HBi_03_RAY_1296.JPG,0534_20140417_HBi_03_RAY_1296.JPG,.jpg,6335371,03,03,2014-04-17,unknown,nn relationship,,,ignored,,,03::0534_20140417_HBi_03_RAY,filename_trailing_number,medium,4896,3264,JPEG,readable,61fe65d9ce254d670bee5f7728562cb2ec5ee28f2800564264caf09414a29506,unknown,pending,unreviewed,,
IMG_eed08bd0e943726c,nn relationship/0544_20140417_HBi_03_RAY_1311.JPG,0544_20140417_HBi_03_RAY_1311.JPG,.jpg,6726714,03,03,2014-04-17,unknown,nn relationship,,,ignored,,,03::0544_20140417_HBi_03_RAY,filename_trailing_number,medium,4896,3264,JPEG,readable,01f2a647934638c695fbd159dd62d7b3f638d3081f7994a2606abac2dfcd65b7,unknown,pending,unreviewed,,
IMG_c2508a4ae41a4a68,nn relationship/0545_20140417_HBi_03_RAY_1312.JPG,0545_20140417_HBi_03_RAY_1312.JPG,.jpg,6742761,03,03,2014-04-17,unknown,nn relationship,,,ignored,,,03::0545_20140417_HBi_03_RAY,filename_trailing_number,medium,4896,3264,JPEG,readable,53beab719eaaf4aa1807d09ddfe65e0779f05ea0f5123ebdbe80c49a5c0dbcd4,unknown,pending,unreviewed,,
IMG_4f4f0afa8ebc6a42,nn relationship/0564_20140417_HBi_03_RAY_1350.JPG,0564_20140417_HBi_03_RAY_1350.JPG,.jpg,6717304,03,03,2014-04-17,unknown,nn relationship,,,ignored,,,03::0564_20140417_HBi_03_RAY,filename_trailing_number,medium,4896,3264,JPEG,readable,b27da6c1ab04c7965b5df335178af0dc7c288390c1e731773521a878c2e6e4fb,unknown,pending,unreviewed,,
IMG_b7554f9d0c1f19a6,nn relationship/0565_20140417_HBi_03_RAY_1351.JPG,0565_20140417_HBi_03_RAY_1351.JPG,.jpg,6979543,03,03,2014-04-17,unknown,nn relationship,,,ignored,,,03::0565_20140417_HBi_03_RAY,filename_trailing_number,medium,4896,3264,JPEG,readable,3d0667451aa4348d939840b97c95ca3eeeb61c93ee0a3f05b90935ce6a37518e,unknown,pending,unreviewed,,
IMG_bbce05b6f28a0618,nn relationship/0566_20140417_HBi_03_RAY_1352.JPG,0566_20140417_HBi_03_RAY_1352.JPG,.jpg,7152023,03,03,2014-04-17,unknown,nn relationship,,,ignored,,,03::0566_20140417_HBi_03_RAY,filename_trailing_number,medium,4896,3264,JPEG,readable,3dbe2afc5cc0c6c8ddfb096a1dc055243aaf0850505c7029dbd465cba111766f,unknown,pending,unreviewed,,
IMG_eb97b1814b21389a,nn relationship/0576_20140417_HBi_03_RAY_1365.JPG,0576_20140417_HBi_03_RAY_1365.JPG,.jpg,6257511,03,03,2014-04-17,unknown,nn relationship,,,ignored,,,03::0576_20140417_HBi_03_RAY,filename_trailing_number,medium,4896,3264,JPEG,readable,eeb881bb16ac3c6b8ea1d91edb2911f881f4048bf140973621f651953f39c20a,unknown,pending,unreviewed,,
IMG_02d8c43a153958c5,nn relationship/0577_20140417_HBi_03_RAY_1366.JPG,0577_20140417_HBi_03_RAY_1366.JPG,.jpg,5684372,03,03,2014-04-17,unknown,nn relationship,,,ignored,,,03::0577_20140417_HBi_03_RAY,filename_trailing_number,medium,4896,3264,JPEG,readable,62f179fc87400dd869125f67713fc898fc1b38513c9925237cd638e05295cdd0,unknown,pending,unreviewed,,
IMG_5ccbfc49d42aa3bc,nn relationship/0578_20140417_HBi_03_RAY_1367.JPG,0578_20140417_HBi_03_RAY_1367.JPG,.jpg,5487857,03,03,2014-04-17,unknown,nn relationship,,,ignored,,,03::0578_20140417_HBi_03_RAY,filename_trailing_number,medium,4896,3264,JPEG,readable,01ac80deb14b4e5ef879b0ad8834fd475c5437cc69a8a4cac5489396de229a87,unknown,pending,unreviewed,,
IMG_36b2230ea4c6de76,nn relationship/0579_20140417_HBi_03_RAY_1368.JPG,0579_20140417_HBi_03_RAY_1368.JPG,.jpg,5533656,03,03,2014-04-17,unknown,nn relationship,,,ignored,,,03::0579_20140417_HBi_03_RAY,filename_trailing_number,medium,4896,3264,JPEG,readable,729b89ff6f5e575337a56f6e06cab6021b6f4af8581b478563f00d0ddae94289,unknown,pending,unreviewed,,
IMG_53facffd0b518823,nn relationship/0580_20140417_HBi_03_RAY_1369.JPG,0580_20140417_HBi_03_RAY_1369.JPG,.jpg,5561287,03,03,2014-04-17,unknown,nn relationship,,,ignored,,,03::0580_20140417_HBi_03_RAY,filename_trailing_number,medium,4896,3264,JPEG,readable,74c2b2fe8c232b86fba6f32b028af0f2978c722ae3c2ba913334bc6d0c84c743,unknown,pending,unreviewed,,
IMG_e6043130b1589110,nn relationship/0594_20140417_HBi_03_RAY_1396.JPG,0594_20140417_HBi_03_RAY_1396.JPG,.jpg,6465656,03,03,2014-04-17,unknown,nn relationship,,,ignored,,,03::0594_20140417_HBi_03_RAY,filename_trailing_number,medium,4896,3264,JPEG,readable,a57c8e2f15988378eb03e6bdd74d0c3e53f2cd4eba3cf864d81a0a73565bb407,unknown,pending,unreviewed,,
IMG_bac66c0e6cf2d381,nn relationship/0595_20140417_HBi_03_RAY_1397.JPG,0595_20140417_HBi_03_RAY_1397.JPG,.jpg,6423739,03,03,2014-04-17,unknown,nn relationship,,,ignored,,,03::0595_20140417_HBi_03_RAY,filename_trailing_number,medium,4896,3264,JPEG,readable,1828ca74a22e9e6267abce2ca6c4fb3f0df41149d2f664e2452b5fe75768c92b,unknown,pending,unreviewed,,
IMG_1b08e48abc7611af,nn relationship/0600_20140417_HBi_03_RAY_1403.JPG,0600_20140417_HBi_03_RAY_1403.JPG,.jpg,6289884,03,03,2014-04-17,unknown,nn relationship,,,ignored,,,03::0600_20140417_HBi_03_RAY,filename_trailing_number,medium,4896,3264,JPEG,readable,3a0567b31eba898b67bfca25645e09332cf19a758738df377f1563fe459eb2a1,unknown,pending,unreviewed,,
IMG_f9c91175fab7d548,nn relationship/0601_20140417_HBi_03_RAY_1404.JPG,0601_20140417_HBi_03_RAY_1404.JPG,.jpg,6237001,03,03,2014-04-17,unknown,nn relationship,,,ignored,,,03::0601_20140417_HBi_03_RAY,filename_trailing_number,medium,4896,3264,JPEG,readable,89136d1663bdb3b53ca472f79d453ee0595a21917dda473852b48b45a5a4a42c,unknown,pending,unreviewed,,
IMG_7c20bfe9c3e0a7d0,nn relationship/0605_20140417_HBi_03_RAY_1412.JPG,0605_20140417_HBi_03_RAY_1412.JPG,.jpg,6816151,03,03,2014-04-17,unknown,nn relationship,,,ignored,,,03::0605_20140417_HBi_03_RAY,filename_trailing_number,medium,4896,3264,JPEG,readable,07a385af3073ae3aedccb17fb0a3fd0d674d86ec81a0ce6ce48b0acf85eee0c8,unknown,pending,unreviewed,,
IMG_04b9c3c3e3965770,nn relationship/0608_20140417_HBi_03_RAY_1419.JPG,0608_20140417_HBi_03_RAY_1419.JPG,.jpg,6047496,03,03,2014-04-17,unknown,nn relationship,,,ignored,,,03::0608_20140417_HBi_03_RAY,filename_trailing_number,medium,4896,3264,JPEG,readable,8926e4ceb5075fd40498dfa121417f4600978dc02e66395b1e3c027177468347,unknown,pending,unreviewed,,
IMG_6c10ba0c57ca5259,nn relationship/0609_20140417_HBi_03_RAY_1420.JPG,0609_20140417_HBi_03_RAY_1420.JPG,.jpg,5792872,03,03,2014-04-17,unknown,nn relationship,,,ignored,,,03::0609_20140417_HBi_03_RAY,filename_trailing_number,medium,4896,3264,JPEG,readable,3e70eff55eea250d01f67617514a36dd6584a1cfea81bbc71d5820e01d634fcc,unknown,pending,unreviewed,,
IMG_7ae100e9b69a5497,nn relationship/0610_20140417_HBi_03_RAY_1421.JPG,0610_20140417_HBi_03_RAY_1421.JPG,.jpg,5771874,03,03,2014-04-17,unknown,nn relationship,,,ignored,,,03::0610_20140417_HBi_03_RAY,filename_trailing_number,medium,4896,3264,JPEG,readable,14b0cf5f536c400f7f45d50560b9033526337c85fbed46c9d7b45d4e21b3a983,unknown,pending,unreviewed,,
IMG_07a266afda90eb65,nn relationship/0645_20140417_HBi_03_RAY_1482.JPG,0645_20140417_HBi_03_RAY_1482.JPG,.jpg,5610685,03,03,2014-04-17,unknown,nn relationship,,,ignored,,,03::0645_20140417_HBi_03_RAY,filename_trailing_number,medium,4896,3264,JPEG,readable,4a65cb4eb3d59d7cf2c6aa328d11d6d17e415cfbdad3ec8a825d808545684387,unknown,pending,unreviewed,,
IMG_934cbee813361c4f,nn relationship/0649_20140417_HBi_03_RAY_1487.JPG,0649_20140417_HBi_03_RAY_1487.JPG,.jpg,5612231,03,03,2014-04-17,unknown,nn relationship,,,ignored,,,03::0649_20140417_HBi_03_RAY,filename_trailing_number,medium,4896,3264,JPEG,readable,69e6f92f67edbf0c0af89afabb3394eb1e68d5bedc039a569e9bdf102ba33de9,unknown,pending,unreviewed,,
IMG_eb1648f02b638383,nn relationship/0650_20140417_HBi_03_RAY_1488.JPG,0650_20140417_HBi_03_RAY_1488.JPG,.jpg,5477752,03,03,2014-04-17,unknown,nn relationship,,,ignored,,,03::0650_20140417_HBi_03_RAY,filename_trailing_number,medium,4896,3264,JPEG,readable,00c734e7095b2d850cf8384c1ffad25d11b9cfbb666f992aac2361197791e95e,unknown,pending,unreviewed,,
IMG_5bf851f1a6a93383,nn relationship/0652_20140417_HBi_03_RAY_1492.JPG,0652_20140417_HBi_03_RAY_1492.JPG,.jpg,6336819,03,03,2014-04-17,unknown,nn relationship,,,ignored,,,03::0652_20140417_HBi_03_RAY,filename_trailing_number,medium,4896,3264,JPEG,readable,04580149eaf2bcce192f4a3dddf077b49cf64cb2fefcccd3ce916c467e89ac55,unknown,pending,unreviewed,,
IMG_b082f29a0bb898b1,nn relationship/0658_20140417_HBi_03_RAY_1510.JPG,0658_20140417_HBi_03_RAY_1510.JPG,.jpg,6352200,03,03,2014-04-17,unknown,nn relationship,,,ignored,,,03::0658_20140417_HBi_03_RAY,filename_trailing_number,medium,4896,3264,JPEG,readable,77b1bb1ab4fad1b6a1908672fcd9bc3e1d390a4ae2cc2f6ed46055fab2516713,unknown,pending,unreviewed,,
IMG_18250f6efce7cca0,nn relationship/0659_20140417_HBi_03_RAY_1511.JPG,0659_20140417_HBi_03_RAY_1511.JPG,.jpg,6346708,03,03,2014-04-17,unknown,nn relationship,,,ignored,,,03::0659_20140417_HBi_03_RAY,filename_trailing_number,medium,4896,3264,JPEG,readable,39718b3cc9e76ea47fa157c25d60cbc65fc39bfb62eabbe735d27429fb94c727,unknown,pending,unreviewed,,
IMG_1827374908823981,nn relationship/0665_20140417_HBi_03_RAY_1530.JPG,0665_20140417_HBi_03_RAY_1530.JPG,.jpg,6595911,03,03,2014-04-17,unknown,nn relationship,,,ignored,,,03::0665_20140417_HBi_03_RAY,filename_trailing_number,medium,4896,3264,JPEG,readable,a472cbdfaa523330b3a2317777f15671a260fc213886a853db2b74e9a0d213e0,unknown,pending,unreviewed,,
IMG_f9122bd78cfecb21,nn relationship/0666_20140417_HBi_03_RAY_1531.JPG,0666_20140417_HBi_03_RAY_1531.JPG,.jpg,6474862,03,03,2014-04-17,unknown,nn relationship,,,ignored,,,03::0666_20140417_HBi_03_RAY,filename_trailing_number,medium,4896,3264,JPEG,readable,c6e91710e634d020600016081ccb13512277022486549b9a5c6a3df3979eba3f,unknown,pending,unreviewed,,
IMG_6c7d38c5a60ce0c6,nn relationship/0667_20140417_HBi_03_RAY_1532.JPG,0667_20140417_HBi_03_RAY_1532.JPG,.jpg,6495503,03,03,2014-04-17,unknown,nn relationship,,,ignored,,,03::0667_20140417_HBi_03_RAY,filename_trailing_number,medium,4896,3264,JPEG,readable,f70c85cfba813044db9af5922f94e3dd94fe603bffaf999878b8559cd3e40975,unknown,pending,unreviewed,,
IMG_0693909ecfe28bbb,nn relationship/0668_20140417_HBi_03_RAY_1533.JPG,0668_20140417_HBi_03_RAY_1533.JPG,.jpg,6457451,03,03,2014-04-17,unknown,nn relationship,,,ignored,,,03::0668_20140417_HBi_03_RAY,filename_trailing_number,medium,4896,3264,JPEG,readable,d16dd7cd8f4aade88748648eb79481cc22d1afcfc996398e46b0e17094bbdfeb,unknown,pending,unreviewed,,
IMG_96dff3e862df63a7,nn relationship/0684_20140417_HBi_03_RAY_1584.JPG,0684_20140417_HBi_03_RAY_1584.JPG,.jpg,6924324,03,03,2014-04-17,unknown,nn relationship,,,ignored,,,03::0684_20140417_HBi_03_RAY,filename_trailing_number,medium,4896,3264,JPEG,readable,5a0cdf42101d919604bdf95a8a13cd435ff8a8a83fc7f242148556e0c83798a3,unknown,pending,unreviewed,,
IMG_184cc588ae39d4c5,nn relationship/0685_20140417_HBi_03_RAY_1585.JPG,0685_20140417_HBi_03_RAY_1585.JPG,.jpg,6703765,03,03,2014-04-17,unknown,nn relationship,,,ignored,,,03::0685_20140417_HBi_03_RAY,filename_trailing_number,medium,4896,3264,JPEG,readable,7732536cc7404188a48283bae91e24fd247b1e394efb3047b57610e66af9b2fb,unknown,pending,unreviewed,,
IMG_2e0224f49b4957e3,nn relationship/0686_20140417_HBi_03_RAY_1586.JPG,0686_20140417_HBi_03_RAY_1586.JPG,.jpg,6619620,03,03,2014-04-17,unknown,nn relationship,,,ignored,,,03::0686_20140417_HBi_03_RAY,filename_trailing_number,medium,4896,3264,JPEG,readable,2858d9e16dcaae0a2468bf610faa5c49b4b94d70980a317247bfb11c276f55a7,unknown,pending,unreviewed,,
IMG_feafd396736e411b,nn relationship/0687_20140417_HBi_03_RAY_1587.JPG,0687_20140417_HBi_03_RAY_1587.JPG,.jpg,6905086,03,03,2014-04-17,unknown,nn relationship,,,ignored,,,03::0687_20140417_HBi_03_RAY,filename_trailing_number,medium,4896,3264,JPEG,readable,1ac1c3ba39a022e64a6bbdb0a0ec60f85182e97ab519aaa1c7148423b8131477,unknown,pending,unreviewed,,
IMG_5d7df4919679c44b,nn relationship/0691_20140417_HBi_03_RAY_1621.JPG,0691_20140417_HBi_03_RAY_1621.JPG,.jpg,6231355,03,03,2014-04-17,unknown,nn relationship,,,ignored,,,03::0691_20140417_HBi_03_RAY,filename_trailing_number,medium,4896,3264,JPEG,readable,feb18e37f5fa18735d9fa1b4f81f673b2f48da5895f1276094a126ac3e82ada1,unknown,pending,unreviewed,,
IMG_a8f7ba2c250df06f,nn relationship/0692_20140417_HBi_03_RAY_1623.JPG,0692_20140417_HBi_03_RAY_1623.JPG,.jpg,6032153,03,03,2014-04-17,unknown,nn relationship,,,ignored,,,03::0692_20140417_HBi_03_RAY,filename_trailing_number,medium,4896,3264,JPEG,readable,b86d46b79f3e0ac04ad38969ebbc90f9da78df9de964faa04709da187defcab7,unknown,pending,unreviewed,,
IMG_07c24b5eaf60e3eb,nn relationship/0759_20140417_HBi_03_RAY_1731.JPG,0759_20140417_HBi_03_RAY_1731.JPG,.jpg,6321133,03,03,2014-04-17,unknown,nn relationship,,,ignored,,,03::0759_20140417_HBi_03_RAY,filename_trailing_number,medium,4896,3264,JPEG,readable,50f112e2396c9ed22d2b1c57ee6e98cba0aab2b843065c3c03f99adb97dc8585,unknown,pending,unreviewed,,
IMG_372a0c8ebdf7cee4,nn relationship/0764_20140417_HBi_03_RAY_1738.JPG,0764_20140417_HBi_03_RAY_1738.JPG,.jpg,6551679,03,03,2014-04-17,unknown,nn relationship,,,ignored,,,03::0764_20140417_HBi_03_RAY,filename_trailing_number,medium,4896,3264,JPEG,readable,1fd2ce305dba8d14380a03e17caf76cf3a3254caf90b26f755e9ca5fc5a927ea,unknown,pending,unreviewed,,
IMG_fcd358af784024e6,nn relationship/0765_20140417_HBi_03_RAY_1741.JPG,0765_20140417_HBi_03_RAY_1741.JPG,.jpg,6293520,03,03,2014-04-17,unknown,nn relationship,,,ignored,,,03::0765_20140417_HBi_03_RAY,filename_trailing_number,medium,4896,3264,JPEG,readable,051a0d110f301f5045249331c9bacc158fc478da09c08a19bc597a248d634fe4,unknown,pending,unreviewed,,
IMG_72e02b2a166bbc34,nn relationship/0776_20140417_HBi_03_RAY_1768.JPG,0776_20140417_HBi_03_RAY_1768.JPG,.jpg,6511913,03,03,2014-04-17,unknown,nn relationship,,,ignored,,,03::0776_20140417_HBi_03_RAY,filename_trailing_number,medium,4896,3264,JPEG,readable,ec206ef02de2568dcce0d41ec003f1b44faacd49cebb5d9448d078c747df904f,unknown,pending,unreviewed,,
IMG_2d2e1f4e9bf2fe33,nn relationship/0786_20140417_HBi_03_RAY_1795.JPG,0786_20140417_HBi_03_RAY_1795.JPG,.jpg,6310257,03,03,2014-04-17,unknown,nn relationship,,,ignored,,,03::0786_20140417_HBi_03_RAY,filename_trailing_number,medium,4896,3264,JPEG,readable,31a4deeb2e7e6284abeeb0c8db365e1da1ba4db88d7e1333e5053820f1f155e3,unknown,pending,unreviewed,,
IMG_42c7d86f7eecbe84,nn relationship/0793_20140417_HBi_03_RAY_1805.JPG,0793_20140417_HBi_03_RAY_1805.JPG,.jpg,5620754,03,03,2014-04-17,unknown,nn relationship,,,ignored,,,03::0793_20140417_HBi_03_RAY,filename_trailing_number,medium,4896,3264,JPEG,readable,b2fa09bcd170ae84c95dc5b5301575716d0c4c1558bd5d6a375df7dd6dd75688,unknown,pending,unreviewed,,
IMG_4f0f1d8aecb7ef1a,nn relationship/0794_20140417_HBi_03_RAY_1807.JPG,0794_20140417_HBi_03_RAY_1807.JPG,.jpg,6251118,03,03,2014-04-17,unknown,nn relationship,,,ignored,,,03::0794_20140417_HBi_03_RAY,filename_trailing_number,medium,4896,3264,JPEG,readable,af724dd3c8f2229dbdfa995b3e63507abe5897ebc421e37021741bc3fd6cabbe,unknown,pending,unreviewed,,
IMG_f29c01ee18022d12,nn relationship/0795_20140417_HBi_03_RAY_1808.JPG,0795_20140417_HBi_03_RAY_1808.JPG,.jpg,6543131,03,03,2014-04-17,unknown,nn relationship,,,ignored,,,03::0795_20140417_HBi_03_RAY,filename_trailing_number,medium,4896,3264,JPEG,readable,cff70f8624240909ba92416276e6eae8277f3cfd7124cb06dbe425d5190b69c5,unknown,pending,unreviewed,,
IMG_1b7d7604d36bce4f,nn relationship/0825_20140417_HBi_03_RAY_1858.JPG,0825_20140417_HBi_03_RAY_1858.JPG,.jpg,6360069,03,03,2014-04-17,unknown,nn relationship,,,ignored,,,03::0825_20140417_HBi_03_RAY,filename_trailing_number,medium,4896,3264,JPEG,readable,0f8bbf02f9cacb6cdf47c8bcc771940195ef0605b7ba643eb53b5a2fef742209,unknown,pending,unreviewed,,
IMG_6dd4760edca7484d,nn relationship/0826_20140417_HBi_03_RAY_1859.JPG,0826_20140417_HBi_03_RAY_1859.JPG,.jpg,6559847,03,03,2014-04-17,unknown,nn relationship,,,ignored,,,03::0826_20140417_HBi_03_RAY,filename_trailing_number,medium,4896,3264,JPEG,readable,df48814575c93eae817d7fee3c958c816d3aa73ce38685876929284d44061278,unknown,pending,unreviewed,,
IMG_fe373f9741c595ee,nn relationship/0827_20140417_HBi_03_RAY_1860.JPG,0827_20140417_HBi_03_RAY_1860.JPG,.jpg,6554224,03,03,2014-04-17,unknown,nn relationship,,,ignored,,,03::0827_20140417_HBi_03_RAY,filename_trailing_number,medium,4896,3264,JPEG,readable,b016e44f4e1adc983dc94d75d2d57ec1e02e2a5f7e1f0ecb2649f5c8b2ce957d,unknown,pending,unreviewed,,
IMG_3af3c17b714032e4,nn relationship/0828_20140417_HBi_03_RAY_1861.JPG,0828_20140417_HBi_03_RAY_1861.JPG,.jpg,6231759,03,03,2014-04-17,unknown,nn relationship,,,ignored,,,03::0828_20140417_HBi_03_RAY,filename_trailing_number,medium,4896,3264,JPEG,readable,1dd4985bccff5a14a943d9ca4f7c16e0d54a6822feb3dc8edb83b4a2166758f4,unknown,pending,unreviewed,,
IMG_60cba0c1bd7fe479,nn relationship/0830_20140417_HBi_03_RAY_1863.JPG,0830_20140417_HBi_03_RAY_1863.JPG,.jpg,6617241,03,03,2014-04-17,unknown,nn relationship,,,ignored,,,03::0830_20140417_HBi_03_RAY,filename_trailing_number,medium,4896,3264,JPEG,readable,2c0f2dcd56f4e00d0eb2bd2bdf396a256e560d38a4c0a783d39c75cf782f01d4,unknown,pending,unreviewed,,
IMG_649d331ba21696ce,nn relationship/0870_20140417_HBi_03_RAY_1930.JPG,0870_20140417_HBi_03_RAY_1930.JPG,.jpg,5665308,03,03,2014-04-17,unknown,nn relationship,,,ignored,,,03::0870_20140417_HBi_03_RAY,filename_trailing_number,medium,4896,3264,JPEG,readable,bac9b3e3c54b37ddb4210d6f736095d433ae382f90086545dc4bf3cc4d12290f,unknown,pending,unreviewed,,
IMG_2ca35ce427c485f1,nn relationship/0871_20140417_HBi_03_RAY_1931.JPG,0871_20140417_HBi_03_RAY_1931.JPG,.jpg,5718480,03,03,2014-04-17,unknown,nn relationship,,,ignored,,,03::0871_20140417_HBi_03_RAY,filename_trailing_number,medium,4896,3264,JPEG,readable,9bc6e6b149c7471421fbc5071fd3a2a077f34a4b385e4956b2d367a0c280eb1f,unknown,pending,unreviewed,,
IMG_dd45c59c6c16c85c,nn relationship/0879_20140417_HBi_03_RAY_1941.JPG,0879_20140417_HBi_03_RAY_1941.JPG,.jpg,6130829,03,03,2014-04-17,unknown,nn relationship,,,ignored,,,03::0879_20140417_HBi_03_RAY,filename_trailing_number,medium,4896,3264,JPEG,readable,c625b5800624f4d52d2960eaa71d762b979fe5bc22cf24210ac3d30fe6f8f734,unknown,pending,unreviewed,,
IMG_ad0a3b8b6133dd61,nn relationship/0880_20140417_HBi_03_RAY_1942.JPG,0880_20140417_HBi_03_RAY_1942.JPG,.jpg,5758081,03,03,2014-04-17,unknown,nn relationship,,,ignored,,,03::0880_20140417_HBi_03_RAY,filename_trailing_number,medium,4896,3264,JPEG,readable,69f1810eba71e75155784df678bbdc8db99704fe3ad5f9931b816b27f171d1ac,unknown,pending,unreviewed,,
IMG_f1168f00079020e8,nn relationship/0881_20140417_HBi_03_RAY_1944.JPG,0881_20140417_HBi_03_RAY_1944.JPG,.jpg,5993497,03,03,2014-04-17,unknown,nn relationship,,,ignored,,,03::0881_20140417_HBi_03_RAY,filename_trailing_number,medium,4896,3264,JPEG,readable,30fefb319adfdec6247713b3669fdef5d6cf695eb2bd0b2fe7046346daa94572,unknown,pending,unreviewed,,
IMG_5f448f6629b0d5e5,nn relationship/0882_20140417_HBi_03_RAY_1945.JPG,0882_20140417_HBi_03_RAY_1945.JPG,.jpg,5998469,03,03,2014-04-17,unknown,nn relationship,,,ignored,,,03::0882_20140417_HBi_03_RAY,filename_trailing_number,medium,4896,3264,JPEG,readable,4a0feca55507ec6cb7eff85927266727aac920bd9138ff3d6d2141ab93c67399,unknown,pending,unreviewed,,
IMG_cfbdd61ce701db7f,nn relationship/0883_20140417_HBi_03_RAY_1946.JPG,0883_20140417_HBi_03_RAY_1946.JPG,.jpg,6024193,03,03,2014-04-17,unknown,nn relationship,,,ignored,,,03::0883_20140417_HBi_03_RAY,filename_trailing_number,medium,4896,3264,JPEG,readable,83eca31d9654cc82159e4deba85c468ab52b757041c062a46a95f0ab19f2cfd1,unknown,pending,unreviewed,,
IMG_e6e284a5a18322f9,nn relationship/0896_20140417_HBi_03_RAY_1964.JPG,0896_20140417_HBi_03_RAY_1964.JPG,.jpg,6005520,03,03,2014-04-17,unknown,nn relationship,,,ignored,,,03::0896_20140417_HBi_03_RAY,filename_trailing_number,medium,4896,3264,JPEG,readable,cf4fba71e864d782e00cd6b828eff586d212db82bbf7647255ed96db7cb29771,unknown,pending,unreviewed,,
IMG_58c2fde522348820,nn relationship/0897_20140417_HBi_03_RAY_1965.JPG,0897_20140417_HBi_03_RAY_1965.JPG,.jpg,5907566,03,03,2014-04-17,unknown,nn relationship,,,ignored,,,03::0897_20140417_HBi_03_RAY,filename_trailing_number,medium,4896,3264,JPEG,readable,a5c1ecc7a671b3d304a39bb1cef28f52ac3870d33b7efb64e5ce74b4ed2de196,unknown,pending,unreviewed,,
IMG_c30c93010571d3c3,nn relationship/0898_20140417_HBi_03_RAY_1966.JPG,0898_20140417_HBi_03_RAY_1966.JPG,.jpg,5907997,03,03,2014-04-17,unknown,nn relationship,,,ignored,,,03::0898_20140417_HBi_03_RAY,filename_trailing_number,medium,4896,3264,JPEG,readable,6910cab48efb7f4e08ebf2bc23a73b8b6b795883c311021493494a3172d69b77,unknown,pending,unreviewed,,
IMG_fc6055cfa0d707f2,nn relationship/0923_20140417_HBi_03_RAY_1997.JPG,0923_20140417_HBi_03_RAY_1997.JPG,.jpg,5834659,03,03,2014-04-17,unknown,nn relationship,,,ignored,,,03::0923_20140417_HBi_03_RAY,filename_trailing_number,medium,4896,3264,JPEG,readable,99be63d2e8c3703855dae4becbecc7824f97e3e9654f71e4ee6657488f452793,unknown,pending,unreviewed,,
IMG_2bc0d6fd2d787e46,nn relationship/0924_20140417_HBi_03_RAY_1999.JPG,0924_20140417_HBi_03_RAY_1999.JPG,.jpg,6940631,03,03,2014-04-17,unknown,nn relationship,,,ignored,,,03::0924_20140417_HBi_03_RAY,filename_trailing_number,medium,4896,3264,JPEG,readable,60685f860f6345a933a2dca347274f3f00932b692f8b444a546a89dc68651cf0,unknown,pending,unreviewed,,
IMG_43b87a59f6e09156,nn relationship/0925_20140417_HBi_03_RAY_2000.JPG,0925_20140417_HBi_03_RAY_2000.JPG,.jpg,7044871,03,03,2014-04-17,unknown,nn relationship,,,ignored,,,03::0925_20140417_HBi_03_RAY,filename_trailing_number,medium,4896,3264,JPEG,readable,426fdc61c263fb4b32f71960f6382ed32e91cc94f1fd6fd79ad4c95e46599490,unknown,pending,unreviewed,,
IMG_44533a2a8a9ef9d4,nn relationship/0926_20140417_HBi_03_RAY_2001.JPG,0926_20140417_HBi_03_RAY_2001.JPG,.jpg,7397169,03,03,2014-04-17,unknown,nn relationship,,,ignored,,,03::0926_20140417_HBi_03_RAY,filename_trailing_number,medium,4896,3264,JPEG,readable,acbd5214608ba1e113f8eac361f19a47c4e0500ed6e78745642d990b17656459,unknown,pending,unreviewed,,
IMG_899e8e8a3177a3f3,nn relationship/0927_20140417_HBi_03_RAY_2002.JPG,0927_20140417_HBi_03_RAY_2002.JPG,.jpg,7469675,03,03,2014-04-17,unknown,nn relationship,,,ignored,,,03::0927_20140417_HBi_03_RAY,filename_trailing_number,medium,4896,3264,JPEG,readable,01b9c441d1f0a17d91c7c8cf0b0be8186b63855627fd904e33ac2c76e4b44fac,unknown,pending,unreviewed,,
